MOBILE_NUM_ID,X_COORD,Y_COORD,DT_MIN,TRAVEL_ID
f000027_900055,126.9582686,35.9589248,2023-04-28 07:48,f_f000027
f000027_900055,126.9582686,35.9589248,2023-04-28 07:49,f_f000027
f000027_900055,126.9583922,35.959427,2023-04-28 07:51,f_f000027
f000027_900055,126.9589091,35.9611453,2023-04-28 07:51,f_f000027
f000027_900055,126.959705,35.9615362,2023-04-28 07:52,f_f000027
f000027_900055,126.9616739,35.9610029,2023-04-28 07:52,f_f000027
f000027_900055,126.963012,35.9622119,2023-04-28 07:53,f_f000027
f000027_900055,126.9665786,35.9602921,2023-04-28 07:53,f_f000027
f000027_900055,126.9700083,35.9586256,2023-04-28 07:54,f_f000027
f000027_900055,126.9728166,35.9584164,2023-04-28 07:54,f_f000027
f000027_900055,126.9769098,35.9584885,2023-04-28 07:55,f_f000027
f000027_900055,126.9807203,35.9585733,2023-04-28 07:55,f_f000027
f000027_900055,126.9812111,35.9586023,2023-04-28 07:56,f_f000027
f000027_900055,126.9812111,35.9586023,2023-04-28 07:56,f_f000027
f000027_900055,126.9812111,35.9586023,2023-04-28 07:56,f_f000027
f000027_900055,126.9812111,35.9586023,2023-04-28 07:57,f_f000027
f000027_900055,126.9852063,35.9589139,2023-04-28 07:57,f_f000027
f000027_900055,126.9897585,35.9595764,2023-04-28 07:58,f_f000027
f000027_900055,126.9938027,35.9600928,2023-04-28 07:58,f_f000027
f000027_900055,126.9967789,35.960403,2023-04-28 07:59,f_f000027
f000027_900055,126.9971363,35.9604853,2023-04-28 07:59,f_f000027
f000027_900055,126.9971363,35.9604853,2023-04-28 08:00,f_f000027
f000027_900055,127.001031,35.9609662,2023-04-28 08:00,f_f000027
f000027_900055,127.0050052,35.9625518,2023-04-28 08:01,f_f000027
f000027_900055,127.00912,35.9639881,2023-04-28 08:01,f_f000027
f000027_900055,127.0125905,35.9661549,2023-04-28 08:02,f_f000027
f000027_900055,127.0163111,35.96794,2023-04-28 08:02,f_f000027
f000027_900055,127.020642,35.9700736,2023-04-28 08:02,f_f000027
f000027_900055,127.0256169,35.9705586,2023-04-28 08:03,f_f000027
f000027_900055,127.0303972,35.9718982,2023-04-28 08:03,f_f000027
f000027_900055,127.0353266,35.9746256,2023-04-28 08:04,f_f000027
f000027_900055,127.0386267,35.9779898,2023-04-28 08:04,f_f000027
f000027_900055,127.0415869,35.981219,2023-04-28 08:05,f_f000027
f000027_900055,127.0458036,35.9842789,2023-04-28 08:05,f_f000027
f000027_900055,127.0501584,35.9863404,2023-04-28 08:06,f_f000027
f000027_900055,127.0553949,35.9870488,2023-04-28 08:06,f_f000027
f000027_900055,127.0611124,35.988111,2023-04-28 08:07,f_f000027
f000027_900055,127.0671263,35.9885325,2023-04-28 08:07,f_f000027
f000027_900055,127.0731712,35.9890358,2023-04-28 08:07,f_f000027
f000027_900055,127.0804586,35.9897318,2023-04-28 08:08,f_f000027
f000027_900055,127.0865328,35.9888104,2023-04-28 08:08,f_f000027
f000027_900055,127.0920489,35.9890967,2023-04-28 08:09,f_f000027
f000027_900055,127.097663,35.9893237,2023-04-28 08:09,f_f000027
f000027_900055,127.1043659,35.9886445,2023-04-28 08:10,f_f000027
f000027_900055,127.1077872,35.9875343,2023-04-28 08:10,f_f000027
f000027_900055,127.1118614,35.9896559,2023-04-28 08:11,f_f000027
f000027_900055,127.1134052,35.9868185,2023-04-28 08:11,f_f000027
f000027_900055,127.1096492,35.9813343,2023-04-28 08:12,f_f000027
f000027_900055,127.1058155,35.9753021,2023-04-28 08:12,f_f000027
f000027_900055,127.1046974,35.9686718,2023-04-28 08:13,f_f000027
f000027_900055,127.1036593,35.96255,2023-04-28 08:13,f_f000027
f000027_900055,127.1013049,35.9571808,2023-04-28 08:13,f_f000027
f000027_900055,127.0981247,35.9521799,2023-04-28 08:14,f_f000027
f000027_900055,127.0940433,35.9475124,2023-04-28 08:14,f_f000027
f000027_900055,127.0920344,35.941593,2023-04-28 08:15,f_f000027
f000027_900055,127.0956774,35.9367037,2023-04-28 08:15,f_f000027
f000027_900055,127.0991809,35.9309383,2023-04-28 08:16,f_f000027
f000027_900055,127.1038163,35.9254048,2023-04-28 08:16,f_f000027
f000027_900055,127.1097899,35.9211001,2023-04-28 08:17,f_f000027
f000027_900055,127.1162425,35.9169633,2023-04-28 08:17,f_f000027
f000027_900055,127.1235513,35.913826,2023-04-28 08:18,f_f000027
f000027_900055,127.1302636,35.9095208,2023-04-28 08:18,f_f000027
f000027_900055,127.136075,35.9047782,2023-04-28 08:19,f_f000027
f000027_900055,127.1434968,35.9013754,2023-04-28 08:19,f_f000027
f000027_900055,127.1510194,35.89867,2023-04-28 08:19,f_f000027
f000027_900055,127.158219,35.8951232,2023-04-28 08:20,f_f000027
f000027_900055,127.1635233,35.8900046,2023-04-28 08:20,f_f000027
f000027_900055,127.1696352,35.885211,2023-04-28 08:21,f_f000027
f000027_900055,127.1772119,35.882676,2023-04-28 08:21,f_f000027
f000027_900055,127.1856461,35.8814751,2023-04-28 08:22,f_f000027
f000027_900055,127.1931043,35.8781049,2023-04-28 08:22,f_f000027
f000027_900055,127.1997385,35.8745546,2023-04-28 08:23,f_f000027
f000027_900055,127.2052712,35.8696831,2023-04-28 08:23,f_f000027
f000027_900055,127.2122859,35.8668243,2023-04-28 08:24,f_f000027
f000027_900055,127.2203484,35.866003,2023-04-28 08:24,f_f000027
f000027_900055,127.2292091,35.8650976,2023-04-28 08:24,f_f000027
f000027_900055,127.2382068,35.864206,2023-04-28 08:25,f_f000027
f000027_900055,127.2468702,35.862926,2023-04-28 08:25,f_f000027
f000027_900055,127.2518763,35.857156,2023-04-28 08:26,f_f000027
f000027_900055,127.2545986,35.8506032,2023-04-28 08:26,f_f000027
f000027_900055,127.2571981,35.8438673,2023-04-28 08:27,f_f000027
f000027_900055,127.2579302,35.8339218,2023-04-28 08:27,f_f000027
f000027_900055,127.257121,35.8273625,2023-04-28 08:28,f_f000027
f000027_900055,127.2529626,35.8219116,2023-04-28 08:28,f_f000027
f000027_900055,127.2489705,35.814517,2023-04-28 08:29,f_f000027
f000027_900055,127.2513419,35.8080787,2023-04-28 08:29,f_f000027
f000027_900055,127.2575125,35.8037506,2023-04-28 08:30,f_f000027
f000027_900055,127.2656479,35.8026453,2023-04-28 08:30,f_f000027
f000027_900055,127.2732874,35.800911,2023-04-28 08:31,f_f000027
f000027_900055,127.2806304,35.7981754,2023-04-28 08:31,f_f000027
f000027_900055,127.308487,35.7920018,2023-04-28 08:33,f_f000027
f000027_900055,127.3160916,35.7904878,2023-04-28 08:33,f_f000027
f000027_900055,127.3192592,35.7892718,2023-04-28 08:34,f_f000027
f000027_900055,127.3345396,35.7799477,2023-04-28 08:35,f_f000027
f000027_900055,127.3421588,35.776858,2023-04-28 08:35,f_f000027
f000027_900055,127.3507059,35.7744023,2023-04-28 08:36,f_f000027
f000027_900055,127.358638,35.7708833,2023-04-28 08:36,f_f000027
f000027_900055,127.3653359,35.7663219,2023-04-28 08:36,f_f000027
f000027_900055,127.3738374,35.7639808,2023-04-28 08:37,f_f000027
f000027_900055,127.3823595,35.765202,2023-04-28 08:37,f_f000027
f000027_900055,127.3905218,35.768238,2023-04-28 08:38,f_f000027
f000027_900055,127.3975441,35.7714215,2023-04-28 08:38,f_f000027
f000027_900055,127.4045424,35.7748967,2023-04-28 08:39,f_f000027
f000027_900055,127.4165242,35.7775936,2023-04-28 08:39,f_f000027
f000027_900055,127.4248152,35.776533,2023-04-28 08:40,f_f000027
f000027_900055,127.433132,35.774579,2023-04-28 08:40,f_f000027
f000027_900055,127.4414675,35.7727114,2023-04-28 08:41,f_f000027
f000027_900055,127.4499022,35.7713067,2023-04-28 08:41,f_f000027
f000027_900055,127.4586834,35.7724334,2023-04-28 08:42,f_f000027
f000027_900055,127.4668728,35.7747719,2023-04-28 08:42,f_f000027
f000027_900055,127.4758323,35.7745625,2023-04-28 08:43,f_f000027
f000027_900055,127.4853888,35.7731994,2023-04-28 08:43,f_f000027
f000027_900055,127.4940557,35.7716855,2023-04-28 08:44,f_f000027
f000027_900055,127.5016836,35.7684181,2023-04-28 08:44,f_f000027
f000027_900055,127.507401,35.762788,2023-04-28 08:45,f_f000027
f000027_900055,127.5113558,35.7563087,2023-04-28 08:45,f_f000027
f000027_900055,127.5146823,35.7514622,2023-04-28 08:46,f_f000027
f000027_900055,127.5289711,35.7429952,2023-04-28 08:46,f_f000027
f000027_900055,127.5372667,35.7403084,2023-04-28 08:47,f_f000027
f000027_900055,127.5449103,35.7366273,2023-04-28 08:47,f_f000027
f000027_900055,127.5462916,35.7358443,2023-04-28 08:48,f_f000027
f000027_900055,127.5462916,35.7358443,2023-04-28 08:48,f_f000027
f000027_900055,127.5462916,35.7358443,2023-04-28 08:49,f_f000027
f000027_900055,127.5782744,35.716216,2023-04-28 08:49,f_f000027
f000027_900055,127.5870986,35.7154164,2023-04-28 08:50,f_f000027
f000027_900055,127.5955349,35.7181703,2023-04-28 08:50,f_f000027
f000027_900055,127.6013367,35.7235417,2023-04-28 08:51,f_f000027
f000027_900055,127.605244,35.7291122,2023-04-28 08:51,f_f000027
f000027_900055,127.6103117,35.7276499,2023-04-28 08:52,f_f000027
f000027_900055,127.6114146,35.7211067,2023-04-28 08:52,f_f000027
f000027_900055,127.6152326,35.7159011,2023-04-28 08:53,f_f000027
f000027_900055,127.6204007,35.7109869,2023-04-28 08:53,f_f000027
f000027_900055,127.6256467,35.7060931,2023-04-28 08:54,f_f000027
f000027_900055,127.6256467,35.7060931,2023-04-28 08:54,f_f000027
f000027_900055,127.6306693,35.7023307,2023-04-28 08:55,f_f000027
f000027_900055,127.6501375,35.6906014,2023-04-28 08:55,f_f000027
f000027_900055,127.6597831,35.6854023,2023-04-28 08:56,f_f000027
f000027_900055,127.6634258,35.6793163,2023-04-28 08:56,f_f000027
f000027_900055,127.6673524,35.672597,2023-04-28 08:57,f_f000027
f000027_900055,127.6728552,35.6665731,2023-04-28 08:57,f_f000027
f000027_900055,127.6787058,35.6607961,2023-04-28 08:58,f_f000027
f000027_900055,127.6872326,35.657624,2023-04-28 08:58,f_f000027
f000027_900055,127.6934978,35.6535559,2023-04-28 08:59,f_f000027
f000027_900055,127.6999955,35.6490854,2023-04-28 08:59,f_f000027
f000027_900055,127.7042862,35.6433958,2023-04-28 09:00,f_f000027
f000027_900055,127.706467,35.6368155,2023-04-28 09:00,f_f000027
f000027_900055,127.713611,35.6335263,2023-04-28 09:01,f_f000027
f000027_900055,127.7215926,35.6302636,2023-04-28 09:01,f_f000027
f000027_900055,127.7291715,35.6262769,2023-04-28 09:01,f_f000027
f000027_900055,127.7378315,35.6246115,2023-04-28 09:02,f_f000027
f000027_900055,127.7436376,35.6194545,2023-04-28 09:02,f_f000027
f000027_900055,127.7520186,35.6186074,2023-04-28 09:03,f_f000027
f000027_900055,127.7596032,35.6163961,2023-04-28 09:03,f_f000027
f000027_900055,127.7722991,35.5985488,2023-04-28 09:05,f_f000027
f000027_900055,127.7720869,35.5911448,2023-04-28 09:05,f_f000027
f000027_900055,127.7710317,35.5891102,2023-04-28 09:06,f_f000027
f000027_900055,127.7710317,35.5891102,2023-04-28 09:06,f_f000027
f000027_900055,127.7584954,35.5727513,2023-04-28 09:07,f_f000027
f000027_900055,127.7584954,35.5727513,2023-04-28 09:08,f_f000027
f000027_900055,127.7681077,35.5393296,2023-04-28 09:09,f_f000027
f000027_900055,127.772424,35.5309893,2023-04-28 09:09,f_f000027
f000027_900055,127.7747966,35.5272244,2023-04-28 09:10,f_f000027
f000027_900055,127.8041089,35.5140331,2023-04-28 09:11,f_f000027
f000027_900055,127.8108701,35.4954476,2023-04-28 09:13,f_f000027
f000027_900055,127.8350659,35.4774525,2023-04-28 09:15,f_f000027
f000027_900055,127.841015,35.4733798,2023-04-28 09:15,f_f000027
f000027_900055,127.8463242,35.468659,2023-04-28 09:16,f_f000027
f000027_900055,127.8502924,35.4628943,2023-04-28 09:16,f_f000027
f000027_900055,127.8497949,35.4556307,2023-04-28 09:17,f_f000027
f000027_900055,127.8491935,35.4511391,2023-04-28 09:19,f_f000027
f000027_900055,127.8491935,35.4511391,2023-04-28 09:19,f_f000027
f000027_900055,127.865121,35.4131034,2023-04-28 09:20,f_f000027
f000027_900055,127.8655245,35.4126922,2023-04-28 09:20,f_f000027
f000027_900055,127.8655245,35.4126922,2023-04-28 09:21,f_f000027
f000027_900055,127.8785575,35.3996726,2023-04-28 09:21,f_f000027
f000027_900055,127.8785575,35.3996726,2023-04-28 09:22,f_f000027
f000027_900055,127.907419,35.3870881,2023-04-28 09:22,f_f000027
f000027_900055,127.9149472,35.3702191,2023-04-28 09:24,f_f000027
f000027_900055,127.9213493,35.3543073,2023-04-28 09:25,f_f000027
f000027_900055,127.9350419,35.3439804,2023-04-28 09:26,f_f000027
f000027_900055,127.9350419,35.3439804,2023-04-28 09:27,f_f000027
f000027_900055,127.9350419,35.3439804,2023-04-28 09:27,f_f000027
f000027_900055,127.9395532,35.3214588,2023-04-28 09:28,f_f000027
f000027_900055,127.9388708,35.3120042,2023-04-28 09:29,f_f000027
f000027_900055,127.9478327,35.2954691,2023-04-28 09:30,f_f000027
f000027_900055,127.9506246,35.2910888,2023-04-28 09:30,f_f000027
f000027_900055,127.9575879,35.2873266,2023-04-28 09:31,f_f000027
f000027_900055,127.9645706,35.2840277,2023-04-28 09:31,f_f000027
f000027_900055,127.9691443,35.2789137,2023-04-28 09:32,f_f000027
f000027_900055,127.9730955,35.2732215,2023-04-28 09:32,f_f000027
f000027_900055,127.9737527,35.2718792,2023-04-28 09:33,f_f000027
f000027_900055,127.9758059,35.2592509,2023-04-28 09:33,f_f000027
f000027_900055,127.9758763,35.2527434,2023-04-28 09:33,f_f000027
f000027_900055,127.9760871,35.251787,2023-04-28 09:34,f_f000027
f000027_900055,127.9876302,35.243267,2023-04-28 09:34,f_f000027
f000027_900055,127.9934679,35.2385975,2023-04-28 09:35,f_f000027
f000027_900055,127.9951806,35.2352489,2023-04-28 09:36,f_f000027
f000027_900055,127.9950015,35.2187657,2023-04-28 09:36,f_f000027
f000027_900055,127.9950015,35.2187657,2023-04-28 09:37,f_f000027
f000027_900055,128.0080778,35.2103299,2023-04-28 09:37,f_f000027
f000027_900055,128.013086,35.2064179,2023-04-28 09:38,f_f000027
f000027_900055,128.0253573,35.1990905,2023-04-28 09:39,f_f000027
f000027_900055,128.0325177,35.1950741,2023-04-28 09:39,f_f000027
f000027_900055,128.0379597,35.1903674,2023-04-28 09:39,f_f000027
f000027_900055,128.0406386,35.1839734,2023-04-28 09:40,f_f000027
f000027_900055,128.0442362,35.1780349,2023-04-28 09:40,f_f000027
f000027_900055,128.0510793,35.1746536,2023-04-28 09:41,f_f000027
f000027_900055,128.05672,35.1702525,2023-04-28 09:41,f_f000027
f000027_900055,128.0616933,35.1651902,2023-04-28 09:42,f_f000027
f000027_900055,128.0667166,35.1600313,2023-04-28 09:42,f_f000027
f000027_900055,128.070783,35.1546921,2023-04-28 09:43,f_f000027
f000027_900055,128.0797663,35.1444826,2023-04-28 09:44,f_f000027
f000027_900055,128.0865399,35.1412999,2023-04-28 09:44,f_f000027
f000027_900055,128.0936709,35.1392796,2023-04-28 09:44,f_f000027
f000027_900055,128.0936709,35.1392796,2023-04-28 09:45,f_f000027
f000027_900055,128.0987145,35.1366927,2023-04-28 09:45,f_f000027
f000027_900055,128.0993695,35.1416608,2023-04-28 09:46,f_f000027
f000027_900055,128.1016926,35.1463837,2023-04-28 09:46,f_f000027
f000027_900055,128.1072837,35.1511184,2023-04-28 09:47,f_f000027
f000027_900055,128.1119721,35.1567692,2023-04-28 09:47,f_f000027
f000027_900055,128.1183211,35.1600482,2023-04-28 09:48,f_f000027
f000027_900055,128.1256904,35.1623985,2023-04-28 09:48,f_f000027
f000027_900055,128.1327133,35.1651896,2023-04-28 09:49,f_f000027
f000027_900055,128.1408053,35.1666002,2023-04-28 09:49,f_f000027
f000027_900055,128.1485301,35.1694234,2023-04-28 09:50,f_f000027
f000027_900055,128.1560761,35.1713231,2023-04-28 09:50,f_f000027
f000027_900055,128.1635138,35.1729247,2023-04-28 09:50,f_f000027
f000027_900055,128.1709274,35.1728282,2023-04-28 09:51,f_f000027
f000027_900055,128.1782892,35.1729677,2023-04-28 09:51,f_f000027
f000027_900055,128.1799129,35.1748302,2023-04-28 09:52,f_f000027
f000027_900055,128.1870479,35.1773105,2023-04-28 09:52,f_f000027
f000027_900055,128.2093083,35.1811812,2023-04-28 09:53,f_f000027
f000027_900055,128.2169867,35.1819026,2023-04-28 09:54,f_f000027
f000027_900055,128.2229685,35.1860257,2023-04-28 09:54,f_f000027
f000027_900055,128.2229685,35.1860257,2023-04-28 09:55,f_f000027
f000027_900055,128.2246234,35.1878262,2023-04-28 09:55,f_f000027
f000027_900055,128.2255602,35.1883975,2023-04-28 09:56,f_f000027
f000027_900055,128.2290105,35.1894577,2023-04-28 09:56,f_f000027
f000027_900055,128.2334745,35.1902116,2023-04-28 09:57,f_f000027
f000027_900055,128.238474,35.1897395,2023-04-28 09:57,f_f000027
f000027_900055,128.2428928,35.1886284,2023-04-28 09:57,f_f000027
f000027_900055,128.2458825,35.1891953,2023-04-28 09:58,f_f000027
f000027_900055,128.2489314,35.1891703,2023-04-28 09:58,f_f000027
f000027_900055,128.2516892,35.188306,2023-04-28 09:59,f_f000027
f000027_900055,128.2522833,35.1882983,2023-04-28 09:59,f_f000027
f000027_900055,128.2546068,35.1865728,2023-04-28 10:00,f_f000027
f000027_900055,128.2602492,35.1853673,2023-04-28 10:00,f_f000027
f000027_900055,128.2685425,35.1833694,2023-04-28 10:01,f_f000027
f000027_900055,128.271899,35.1784645,2023-04-28 10:01,f_f000027
f000027_900055,128.2739148,35.1716717,2023-04-28 10:02,f_f000027
f000027_900055,128.2791175,35.1673811,2023-04-28 10:02,f_f000027
f000027_900055,128.2864101,35.1653004,2023-04-28 10:02,f_f000027
f000027_900055,128.2949011,35.1636707,2023-04-28 10:03,f_f000027
f000027_900055,128.3021575,35.160828,2023-04-28 10:03,f_f000027
f000027_900055,128.3076145,35.156608,2023-04-28 10:04,f_f000027
f000027_900055,128.314625,35.1543162,2023-04-28 10:04,f_f000027
f000027_900055,128.3209512,35.1515299,2023-04-28 10:05,f_f000027
f000027_900055,128.3255419,35.1481156,2023-04-28 10:05,f_f000027
f000027_900055,128.3258274,35.1479633,2023-04-28 10:06,f_f000027
f000027_900055,128.3258274,35.1479633,2023-04-28 10:06,f_f000027
f000027_900055,128.3286735,35.1462599,2023-04-28 10:07,f_f000027
f000027_900055,128.3345152,35.1441699,2023-04-28 10:07,f_f000027
f000027_900055,128.3414733,35.143005,2023-04-28 10:08,f_f000027
f000027_900055,128.3469849,35.1399976,2023-04-28 10:08,f_f000027
f000027_900055,128.3532327,35.1364801,2023-04-28 10:08,f_f000027
f000027_900055,128.359697,35.1332715,2023-04-28 10:09,f_f000027
f000027_900055,128.3668693,35.1301136,2023-04-28 10:09,f_f000027
f000027_900055,128.3736081,35.127268,2023-04-28 10:10,f_f000027
f000027_900055,128.3799733,35.123157,2023-04-28 10:10,f_f000027
f000027_900055,128.3863052,35.118914,2023-04-28 10:11,f_f000027
f000027_900055,128.3918875,35.1147354,2023-04-28 10:11,f_f000027
f000027_900055,128.3992078,35.1124069,2023-04-28 10:12,f_f000027
f000027_900055,128.4053243,35.1090505,2023-04-28 10:12,f_f000027
f000027_900055,128.4132624,35.1086212,2023-04-28 10:13,f_f000027
f000027_900055,128.4203465,35.1057167,2023-04-28 10:13,f_f000027
f000027_900055,128.4277336,35.1031795,2023-04-28 10:14,f_f000027
f000027_900055,128.4350349,35.1010438,2023-04-28 10:14,f_f000027
f000027_900055,128.4390248,35.1038932,2023-04-28 10:14,f_f000027
f000027_900055,128.4444682,35.1072219,2023-04-28 10:15,f_f000027
f000027_900055,128.4512048,35.1100994,2023-04-28 10:15,f_f000027
f000027_900055,128.4581494,35.1136527,2023-04-28 10:16,f_f000027
f000027_900055,128.4639593,35.1193122,2023-04-28 10:16,f_f000027
f000027_900055,128.4701629,35.1236863,2023-04-28 10:17,f_f000027
f000027_900055,128.4787607,35.1253815,2023-04-28 10:17,f_f000027
f000027_900055,128.4863534,35.1266779,2023-04-28 10:18,f_f000027
f000027_900055,128.4993653,35.1338826,2023-04-28 10:19,f_f000027
f000027_900055,128.504121,35.1393199,2023-04-28 10:19,f_f000027
f000027_900055,128.5091496,35.1442618,2023-04-28 10:20,f_f000027
f000027_900055,128.5147045,35.1489166,2023-04-28 10:20,f_f000027
f000027_900055,128.5185665,35.1534618,2023-04-28 10:21,f_f000027
f000027_900055,128.5189934,35.1537269,2023-04-28 10:22,f_f000027
f000027_900055,128.5189934,35.1537269,2023-04-28 10:22,f_f000027
f000027_900055,128.5485297,35.1518585,2023-04-28 10:23,f_f000027
f000027_900055,128.5493492,35.1574466,2023-04-28 10:23,f_f000027
f000027_900055,128.5520314,35.1619396,2023-04-28 10:24,f_f000027
f000027_900055,128.5734564,35.1604099,2023-04-28 10:25,f_f000027
f000027_900055,128.5812413,35.1598633,2023-04-28 10:25,f_f000027
f000027_900055,128.5886898,35.160372,2023-04-28 10:26,f_f000027
f000027_900055,128.5946631,35.1632922,2023-04-28 10:26,f_f000027
f000027_900055,128.6009809,35.1662989,2023-04-28 10:27,f_f000027
f000027_900055,128.6081426,35.1671758,2023-04-28 10:27,f_f000027
f000027_900055,128.6138532,35.1696345,2023-04-28 10:28,f_f000027
f000027_900055,128.6138532,35.1696345,2023-04-28 10:28,f_f000027
f000027_900055,128.6138532,35.1696345,2023-04-28 10:29,f_f000027
f000027_900055,128.6138532,35.1696345,2023-04-28 10:29,f_f000027
f000027_900055,128.6148066,35.1680896,2023-04-28 10:30,f_f000027
f000027_900055,128.614527,35.1664829,2023-04-28 10:30,f_f000027
f000027_900055,128.6118569,35.1657891,2023-04-28 10:31,f_f000027
f000027_900055,128.6100026,35.1638524,2023-04-28 10:31,f_f000027
f000027_900055,128.6081796,35.1640162,2023-04-28 10:31,f_f000027
f000027_900055,128.607453,35.1621647,2023-04-28 10:32,f_f000027
f000027_900055,128.6048176,35.1605577,2023-04-28 10:32,f_f000027
f000027_900055,128.6029379,35.1624845,2023-04-28 10:33,f_f000027
f000027_900055,128.6003584,35.1638265,2023-04-28 10:33,f_f000027
f000027_900055,128.5994321,35.1658563,2023-04-28 10:34,f_f000027
f000027_900055,128.6009012,35.1679477,2023-04-28 10:34,f_f000027
f000027_900055,128.5997554,35.1691217,2023-04-28 10:35,f_f000027
f000027_900055,128.5982328,35.1696466,2023-04-28 10:35,f_f000027
f000027_900055,128.5982328,35.1696466,2023-04-28 10:36,f_f000027
f000027_900055,128.5982328,35.1696466,2023-04-28 10:36,f_f000027
f000027_900055,128.5982328,35.1696466,2023-04-28 10:37,f_f000027
f000027_900055,128.5982328,35.1696466,2023-04-28 10:37,f_f000027
f000027_900055,128.5982328,35.1696466,2023-04-28 10:37,f_f000027
f000027_900055,128.5982328,35.1696466,2023-04-28 10:38,f_f000027
f000027_900055,128.5982328,35.1696466,2023-04-28 10:38,f_f000027
f000027_900055,128.5982328,35.1696466,2023-04-28 10:39,f_f000027
f000027_900055,128.5982328,35.1696466,2023-04-28 10:39,f_f000027
f000027_900055,128.5982328,35.1696466,2023-04-28 10:40,f_f000027
f000027_900055,128.5982328,35.1696466,2023-04-28 10:40,f_f000027
f000027_900055,128.5982328,35.1696466,2023-04-28 10:41,f_f000027
f000027_900055,128.5982328,35.1696466,2023-04-28 10:41,f_f000027
f000027_900055,128.5982328,35.1696466,2023-04-28 10:42,f_f000027
f000027_900055,128.5982328,35.1696466,2023-04-28 10:42,f_f000027
f000027_900055,128.5982328,35.1696466,2023-04-28 10:42,f_f000027
f000027_900055,128.5982328,35.1696466,2023-04-28 10:43,f_f000027
f000027_900055,128.5982328,35.1696466,2023-04-28 10:43,f_f000027
f000027_900055,128.5982328,35.1696466,2023-04-28 10:44,f_f000027
f000027_900055,128.5982328,35.1696466,2023-04-28 10:45,f_f000027
f000027_900055,128.5982328,35.1696466,2023-04-28 10:47,f_f000027
f000027_900055,128.5982328,35.1696466,2023-04-28 10:48,f_f000027
f000027_900055,128.5982328,35.1696466,2023-04-28 10:49,f_f000027
f000027_900055,128.5982328,35.1696466,2023-04-28 10:50,f_f000027
f000027_900055,128.5982328,35.1696466,2023-04-28 10:51,f_f000027
f000027_900055,128.5982328,35.1696466,2023-04-28 10:52,f_f000027
f000027_900055,128.5982328,35.1696466,2023-04-28 10:53,f_f000027
f000027_900055,128.5982328,35.1696466,2023-04-28 10:55,f_f000027
f000027_900055,128.5982328,35.1696466,2023-04-28 10:56,f_f000027
f000027_900055,128.5982328,35.1696466,2023-04-28 10:57,f_f000027
f000027_900055,128.5982328,35.1696466,2023-04-28 10:58,f_f000027
f000027_900055,128.5982328,35.1696466,2023-04-28 10:59,f_f000027
f000027_900055,128.5982328,35.1696466,2023-04-28 11:00,f_f000027
f000027_900055,128.5982328,35.1696466,2023-04-28 11:01,f_f000027
f000027_900055,128.5982328,35.1696466,2023-04-28 11:02,f_f000027
f000027_900055,128.5982328,35.1696466,2023-04-28 11:03,f_f000027
f000027_900055,128.5982328,35.1696466,2023-04-28 11:04,f_f000027
f000027_900055,128.5982328,35.1696466,2023-04-28 11:05,f_f000027
f000027_900055,128.5982328,35.1696466,2023-04-28 11:06,f_f000027
f000027_900055,128.5982328,35.1696466,2023-04-28 11:07,f_f000027
f000027_900055,128.5982328,35.1696466,2023-04-28 11:08,f_f000027
f000027_900055,128.5982328,35.1696466,2023-04-28 11:09,f_f000027
f000027_900055,128.5982328,35.1696466,2023-04-28 11:09,f_f000027
f000027_900055,128.5982328,35.1696466,2023-04-28 11:10,f_f000027
f000027_900055,128.5982328,35.1696466,2023-04-28 11:11,f_f000027
f000027_900055,128.5982328,35.1696466,2023-04-28 11:12,f_f000027
f000027_900055,128.5982328,35.1696466,2023-04-28 11:13,f_f000027
f000027_900055,128.5982328,35.1696466,2023-04-28 11:14,f_f000027
f000027_900055,128.5982328,35.1696466,2023-04-28 11:15,f_f000027
f000027_900055,128.5982328,35.1696466,2023-04-28 11:16,f_f000027
f000027_900055,128.5982328,35.1696466,2023-04-28 11:18,f_f000027
f000027_900055,128.5982328,35.1696466,2023-04-28 11:18,f_f000027
f000027_900055,128.5982328,35.1696466,2023-04-28 11:19,f_f000027
f000027_900055,128.5982328,35.1696466,2023-04-28 11:20,f_f000027
f000027_900055,128.5982328,35.1696466,2023-04-28 11:20,f_f000027
f000027_900055,128.5982328,35.1696466,2023-04-28 11:21,f_f000027
f000027_900055,128.5982328,35.1696466,2023-04-28 11:21,f_f000027
f000027_900055,128.5982328,35.1696466,2023-04-28 11:22,f_f000027
f000027_900055,128.5982328,35.1696466,2023-04-28 11:23,f_f000027
f000027_900055,128.5982328,35.1696466,2023-04-28 11:23,f_f000027
f000027_900055,128.5982328,35.1696466,2023-04-28 11:24,f_f000027
f000027_900055,128.5982328,35.1696466,2023-04-28 11:26,f_f000027
f000027_900055,128.5982328,35.1696466,2023-04-28 11:27,f_f000027
f000027_900055,128.5982328,35.1696466,2023-04-28 11:29,f_f000027
f000027_900055,128.5982328,35.1696466,2023-04-28 11:29,f_f000027
f000027_900055,128.5982328,35.1696466,2023-04-28 11:30,f_f000027
f000027_900055,128.5982328,35.1696466,2023-04-28 11:31,f_f000027
f000027_900055,128.5982328,35.1696466,2023-04-28 11:33,f_f000027
f000027_900055,128.5982328,35.1696466,2023-04-28 11:35,f_f000027
f000027_900055,128.5982328,35.1696466,2023-04-28 11:35,f_f000027
f000027_900055,128.5982328,35.1696466,2023-04-28 11:36,f_f000027
f000027_900055,128.5982328,35.1696466,2023-04-28 11:37,f_f000027
f000027_900055,128.5982328,35.1696466,2023-04-28 11:37,f_f000027
f000027_900055,128.5982328,35.1696466,2023-04-28 11:39,f_f000027
f000027_900055,128.5982328,35.1696466,2023-04-28 11:41,f_f000027
f000027_900055,128.5982328,35.1696466,2023-04-28 11:42,f_f000027
f000027_900055,128.597294,35.1701334,2023-04-28 11:44,f_f000027
f000027_900055,128.597294,35.1701334,2023-04-28 11:44,f_f000027
f000027_900055,128.597294,35.1701334,2023-04-28 11:46,f_f000027
f000027_900055,128.5971479,35.1706155,2023-04-28 11:47,f_f000027
f000027_900055,128.5971479,35.1706155,2023-04-28 11:47,f_f000027
f000027_900055,128.596659,35.1706921,2023-04-28 11:48,f_f000027
f000027_900055,128.596659,35.1706921,2023-04-28 11:50,f_f000027
f000027_900055,128.596659,35.1706921,2023-04-28 11:51,f_f000027
f000027_900055,128.596659,35.1706921,2023-04-28 11:52,f_f000027
f000027_900055,128.596659,35.1706921,2023-04-28 11:54,f_f000027
f000027_900055,128.596659,35.1706921,2023-04-28 11:55,f_f000027
f000027_900055,128.596659,35.1706921,2023-04-28 11:56,f_f000027
f000027_900055,128.596659,35.1706921,2023-04-28 11:57,f_f000027
f000027_900055,128.596659,35.1706921,2023-04-28 11:57,f_f000027
f000027_900055,128.5950331,35.172239,2023-04-28 11:58,f_f000027
f000027_900055,128.5929483,35.174123,2023-04-28 11:58,f_f000027
f000027_900055,128.5927856,35.1764863,2023-04-28 11:59,f_f000027
f000027_900055,128.5927856,35.1764863,2023-04-28 11:59,f_f000027
f000027_900055,128.5945992,35.1784087,2023-04-28 12:00,f_f000027
f000027_900055,128.5965152,35.1791508,2023-04-28 12:00,f_f000027
f000027_900055,128.5966135,35.1824908,2023-04-28 12:01,f_f000027
f000027_900055,128.5966676,35.1870097,2023-04-28 12:01,f_f000027
f000027_900055,128.5960273,35.1909411,2023-04-28 12:02,f_f000027
f000027_900055,128.5920634,35.193352,2023-04-28 12:02,f_f000027
f000027_900055,128.5906868,35.1970521,2023-04-28 12:02,f_f000027
f000027_900055,128.5923755,35.1998481,2023-04-28 12:03,f_f000027
f000027_900055,128.5960389,35.2011733,2023-04-28 12:03,f_f000027
f000027_900055,128.5978988,35.2023779,2023-04-28 12:04,f_f000027
f000027_900055,128.5978988,35.2023779,2023-04-28 12:04,f_f000027
f000027_900055,128.5999213,35.2037379,2023-04-28 12:05,f_f000027
f000027_900055,128.6042052,35.2065473,2023-04-28 12:05,f_f000027
f000027_900055,128.6080048,35.2096742,2023-04-28 12:06,f_f000027
f000027_900055,128.6124206,35.2120186,2023-04-28 12:06,f_f000027
f000027_900055,128.6177783,35.2113977,2023-04-28 12:07,f_f000027
f000027_900055,128.6227444,35.2120671,2023-04-28 12:07,f_f000027
f000027_900055,128.6267453,35.2142522,2023-04-28 12:07,f_f000027
f000027_900055,128.6287416,35.215872,2023-04-28 12:08,f_f000027
f000027_900055,128.6331167,35.2173202,2023-04-28 12:08,f_f000027
f000027_900055,128.6386167,35.2187035,2023-04-28 12:09,f_f000027
f000027_900055,128.6442879,35.2199086,2023-04-28 12:09,f_f000027
f000027_900055,128.6493158,35.2193736,2023-04-28 12:10,f_f000027
f000027_900055,128.6507031,35.2191891,2023-04-28 12:10,f_f000027
f000027_900055,128.6507031,35.2191891,2023-04-28 12:11,f_f000027
f000027_900055,128.6507031,35.2191891,2023-04-28 12:11,f_f000027
f000027_900055,128.6507031,35.2191891,2023-04-28 12:12,f_f000027
f000027_900055,128.6512964,35.219519,2023-04-28 12:12,f_f000027
f000027_900055,128.6515966,35.2198992,2023-04-28 12:13,f_f000027
f000027_900055,128.6526437,35.2211656,2023-04-28 12:13,f_f000027
f000027_900055,128.655184,35.2242899,2023-04-28 12:13,f_f000027
f000027_900055,128.6561988,35.225579,2023-04-28 12:14,f_f000027
f000027_900055,128.6539858,35.2272369,2023-04-28 12:14,f_f000027
f000027_900055,128.6500384,35.229446,2023-04-28 12:15,f_f000027
f000027_900055,128.6415953,35.2344347,2023-04-28 12:16,f_f000027
f000027_900055,128.6369956,35.2369732,2023-04-28 12:16,f_f000027
f000027_900055,128.6339786,35.2386443,2023-04-28 12:17,f_f000027
f000027_900055,128.6335622,35.2388564,2023-04-28 12:17,f_f000027
f000027_900055,128.6335622,35.2388564,2023-04-28 12:17,f_f000027
f000027_900055,128.6308524,35.2403106,2023-04-28 12:18,f_f000027
f000027_900055,128.6275132,35.2422889,2023-04-28 12:18,f_f000027
f000027_900055,128.6252591,35.2436022,2023-04-28 12:19,f_f000027
f000027_900055,128.6213032,35.2458824,2023-04-28 12:19,f_f000027
f000027_900055,128.6185118,35.2475854,2023-04-28 12:20,f_f000027
f000027_900055,128.6170183,35.2491784,2023-04-28 12:20,f_f000027
f000027_900055,128.6185586,35.2509632,2023-04-28 12:21,f_f000027
f000027_900055,128.6188541,35.2513339,2023-04-28 12:21,f_f000027
f000027_900055,128.6208065,35.2534561,2023-04-28 12:22,f_f000027
f000027_900055,128.62333,35.2561416,2023-04-28 12:22,f_f000027
f000027_900055,128.6260109,35.2591824,2023-04-28 12:22,f_f000027
f000027_900055,128.6269635,35.26001,2023-04-28 12:23,f_f000027
f000027_900055,128.6274582,35.2602258,2023-04-28 12:23,f_f000027
f000027_900055,128.6274582,35.2602258,2023-04-28 12:24,f_f000027
f000027_900055,128.6274582,35.2602258,2023-04-28 12:24,f_f000027
f000027_900055,128.6274582,35.2602258,2023-04-28 12:25,f_f000027
f000027_900055,128.6274582,35.2602258,2023-04-28 12:27,f_f000027
f000027_900055,128.6274582,35.2602258,2023-04-28 12:27,f_f000027
f000027_900055,128.6274582,35.2602258,2023-04-28 12:28,f_f000027
f000027_900055,128.6274582,35.2602258,2023-04-28 12:29,f_f000027
f000027_900055,128.6274582,35.2602258,2023-04-28 12:30,f_f000027
f000027_900055,128.6274582,35.2602258,2023-04-28 12:32,f_f000027
f000027_900055,128.6274582,35.2602258,2023-04-28 12:33,f_f000027
f000027_900055,128.6274582,35.2602258,2023-04-28 12:34,f_f000027
f000027_900055,128.6274582,35.2602258,2023-04-28 12:35,f_f000027
f000027_900055,128.6274582,35.2602258,2023-04-28 12:36,f_f000027
f000027_900055,128.6274582,35.2602258,2023-04-28 12:37,f_f000027
f000027_900055,128.6274582,35.2602258,2023-04-28 12:38,f_f000027
f000027_900055,128.6274582,35.2602258,2023-04-28 12:40,f_f000027
f000027_900055,128.6274582,35.2602258,2023-04-28 12:41,f_f000027
f000027_900055,128.6274582,35.2602258,2023-04-28 12:43,f_f000027
f000027_900055,128.6274582,35.2602258,2023-04-28 12:45,f_f000027
f000027_900055,128.6274582,35.2602258,2023-04-28 12:47,f_f000027
f000027_900055,128.6274582,35.2602258,2023-04-28 12:47,f_f000027
f000027_900055,128.6274582,35.2602258,2023-04-28 12:49,f_f000027
f000027_900055,128.6274582,35.2602258,2023-04-28 12:51,f_f000027
f000027_900055,128.6274582,35.2602258,2023-04-28 12:53,f_f000027
f000027_900055,128.6274582,35.2602258,2023-04-28 12:54,f_f000027
f000027_900055,128.6274582,35.2602258,2023-04-28 12:56,f_f000027
f000027_900055,128.6274582,35.2602258,2023-04-28 12:58,f_f000027
f000027_900055,128.6274582,35.2602258,2023-04-28 13:00,f_f000027
f000027_900055,128.6274582,35.2602258,2023-04-28 13:00,f_f000027
f000027_900055,128.6274582,35.2602258,2023-04-28 13:02,f_f000027
f000027_900055,128.6274582,35.2602258,2023-04-28 13:04,f_f000027
f000027_900055,128.6274582,35.2602258,2023-04-28 13:04,f_f000027
f000027_900055,128.6274582,35.2602258,2023-04-28 13:04,f_f000027
f000027_900055,128.6274582,35.2602258,2023-04-28 13:05,f_f000027
f000027_900055,128.6274582,35.2602258,2023-04-28 13:05,f_f000027
f000027_900055,128.6275249,35.2609951,2023-04-28 13:06,f_f000027
f000027_900055,128.6284956,35.2612371,2023-04-28 13:06,f_f000027
f000027_900055,128.6284956,35.2612371,2023-04-28 13:07,f_f000027
f000027_900055,128.6284956,35.2612371,2023-04-28 13:07,f_f000027
f000027_900055,128.6302002,35.2614175,2023-04-28 13:08,f_f000027
f000027_900055,128.6302002,35.2614175,2023-04-28 13:08,f_f000027
f000027_900055,128.6338126,35.2619377,2023-04-28 13:09,f_f000027
f000027_900055,128.6378061,35.2647443,2023-04-28 13:09,f_f000027
f000027_900055,128.6413043,35.2688703,2023-04-28 13:09,f_f000027
f000027_900055,128.6473453,35.2694408,2023-04-28 13:10,f_f000027
f000027_900055,128.6550313,35.2691857,2023-04-28 13:10,f_f000027
f000027_900055,128.6612883,35.2706537,2023-04-28 13:11,f_f000027
f000027_900055,128.665229,35.27142,2023-04-28 13:11,f_f000027
f000027_900055,128.6697656,35.2714796,2023-04-28 13:12,f_f000027
f000027_900055,128.6721001,35.2673246,2023-04-28 13:12,f_f000027
f000027_900055,128.6765599,35.2635216,2023-04-28 13:13,f_f000027
f000027_900055,128.6765599,35.2635216,2023-04-28 13:13,f_f000027
f000027_900055,128.6961328,35.2509141,2023-04-28 13:15,f_f000027
f000027_900055,128.6998127,35.2466817,2023-04-28 13:15,f_f000027
f000027_900055,128.7028179,35.2429648,2023-04-28 13:16,f_f000027
f000027_900055,128.7042158,35.238449,2023-04-28 13:16,f_f000027
f000027_900055,128.7051032,35.2332645,2023-04-28 13:17,f_f000027
f000027_900055,128.7073767,35.2282508,2023-04-28 13:17,f_f000027
f000027_900055,128.7089732,35.2236111,2023-04-28 13:18,f_f000027
f000027_900055,128.7123891,35.2182215,2023-04-28 13:18,f_f000027
f000027_900055,128.7134432,35.2121619,2023-04-28 13:19,f_f000027
f000027_900055,128.7131743,35.206349,2023-04-28 13:19,f_f000027
f000027_900055,128.7132873,35.2001812,2023-04-28 13:20,f_f000027
f000027_900055,128.7118132,35.19454,2023-04-28 13:20,f_f000027
f000027_900055,128.7081531,35.1898046,2023-04-28 13:20,f_f000027
f000027_900055,128.7058714,35.1871929,2023-04-28 13:21,f_f000027
f000027_900055,128.7032194,35.1832096,2023-04-28 13:21,f_f000027
f000027_900055,128.7020855,35.1788406,2023-04-28 13:22,f_f000027
f000027_900055,128.6982464,35.1622346,2023-04-28 13:23,f_f000027
f000027_900055,128.6978119,35.1595269,2023-04-28 13:24,f_f000027
f000027_900055,128.6999853,35.1582092,2023-04-28 13:24,f_f000027
f000027_900055,128.7033438,35.1563657,2023-04-28 13:25,f_f000027
f000027_900055,128.7039219,35.1554623,2023-04-28 13:25,f_f000027
f000027_900055,128.7039219,35.1554623,2023-04-28 13:26,f_f000027
f000027_900055,128.7039219,35.1554623,2023-04-28 13:26,f_f000027
f000027_900055,128.7051457,35.1533801,2023-04-28 13:27,f_f000027
f000027_900055,128.7068102,35.1500898,2023-04-28 13:27,f_f000027
f000027_900055,128.7069901,35.1470723,2023-04-28 13:28,f_f000027
f000027_900055,128.7070363,35.1451768,2023-04-28 13:28,f_f000027
f000027_900055,128.7072344,35.1427193,2023-04-28 13:28,f_f000027
f000027_900055,128.7072344,35.1427193,2023-04-28 13:29,f_f000027
f000027_900055,128.7072344,35.1427193,2023-04-28 13:29,f_f000027
f000027_900055,128.7073277,35.1416223,2023-04-28 13:30,f_f000027
f000027_900055,128.7076742,35.1387183,2023-04-28 13:30,f_f000027
f000027_900055,128.7085914,35.1335466,2023-04-28 13:31,f_f000027
f000027_900055,128.7089217,35.1313093,2023-04-28 13:31,f_f000027
f000027_900055,128.7093998,35.1300571,2023-04-28 13:32,f_f000027
f000027_900055,128.7112773,35.1268776,2023-04-28 13:32,f_f000027
f000027_900055,128.7132024,35.1226626,2023-04-28 13:33,f_f000027
f000027_900055,128.7171426,35.1199136,2023-04-28 13:33,f_f000027
f000027_900055,128.7192697,35.1155726,2023-04-28 13:33,f_f000027
f000027_900055,128.7237504,35.1131024,2023-04-28 13:34,f_f000027
f000027_900055,128.7245197,35.1114725,2023-04-28 13:34,f_f000027
f000027_900055,128.7207664,35.1093303,2023-04-28 13:35,f_f000027
f000027_900055,128.7177246,35.1054544,2023-04-28 13:35,f_f000027
f000027_900055,128.7170727,35.1019231,2023-04-28 13:36,f_f000027
f000027_900055,128.717288,35.1014588,2023-04-28 13:36,f_f000027
f000027_900055,128.7179156,35.098519,2023-04-28 13:37,f_f000027
f000027_900055,128.7217827,35.0976853,2023-04-28 13:37,f_f000027
f000027_900055,128.721565,35.0971314,2023-04-28 13:38,f_f000027
f000027_900055,128.7206229,35.0955747,2023-04-28 13:38,f_f000027
f000027_900055,128.7195587,35.0946174,2023-04-28 13:38,f_f000027
f000027_900055,128.7195929,35.09328,2023-04-28 13:39,f_f000027
f000027_900055,128.7194142,35.0923077,2023-04-28 13:40,f_f000027
f000027_900055,128.7194142,35.0923077,2023-04-28 13:40,f_f000027
f000027_900055,128.719817,35.092103,2023-04-28 13:44,f_f000027
f000027_900055,128.719817,35.092103,2023-04-28 13:44,f_f000027
f000027_900055,128.719817,35.092103,2023-04-28 13:44,f_f000027
f000027_900055,128.71939,35.0918782,2023-04-28 13:45,f_f000027
f000027_900055,128.71939,35.0918782,2023-04-28 13:45,f_f000027
f000027_900055,128.7190768,35.0916577,2023-04-28 13:46,f_f000027
f000027_900055,128.7189429,35.0913711,2023-04-28 13:46,f_f000027
f000027_900055,128.7189429,35.0913711,2023-04-28 13:47,f_f000027
f000027_900055,128.7186915,35.091097,2023-04-28 13:47,f_f000027
f000027_900055,128.7186915,35.091097,2023-04-28 13:48,f_f000027
f000027_900055,128.7186915,35.091097,2023-04-28 13:48,f_f000027
f000027_900055,128.7186915,35.091097,2023-04-28 13:49,f_f000027
f000027_900055,128.7186915,35.091097,2023-04-28 13:49,f_f000027
f000027_900055,128.7186915,35.091097,2023-04-28 13:49,f_f000027
f000027_900055,128.7188865,35.0907689,2023-04-28 13:50,f_f000027
f000027_900055,128.718914,35.0904319,2023-04-28 13:50,f_f000027
f000027_900055,128.718914,35.0904319,2023-04-28 13:51,f_f000027
f000027_900055,128.7191228,35.0900668,2023-04-28 13:51,f_f000027
f000027_900055,128.7191228,35.0900668,2023-04-28 13:52,f_f000027
f000027_900055,128.7196187,35.0900241,2023-04-28 13:52,f_f000027
f000027_900055,128.7196187,35.0900241,2023-04-28 13:53,f_f000027
f000027_900055,128.7196187,35.0900241,2023-04-28 13:53,f_f000027
f000027_900055,128.7196187,35.0900241,2023-04-28 13:54,f_f000027
f000027_900055,128.7196187,35.0900241,2023-04-28 13:54,f_f000027
f000027_900055,128.7196187,35.0900241,2023-04-28 13:55,f_f000027
f000027_900055,128.7196187,35.0900241,2023-04-28 13:55,f_f000027
f000027_900055,128.7196187,35.0900241,2023-04-28 13:55,f_f000027
f000027_900055,128.7196187,35.0900241,2023-04-28 13:56,f_f000027
f000027_900055,128.7200825,35.0902982,2023-04-28 13:56,f_f000027
f000027_900055,128.7200825,35.0902982,2023-04-28 13:57,f_f000027
f000027_900055,128.7204854,35.090297,2023-04-28 13:57,f_f000027
f000027_900055,128.7204854,35.090297,2023-04-28 13:58,f_f000027
f000027_900055,128.7206374,35.089885,2023-04-28 13:58,f_f000027
f000027_900055,128.7206374,35.089885,2023-04-28 13:59,f_f000027
f000027_900055,128.720884,35.0893484,2023-04-28 13:59,f_f000027
f000027_900055,128.720884,35.0893484,2023-04-28 14:00,f_f000027
f000027_900055,128.7220274,35.0884477,2023-04-28 14:01,f_f000027
f000027_900055,128.7220274,35.0884477,2023-04-28 14:02,f_f000027
f000027_900055,128.7220274,35.0884477,2023-04-28 14:03,f_f000027
f000027_900055,128.7220274,35.0884477,2023-04-28 14:04,f_f000027
f000027_900055,128.7228637,35.0883566,2023-04-28 14:06,f_f000027
f000027_900055,128.7228637,35.0883566,2023-04-28 14:07,f_f000027
f000027_900055,128.7226025,35.0878024,2023-04-28 14:08,f_f000027
f000027_900055,128.7226025,35.0878024,2023-04-28 14:09,f_f000027
f000027_900055,128.7226025,35.0878024,2023-04-28 14:11,f_f000027
f000027_900055,128.7226025,35.0878024,2023-04-28 14:11,f_f000027
f000027_900055,128.7226025,35.0878024,2023-04-28 14:12,f_f000027
f000027_900055,128.7226025,35.0878024,2023-04-28 14:13,f_f000027
f000027_900055,128.7226025,35.0878024,2023-04-28 14:14,f_f000027
f000027_900055,128.7226025,35.0878024,2023-04-28 14:15,f_f000027
f000027_900055,128.722254,35.0876437,2023-04-28 14:16,f_f000027
f000027_900055,128.722254,35.0876437,2023-04-28 14:17,f_f000027
f000027_900055,128.722254,35.0876437,2023-04-28 14:18,f_f000027
f000027_900055,128.722254,35.0876437,2023-04-28 14:19,f_f000027
f000027_900055,128.722254,35.0876437,2023-04-28 14:20,f_f000027
f000027_900055,128.722254,35.0876437,2023-04-28 14:20,f_f000027
f000027_900055,128.722254,35.0876437,2023-04-28 14:21,f_f000027
f000027_900055,128.722254,35.0876437,2023-04-28 14:21,f_f000027
f000027_900055,128.722254,35.0876437,2023-04-28 14:23,f_f000027
f000027_900055,128.722254,35.0876437,2023-04-28 14:24,f_f000027
f000027_900055,128.722254,35.0876437,2023-04-28 14:25,f_f000027
f000027_900055,128.722254,35.0876437,2023-04-28 14:26,f_f000027
f000027_900055,128.722254,35.0876437,2023-04-28 14:27,f_f000027
f000027_900055,128.722254,35.0876437,2023-04-28 14:28,f_f000027
f000027_900055,128.722254,35.0876437,2023-04-28 14:29,f_f000027
f000027_900055,128.722254,35.0876437,2023-04-28 14:31,f_f000027
f000027_900055,128.722254,35.0876437,2023-04-28 14:32,f_f000027
f000027_900055,128.7220721,35.0878762,2023-04-28 14:33,f_f000027
f000027_900055,128.7220721,35.0878762,2023-04-28 14:34,f_f000027
f000027_900055,128.7220721,35.0878762,2023-04-28 14:35,f_f000027
f000027_900055,128.7220721,35.0878762,2023-04-28 14:36,f_f000027
f000027_900055,128.7220721,35.0878762,2023-04-28 14:38,f_f000027
f000027_900055,128.7220721,35.0878762,2023-04-28 14:39,f_f000027
f000027_900055,128.7220721,35.0878762,2023-04-28 14:40,f_f000027
f000027_900055,128.7220721,35.0878762,2023-04-28 14:42,f_f000027
f000027_900055,128.7220721,35.0878762,2023-04-28 14:42,f_f000027
f000027_900055,128.7220721,35.0878762,2023-04-28 14:43,f_f000027
f000027_900055,128.7220721,35.0878762,2023-04-28 14:44,f_f000027
f000027_900055,128.7220721,35.0878762,2023-04-28 14:45,f_f000027
f000027_900055,128.7220721,35.0878762,2023-04-28 14:45,f_f000027
f000027_900055,128.7220721,35.0878762,2023-04-28 14:46,f_f000027
f000027_900055,128.7220721,35.0878762,2023-04-28 14:46,f_f000027
f000027_900055,128.7220721,35.0878762,2023-04-28 14:47,f_f000027
f000027_900055,128.7220721,35.0878762,2023-04-28 14:48,f_f000027
f000027_900055,128.7220721,35.0878762,2023-04-28 14:49,f_f000027
f000027_900055,128.7220721,35.0878762,2023-04-28 14:50,f_f000027
f000027_900055,128.7220721,35.0878762,2023-04-28 14:52,f_f000027
f000027_900055,128.7220721,35.0878762,2023-04-28 14:53,f_f000027
f000027_900055,128.7216561,35.0881825,2023-04-28 14:54,f_f000027
f000027_900055,128.721758,35.088648,2023-04-28 14:55,f_f000027
f000027_900055,128.7211636,35.0892496,2023-04-28 14:56,f_f000027
f000027_900055,128.720791,35.0893269,2023-04-28 14:57,f_f000027
f000027_900055,128.720791,35.0893269,2023-04-28 14:58,f_f000027
f000027_900055,128.7206913,35.0897332,2023-04-28 15:00,f_f000027
f000027_900055,128.7205755,35.0902016,2023-04-28 15:01,f_f000027
f000027_900055,128.7205755,35.0902016,2023-04-28 15:02,f_f000027
f000027_900055,128.7205755,35.0902016,2023-04-28 15:03,f_f000027
f000027_900055,128.7205755,35.0902016,2023-04-28 15:04,f_f000027
f000027_900055,128.7205755,35.0902016,2023-04-28 15:06,f_f000027
f000027_900055,128.7196282,35.0905149,2023-04-28 15:08,f_f000027
f000027_900055,128.7191108,35.0910226,2023-04-28 15:09,f_f000027
f000027_900055,128.7191108,35.0910226,2023-04-28 15:10,f_f000027
f000027_900055,128.7191108,35.0910226,2023-04-28 15:11,f_f000027
f000027_900055,128.7191108,35.0910226,2023-04-28 15:13,f_f000027
f000027_900055,128.7191108,35.0910226,2023-04-28 15:14,f_f000027
f000027_900055,128.7191108,35.0910226,2023-04-28 15:15,f_f000027
f000027_900055,128.7191108,35.0910226,2023-04-28 15:16,f_f000027
f000027_900055,128.7191108,35.0910226,2023-04-28 15:17,f_f000027
f000027_900055,128.7191108,35.0910226,2023-04-28 15:17,f_f000027
f000027_900055,128.7191108,35.0910226,2023-04-28 15:18,f_f000027
f000027_900055,128.7191108,35.0910226,2023-04-28 15:18,f_f000027
f000027_900055,128.7191108,35.0910226,2023-04-28 15:19,f_f000027
f000027_900055,128.7191108,35.0910226,2023-04-28 15:19,f_f000027
f000027_900055,128.7191108,35.0910226,2023-04-28 15:20,f_f000027
f000027_900055,128.719644,35.0915573,2023-04-28 15:20,f_f000027
f000027_900055,128.719644,35.0915573,2023-04-28 15:21,f_f000027
f000027_900055,128.7193611,35.092507,2023-04-28 15:21,f_f000027
f000027_900055,128.719652,35.0927057,2023-04-28 15:21,f_f000027
f000027_900055,128.7196756,35.0945352,2023-04-28 15:22,f_f000027
f000027_900055,128.7196756,35.0945352,2023-04-28 15:22,f_f000027
f000027_900055,128.7196489,35.0948194,2023-04-28 15:23,f_f000027
f000027_900055,128.7185745,35.0957919,2023-04-28 15:23,f_f000027
f000027_900055,128.7167365,35.096419,2023-04-28 15:24,f_f000027
f000027_900055,128.7173466,35.0978877,2023-04-28 15:24,f_f000027
f000027_900055,128.7177289,35.0992054,2023-04-28 15:25,f_f000027
f000027_900055,128.7169284,35.1024703,2023-04-28 15:25,f_f000027
f000027_900055,128.7180907,35.1059117,2023-04-28 15:26,f_f000027
f000027_900055,128.7206709,35.1090477,2023-04-28 15:26,f_f000027
f000027_900055,128.7211659,35.1095321,2023-04-28 15:26,f_f000027
f000027_900055,128.7229129,35.1104339,2023-04-28 15:27,f_f000027
f000027_900055,128.7257865,35.1124706,2023-04-28 15:27,f_f000027
f000027_900055,128.7292694,35.111473,2023-04-28 15:28,f_f000027
f000027_900055,128.734413,35.1092793,2023-04-28 15:28,f_f000027
f000027_900055,128.7405552,35.1082623,2023-04-28 15:29,f_f000027
f000027_900055,128.7469232,35.1073095,2023-04-28 15:29,f_f000027
f000027_900055,128.7530391,35.1087238,2023-04-28 15:30,f_f000027
f000027_900055,128.7575469,35.1123042,2023-04-28 15:30,f_f000027
f000027_900055,128.7633935,35.1144293,2023-04-28 15:31,f_f000027
f000027_900055,128.7695547,35.1155767,2023-04-28 15:31,f_f000027
f000027_900055,128.7750515,35.11869,2023-04-28 15:31,f_f000027
f000027_900055,128.7807282,35.1221457,2023-04-28 15:32,f_f000027
f000027_900055,128.7876712,35.1224236,2023-04-28 15:32,f_f000027
f000027_900055,128.7936023,35.1197023,2023-04-28 15:33,f_f000027
f000027_900055,128.7991262,35.1169844,2023-04-28 15:33,f_f000027
f000027_900055,128.803492,35.1142851,2023-04-28 15:34,f_f000027
f000027_900055,128.8053986,35.1097507,2023-04-28 15:34,f_f000027
f000027_900055,128.8062888,35.1086948,2023-04-28 15:35,f_f000027
f000027_900055,128.8062888,35.1086948,2023-04-28 15:35,f_f000027
f000027_900055,128.8088231,35.1054655,2023-04-28 15:36,f_f000027
f000027_900055,128.8130059,35.1032197,2023-04-28 15:36,f_f000027
f000027_900055,128.8186787,35.1021527,2023-04-28 15:37,f_f000027
f000027_900055,128.8234516,35.1018575,2023-04-28 15:37,f_f000027
f000027_900055,128.8284684,35.1023445,2023-04-28 15:37,f_f000027
f000027_900055,128.8337955,35.1016318,2023-04-28 15:38,f_f000027
f000027_900055,128.8391483,35.1026504,2023-04-28 15:38,f_f000027
f000027_900055,128.8436499,35.1057961,2023-04-28 15:39,f_f000027
f000027_900055,128.8481352,35.1075366,2023-04-28 15:39,f_f000027
f000027_900055,128.8531617,35.1092813,2023-04-28 15:40,f_f000027
f000027_900055,128.8552718,35.1099461,2023-04-28 15:40,f_f000027
f000027_900055,128.8569097,35.1103623,2023-04-28 15:41,f_f000027
f000027_900055,128.8620026,35.1109381,2023-04-28 15:41,f_f000027
f000027_900055,128.8673895,35.1119721,2023-04-28 15:42,f_f000027
f000027_900055,128.8695996,35.1123432,2023-04-28 15:42,f_f000027
f000027_900055,128.8701673,35.1124475,2023-04-28 15:42,f_f000027
f000027_900055,128.8751419,35.112443,2023-04-28 15:43,f_f000027
f000027_900055,128.880466,35.11243,2023-04-28 15:43,f_f000027
f000027_900055,128.8831576,35.112448,2023-04-28 15:44,f_f000027
f000027_900055,128.8831576,35.112448,2023-04-28 15:44,f_f000027
f000027_900055,128.8841531,35.1124765,2023-04-28 15:45,f_f000027
f000027_900055,128.8856122,35.1123796,2023-04-28 15:45,f_f000027
f000027_900055,128.8868943,35.1118241,2023-04-28 15:46,f_f000027
f000027_900055,128.8868943,35.1118241,2023-04-28 15:46,f_f000027
f000027_900055,128.8881434,35.108889,2023-04-28 15:47,f_f000027
f000027_900055,128.887715,35.1041637,2023-04-28 15:47,f_f000027
f000027_900055,128.8872708,35.0993711,2023-04-28 15:48,f_f000027
f000027_900055,128.8868438,35.0941133,2023-04-28 15:48,f_f000027
f000027_900055,128.8868438,35.0941133,2023-04-28 15:49,f_f000027
f000027_900055,128.885431,35.0888575,2023-04-28 15:49,f_f000027
f000027_900055,128.8893302,35.0888914,2023-04-28 15:49,f_f000027
f000027_900055,128.893539,35.0890404,2023-04-28 15:50,f_f000027
f000027_900055,128.8959244,35.0890162,2023-04-28 15:50,f_f000027
f000027_900055,128.8967876,35.089036,2023-04-28 15:51,f_f000027
f000027_900055,128.8967876,35.089036,2023-04-28 15:51,f_f000027
f000027_900055,128.8973704,35.088973,2023-04-28 15:52,f_f000027
f000027_900055,128.8985789,35.0889721,2023-04-28 15:52,f_f000027
f000027_900055,128.9021724,35.0889781,2023-04-28 15:53,f_f000027
f000027_900055,128.9065071,35.089055,2023-04-28 15:53,f_f000027
f000027_900055,128.9125447,35.0896189,2023-04-28 15:54,f_f000027
f000027_900055,128.9183964,35.0916977,2023-04-28 15:54,f_f000027
f000027_900055,128.9253007,35.0936541,2023-04-28 15:55,f_f000027
f000027_900055,128.9329681,35.0941991,2023-04-28 15:55,f_f000027
f000027_900055,128.9401642,35.0936151,2023-04-28 15:55,f_f000027
f000027_900055,128.945259,35.0898182,2023-04-28 15:56,f_f000027
f000027_900055,128.9497366,35.0863441,2023-04-28 15:56,f_f000027
f000027_900055,128.9555109,35.0856636,2023-04-28 15:57,f_f000027
f000027_900055,128.9590425,35.0856375,2023-04-28 15:57,f_f000027
f000027_900055,128.9627334,35.0855293,2023-04-28 15:58,f_f000027
f000027_900055,128.9635134,35.0855034,2023-04-28 15:58,f_f000027
f000027_900055,128.9635134,35.0855034,2023-04-28 15:59,f_f000027
f000027_900055,128.9635134,35.0855034,2023-04-28 15:59,f_f000027
f000027_900055,128.9651666,35.0854568,2023-04-28 16:00,f_f000027
f000027_900055,128.9685238,35.0853683,2023-04-28 16:00,f_f000027
f000027_900055,128.9906993,35.0852424,2023-04-28 16:02,f_f000027
f000027_900055,128.9947646,35.0856498,2023-04-28 16:03,f_f000027
f000027_900055,129.0230402,35.0794239,2023-04-28 16:06,f_f000027
f000027_900055,129.0285424,35.0793105,2023-04-28 16:06,f_f000027
f000027_900055,129.0336755,35.0805013,2023-04-28 16:06,f_f000027
f000027_900055,129.0390158,35.0821484,2023-04-28 16:07,f_f000027
f000027_900055,129.0417717,35.086872,2023-04-28 16:07,f_f000027
f000027_900055,129.0443229,35.0916954,2023-04-28 16:08,f_f000027
f000027_900055,129.0489557,35.0948804,2023-04-28 16:08,f_f000027
f000027_900055,129.0547989,35.0966491,2023-04-28 16:09,f_f000027
f000027_900055,129.0592303,35.1006407,2023-04-28 16:09,f_f000027
f000027_900055,129.0635524,35.1045321,2023-04-28 16:10,f_f000027
f000027_900055,129.0678424,35.1082284,2023-04-28 16:10,f_f000027
f000027_900055,129.0727154,35.1102233,2023-04-28 16:11,f_f000027
f000027_900055,129.0785129,35.1084949,2023-04-28 16:11,f_f000027
f000027_900055,129.0837013,35.1087414,2023-04-28 16:12,f_f000027
f000027_900055,129.0892929,35.1091066,2023-04-28 16:12,f_f000027
f000027_900055,129.0940969,35.1104996,2023-04-28 16:12,f_f000027
f000027_900055,129.1004459,35.1254977,2023-04-28 16:14,f_f000027
f000027_900055,129.1022942,35.1277145,2023-04-28 16:15,f_f000027
f000027_900055,129.1054957,35.1296756,2023-04-28 16:15,f_f000027
f000027_900055,129.1080013,35.1321362,2023-04-28 16:16,f_f000027
f000027_900055,129.1090431,35.1331714,2023-04-28 16:16,f_f000027
f000027_900055,129.1090431,35.1331714,2023-04-28 16:17,f_f000027
f000027_900055,129.1090431,35.1331714,2023-04-28 16:17,f_f000027
f000027_900055,129.1100567,35.1342781,2023-04-28 16:18,f_f000027
f000027_900055,129.1100567,35.1342781,2023-04-28 16:18,f_f000027
f000027_900055,129.1100567,35.1342781,2023-04-28 16:19,f_f000027
f000027_900055,129.1100567,35.1342781,2023-04-28 16:19,f_f000027
f000027_900055,129.1100567,35.1342781,2023-04-28 16:20,f_f000027
f000027_900055,129.110712,35.1349747,2023-04-28 16:20,f_f000027
f000027_900055,129.1114443,35.136201,2023-04-28 16:23,f_f000027
f000027_900055,129.1138338,35.138327,2023-04-28 16:23,f_f000027
f000027_900055,129.1141778,35.1386803,2023-04-28 16:24,f_f000027
f000027_900055,129.1141778,35.1386803,2023-04-28 16:24,f_f000027
f000027_900055,129.1149915,35.1410182,2023-04-28 16:25,f_f000027
f000027_900055,129.11505,35.1428602,2023-04-28 16:25,f_f000027
f000027_900055,129.11505,35.1428602,2023-04-28 16:26,f_f000027
f000027_900055,129.11505,35.1428602,2023-04-28 16:26,f_f000027
f000027_900055,129.1149952,35.1448166,2023-04-28 16:26,f_f000027
f000027_900055,129.1143051,35.1473182,2023-04-28 16:27,f_f000027
f000027_900055,129.1147788,35.1485038,2023-04-28 16:27,f_f000027
f000027_900055,129.1147788,35.1485038,2023-04-28 16:28,f_f000027
f000027_900055,129.1155339,35.1498064,2023-04-28 16:28,f_f000027
f000027_900055,129.1162417,35.1507449,2023-04-28 16:29,f_f000027
f000027_900055,129.1170032,35.151659,2023-04-28 16:29,f_f000027
f000027_900055,129.1170032,35.151659,2023-04-28 16:30,f_f000027
f000027_900055,129.1170032,35.151659,2023-04-28 16:30,f_f000027
f000027_900055,129.1170032,35.151659,2023-04-28 16:31,f_f000027
f000027_900055,129.1170032,35.151659,2023-04-28 16:31,f_f000027
f000027_900055,129.1170032,35.151659,2023-04-28 16:32,f_f000027
f000027_900055,129.1170032,35.151659,2023-04-28 16:32,f_f000027
f000027_900055,129.1170032,35.151659,2023-04-28 16:33,f_f000027
f000027_900055,129.1170032,35.151659,2023-04-28 16:35,f_f000027
f000027_900055,129.1170032,35.151659,2023-04-28 16:35,f_f000027
f000027_900055,129.1170032,35.151659,2023-04-28 16:36,f_f000027
f000027_900055,129.1170032,35.151659,2023-04-28 16:36,f_f000027
f000027_900055,129.1170032,35.151659,2023-04-28 16:37,f_f000027
f000027_900055,129.1170032,35.151659,2023-04-28 16:37,f_f000027
f000027_900055,129.1170032,35.151659,2023-04-28 16:38,f_f000027
f000027_900055,129.1170032,35.151659,2023-04-28 16:38,f_f000027
f000027_900055,129.1170032,35.151659,2023-04-28 16:39,f_f000027
f000027_900055,129.1170032,35.151659,2023-04-28 16:40,f_f000027
f000027_900055,129.1170032,35.151659,2023-04-28 16:41,f_f000027
f000027_900055,129.1170032,35.151659,2023-04-28 16:42,f_f000027
f000027_900055,129.1170032,35.151659,2023-04-28 16:43,f_f000027
f000027_900055,129.1170032,35.151659,2023-04-28 16:44,f_f000027
f000027_900055,129.1170032,35.151659,2023-04-28 16:45,f_f000027
f000027_900055,129.1170032,35.151659,2023-04-28 16:47,f_f000027
f000027_900055,129.1170032,35.151659,2023-04-28 16:48,f_f000027
f000027_900055,129.1170032,35.151659,2023-04-28 16:49,f_f000027
f000027_900055,129.1170032,35.151659,2023-04-28 16:50,f_f000027
f000027_900055,129.1170032,35.151659,2023-04-28 16:51,f_f000027
f000027_900055,129.1170032,35.151659,2023-04-28 16:52,f_f000027
f000027_900055,129.1170032,35.151659,2023-04-28 16:53,f_f000027
f000027_900055,129.1170032,35.151659,2023-04-28 16:53,f_f000027
f000027_900055,129.1170032,35.151659,2023-04-28 16:55,f_f000027
f000027_900055,129.1170032,35.151659,2023-04-28 16:56,f_f000027
f000027_900055,129.1170032,35.151659,2023-04-28 16:57,f_f000027
f000027_900055,129.1170032,35.151659,2023-04-28 16:58,f_f000027
f000027_900055,129.1170032,35.151659,2023-04-28 16:59,f_f000027
f000027_900055,129.1170032,35.151659,2023-04-28 17:00,f_f000027
f000027_900055,129.1170032,35.151659,2023-04-28 17:00,f_f000027
f000027_900055,129.1170032,35.151659,2023-04-28 17:01,f_f000027
f000027_900055,129.1170032,35.151659,2023-04-28 17:03,f_f000027
f000027_900055,129.1170032,35.151659,2023-04-28 17:04,f_f000027
f000027_900055,129.1170032,35.151659,2023-04-28 17:05,f_f000027
f000027_900055,129.1170032,35.151659,2023-04-28 17:06,f_f000027
f000027_900055,129.1170032,35.151659,2023-04-28 17:08,f_f000027
f000027_900055,129.1170032,35.151659,2023-04-28 17:09,f_f000027
f000027_900055,129.1170032,35.151659,2023-04-28 17:10,f_f000027
f000027_900055,129.1170032,35.151659,2023-04-28 17:11,f_f000027
f000027_900055,129.1170032,35.151659,2023-04-28 17:12,f_f000027
f000027_900055,129.1170032,35.151659,2023-04-28 17:13,f_f000027
f000027_900055,129.1170032,35.151659,2023-04-28 17:14,f_f000027
f000027_900055,129.1170032,35.151659,2023-04-28 17:16,f_f000027
f000027_900055,129.1170032,35.151659,2023-04-28 17:17,f_f000027
f000027_900055,129.1170032,35.151659,2023-04-28 17:18,f_f000027
f000027_900055,129.1170032,35.151659,2023-04-28 17:19,f_f000027
f000027_900055,129.1170032,35.151659,2023-04-28 17:20,f_f000027
f000027_900055,129.1170032,35.151659,2023-04-28 17:21,f_f000027
f000027_900055,129.1170032,35.151659,2023-04-28 17:22,f_f000027
f000027_900055,129.1170032,35.151659,2023-04-28 17:24,f_f000027
f000027_900055,129.1170032,35.151659,2023-04-28 17:25,f_f000027
f000027_900055,129.1170032,35.151659,2023-04-28 17:26,f_f000027
f000027_900055,129.1170032,35.151659,2023-04-28 17:27,f_f000027
f000027_900055,129.1170032,35.151659,2023-04-28 17:28,f_f000027
f000027_900055,129.1170032,35.151659,2023-04-28 17:29,f_f000027
f000027_900055,129.1170032,35.151659,2023-04-28 17:31,f_f000027
f000027_900055,129.1170032,35.151659,2023-04-28 17:32,f_f000027
f000027_900055,129.1170032,35.151659,2023-04-28 17:33,f_f000027
f000027_900055,129.1170032,35.151659,2023-04-28 17:34,f_f000027
f000027_900055,129.1170032,35.151659,2023-04-28 17:35,f_f000027
f000027_900055,129.1170032,35.151659,2023-04-28 17:36,f_f000027
f000027_900055,129.1170032,35.151659,2023-04-28 17:38,f_f000027
f000027_900055,129.1170032,35.151659,2023-04-28 17:39,f_f000027
f000027_900055,129.1170032,35.151659,2023-04-28 17:40,f_f000027
f000027_900055,129.1170032,35.151659,2023-04-28 17:46,f_f000027
f000027_900055,129.1170032,35.151659,2023-04-28 17:46,f_f000027
f000027_900055,129.1170032,35.151659,2023-04-28 17:48,f_f000027
f000027_900055,129.1170032,35.151659,2023-04-28 17:49,f_f000027
f000027_900055,129.1170032,35.151659,2023-04-28 17:51,f_f000027
f000027_900055,129.1170032,35.151659,2023-04-28 17:52,f_f000027
f000027_900055,129.1170032,35.151659,2023-04-28 17:56,f_f000027
f000027_900055,129.1170032,35.151659,2023-04-28 17:58,f_f000027
f000027_900055,129.1170032,35.151659,2023-04-28 17:58,f_f000027
f000027_900055,129.1170032,35.151659,2023-04-28 17:59,f_f000027
f000027_900055,129.1170032,35.151659,2023-04-28 18:01,f_f000027
f000027_900055,129.1170032,35.151659,2023-04-28 18:03,f_f000027
f000027_900055,129.1170032,35.151659,2023-04-28 18:05,f_f000027
f000027_900055,129.1170032,35.151659,2023-04-28 18:06,f_f000027
f000027_900055,129.1170032,35.151659,2023-04-28 18:07,f_f000027
f000027_900055,129.1170032,35.151659,2023-04-28 18:08,f_f000027
f000027_900055,129.1170032,35.151659,2023-04-28 18:09,f_f000027
f000027_900055,129.1170032,35.151659,2023-04-28 18:10,f_f000027
f000027_900055,129.1170032,35.151659,2023-04-28 18:12,f_f000027
f000027_900055,129.1170032,35.151659,2023-04-28 18:13,f_f000027
f000027_900055,129.1170032,35.151659,2023-04-28 18:13,f_f000027
f000027_900055,129.1170032,35.151659,2023-04-28 18:14,f_f000027
f000027_900055,129.1170032,35.151659,2023-04-28 18:16,f_f000027
f000027_900055,129.1170032,35.151659,2023-04-28 18:17,f_f000027
f000027_900055,129.1170032,35.151659,2023-04-28 18:18,f_f000027
f000027_900055,129.1170032,35.151659,2023-04-28 18:19,f_f000027
f000027_900055,129.1170032,35.151659,2023-04-28 18:20,f_f000027
f000027_900055,129.1170032,35.151659,2023-04-28 18:22,f_f000027
f000027_900055,129.1170032,35.151659,2023-04-28 18:23,f_f000027
f000027_900055,129.1170032,35.151659,2023-04-28 18:24,f_f000027
f000027_900055,129.1170032,35.151659,2023-04-28 18:24,f_f000027
f000027_900055,129.1170032,35.151659,2023-04-28 18:26,f_f000027
f000027_900055,129.1170032,35.151659,2023-04-28 18:27,f_f000027
f000027_900055,129.1170032,35.151659,2023-04-28 18:28,f_f000027
f000027_900055,129.1170032,35.151659,2023-04-28 18:29,f_f000027
f000027_900055,129.1170032,35.151659,2023-04-28 18:31,f_f000027
f000027_900055,129.1170032,35.151659,2023-04-28 18:32,f_f000027
f000027_900055,129.1170032,35.151659,2023-04-28 18:32,f_f000027
f000027_900055,129.1170032,35.151659,2023-04-28 18:34,f_f000027
f000027_900055,129.1170032,35.151659,2023-04-28 18:35,f_f000027
f000027_900055,129.1170032,35.151659,2023-04-28 18:37,f_f000027
f000027_900055,129.1170032,35.151659,2023-04-28 18:38,f_f000027
f000027_900055,129.1170032,35.151659,2023-04-28 18:39,f_f000027
f000027_900055,129.1170032,35.151659,2023-04-28 18:41,f_f000027
f000027_900055,129.1170032,35.151659,2023-04-28 18:41,f_f000027
f000027_900055,129.1170032,35.151659,2023-04-28 18:42,f_f000027
f000027_900055,129.1170032,35.151659,2023-04-28 18:43,f_f000027
f000027_900055,129.1170032,35.151659,2023-04-28 18:43,f_f000027
f000027_900055,129.1170032,35.151659,2023-04-28 18:44,f_f000027
f000027_900055,129.1170032,35.151659,2023-04-28 18:44,f_f000027
f000027_900055,129.1170032,35.151659,2023-04-28 18:45,f_f000027
f000027_900055,129.1170032,35.151659,2023-04-28 18:45,f_f000027
f000027_900055,129.1170032,35.151659,2023-04-28 18:46,f_f000027
f000027_900055,129.1170032,35.151659,2023-04-28 18:46,f_f000027
f000027_900055,129.1170032,35.151659,2023-04-28 18:47,f_f000027
f000027_900055,129.1170032,35.151659,2023-04-28 18:48,f_f000027
f000027_900055,129.1170032,35.151659,2023-04-28 18:48,f_f000027
f000027_900055,129.1170032,35.151659,2023-04-28 18:50,f_f000027
f000027_900055,129.1170032,35.151659,2023-04-28 18:51,f_f000027
f000027_900055,129.1170032,35.151659,2023-04-28 18:52,f_f000027
f000027_900055,129.1170032,35.151659,2023-04-28 18:52,f_f000027
f000027_900055,129.1170032,35.151659,2023-04-28 18:53,f_f000027
f000027_900055,129.1170032,35.151659,2023-04-28 18:54,f_f000027
f000027_900055,129.1170032,35.151659,2023-04-28 18:54,f_f000027
f000027_900055,129.1170032,35.151659,2023-04-28 18:55,f_f000027
f000027_900055,129.1170032,35.151659,2023-04-28 18:55,f_f000027
f000027_900055,129.1170032,35.151659,2023-04-28 18:56,f_f000027
f000027_900055,129.1170032,35.151659,2023-04-28 18:56,f_f000027
f000027_900055,129.117248,35.1519479,2023-04-28 18:57,f_f000027
f000027_900055,129.117248,35.1519479,2023-04-28 18:59,f_f000027
f000027_900055,129.117248,35.1519479,2023-04-28 19:00,f_f000027
f000027_900055,129.117373,35.1523829,2023-04-28 19:01,f_f000027
f000027_900055,129.1175328,35.1528187,2023-04-28 19:02,f_f000027
f000027_900055,129.1178876,35.1528876,2023-04-28 19:03,f_f000027
f000027_900055,129.1178876,35.1528876,2023-04-28 19:04,f_f000027
f000027_900055,129.1178876,35.1528876,2023-04-28 19:06,f_f000027
f000027_900055,129.1178876,35.1528876,2023-04-28 19:07,f_f000027
f000027_900055,129.1190982,35.1540299,2023-04-28 19:08,f_f000027
f000027_900055,129.1190982,35.1540299,2023-04-28 19:09,f_f000027
f000027_900055,129.119781,35.1542373,2023-04-28 19:10,f_f000027
f000027_900055,129.1209212,35.1547087,2023-04-28 19:11,f_f000027
f000027_900055,129.1209212,35.1547087,2023-04-28 19:12,f_f000027
f000027_900055,129.1209212,35.1547087,2023-04-28 19:14,f_f000027
f000027_900055,129.1209212,35.1547087,2023-04-28 19:15,f_f000027
f000027_900055,129.1209212,35.1547087,2023-04-28 19:16,f_f000027
f000027_900055,129.1209212,35.1547087,2023-04-28 19:17,f_f000027
f000027_900055,129.1209212,35.1547087,2023-04-28 19:18,f_f000027
f000027_900055,129.1209212,35.1547087,2023-04-28 19:19,f_f000027
f000027_900055,129.1209212,35.1547087,2023-04-28 19:20,f_f000027
f000027_900055,129.1209212,35.1547087,2023-04-28 19:21,f_f000027
f000027_900055,129.1209212,35.1547087,2023-04-28 19:21,f_f000027
f000027_900055,129.1209212,35.1547087,2023-04-28 19:23,f_f000027
f000027_900055,129.1209212,35.1547087,2023-04-28 19:24,f_f000027
f000027_900055,129.1209212,35.1547087,2023-04-28 19:25,f_f000027
f000027_900055,129.1209212,35.1547087,2023-04-28 19:26,f_f000027
f000027_900055,129.1209212,35.1547087,2023-04-28 19:27,f_f000027
f000027_900055,129.1209212,35.1547087,2023-04-28 19:28,f_f000027
f000027_900055,129.1209212,35.1547087,2023-04-28 19:29,f_f000027
f000027_900055,129.1209212,35.1547087,2023-04-28 19:31,f_f000027
f000027_900055,129.1215126,35.1548046,2023-04-28 19:32,f_f000027
f000027_900055,129.123345,35.1557219,2023-04-28 19:33,f_f000027
f000027_900055,129.123345,35.1557219,2023-04-28 19:34,f_f000027
f000027_900055,129.123345,35.1557219,2023-04-28 19:35,f_f000027
f000027_900055,129.1237679,35.1556073,2023-04-28 19:36,f_f000027
f000027_900055,129.1237679,35.1556073,2023-04-28 19:37,f_f000027
f000027_900055,129.1237679,35.1556073,2023-04-28 19:38,f_f000027
f000027_900055,129.1237679,35.1556073,2023-04-28 19:39,f_f000027
f000027_900055,129.1237679,35.1556073,2023-04-28 19:39,f_f000027
f000027_900055,129.1237679,35.1556073,2023-04-28 19:40,f_f000027
f000027_900055,129.1237679,35.1556073,2023-04-28 19:40,f_f000027
f000027_900055,129.1237679,35.1556073,2023-04-28 19:40,f_f000027
f000027_900055,129.1237679,35.1556073,2023-04-28 19:41,f_f000027
f000027_900055,129.1237679,35.1556073,2023-04-28 19:41,f_f000027
f000027_900055,129.1257781,35.1563085,2023-04-28 19:42,f_f000027
f000027_900055,129.1276518,35.1570257,2023-04-28 19:42,f_f000027
f000027_900055,129.1276518,35.1570257,2023-04-28 19:43,f_f000027
f000027_900055,129.1287151,35.1579333,2023-04-28 19:43,f_f000027
f000027_900055,129.1283589,35.1596854,2023-04-28 19:44,f_f000027
f000027_900055,129.131301,35.1613828,2023-04-28 19:44,f_f000027
f000027_900055,129.131301,35.1613828,2023-04-28 19:45,f_f000027
f000027_900055,129.131301,35.1613828,2023-04-28 19:45,f_f000027
f000027_900055,129.131301,35.1613828,2023-04-28 19:46,f_f000027
f000027_900055,129.131301,35.1613828,2023-04-28 19:46,f_f000027
f000027_900055,129.131301,35.1613828,2023-04-28 19:46,f_f000027
f000027_900055,129.131301,35.1613828,2023-04-28 19:47,f_f000027
f000027_900055,129.131301,35.1613828,2023-04-28 19:47,f_f000027
f000027_900055,129.131301,35.1613828,2023-04-28 19:48,f_f000027
f000027_900055,129.1325836,35.1635224,2023-04-28 19:48,f_f000027
f000027_900055,129.1314482,35.1643378,2023-04-28 19:49,f_f000027
f000027_900055,129.1304622,35.1656167,2023-04-28 19:49,f_f000027
f000027_900055,129.1299629,35.1663715,2023-04-28 19:50,f_f000027
f000027_900055,129.1294013,35.1670994,2023-04-28 19:50,f_f000027
f000027_900055,129.1294013,35.1670994,2023-04-28 19:51,f_f000027
f000027_900055,129.1276496,35.1692582,2023-04-28 19:51,f_f000027
f000027_900055,129.125479,35.1718083,2023-04-28 19:51,f_f000027
f000027_900055,129.1232007,35.1747011,2023-04-28 19:52,f_f000027
f000027_900055,129.121048,35.1778548,2023-04-28 19:52,f_f000027
f000027_900055,129.1198333,35.1805892,2023-04-28 19:53,f_f000027
f000027_900055,129.1178506,35.1857702,2023-04-28 19:54,f_f000027
f000027_900055,129.1176493,35.1861762,2023-04-28 19:54,f_f000027
f000027_900055,129.1163957,35.1890293,2023-04-28 19:54,f_f000027
f000027_900055,129.1151383,35.1936957,2023-04-28 19:55,f_f000027
f000027_900055,129.1155539,35.1978269,2023-04-28 19:55,f_f000027
f000027_900055,129.1169631,35.2006994,2023-04-28 19:56,f_f000027
f000027_900055,129.1195956,35.2044287,2023-04-28 19:56,f_f000027
f000027_900055,129.1212785,35.2078664,2023-04-28 19:57,f_f000027
f000027_900055,129.1215015,35.2113989,2023-04-28 19:57,f_f000027
f000027_900055,129.1210889,35.2125744,2023-04-28 19:58,f_f000027
f000027_900055,129.1210889,35.2125744,2023-04-28 19:58,f_f000027
f000027_900055,129.1206973,35.2137505,2023-04-28 19:59,f_f000027
f000027_900055,129.1192489,35.2178273,2023-04-28 19:59,f_f000027
f000027_900055,129.1176974,35.2223295,2023-04-28 19:59,f_f000027
f000027_900055,129.1178733,35.2276581,2023-04-28 20:00,f_f000027
f000027_900055,129.116596,35.2322669,2023-04-28 20:00,f_f000027
f000027_900055,129.1141678,35.2362171,2023-04-28 20:01,f_f000027
f000027_900055,129.1104728,35.2399763,2023-04-28 20:01,f_f000027
f000027_900055,129.1082069,35.2468976,2023-04-28 20:02,f_f000027
f000027_900055,129.1039757,35.2488962,2023-04-28 20:02,f_f000027
f000027_900055,129.0992304,35.2495527,2023-04-28 20:03,f_f000027
f000027_900055,129.1001991,35.253645,2023-04-28 20:03,f_f000027
f000027_900055,129.1024833,35.2590275,2023-04-28 20:04,f_f000027
f000027_900055,129.1060739,35.2651372,2023-04-28 20:04,f_f000027
f000027_900055,129.1083901,35.2713817,2023-04-28 20:05,f_f000027
f000027_900055,129.1073086,35.2778413,2023-04-28 20:05,f_f000027
f000027_900055,129.1038525,35.2838821,2023-04-28 20:06,f_f000027
f000027_900055,129.0979696,35.2885075,2023-04-28 20:06,f_f000027
f000027_900055,129.0912019,35.2918462,2023-04-28 20:07,f_f000027
f000027_900055,129.0855026,35.2967064,2023-04-28 20:07,f_f000027
f000027_900055,129.0802312,35.3016845,2023-04-28 20:07,f_f000027
f000027_900055,129.0748687,35.3068296,2023-04-28 20:08,f_f000027
f000027_900055,129.0692101,35.3121377,2023-04-28 20:08,f_f000027
f000027_900055,129.063036,35.3171539,2023-04-28 20:09,f_f000027
f000027_900055,129.0570056,35.3218987,2023-04-28 20:09,f_f000027
f000027_900055,129.0496355,35.3254547,2023-04-28 20:10,f_f000027
f000027_900055,129.0448992,35.3283886,2023-04-28 20:10,f_f000027
f000027_900055,129.0389161,35.3308974,2023-04-28 20:11,f_f000027
f000027_900055,129.0332844,35.3302825,2023-04-28 20:11,f_f000027
f000027_900055,129.0284286,35.3275375,2023-04-28 20:12,f_f000027
f000027_900055,129.0249385,35.3258443,2023-04-28 20:12,f_f000027
f000027_900055,129.0278834,35.3235735,2023-04-28 20:13,f_f000027
f000027_900055,129.0298232,35.3212101,2023-04-28 20:13,f_f000027
f000027_900055,129.0291125,35.3183897,2023-04-28 20:13,f_f000027
f000027_900055,129.0279206,35.3137502,2023-04-28 20:14,f_f000027
f000027_900055,129.0273804,35.3098764,2023-04-28 20:15,f_f000027
f000027_900055,129.0256001,35.3083716,2023-04-28 20:15,f_f000027
f000027_900055,129.0245901,35.3084111,2023-04-28 20:15,f_f000027
f000027_900055,129.0245901,35.3084111,2023-04-28 20:16,f_f000027
f000027_900055,129.0222894,35.3085713,2023-04-28 20:16,f_f000027
f000027_900055,129.0200623,35.3090719,2023-04-28 20:17,f_f000027
f000027_900055,129.0206428,35.3133146,2023-04-28 20:17,f_f000027
f000027_900055,129.0206428,35.3133146,2023-04-28 20:18,f_f000027
f000027_900055,129.0206428,35.3133146,2023-04-28 20:18,f_f000027
f000027_900055,129.0206428,35.3133146,2023-04-28 20:20,f_f000027
f000027_900055,129.0206428,35.3133146,2023-04-28 20:21,f_f000027
f000027_900055,129.0206428,35.3133146,2023-04-28 20:22,f_f000027
f000027_900055,129.0206428,35.3133146,2023-04-28 20:24,f_f000027
f000027_900055,129.0206428,35.3133146,2023-04-28 20:25,f_f000027
f000027_900055,129.0206428,35.3133146,2023-04-28 20:26,f_f000027
f000027_900055,129.0206428,35.3133146,2023-04-28 20:27,f_f000027
f000027_900055,129.0206428,35.3133146,2023-04-28 20:28,f_f000027
f000027_900055,129.0206428,35.3133146,2023-04-28 20:29,f_f000027
f000027_900055,129.0206428,35.3133146,2023-04-28 20:30,f_f000027
f000027_900055,129.0206428,35.3133146,2023-04-28 20:31,f_f000027
f000027_900055,129.0206428,35.3133146,2023-04-28 20:32,f_f000027
f000027_900055,129.0206428,35.3133146,2023-04-28 20:33,f_f000027
f000027_900055,129.0206428,35.3133146,2023-04-28 20:35,f_f000027
f000027_900055,129.0206428,35.3133146,2023-04-28 20:35,f_f000027
f000027_900055,129.0206428,35.3133146,2023-04-28 20:36,f_f000027
f000027_900055,129.0206428,35.3133146,2023-04-28 20:37,f_f000027
f000027_900055,129.0206428,35.3133146,2023-04-28 20:38,f_f000027
f000027_900055,129.0206428,35.3133146,2023-04-28 20:40,f_f000027
f000027_900055,129.0206428,35.3133146,2023-04-28 20:41,f_f000027
f000027_900055,129.0206428,35.3133146,2023-04-28 20:42,f_f000027
f000027_900055,129.0206428,35.3133146,2023-04-28 20:43,f_f000027
f000027_900055,129.0206428,35.3133146,2023-04-28 20:44,f_f000027
f000027_900055,129.0206428,35.3133146,2023-04-28 20:45,f_f000027
f000027_900055,129.0206428,35.3133146,2023-04-28 20:46,f_f000027
f000027_900055,129.0206428,35.3133146,2023-04-28 20:47,f_f000027
f000027_900055,129.0206428,35.3133146,2023-04-28 20:48,f_f000027
f000027_900055,129.0206428,35.3133146,2023-04-28 20:49,f_f000027
f000027_900055,129.0206428,35.3133146,2023-04-28 20:50,f_f000027
f000027_900055,129.0206428,35.3133146,2023-04-28 20:51,f_f000027
f000027_900055,129.0206428,35.3133146,2023-04-28 20:52,f_f000027
f000027_900055,129.0206428,35.3133146,2023-04-28 20:54,f_f000027
f000027_900055,129.0206428,35.3133146,2023-04-28 20:54,f_f000027
f000027_900055,129.0206428,35.3133146,2023-04-28 20:55,f_f000027
f000027_900055,129.0206428,35.3133146,2023-04-28 20:56,f_f000027
f000027_900055,129.0206428,35.3133146,2023-04-28 20:57,f_f000027
f000027_900055,129.0206428,35.3133146,2023-04-28 20:57,f_f000027
f000027_900055,129.0206428,35.3133146,2023-04-28 20:59,f_f000027
f000027_900055,129.0206428,35.3133146,2023-04-28 20:59,f_f000027
f000027_900055,129.0206428,35.3133146,2023-04-28 21:00,f_f000027
f000027_900055,129.0206428,35.3133146,2023-04-28 21:02,f_f000027
f000027_900055,129.0206428,35.3133146,2023-04-28 21:03,f_f000027
f000027_900055,129.0206428,35.3133146,2023-04-28 21:04,f_f000027
f000027_900055,129.0206428,35.3133146,2023-04-28 21:06,f_f000027
f000027_900055,129.0206428,35.3133146,2023-04-28 21:08,f_f000027
f000027_900055,129.0206428,35.3133146,2023-04-28 21:13,f_f000027
f000027_900055,129.0206428,35.3133146,2023-04-28 21:17,f_f000027
f000027_900055,129.0206428,35.3133146,2023-04-28 21:19,f_f000027
f000027_900055,129.0206428,35.3133146,2023-04-28 21:21,f_f000027
f000027_900055,129.0206428,35.3133146,2023-04-28 21:22,f_f000027
f000027_900055,129.0206428,35.3133146,2023-04-28 21:29,f_f000027
f000027_900055,129.0206428,35.3133146,2023-04-28 21:30,f_f000027
f000027_900055,129.0206428,35.3133146,2023-04-28 21:31,f_f000027
f000027_900055,129.0206428,35.3133146,2023-04-28 21:32,f_f000027
f000027_900055,129.0206428,35.3133146,2023-04-28 21:34,f_f000027
f000027_900055,129.0206428,35.3133146,2023-04-28 21:36,f_f000027
f000027_900055,129.0206428,35.3133146,2023-04-28 21:39,f_f000027
f000027_900055,129.0206428,35.3133146,2023-04-28 21:42,f_f000027
f000027_900055,129.0206428,35.3133146,2023-04-28 21:44,f_f000027
f000027_900055,129.0206428,35.3133146,2023-04-28 21:46,f_f000027
f000027_900055,129.0206428,35.3133146,2023-04-28 21:47,f_f000027
f000027_900055,129.0206428,35.3133146,2023-04-28 21:48,f_f000027
f000027_900055,129.0206428,35.3133146,2023-04-28 21:50,f_f000027
f000027_900055,129.0206428,35.3133146,2023-04-28 21:51,f_f000027
f000027_900055,129.0206428,35.3133146,2023-04-28 21:56,f_f000027
f000027_900055,129.0206428,35.3133146,2023-04-28 21:58,f_f000027
f000027_900055,129.0206428,35.3133146,2023-04-28 22:00,f_f000027
f000027_900055,129.0206428,35.3133146,2023-04-28 22:02,f_f000027
f000027_900055,129.0206428,35.3133146,2023-04-28 22:03,f_f000027
f000027_900055,129.0206428,35.3133146,2023-04-28 22:05,f_f000027
f000027_900055,129.0206428,35.3133146,2023-04-28 22:07,f_f000027
f000027_900055,129.0206428,35.3133146,2023-04-28 22:14,f_f000027
f000027_900055,129.0206428,35.3133146,2023-04-28 22:15,f_f000027
f000027_900055,129.0206428,35.3133146,2023-04-28 22:17,f_f000027
f000027_900055,129.0206428,35.3133146,2023-04-28 22:17,f_f000027
f000027_900055,129.0206428,35.3133146,2023-04-28 22:18,f_f000027
f000027_900055,129.0206428,35.3133146,2023-04-28 22:19,f_f000027
f000027_900055,129.0206428,35.3133146,2023-04-28 22:21,f_f000027
f000027_900055,129.0206428,35.3133146,2023-04-28 22:22,f_f000027
f000027_900055,129.0206428,35.3133146,2023-04-28 22:23,f_f000027
f000027_900055,129.0206428,35.3133146,2023-04-28 22:24,f_f000027
f000027_900055,129.0206428,35.3133146,2023-04-28 22:25,f_f000027
f000027_900055,129.0206428,35.3133146,2023-04-28 22:26,f_f000027
f000027_900055,129.0206428,35.3133146,2023-04-28 22:28,f_f000027
f000027_900055,129.0206428,35.3133146,2023-04-28 22:30,f_f000027
f000027_900055,129.0206428,35.3133146,2023-04-28 22:31,f_f000027
f000027_900055,129.0206428,35.3133146,2023-04-28 22:31,f_f000027
f000027_900055,129.0206428,35.3133146,2023-04-28 22:32,f_f000027
f000027_900055,129.0206428,35.3133146,2023-04-28 22:32,f_f000027
f000027_900055,129.0206428,35.3133146,2023-04-28 22:34,f_f000027
f000027_900055,129.0206428,35.3133146,2023-04-28 22:35,f_f000027
f000027_900055,129.0206428,35.3133146,2023-04-28 22:35,f_f000027
f000027_900055,129.0206428,35.3133146,2023-04-28 22:36,f_f000027
f000027_900055,129.0206428,35.3133146,2023-04-28 22:36,f_f000027
f000027_900055,129.0206428,35.3133146,2023-04-28 22:37,f_f000027
f000027_900055,129.0206428,35.3133146,2023-04-28 22:38,f_f000027
f000027_900055,129.0206428,35.3133146,2023-04-28 22:40,f_f000027
f000027_900055,129.0206428,35.3133146,2023-04-28 22:41,f_f000027
f000027_900055,129.0206428,35.3133146,2023-04-28 22:42,f_f000027
f000027_900055,129.0206428,35.3133146,2023-04-28 22:43,f_f000027
f000027_900055,129.0206428,35.3133146,2023-04-28 22:44,f_f000027
f000027_900055,129.0206428,35.3133146,2023-04-28 22:48,f_f000027
f000027_900055,129.0206428,35.3133146,2023-04-28 22:48,f_f000027
f000027_900055,129.0206428,35.3133146,2023-04-28 22:51,f_f000027
f000027_900055,129.0206428,35.3133146,2023-04-28 22:53,f_f000027
f000027_900055,129.0206428,35.3133146,2023-04-28 22:54,f_f000027
f000027_900055,129.0206428,35.3133146,2023-04-28 22:55,f_f000027
f000027_900055,129.0206428,35.3133146,2023-04-28 22:57,f_f000027
f000027_900055,129.0209536,35.315252,2023-04-28 22:59,f_f000027
f000027_900055,129.0209536,35.315252,2023-04-28 23:01,f_f000027
f000027_900055,129.0209536,35.315252,2023-04-28 23:02,f_f000027
f000027_900055,129.0209536,35.315252,2023-04-28 23:04,f_f000027
f000027_900055,129.0209536,35.315252,2023-04-28 23:06,f_f000027
f000027_900055,129.0209536,35.315252,2023-04-28 23:07,f_f000027
f000027_900055,129.0209536,35.315252,2023-04-28 23:08,f_f000027
f000027_900055,129.0209536,35.315252,2023-04-28 23:09,f_f000027
f000027_900055,129.0209536,35.315252,2023-04-28 23:09,f_f000027
f000027_900055,129.0209536,35.315252,2023-04-28 23:10,f_f000027
f000027_900055,129.0209536,35.315252,2023-04-28 23:10,f_f000027
f000027_900055,129.0209536,35.315252,2023-04-28 23:11,f_f000027
f000027_900055,129.0209536,35.315252,2023-04-28 23:13,f_f000027
f000027_900055,129.0209536,35.315252,2023-04-28 23:13,f_f000027
f000027_900055,129.0209536,35.315252,2023-04-28 23:14,f_f000027
f000027_900055,129.0209536,35.315252,2023-04-28 23:15,f_f000027
f000027_900055,129.0209536,35.315252,2023-04-28 23:24,f_f000027
f000027_900055,129.0209536,35.315252,2023-04-28 23:24,f_f000027
f000027_900055,129.0209536,35.315252,2023-04-28 23:25,f_f000027
f000027_900055,129.0209536,35.315252,2023-04-28 23:25,f_f000027
f000027_900055,129.0209536,35.315252,2023-04-28 23:26,f_f000027
f000027_900055,129.0209536,35.315252,2023-04-28 23:27,f_f000027
f000027_900055,129.0209536,35.315252,2023-04-28 23:35,f_f000027
f000027_900055,129.0209536,35.315252,2023-04-28 23:37,f_f000027
f000027_900055,129.0209536,35.315252,2023-04-28 23:39,f_f000027
f000027_900055,129.0209536,35.315252,2023-04-28 23:40,f_f000027
f000027_900055,129.0209536,35.315252,2023-04-28 23:42,f_f000027
f000027_900055,129.0209536,35.315252,2023-04-28 23:46,f_f000027
f000027_900055,129.0209536,35.315252,2023-04-28 23:48,f_f000027
f000027_900055,129.0209536,35.315252,2023-04-28 23:50,f_f000027
f000027_900055,129.0209536,35.315252,2023-04-28 23:51,f_f000027
f000027_900055,129.0209536,35.315252,2023-04-28 23:53,f_f000027
f000027_900055,129.0209536,35.315252,2023-04-28 23:55,f_f000027
f000027_900055,129.0209536,35.315252,2023-04-28 23:56,f_f000027
f000027_900055,129.0209536,35.315252,2023-04-28 23:59,f_f000027
f000027_900055,129.0209536,35.315252,2023-04-29 00:02,f_f000027
f000027_900055,129.0211154,35.3157316,2023-04-29 00:04,f_f000027
f000027_900055,129.0211154,35.3157316,2023-04-29 00:05,f_f000027
f000027_900055,129.0211154,35.3157316,2023-04-29 00:07,f_f000027
f000027_900055,129.0211154,35.3157316,2023-04-29 00:09,f_f000027
f000027_900055,129.0211154,35.3157316,2023-04-29 00:11,f_f000027
f000027_900055,129.0211154,35.3157316,2023-04-29 00:12,f_f000027
f000027_900055,129.0211154,35.3157316,2023-04-29 00:15,f_f000027
f000027_900055,129.0211154,35.3157316,2023-04-29 00:17,f_f000027
f000027_900055,129.0211154,35.3157316,2023-04-29 00:19,f_f000027
f000027_900055,129.0211154,35.3157316,2023-04-29 00:21,f_f000027
f000027_900055,129.0211154,35.3157316,2023-04-29 00:22,f_f000027
f000027_900055,129.0211154,35.3157316,2023-04-29 00:24,f_f000027
f000027_900055,129.0211154,35.3157316,2023-04-29 00:26,f_f000027
f000027_900055,129.0211154,35.3157316,2023-04-29 00:28,f_f000027
f000027_900055,129.0211154,35.3157316,2023-04-29 00:35,f_f000027
f000027_900055,129.0211154,35.3157316,2023-04-29 00:36,f_f000027
f000027_900055,129.0211154,35.3157316,2023-04-29 00:38,f_f000027
f000027_900055,129.0211154,35.3157316,2023-04-29 00:40,f_f000027
f000027_900055,129.0211154,35.3157316,2023-04-29 00:41,f_f000027
f000027_900055,129.0211154,35.3157316,2023-04-29 00:43,f_f000027
f000027_900055,129.0211154,35.3157316,2023-04-29 00:44,f_f000027
f000027_900055,129.0211154,35.3157316,2023-04-29 00:48,f_f000027
f000027_900055,129.0211154,35.3157316,2023-04-29 00:51,f_f000027
f000027_900055,129.0211154,35.3157316,2023-04-29 00:53,f_f000027
f000027_900055,129.0211154,35.3157316,2023-04-29 00:54,f_f000027
f000027_900055,129.0211154,35.3157316,2023-04-29 00:56,f_f000027
f000027_900055,129.0211154,35.3157316,2023-04-29 00:58,f_f000027
f000027_900055,129.0211154,35.3157316,2023-04-29 01:00,f_f000027
f000027_900055,129.0211154,35.3157316,2023-04-29 01:01,f_f000027
f000027_900055,129.0211154,35.3157316,2023-04-29 01:03,f_f000027
f000027_900055,129.0211154,35.3157316,2023-04-29 01:05,f_f000027
f000027_900055,129.0211154,35.3157316,2023-04-29 01:07,f_f000027
f000027_900055,129.0211154,35.3157316,2023-04-29 01:08,f_f000027
f000027_900055,129.0211154,35.3157316,2023-04-29 01:10,f_f000027
f000027_900055,129.0211154,35.3157316,2023-04-29 01:12,f_f000027
f000027_900055,129.0211154,35.3157316,2023-04-29 01:14,f_f000027
f000027_900055,129.0211154,35.3157316,2023-04-29 01:15,f_f000027
f000027_900055,129.0211154,35.3157316,2023-04-29 01:17,f_f000027
f000027_900055,129.0211154,35.3157316,2023-04-29 01:19,f_f000027
f000027_900055,129.0211154,35.3157316,2023-04-29 01:21,f_f000027
f000027_900055,129.0211154,35.3157316,2023-04-29 01:22,f_f000027
f000027_900055,129.0211154,35.3157316,2023-04-29 01:24,f_f000027
f000027_900055,129.0211154,35.3157316,2023-04-29 01:26,f_f000027
f000027_900055,129.0211154,35.3157316,2023-04-29 01:27,f_f000027
f000027_900055,129.0211154,35.3157316,2023-04-29 01:29,f_f000027
f000027_900055,129.0211154,35.3157316,2023-04-29 01:30,f_f000027
f000027_900055,129.0211154,35.3157316,2023-04-29 01:32,f_f000027
f000027_900055,129.0211154,35.3157316,2023-04-29 01:33,f_f000027
f000027_900055,129.0211154,35.3157316,2023-04-29 01:35,f_f000027
f000027_900055,129.0211154,35.3157316,2023-04-29 01:37,f_f000027
f000027_900055,129.0211154,35.3157316,2023-04-29 01:38,f_f000027
f000027_900055,129.0211154,35.3157316,2023-04-29 01:40,f_f000027
f000027_900055,129.0211154,35.3157316,2023-04-29 01:42,f_f000027
f000027_900055,129.0211154,35.3157316,2023-04-29 01:44,f_f000027
f000027_900055,129.0211154,35.3157316,2023-04-29 01:45,f_f000027
f000027_900055,129.0211154,35.3157316,2023-04-29 01:47,f_f000027
f000027_900055,129.0211154,35.3157316,2023-04-29 01:49,f_f000027
f000027_900055,129.0211154,35.3157316,2023-04-29 01:58,f_f000027
f000027_900055,129.0211154,35.3157316,2023-04-29 01:59,f_f000027
f000027_900055,129.0211154,35.3157316,2023-04-29 02:12,f_f000027
f000027_900055,129.0211154,35.3157316,2023-04-29 02:27,f_f000027
f000027_900055,129.0211154,35.3157316,2023-04-29 02:37,f_f000027
f000027_900055,129.0211154,35.3157316,2023-04-29 02:54,f_f000027
f000027_900055,129.0211154,35.3157316,2023-04-29 02:58,f_f000027
f000027_900055,129.0211154,35.3157316,2023-04-29 02:58,f_f000027
f000027_900055,129.0211154,35.3157316,2023-04-29 03:11,f_f000027
f000027_900055,129.0211154,35.3157316,2023-04-29 03:23,f_f000027
f000027_900055,129.0211154,35.3157316,2023-04-29 03:38,f_f000027
f000027_900055,129.0211154,35.3157316,2023-04-29 03:53,f_f000027
f000027_900055,129.0211154,35.3157316,2023-04-29 04:08,f_f000027
f000027_900055,129.0211154,35.3157316,2023-04-29 04:20,f_f000027
f000027_900055,129.0211154,35.3157316,2023-04-29 04:35,f_f000027
f000027_900055,129.0211154,35.3157316,2023-04-29 04:36,f_f000027
f000027_900055,129.0211154,35.3157316,2023-04-29 04:38,f_f000027
f000027_900055,129.0211154,35.3157316,2023-04-29 04:40,f_f000027
f000027_900055,129.0211154,35.3157316,2023-04-29 04:42,f_f000027
f000027_900055,129.0211154,35.3157316,2023-04-29 04:43,f_f000027
f000027_900055,129.0211154,35.3157316,2023-04-29 04:45,f_f000027
f000027_900055,129.0211154,35.3157316,2023-04-29 04:47,f_f000027
f000027_900055,129.0211154,35.3157316,2023-04-29 04:48,f_f000027
f000027_900055,129.0211154,35.3157316,2023-04-29 04:50,f_f000027
f000027_900055,129.0211154,35.3157316,2023-04-29 04:52,f_f000027
f000027_900055,129.0211154,35.3157316,2023-04-29 04:54,f_f000027
f000027_900055,129.0211154,35.3157316,2023-04-29 04:55,f_f000027
f000027_900055,129.0211154,35.3157316,2023-04-29 04:57,f_f000027
f000027_900055,129.0211154,35.3157316,2023-04-29 04:59,f_f000027
f000027_900055,129.0211154,35.3157316,2023-04-29 05:00,f_f000027
f000027_900055,129.0211154,35.3157316,2023-04-29 05:02,f_f000027
f000027_900055,129.0211154,35.3157316,2023-04-29 05:04,f_f000027
f000027_900055,129.0211154,35.3157316,2023-04-29 05:06,f_f000027
f000027_900055,129.0211154,35.3157316,2023-04-29 05:07,f_f000027
f000027_900055,129.0211154,35.3157316,2023-04-29 05:09,f_f000027
f000027_900055,129.0211154,35.3157316,2023-04-29 05:11,f_f000027
f000027_900055,129.0211154,35.3157316,2023-04-29 05:13,f_f000027
f000027_900055,129.0211154,35.3157316,2023-04-29 05:14,f_f000027
f000027_900055,129.0211154,35.3157316,2023-04-29 05:16,f_f000027
f000027_900055,129.0211154,35.3157316,2023-04-29 05:18,f_f000027
f000027_900055,129.0211154,35.3157316,2023-04-29 05:20,f_f000027
f000027_900055,129.0211154,35.3157316,2023-04-29 05:21,f_f000027
f000027_900055,129.0211154,35.3157316,2023-04-29 05:23,f_f000027
f000027_900055,129.0211154,35.3157316,2023-04-29 05:25,f_f000027
f000027_900055,129.0211154,35.3157316,2023-04-29 05:27,f_f000027
f000027_900055,129.0211154,35.3157316,2023-04-29 05:28,f_f000027
f000027_900055,129.0211154,35.3157316,2023-04-29 05:30,f_f000027
f000027_900055,129.0211154,35.3157316,2023-04-29 05:37,f_f000027
f000027_900055,129.0211154,35.3157316,2023-04-29 06:37,f_f000027
f000027_900055,129.0211154,35.3157316,2023-04-29 06:42,f_f000027
f000027_900055,129.0211154,35.3157316,2023-04-29 06:55,f_f000027
f000027_900055,129.0211154,35.3157316,2023-04-29 07:14,f_f000027
f000027_900055,129.0211154,35.3157316,2023-04-29 07:26,f_f000027
f000027_900055,129.0211154,35.3157316,2023-04-29 07:43,f_f000027
f000027_900055,129.0211154,35.3157316,2023-04-29 07:56,f_f000027
f000027_900055,129.0211154,35.3157316,2023-04-29 08:08,f_f000027
f000027_900055,129.0211154,35.3157316,2023-04-29 08:13,f_f000027
f000027_900055,129.0213251,35.3159444,2023-04-29 08:14,f_f000027
f000027_900055,129.0214988,35.3156879,2023-04-29 08:15,f_f000027
f000027_900055,129.0214988,35.3156879,2023-04-29 08:16,f_f000027
f000027_900055,129.0214988,35.3156879,2023-04-29 08:17,f_f000027
f000027_900055,129.0214988,35.3156879,2023-04-29 08:18,f_f000027
f000027_900055,129.0214988,35.3156879,2023-04-29 08:20,f_f000027
f000027_900055,129.0214988,35.3156879,2023-04-29 08:28,f_f000027
f000027_900055,129.0214988,35.3156879,2023-04-29 08:29,f_f000027
f000027_900055,129.0214988,35.3156879,2023-04-29 08:31,f_f000027
f000027_900055,129.0214988,35.3156879,2023-04-29 08:33,f_f000027
f000027_900055,129.0214988,35.3156879,2023-04-29 08:35,f_f000027
f000027_900055,129.0214988,35.3156879,2023-04-29 08:36,f_f000027
f000027_900055,129.0214988,35.3156879,2023-04-29 08:38,f_f000027
f000027_900055,129.0214988,35.3156879,2023-04-29 08:40,f_f000027
f000027_900055,129.0214988,35.3156879,2023-04-29 08:42,f_f000027
f000027_900055,129.0214988,35.3156879,2023-04-29 08:43,f_f000027
f000027_900055,129.0214988,35.3156879,2023-04-29 08:45,f_f000027
f000027_900055,129.0214988,35.3156879,2023-04-29 08:47,f_f000027
f000027_900055,129.0214988,35.3156879,2023-04-29 08:48,f_f000027
f000027_900055,129.0214988,35.3156879,2023-04-29 08:50,f_f000027
f000027_900055,129.0214988,35.3156879,2023-04-29 08:59,f_f000027
f000027_900055,129.0214988,35.3156879,2023-04-29 09:00,f_f000027
f000027_900055,129.0214988,35.3156879,2023-04-29 09:02,f_f000027
f000027_900055,129.0214988,35.3156879,2023-04-29 09:04,f_f000027
f000027_900055,129.0214988,35.3156879,2023-04-29 09:06,f_f000027
f000027_900055,129.0214988,35.3156879,2023-04-29 09:22,f_f000027
f000027_900055,129.0214988,35.3156879,2023-04-29 09:22,f_f000027
f000027_900055,129.0214988,35.3156879,2023-04-29 09:23,f_f000027
f000027_900055,129.0214988,35.3156879,2023-04-29 09:25,f_f000027
f000027_900055,129.0214988,35.3156879,2023-04-29 09:28,f_f000027
f000027_900055,129.0214988,35.3156879,2023-04-29 09:28,f_f000027
f000027_900055,129.0214988,35.3156879,2023-04-29 09:30,f_f000027
f000027_900055,129.0214988,35.3156879,2023-04-29 09:32,f_f000027
f000027_900055,129.0214988,35.3156879,2023-04-29 09:34,f_f000027
f000027_900055,129.0214988,35.3156879,2023-04-29 09:36,f_f000027
f000027_900055,129.0214988,35.3156879,2023-04-29 09:42,f_f000027
f000027_900055,129.021859,35.3164685,2023-04-29 09:44,f_f000027
f000027_900055,129.0221665,35.3269495,2023-04-29 09:46,f_f000027
f000027_900055,129.0256899,35.3294485,2023-04-29 09:47,f_f000027
f000027_900055,129.0280803,35.3291715,2023-04-29 09:48,f_f000027
f000027_900055,129.0337863,35.3284194,2023-04-29 09:49,f_f000027
f000027_900055,129.0337863,35.3284194,2023-04-29 09:50,f_f000027
f000027_900055,129.0337863,35.3284194,2023-04-29 09:50,f_f000027
f000027_900055,129.0337863,35.3284194,2023-04-29 09:52,f_f000027
f000027_900055,129.0337863,35.3284194,2023-04-29 09:54,f_f000027
f000027_900055,129.0337863,35.3284194,2023-04-29 09:54,f_f000027
f000027_900055,129.0337863,35.3284194,2023-04-29 09:56,f_f000027
f000027_900055,129.0337863,35.3284194,2023-04-29 09:56,f_f000027
f000027_900055,129.0337863,35.3284194,2023-04-29 09:58,f_f000027
f000027_900055,129.0337863,35.3284194,2023-04-29 09:59,f_f000027
f000027_900055,129.0337863,35.3284194,2023-04-29 09:59,f_f000027
f000027_900055,129.0337863,35.3284194,2023-04-29 10:00,f_f000027
f000027_900055,129.0337863,35.3284194,2023-04-29 10:02,f_f000027
f000027_900055,129.0337863,35.3284194,2023-04-29 10:03,f_f000027
f000027_900055,129.0337863,35.3284194,2023-04-29 10:04,f_f000027
f000027_900055,129.0337863,35.3284194,2023-04-29 10:05,f_f000027
f000027_900055,129.0337863,35.3284194,2023-04-29 10:06,f_f000027
f000027_900055,129.0337863,35.3284194,2023-04-29 10:07,f_f000027
f000027_900055,129.0337863,35.3284194,2023-04-29 10:08,f_f000027
f000027_900055,129.0337863,35.3284194,2023-04-29 10:08,f_f000027
f000027_900055,129.0337863,35.3284194,2023-04-29 10:10,f_f000027
f000027_900055,129.0337863,35.3284194,2023-04-29 10:12,f_f000027
f000027_900055,129.0337863,35.3284194,2023-04-29 10:14,f_f000027
f000027_900055,129.0337863,35.3284194,2023-04-29 10:15,f_f000027
f000027_900055,129.0337863,35.3284194,2023-04-29 10:17,f_f000027
f000027_900055,129.0337863,35.3284194,2023-04-29 10:19,f_f000027
f000027_900055,129.0337863,35.3284194,2023-04-29 10:20,f_f000027
f000027_900055,129.0337863,35.3284194,2023-04-29 10:22,f_f000027
f000027_900055,129.0337863,35.3284194,2023-04-29 10:24,f_f000027
f000027_900055,129.0337863,35.3284194,2023-04-29 10:25,f_f000027
f000027_900055,129.0337863,35.3284194,2023-04-29 10:26,f_f000027
f000027_900055,129.0337863,35.3284194,2023-04-29 10:26,f_f000027
f000027_900055,129.0337863,35.3284194,2023-04-29 10:27,f_f000027
f000027_900055,129.0337863,35.3284194,2023-04-29 10:27,f_f000027
f000027_900055,129.0337863,35.3284194,2023-04-29 10:28,f_f000027
f000027_900055,129.0337863,35.3284194,2023-04-29 10:28,f_f000027
f000027_900055,129.0337863,35.3284194,2023-04-29 10:29,f_f000027
f000027_900055,129.0337863,35.3284194,2023-04-29 10:29,f_f000027
f000027_900055,129.0337863,35.3284194,2023-04-29 10:30,f_f000027
f000027_900055,129.0337863,35.3284194,2023-04-29 10:32,f_f000027
f000027_900055,129.0337863,35.3284194,2023-04-29 10:33,f_f000027
f000027_900055,129.0337863,35.3284194,2023-04-29 10:33,f_f000027
f000027_900055,129.0337863,35.3284194,2023-04-29 10:34,f_f000027
f000027_900055,129.0337863,35.3284194,2023-04-29 10:34,f_f000027
f000027_900055,129.0362267,35.3392104,2023-04-29 10:35,f_f000027
f000027_900055,129.0362267,35.3392104,2023-04-29 10:36,f_f000027
f000027_900055,129.0362267,35.3392104,2023-04-29 10:37,f_f000027
f000027_900055,129.03438,35.33943,2023-04-29 10:38,f_f000027
f000027_900055,129.0358678,35.3369041,2023-04-29 10:40,f_f000027
f000027_900055,129.0345246,35.3288697,2023-04-29 10:41,f_f000027
f000027_900055,129.0345246,35.3288697,2023-04-29 10:42,f_f000027
f000027_900055,129.0276303,35.3237025,2023-04-29 10:43,f_f000027
f000027_900055,129.0276303,35.3237025,2023-04-29 10:45,f_f000027
f000027_900055,129.0276303,35.3237025,2023-04-29 10:46,f_f000027
f000027_900055,129.0276303,35.3237025,2023-04-29 10:47,f_f000027
f000027_900055,129.0276303,35.3237025,2023-04-29 10:48,f_f000027
f000027_900055,129.0276303,35.3237025,2023-04-29 10:49,f_f000027
f000027_900055,129.0276303,35.3237025,2023-04-29 10:50,f_f000027
f000027_900055,129.0276303,35.3237025,2023-04-29 10:51,f_f000027
f000027_900055,129.0276303,35.3237025,2023-04-29 10:52,f_f000027
f000027_900055,129.0276303,35.3237025,2023-04-29 10:53,f_f000027
f000027_900055,129.1167582,35.231012,2023-04-29 10:55,f_f000027
f000027_900055,129.1167582,35.231012,2023-04-29 10:56,f_f000027
f000027_900055,129.1167582,35.231012,2023-04-29 10:57,f_f000027
f000027_900055,129.116676,35.202613,2023-04-29 10:58,f_f000027
f000027_900055,129.1141225,35.1998417,2023-04-29 10:59,f_f000027
f000027_900055,129.1129855,35.19801,2023-04-29 11:00,f_f000027
f000027_900055,129.1118059,35.1970553,2023-04-29 11:01,f_f000027
f000027_900055,129.1135117,35.1956269,2023-04-29 11:02,f_f000027
f000027_900055,129.1135117,35.1956269,2023-04-29 11:03,f_f000027
f000027_900055,129.116161,35.1946674,2023-04-29 11:04,f_f000027
f000027_900055,129.1164138,35.1935583,2023-04-29 11:05,f_f000027
f000027_900055,129.1141351,35.191573,2023-04-29 11:06,f_f000027
f000027_900055,129.1172975,35.188764,2023-04-29 11:07,f_f000027
f000027_900055,129.121554,35.1763357,2023-04-29 11:09,f_f000027
f000027_900055,129.121554,35.1763357,2023-04-29 11:09,f_f000027
f000027_900055,129.121554,35.1763357,2023-04-29 11:10,f_f000027
f000027_900055,129.121554,35.1763357,2023-04-29 11:11,f_f000027
f000027_900055,129.121554,35.1763357,2023-04-29 11:12,f_f000027
f000027_900055,129.1282128,35.1452694,2023-04-29 11:14,f_f000027
f000027_900055,129.1282128,35.1452694,2023-04-29 11:15,f_f000027
f000027_900055,129.1282128,35.1452694,2023-04-29 11:16,f_f000027
f000027_900055,129.1282128,35.1452694,2023-04-29 11:17,f_f000027
f000027_900055,129.1282128,35.1452694,2023-04-29 11:18,f_f000027
f000027_900055,129.0918617,35.1093375,2023-04-29 11:19,f_f000027
f000027_900055,129.0918617,35.1093375,2023-04-29 11:20,f_f000027
f000027_900055,129.0918617,35.1093375,2023-04-29 11:21,f_f000027
f000027_900055,129.0918617,35.1093375,2023-04-29 11:22,f_f000027
f000027_900055,129.0918617,35.1093375,2023-04-29 11:23,f_f000027
f000027_900055,129.0638398,35.095488,2023-04-29 11:24,f_f000027
f000027_900055,129.0736835,35.0860172,2023-04-29 11:27,f_f000027
f000027_900055,129.0736835,35.0860172,2023-04-29 11:29,f_f000027
f000027_900055,129.0736835,35.0860172,2023-04-29 11:31,f_f000027
f000027_900055,129.0736835,35.0860172,2023-04-29 11:32,f_f000027
f000027_900055,129.0736835,35.0860172,2023-04-29 11:34,f_f000027
f000027_900055,129.0736835,35.0860172,2023-04-29 11:35,f_f000027
f000027_900055,129.0736835,35.0860172,2023-04-29 11:36,f_f000027
f000027_900055,129.0736835,35.0860172,2023-04-29 11:37,f_f000027
f000027_900055,129.0736835,35.0860172,2023-04-29 11:38,f_f000027
f000027_900055,129.0736835,35.0860172,2023-04-29 11:39,f_f000027
f000027_900055,129.0736835,35.0860172,2023-04-29 11:40,f_f000027
f000027_900055,129.0736835,35.0860172,2023-04-29 11:42,f_f000027
f000027_900055,129.0736835,35.0860172,2023-04-29 11:43,f_f000027
f000027_900055,129.0736835,35.0860172,2023-04-29 11:44,f_f000027
f000027_900055,129.0736835,35.0860172,2023-04-29 11:45,f_f000027
f000027_900055,129.0736835,35.0860172,2023-04-29 11:46,f_f000027
f000027_900055,129.0736835,35.0860172,2023-04-29 11:47,f_f000027
f000027_900055,129.0736835,35.0860172,2023-04-29 11:48,f_f000027
f000027_900055,129.0736835,35.0860172,2023-04-29 11:57,f_f000027
f000027_900055,129.0736835,35.0860172,2023-04-29 11:58,f_f000027
f000027_900055,129.0736835,35.0860172,2023-04-29 11:59,f_f000027
f000027_900055,129.0736835,35.0860172,2023-04-29 12:00,f_f000027
f000027_900055,129.0736835,35.0860172,2023-04-29 12:02,f_f000027
f000027_900055,129.0736835,35.0860172,2023-04-29 12:03,f_f000027
f000027_900055,129.0736835,35.0860172,2023-04-29 12:04,f_f000027
f000027_900055,129.0736835,35.0860172,2023-04-29 12:05,f_f000027
f000027_900055,129.0736835,35.0860172,2023-04-29 12:06,f_f000027
f000027_900055,129.0736835,35.0860172,2023-04-29 12:07,f_f000027
f000027_900055,129.0736835,35.0860172,2023-04-29 12:08,f_f000027
f000027_900055,129.0736835,35.0860172,2023-04-29 12:15,f_f000027
f000027_900055,129.0736835,35.0860172,2023-04-29 12:17,f_f000027
f000027_900055,129.0736835,35.0860172,2023-04-29 12:19,f_f000027
f000027_900055,129.0736835,35.0860172,2023-04-29 12:19,f_f000027
f000027_900055,129.0736835,35.0860172,2023-04-29 12:22,f_f000027
f000027_900055,129.0761116,35.081991,2023-04-29 12:23,f_f000027
f000027_900055,129.0765469,35.0775951,2023-04-29 12:24,f_f000027
f000027_900055,129.0764885,35.0740353,2023-04-29 12:25,f_f000027
f000027_900055,129.0783789,35.0712857,2023-04-29 12:26,f_f000027
f000027_900055,129.0783789,35.0712857,2023-04-29 12:27,f_f000027
f000027_900055,129.0783789,35.0712857,2023-04-29 12:28,f_f000027
f000027_900055,129.0783789,35.0712857,2023-04-29 12:29,f_f000027
f000027_900055,129.0783789,35.0712857,2023-04-29 12:30,f_f000027
f000027_900055,129.0783789,35.0712857,2023-04-29 12:33,f_f000027
f000027_900055,129.0783789,35.0712857,2023-04-29 12:34,f_f000027
f000027_900055,129.0783789,35.0712857,2023-04-29 12:36,f_f000027
f000027_900055,129.0783789,35.0712857,2023-04-29 12:40,f_f000027
f000027_900055,129.0714113,35.0722803,2023-04-29 12:41,f_f000027
f000027_900055,129.0679191,35.0715258,2023-04-29 12:42,f_f000027
f000027_900055,129.0662459,35.0690061,2023-04-29 12:43,f_f000027
f000027_900055,129.0585662,35.0709972,2023-04-29 12:44,f_f000027
f000027_900055,129.0514412,35.0743867,2023-04-29 12:46,f_f000027
f000027_900055,129.0455851,35.0802104,2023-04-29 12:48,f_f000027
f000027_900055,129.0437432,35.0805611,2023-04-29 12:50,f_f000027
f000027_900055,129.0456216,35.0839083,2023-04-29 12:52,f_f000027
f000027_900055,129.0436222,35.085989,2023-04-29 12:53,f_f000027
f000027_900055,129.0436222,35.085989,2023-04-29 12:55,f_f000027
f000027_900055,129.0436222,35.085989,2023-04-29 12:57,f_f000027
f000027_900055,129.0436222,35.085989,2023-04-29 12:58,f_f000027
f000027_900055,129.0436222,35.085989,2023-04-29 12:58,f_f000027
f000027_900055,129.0436222,35.085989,2023-04-29 12:59,f_f000027
f000027_900055,129.0432194,35.0865892,2023-04-29 13:00,f_f000027
f000027_900055,129.0432194,35.0865892,2023-04-29 13:01,f_f000027
f000027_900055,129.0432194,35.0865892,2023-04-29 13:01,f_f000027
f000027_900055,129.0432194,35.0865892,2023-04-29 13:08,f_f000027
f000027_900055,129.0432194,35.0865892,2023-04-29 13:09,f_f000027
f000027_900055,129.0432194,35.0865892,2023-04-29 13:10,f_f000027
f000027_900055,129.0432194,35.0865892,2023-04-29 13:17,f_f000027
f000027_900055,129.042638,35.0866276,2023-04-29 13:19,f_f000027
f000027_900055,129.042638,35.0866276,2023-04-29 13:21,f_f000027
f000027_900055,129.042638,35.0866276,2023-04-29 13:21,f_f000027
f000027_900055,129.042638,35.0866276,2023-04-29 13:23,f_f000027
f000027_900055,129.042638,35.0866276,2023-04-29 13:23,f_f000027
f000027_900055,129.042638,35.0866276,2023-04-29 13:23,f_f000027
f000027_900055,129.0419648,35.084445,2023-04-29 13:24,f_f000027
f000027_900055,129.0412803,35.0828421,2023-04-29 13:24,f_f000027
f000027_900055,129.0416685,35.0820995,2023-04-29 13:25,f_f000027
f000027_900055,129.0426274,35.0821828,2023-04-29 13:25,f_f000027
f000027_900055,129.0427217,35.080996,2023-04-29 13:26,f_f000027
f000027_900055,129.0427217,35.080996,2023-04-29 13:26,f_f000027
f000027_900055,129.0427217,35.080996,2023-04-29 13:27,f_f000027
f000027_900055,129.0428383,35.0806969,2023-04-29 13:27,f_f000027
f000027_900055,129.0427069,35.0804389,2023-04-29 13:28,f_f000027
f000027_900055,129.0427069,35.0804389,2023-04-29 13:28,f_f000027
f000027_900055,129.0427069,35.0804389,2023-04-29 13:29,f_f000027
f000027_900055,129.0427069,35.0804389,2023-04-29 13:29,f_f000027
f000027_900055,129.0427069,35.0804389,2023-04-29 13:29,f_f000027
f000027_900055,129.0427069,35.0804389,2023-04-29 13:30,f_f000027
f000027_900055,129.0427069,35.0804389,2023-04-29 13:30,f_f000027
f000027_900055,129.0427069,35.0804389,2023-04-29 13:32,f_f000027
f000027_900055,129.0427069,35.0804389,2023-04-29 13:33,f_f000027
f000027_900055,129.0427069,35.0804389,2023-04-29 13:34,f_f000027
f000027_900055,129.0427069,35.0804389,2023-04-29 13:35,f_f000027
f000027_900055,129.0427069,35.0804389,2023-04-29 13:36,f_f000027
f000027_900055,129.0427069,35.0804389,2023-04-29 13:37,f_f000027
f000027_900055,129.0427069,35.0804389,2023-04-29 13:37,f_f000027
f000027_900055,129.0427069,35.0804389,2023-04-29 13:38,f_f000027
f000027_900055,129.0427069,35.0804389,2023-04-29 13:40,f_f000027
f000027_900055,129.0427069,35.0804389,2023-04-29 13:41,f_f000027
f000027_900055,129.0427069,35.0804389,2023-04-29 13:43,f_f000027
f000027_900055,129.0427069,35.0804389,2023-04-29 13:44,f_f000027
f000027_900055,129.0427069,35.0804389,2023-04-29 13:44,f_f000027
f000027_900055,129.0427069,35.0804389,2023-04-29 13:45,f_f000027
f000027_900055,129.0440828,35.0800097,2023-04-29 13:47,f_f000027
f000027_900055,129.0445369,35.079538,2023-04-29 13:48,f_f000027
f000027_900055,129.0445369,35.079538,2023-04-29 13:48,f_f000027
f000027_900055,129.0448206,35.0792894,2023-04-29 13:49,f_f000027
f000027_900055,129.0448206,35.0792894,2023-04-29 13:49,f_f000027
f000027_900055,129.0450971,35.0789949,2023-04-29 13:50,f_f000027
f000027_900055,129.0450971,35.0789949,2023-04-29 13:50,f_f000027
f000027_900055,129.0451512,35.0786414,2023-04-29 13:51,f_f000027
f000027_900055,129.0451512,35.0786414,2023-04-29 13:51,f_f000027
f000027_900055,129.0451512,35.0786414,2023-04-29 13:51,f_f000027
f000027_900055,129.0449978,35.0783495,2023-04-29 13:52,f_f000027
f000027_900055,129.0449978,35.0783495,2023-04-29 13:52,f_f000027
f000027_900055,129.0449978,35.0783495,2023-04-29 13:53,f_f000027
f000027_900055,129.0455029,35.0784211,2023-04-29 13:53,f_f000027
f000027_900055,129.0455029,35.0784211,2023-04-29 13:54,f_f000027
f000027_900055,129.0455029,35.0784211,2023-04-29 13:54,f_f000027
f000027_900055,129.0455029,35.0784211,2023-04-29 13:55,f_f000027
f000027_900055,129.0455029,35.0784211,2023-04-29 13:56,f_f000027
f000027_900055,129.0455029,35.0784211,2023-04-29 13:56,f_f000027
f000027_900055,129.0455029,35.0784211,2023-04-29 13:57,f_f000027
f000027_900055,129.0455029,35.0784211,2023-04-29 13:57,f_f000027
f000027_900055,129.0455029,35.0784211,2023-04-29 13:58,f_f000027
f000027_900055,129.0455029,35.0784211,2023-04-29 13:58,f_f000027
f000027_900055,129.0455029,35.0784211,2023-04-29 13:59,f_f000027
f000027_900055,129.0455029,35.0784211,2023-04-29 14:00,f_f000027
f000027_900055,129.0455029,35.0784211,2023-04-29 14:00,f_f000027
f000027_900055,129.0455029,35.0784211,2023-04-29 14:01,f_f000027
f000027_900055,129.0455029,35.0784211,2023-04-29 14:01,f_f000027
f000027_900055,129.0455029,35.0784211,2023-04-29 14:02,f_f000027
f000027_900055,129.0455029,35.0784211,2023-04-29 14:02,f_f000027
f000027_900055,129.0455029,35.0784211,2023-04-29 14:03,f_f000027
f000027_900055,129.0455029,35.0784211,2023-04-29 14:03,f_f000027
f000027_900055,129.0449331,35.07909,2023-04-29 14:04,f_f000027
f000027_900055,129.0448442,35.0793679,2023-04-29 14:04,f_f000027
f000027_900055,129.0448442,35.0793679,2023-04-29 14:05,f_f000027
f000027_900055,129.0444467,35.0797296,2023-04-29 14:05,f_f000027
f000027_900055,129.0441258,35.0798708,2023-04-29 14:06,f_f000027
f000027_900055,129.0441258,35.0798708,2023-04-29 14:06,f_f000027
f000027_900055,129.0441258,35.0798708,2023-04-29 14:07,f_f000027
f000027_900055,129.0441258,35.0798708,2023-04-29 14:07,f_f000027
f000027_900055,129.0441258,35.0798708,2023-04-29 14:08,f_f000027
f000027_900055,129.0441258,35.0798708,2023-04-29 14:08,f_f000027
f000027_900055,129.0441258,35.0798708,2023-04-29 14:08,f_f000027
f000027_900055,129.0441258,35.0798708,2023-04-29 14:09,f_f000027
f000027_900055,129.0441258,35.0798708,2023-04-29 14:10,f_f000027
f000027_900055,129.0441258,35.0798708,2023-04-29 14:10,f_f000027
f000027_900055,129.0441258,35.0798708,2023-04-29 14:11,f_f000027
f000027_900055,129.0441258,35.0798708,2023-04-29 14:11,f_f000027
f000027_900055,129.0441258,35.0798708,2023-04-29 14:12,f_f000027
f000027_900055,129.0441258,35.0798708,2023-04-29 14:12,f_f000027
f000027_900055,129.0441258,35.0798708,2023-04-29 14:13,f_f000027
f000027_900055,129.0441258,35.0798708,2023-04-29 14:13,f_f000027
f000027_900055,129.0441258,35.0798708,2023-04-29 14:14,f_f000027
f000027_900055,129.0441258,35.0798708,2023-04-29 14:15,f_f000027
f000027_900055,129.0441258,35.0798708,2023-04-29 14:15,f_f000027
f000027_900055,129.039387,35.0833867,2023-04-29 14:16,f_f000027
f000027_900055,129.039387,35.0833867,2023-04-29 14:16,f_f000027
f000027_900055,129.039387,35.0833867,2023-04-29 14:17,f_f000027
f000027_900055,129.0302421,35.0801187,2023-04-29 14:17,f_f000027
f000027_900055,129.0302421,35.0801187,2023-04-29 14:18,f_f000027
f000027_900055,129.022188,35.0814919,2023-04-29 14:19,f_f000027
f000027_900055,129.0214185,35.079996,2023-04-29 14:19,f_f000027
f000027_900055,129.0182596,35.0792658,2023-04-29 14:20,f_f000027
f000027_900055,129.0141589,35.0824598,2023-04-29 14:21,f_f000027
f000027_900055,129.0098314,35.0823688,2023-04-29 14:21,f_f000027
f000027_900055,129.0083863,35.0848688,2023-04-29 14:22,f_f000027
f000027_900055,129.0083863,35.0848688,2023-04-29 14:22,f_f000027
f000027_900055,129.0008585,35.0890983,2023-04-29 14:23,f_f000027
f000027_900055,129.0008585,35.0890983,2023-04-29 14:23,f_f000027
f000027_900055,129.0008585,35.0890983,2023-04-29 14:24,f_f000027
f000027_900055,129.0004772,35.0893698,2023-04-29 14:25,f_f000027
f000027_900055,129.0004772,35.0893698,2023-04-29 14:25,f_f000027
f000027_900055,128.9949887,35.0903522,2023-04-29 14:26,f_f000027
f000027_900055,128.9949887,35.0903522,2023-04-29 14:27,f_f000027
f000027_900055,128.993812,35.0968084,2023-04-29 14:27,f_f000027
f000027_900055,128.9946389,35.0973937,2023-04-29 14:28,f_f000027
f000027_900055,128.9959615,35.0981636,2023-04-29 14:28,f_f000027
f000027_900055,128.9974828,35.0985275,2023-04-29 14:29,f_f000027
f000027_900055,128.9987097,35.0988718,2023-04-29 14:29,f_f000027
f000027_900055,129.0001722,35.0997129,2023-04-29 14:30,f_f000027
f000027_900055,129.001944,35.0996735,2023-04-29 14:30,f_f000027
f000027_900055,129.0031097,35.1003871,2023-04-29 14:31,f_f000027
f000027_900055,129.0033066,35.1007728,2023-04-29 14:31,f_f000027
f000027_900055,129.0033066,35.1007728,2023-04-29 14:32,f_f000027
f000027_900055,129.0033066,35.1007728,2023-04-29 14:32,f_f000027
f000027_900055,129.0033066,35.1007728,2023-04-29 14:33,f_f000027
f000027_900055,129.0033066,35.1007728,2023-04-29 14:33,f_f000027
f000027_900055,129.0033066,35.1007728,2023-04-29 14:34,f_f000027
f000027_900055,129.0037537,35.1011688,2023-04-29 14:34,f_f000027
f000027_900055,129.0037537,35.1011688,2023-04-29 14:35,f_f000027
f000027_900055,129.0042025,35.1012938,2023-04-29 14:35,f_f000027
f000027_900055,129.0042025,35.1012938,2023-04-29 14:36,f_f000027
f000027_900055,129.0042025,35.1012938,2023-04-29 14:36,f_f000027
f000027_900055,129.0042025,35.1012938,2023-04-29 14:36,f_f000027
f000027_900055,129.0042025,35.1012938,2023-04-29 14:37,f_f000027
f000027_900055,129.0042025,35.1012938,2023-04-29 14:38,f_f000027
f000027_900055,129.0042025,35.1012938,2023-04-29 14:38,f_f000027
f000027_900055,129.0042025,35.1012938,2023-04-29 14:39,f_f000027
f000027_900055,129.0042025,35.1012938,2023-04-29 14:39,f_f000027
f000027_900055,129.0042025,35.1012938,2023-04-29 14:40,f_f000027
f000027_900055,129.0042025,35.1012938,2023-04-29 14:41,f_f000027
f000027_900055,129.0042025,35.1012938,2023-04-29 14:41,f_f000027
f000027_900055,129.0042025,35.1012938,2023-04-29 14:42,f_f000027
f000027_900055,129.0042025,35.1012938,2023-04-29 14:42,f_f000027
f000027_900055,129.0042025,35.1012938,2023-04-29 14:42,f_f000027
f000027_900055,129.0042025,35.1012938,2023-04-29 14:43,f_f000027
f000027_900055,129.0042025,35.1012938,2023-04-29 14:43,f_f000027
f000027_900055,129.0042025,35.1012938,2023-04-29 14:44,f_f000027
f000027_900055,129.0042025,35.1012938,2023-04-29 14:45,f_f000027
f000027_900055,129.0042025,35.1012938,2023-04-29 14:45,f_f000027
f000027_900055,129.0042025,35.1012938,2023-04-29 14:46,f_f000027
f000027_900055,129.0042025,35.1012938,2023-04-29 14:46,f_f000027
f000027_900055,129.0042025,35.1012938,2023-04-29 14:47,f_f000027
f000027_900055,129.0042025,35.1012938,2023-04-29 14:47,f_f000027
f000027_900055,129.0042025,35.1012938,2023-04-29 14:48,f_f000027
f000027_900055,129.0042025,35.1012938,2023-04-29 14:48,f_f000027
f000027_900055,129.0042025,35.1012938,2023-04-29 14:49,f_f000027
f000027_900055,129.0042025,35.1012938,2023-04-29 14:49,f_f000027
f000027_900055,129.0042025,35.1012938,2023-04-29 14:50,f_f000027
f000027_900055,129.0042025,35.1012938,2023-04-29 14:50,f_f000027
f000027_900055,129.0042025,35.1012938,2023-04-29 14:51,f_f000027
f000027_900055,129.0042025,35.1012938,2023-04-29 14:51,f_f000027
f000027_900055,129.0042025,35.1012938,2023-04-29 14:52,f_f000027
f000027_900055,129.0042025,35.1012938,2023-04-29 14:52,f_f000027
f000027_900055,129.0042025,35.1012938,2023-04-29 14:53,f_f000027
f000027_900055,129.0042025,35.1012938,2023-04-29 14:54,f_f000027
f000027_900055,129.0042025,35.1012938,2023-04-29 14:54,f_f000027
f000027_900055,129.0042025,35.1012938,2023-04-29 14:54,f_f000027
f000027_900055,129.0042025,35.1012938,2023-04-29 14:55,f_f000027
f000027_900055,129.0042025,35.1012938,2023-04-29 14:56,f_f000027
f000027_900055,129.0042025,35.1012938,2023-04-29 14:56,f_f000027
f000027_900055,129.0042025,35.1012938,2023-04-29 14:57,f_f000027
f000027_900055,129.0042025,35.1012938,2023-04-29 14:58,f_f000027
f000027_900055,129.0042025,35.1012938,2023-04-29 14:58,f_f000027
f000027_900055,129.0042025,35.1012938,2023-04-29 14:59,f_f000027
f000027_900055,129.0042025,35.1012938,2023-04-29 15:00,f_f000027
f000027_900055,129.0042025,35.1012938,2023-04-29 15:00,f_f000027
f000027_900055,129.0042025,35.1012938,2023-04-29 15:01,f_f000027
f000027_900055,129.0042025,35.1012938,2023-04-29 15:02,f_f000027
f000027_900055,129.0042025,35.1012938,2023-04-29 15:02,f_f000027
f000027_900055,129.0042025,35.1012938,2023-04-29 15:03,f_f000027
f000027_900055,129.0042025,35.1012938,2023-04-29 15:03,f_f000027
f000027_900055,129.0042025,35.1012938,2023-04-29 15:04,f_f000027
f000027_900055,129.0042025,35.1012938,2023-04-29 15:04,f_f000027
f000027_900055,129.0042025,35.1012938,2023-04-29 15:05,f_f000027
f000027_900055,129.0042025,35.1012938,2023-04-29 15:05,f_f000027
f000027_900055,129.0042025,35.1012938,2023-04-29 15:06,f_f000027
f000027_900055,129.0042025,35.1012938,2023-04-29 15:07,f_f000027
f000027_900055,129.0042025,35.1012938,2023-04-29 15:07,f_f000027
f000027_900055,129.0042025,35.1012938,2023-04-29 15:08,f_f000027
f000027_900055,129.0042025,35.1012938,2023-04-29 15:08,f_f000027
f000027_900055,129.0042025,35.1012938,2023-04-29 15:09,f_f000027
f000027_900055,129.0042025,35.1012938,2023-04-29 15:10,f_f000027
f000027_900055,129.0042025,35.1012938,2023-04-29 15:10,f_f000027
f000027_900055,129.0042025,35.1012938,2023-04-29 15:11,f_f000027
f000027_900055,129.0042025,35.1012938,2023-04-29 15:11,f_f000027
f000027_900055,129.0042025,35.1012938,2023-04-29 15:12,f_f000027
f000027_900055,129.0042025,35.1012938,2023-04-29 15:13,f_f000027
f000027_900055,129.0042025,35.1012938,2023-04-29 15:13,f_f000027
f000027_900055,129.0042025,35.1012938,2023-04-29 15:14,f_f000027
f000027_900055,129.0042025,35.1012938,2023-04-29 15:14,f_f000027
f000027_900055,129.0042025,35.1012938,2023-04-29 15:15,f_f000027
f000027_900055,129.0042025,35.1012938,2023-04-29 15:15,f_f000027
f000027_900055,129.0042025,35.1012938,2023-04-29 15:16,f_f000027
f000027_900055,129.0042025,35.1012938,2023-04-29 15:16,f_f000027
f000027_900055,129.0042025,35.1012938,2023-04-29 15:17,f_f000027
f000027_900055,129.0042025,35.1012938,2023-04-29 15:18,f_f000027
f000027_900055,129.0042025,35.1012938,2023-04-29 15:18,f_f000027
f000027_900055,129.0042025,35.1012938,2023-04-29 15:19,f_f000027
f000027_900055,129.0042025,35.1012938,2023-04-29 15:20,f_f000027
f000027_900055,129.0042025,35.1012938,2023-04-29 15:20,f_f000027
f000027_900055,129.0042025,35.1012938,2023-04-29 15:21,f_f000027
f000027_900055,129.0042025,35.1012938,2023-04-29 15:22,f_f000027
f000027_900055,129.0042025,35.1012938,2023-04-29 15:22,f_f000027
f000027_900055,129.0042025,35.1012938,2023-04-29 15:22,f_f000027
f000027_900055,129.0042025,35.1012938,2023-04-29 15:23,f_f000027
f000027_900055,129.0042025,35.1012938,2023-04-29 15:23,f_f000027
f000027_900055,129.0042025,35.1012938,2023-04-29 15:24,f_f000027
f000027_900055,129.0042025,35.1012938,2023-04-29 15:24,f_f000027
f000027_900055,129.0042025,35.1012938,2023-04-29 15:25,f_f000027
f000027_900055,129.0042025,35.1012938,2023-04-29 15:26,f_f000027
f000027_900055,129.0042025,35.1012938,2023-04-29 15:26,f_f000027
f000027_900055,129.0042025,35.1012938,2023-04-29 15:27,f_f000027
f000027_900055,129.0042025,35.1012938,2023-04-29 15:27,f_f000027
f000027_900055,129.0042025,35.1012938,2023-04-29 15:28,f_f000027
f000027_900055,129.0042025,35.1012938,2023-04-29 15:28,f_f000027
f000027_900055,129.0042025,35.1012938,2023-04-29 15:29,f_f000027
f000027_900055,129.0042025,35.1012938,2023-04-29 15:29,f_f000027
f000027_900055,129.0042025,35.1012938,2023-04-29 15:30,f_f000027
f000027_900055,129.0042025,35.1012938,2023-04-29 15:31,f_f000027
f000027_900055,129.0042025,35.1012938,2023-04-29 15:31,f_f000027
f000027_900055,129.0042025,35.1012938,2023-04-29 15:32,f_f000027
f000027_900055,129.0042025,35.1012938,2023-04-29 15:32,f_f000027
f000027_900055,129.0042025,35.1012938,2023-04-29 15:33,f_f000027
f000027_900055,129.0042025,35.1012938,2023-04-29 15:34,f_f000027
f000027_900055,129.0042025,35.1012938,2023-04-29 15:34,f_f000027
f000027_900055,129.0042025,35.1012938,2023-04-29 15:35,f_f000027
f000027_900055,129.0042025,35.1012938,2023-04-29 15:36,f_f000027
f000027_900055,129.0042025,35.1012938,2023-04-29 15:36,f_f000027
f000027_900055,129.0042025,35.1012938,2023-04-29 15:37,f_f000027
f000027_900055,129.0042025,35.1012938,2023-04-29 15:37,f_f000027
f000027_900055,129.0042025,35.1012938,2023-04-29 15:38,f_f000027
f000027_900055,129.0042025,35.1012938,2023-04-29 15:38,f_f000027
f000027_900055,129.0042025,35.1012938,2023-04-29 15:39,f_f000027
f000027_900055,129.0042025,35.1012938,2023-04-29 15:39,f_f000027
f000027_900055,129.0042025,35.1012938,2023-04-29 15:40,f_f000027
f000027_900055,129.0042025,35.1012938,2023-04-29 15:40,f_f000027
f000027_900055,129.0042025,35.1012938,2023-04-29 15:41,f_f000027
f000027_900055,129.0042025,35.1012938,2023-04-29 15:41,f_f000027
f000027_900055,129.0042025,35.1012938,2023-04-29 15:42,f_f000027
f000027_900055,129.0042025,35.1012938,2023-04-29 15:43,f_f000027
f000027_900055,129.0042025,35.1012938,2023-04-29 15:43,f_f000027
f000027_900055,129.0042025,35.1012938,2023-04-29 15:44,f_f000027
f000027_900055,129.0042025,35.1012938,2023-04-29 15:45,f_f000027
f000027_900055,129.0042025,35.1012938,2023-04-29 15:45,f_f000027
f000027_900055,129.0042025,35.1012938,2023-04-29 15:46,f_f000027
f000027_900055,129.0042025,35.1012938,2023-04-29 15:47,f_f000027
f000027_900055,129.0042025,35.1012938,2023-04-29 15:47,f_f000027
f000027_900055,129.0042025,35.1012938,2023-04-29 15:48,f_f000027
f000027_900055,129.0042025,35.1012938,2023-04-29 15:48,f_f000027
f000027_900055,129.0042025,35.1012938,2023-04-29 15:49,f_f000027
f000027_900055,129.0042025,35.1012938,2023-04-29 15:49,f_f000027
f000027_900055,129.0042025,35.1012938,2023-04-29 15:50,f_f000027
f000027_900055,129.0042025,35.1012938,2023-04-29 15:51,f_f000027
f000027_900055,129.0042025,35.1012938,2023-04-29 15:51,f_f000027
f000027_900055,129.0042025,35.1012938,2023-04-29 15:52,f_f000027
f000027_900055,129.0042025,35.1012938,2023-04-29 15:53,f_f000027
f000027_900055,129.0042025,35.1012938,2023-04-29 15:53,f_f000027
f000027_900055,129.0042025,35.1012938,2023-04-29 15:54,f_f000027
f000027_900055,129.0042025,35.1012938,2023-04-29 15:55,f_f000027
f000027_900055,129.0042025,35.1012938,2023-04-29 15:55,f_f000027
f000027_900055,129.0042025,35.1012938,2023-04-29 15:56,f_f000027
f000027_900055,129.0042025,35.1012938,2023-04-29 15:57,f_f000027
f000027_900055,129.0042025,35.1012938,2023-04-29 15:57,f_f000027
f000027_900055,129.0042025,35.1012938,2023-04-29 15:57,f_f000027
f000027_900055,129.0042025,35.1012938,2023-04-29 15:58,f_f000027
f000027_900055,129.0042025,35.1012938,2023-04-29 15:59,f_f000027
f000027_900055,129.0042025,35.1012938,2023-04-29 15:59,f_f000027
f000027_900055,129.0042025,35.1012938,2023-04-29 16:00,f_f000027
f000027_900055,129.0042025,35.1012938,2023-04-29 16:01,f_f000027
f000027_900055,129.0042025,35.1012938,2023-04-29 16:01,f_f000027
f000027_900055,129.0042025,35.1012938,2023-04-29 16:02,f_f000027
f000027_900055,129.0042025,35.1012938,2023-04-29 16:03,f_f000027
f000027_900055,129.0047418,35.1013431,2023-04-29 16:03,f_f000027
f000027_900055,129.0047418,35.1013431,2023-04-29 16:03,f_f000027
f000027_900055,129.0047418,35.1013431,2023-04-29 16:04,f_f000027
f000027_900055,129.0047418,35.1013431,2023-04-29 16:04,f_f000027
f000027_900055,129.0047418,35.1013431,2023-04-29 16:05,f_f000027
f000027_900055,129.0047418,35.1013431,2023-04-29 16:05,f_f000027
f000027_900055,129.0047418,35.1013431,2023-04-29 16:06,f_f000027
f000027_900055,129.0047418,35.1013431,2023-04-29 16:06,f_f000027
f000027_900055,129.0047418,35.1013431,2023-04-29 16:07,f_f000027
f000027_900055,129.0047418,35.1013431,2023-04-29 16:07,f_f000027
f000027_900055,129.0047418,35.1013431,2023-04-29 16:08,f_f000027
f000027_900055,129.0047418,35.1013431,2023-04-29 16:08,f_f000027
f000027_900055,129.0047418,35.1013431,2023-04-29 16:09,f_f000027
f000027_900055,129.0047418,35.1013431,2023-04-29 16:09,f_f000027
f000027_900055,129.0047418,35.1013431,2023-04-29 16:10,f_f000027
f000027_900055,129.0047418,35.1013431,2023-04-29 16:10,f_f000027
f000027_900055,129.0047418,35.1013431,2023-04-29 16:11,f_f000027
f000027_900055,129.0047418,35.1013431,2023-04-29 16:12,f_f000027
f000027_900055,129.0049619,35.1032755,2023-04-29 16:12,f_f000027
f000027_900055,129.0058593,35.1037541,2023-04-29 16:13,f_f000027
f000027_900055,129.0058593,35.1037541,2023-04-29 16:13,f_f000027
f000027_900055,129.0058593,35.1037541,2023-04-29 16:14,f_f000027
f000027_900055,129.0058593,35.1037541,2023-04-29 16:14,f_f000027
f000027_900055,129.0058593,35.1037541,2023-04-29 16:15,f_f000027
f000027_900055,129.0058593,35.1037541,2023-04-29 16:15,f_f000027
f000027_900055,129.0058593,35.1037541,2023-04-29 16:16,f_f000027
f000027_900055,129.0066052,35.104099,2023-04-29 16:17,f_f000027
f000027_900055,129.0066052,35.104099,2023-04-29 16:17,f_f000027
f000027_900055,129.0066052,35.104099,2023-04-29 16:18,f_f000027
f000027_900055,129.0075563,35.1039113,2023-04-29 16:18,f_f000027
f000027_900055,129.0108979,35.1029812,2023-04-29 16:19,f_f000027
f000027_900055,129.0113763,35.1013373,2023-04-29 16:20,f_f000027
f000027_900055,129.0114516,35.1001564,2023-04-29 16:20,f_f000027
f000027_900055,129.0114516,35.1001564,2023-04-29 16:21,f_f000027
f000027_900055,129.0114516,35.1001564,2023-04-29 16:21,f_f000027
f000027_900055,129.0108246,35.0979949,2023-04-29 16:22,f_f000027
f000027_900055,129.0108246,35.0979949,2023-04-29 16:22,f_f000027
f000027_900055,129.0108246,35.0979949,2023-04-29 16:23,f_f000027
f000027_900055,129.0108246,35.0979949,2023-04-29 16:24,f_f000027
f000027_900055,129.0108246,35.0979949,2023-04-29 16:24,f_f000027
f000027_900055,129.0108246,35.0979949,2023-04-29 16:25,f_f000027
f000027_900055,129.0108246,35.0979949,2023-04-29 16:25,f_f000027
f000027_900055,129.0108246,35.0979949,2023-04-29 16:26,f_f000027
f000027_900055,129.0108246,35.0979949,2023-04-29 16:27,f_f000027
f000027_900055,129.0108246,35.0979949,2023-04-29 16:28,f_f000027
f000027_900055,129.0108246,35.0979949,2023-04-29 16:28,f_f000027
f000027_900055,129.0108246,35.0979949,2023-04-29 16:29,f_f000027
f000027_900055,129.0108246,35.0979949,2023-04-29 16:29,f_f000027
f000027_900055,129.0108246,35.0979949,2023-04-29 16:30,f_f000027
f000027_900055,129.0108246,35.0979949,2023-04-29 16:30,f_f000027
f000027_900055,129.0108246,35.0979949,2023-04-29 16:31,f_f000027
f000027_900055,129.0108246,35.0979949,2023-04-29 16:31,f_f000027
f000027_900055,129.0108246,35.0979949,2023-04-29 16:32,f_f000027
f000027_900055,129.0108246,35.0979949,2023-04-29 16:32,f_f000027
f000027_900055,129.0108246,35.0979949,2023-04-29 16:33,f_f000027
f000027_900055,129.0108246,35.0979949,2023-04-29 16:33,f_f000027
f000027_900055,129.0108246,35.0979949,2023-04-29 16:34,f_f000027
f000027_900055,129.0108246,35.0979949,2023-04-29 16:34,f_f000027
f000027_900055,129.0108246,35.0979949,2023-04-29 16:35,f_f000027
f000027_900055,129.0108246,35.0979949,2023-04-29 16:36,f_f000027
f000027_900055,129.0108246,35.0979949,2023-04-29 16:36,f_f000027
f000027_900055,129.0108246,35.0979949,2023-04-29 16:36,f_f000027
f000027_900055,129.0108246,35.0979949,2023-04-29 16:37,f_f000027
f000027_900055,129.0108246,35.0979949,2023-04-29 16:38,f_f000027
f000027_900055,129.0108246,35.0979949,2023-04-29 16:38,f_f000027
f000027_900055,129.0108246,35.0979949,2023-04-29 16:40,f_f000027
f000027_900055,129.0108246,35.0979949,2023-04-29 16:41,f_f000027
f000027_900055,129.0108246,35.0979949,2023-04-29 16:41,f_f000027
f000027_900055,129.0108246,35.0979949,2023-04-29 16:42,f_f000027
f000027_900055,129.0108246,35.0979949,2023-04-29 16:42,f_f000027
f000027_900055,129.0108246,35.0979949,2023-04-29 16:43,f_f000027
f000027_900055,129.0108246,35.0979949,2023-04-29 16:44,f_f000027
f000027_900055,129.0108246,35.0979949,2023-04-29 16:44,f_f000027
f000027_900055,129.0108246,35.0979949,2023-04-29 16:44,f_f000027
f000027_900055,129.0108246,35.0979949,2023-04-29 16:45,f_f000027
f000027_900055,129.0108246,35.0979949,2023-04-29 16:45,f_f000027
f000027_900055,129.0108246,35.0979949,2023-04-29 16:46,f_f000027
f000027_900055,129.0108246,35.0979949,2023-04-29 16:46,f_f000027
f000027_900055,129.0108246,35.0979949,2023-04-29 16:47,f_f000027
f000027_900055,129.0108246,35.0979949,2023-04-29 16:48,f_f000027
f000027_900055,129.0108246,35.0979949,2023-04-29 16:48,f_f000027
f000027_900055,129.0108246,35.0979949,2023-04-29 16:49,f_f000027
f000027_900055,129.0108246,35.0979949,2023-04-29 16:50,f_f000027
f000027_900055,129.0108246,35.0979949,2023-04-29 16:50,f_f000027
f000027_900055,129.0108246,35.0979949,2023-04-29 16:50,f_f000027
f000027_900055,129.0108246,35.0979949,2023-04-29 16:51,f_f000027
f000027_900055,129.0108246,35.0979949,2023-04-29 16:52,f_f000027
f000027_900055,129.0108246,35.0979949,2023-04-29 16:52,f_f000027
f000027_900055,129.0108246,35.0979949,2023-04-29 16:53,f_f000027
f000027_900055,129.0108246,35.0979949,2023-04-29 16:54,f_f000027
f000027_900055,129.0108246,35.0979949,2023-04-29 16:54,f_f000027
f000027_900055,129.0108246,35.0979949,2023-04-29 16:55,f_f000027
f000027_900055,129.0108246,35.0979949,2023-04-29 16:55,f_f000027
f000027_900055,129.0108246,35.0979949,2023-04-29 16:56,f_f000027
f000027_900055,129.0108246,35.0979949,2023-04-29 16:57,f_f000027
f000027_900055,129.0108246,35.0979949,2023-04-29 16:57,f_f000027
f000027_900055,129.0108246,35.0979949,2023-04-29 16:58,f_f000027
f000027_900055,129.0108246,35.0979949,2023-04-29 16:58,f_f000027
f000027_900055,129.0108246,35.0979949,2023-04-29 16:59,f_f000027
f000027_900055,129.0108246,35.0979949,2023-04-29 16:59,f_f000027
f000027_900055,129.0108246,35.0979949,2023-04-29 17:00,f_f000027
f000027_900055,129.0108246,35.0979949,2023-04-29 17:00,f_f000027
f000027_900055,129.0108246,35.0979949,2023-04-29 17:01,f_f000027
f000027_900055,129.0108246,35.0979949,2023-04-29 17:01,f_f000027
f000027_900055,129.0108246,35.0979949,2023-04-29 17:02,f_f000027
f000027_900055,129.0108246,35.0979949,2023-04-29 17:02,f_f000027
f000027_900055,129.0108246,35.0979949,2023-04-29 17:03,f_f000027
f000027_900055,129.0108246,35.0979949,2023-04-29 17:03,f_f000027
f000027_900055,129.0108246,35.0979949,2023-04-29 17:04,f_f000027
f000027_900055,129.0108246,35.0979949,2023-04-29 17:05,f_f000027
f000027_900055,129.0108246,35.0979949,2023-04-29 17:05,f_f000027
f000027_900055,129.0108246,35.0979949,2023-04-29 17:06,f_f000027
f000027_900055,129.0108246,35.0979949,2023-04-29 17:06,f_f000027
f000027_900055,129.0108246,35.0979949,2023-04-29 17:07,f_f000027
f000027_900055,129.0108246,35.0979949,2023-04-29 17:08,f_f000027
f000027_900055,129.0108246,35.0979949,2023-04-29 17:08,f_f000027
f000027_900055,129.0108246,35.0979949,2023-04-29 17:09,f_f000027
f000027_900055,129.0108246,35.0979949,2023-04-29 17:10,f_f000027
f000027_900055,129.0108246,35.0979949,2023-04-29 17:10,f_f000027
f000027_900055,129.0108246,35.0979949,2023-04-29 17:11,f_f000027
f000027_900055,129.0108246,35.0979949,2023-04-29 17:12,f_f000027
f000027_900055,129.0108246,35.0979949,2023-04-29 17:12,f_f000027
f000027_900055,129.0108246,35.0979949,2023-04-29 17:13,f_f000027
f000027_900055,129.0108246,35.0979949,2023-04-29 17:14,f_f000027
f000027_900055,129.0108246,35.0979949,2023-04-29 17:14,f_f000027
f000027_900055,129.0108246,35.0979949,2023-04-29 17:15,f_f000027
f000027_900055,129.0108246,35.0979949,2023-04-29 17:16,f_f000027
f000027_900055,129.0108246,35.0979949,2023-04-29 17:16,f_f000027
f000027_900055,129.0108246,35.0979949,2023-04-29 17:17,f_f000027
f000027_900055,129.0108246,35.0979949,2023-04-29 17:18,f_f000027
f000027_900055,129.0108246,35.0979949,2023-04-29 17:18,f_f000027
f000027_900055,129.0108246,35.0979949,2023-04-29 17:19,f_f000027
f000027_900055,129.0108246,35.0979949,2023-04-29 17:20,f_f000027
f000027_900055,129.0108246,35.0979949,2023-04-29 17:20,f_f000027
f000027_900055,129.0108246,35.0979949,2023-04-29 17:21,f_f000027
f000027_900055,129.0108246,35.0979949,2023-04-29 17:21,f_f000027
f000027_900055,129.0108246,35.0979949,2023-04-29 17:22,f_f000027
f000027_900055,129.0108246,35.0979949,2023-04-29 17:23,f_f000027
f000027_900055,129.0108246,35.0979949,2023-04-29 17:23,f_f000027
f000027_900055,129.0108246,35.0979949,2023-04-29 17:24,f_f000027
f000027_900055,129.0108246,35.0979949,2023-04-29 17:25,f_f000027
f000027_900055,129.0108246,35.0979949,2023-04-29 17:25,f_f000027
f000027_900055,129.0108246,35.0979949,2023-04-29 17:26,f_f000027
f000027_900055,129.0108246,35.0979949,2023-04-29 17:27,f_f000027
f000027_900055,129.0108246,35.0979949,2023-04-29 17:27,f_f000027
f000027_900055,129.0108246,35.0979949,2023-04-29 17:28,f_f000027
f000027_900055,129.0108246,35.0979949,2023-04-29 17:29,f_f000027
f000027_900055,129.0108246,35.0979949,2023-04-29 17:29,f_f000027
f000027_900055,129.0108246,35.0979949,2023-04-29 17:30,f_f000027
f000027_900055,129.0108246,35.0979949,2023-04-29 17:31,f_f000027
f000027_900055,129.0108246,35.0979949,2023-04-29 17:31,f_f000027
f000027_900055,129.0108246,35.0979949,2023-04-29 17:32,f_f000027
f000027_900055,129.0108246,35.0979949,2023-04-29 17:33,f_f000027
f000027_900055,129.0108246,35.0979949,2023-04-29 17:33,f_f000027
f000027_900055,129.0108246,35.0979949,2023-04-29 17:34,f_f000027
f000027_900055,129.0108246,35.0979949,2023-04-29 17:35,f_f000027
f000027_900055,129.0108246,35.0979949,2023-04-29 17:35,f_f000027
f000027_900055,129.0108246,35.0979949,2023-04-29 17:36,f_f000027
f000027_900055,129.0108246,35.0979949,2023-04-29 17:37,f_f000027
f000027_900055,129.0108246,35.0979949,2023-04-29 17:37,f_f000027
f000027_900055,129.0108246,35.0979949,2023-04-29 17:38,f_f000027
f000027_900055,129.0108246,35.0979949,2023-04-29 17:39,f_f000027
f000027_900055,129.0108246,35.0979949,2023-04-29 17:39,f_f000027
f000027_900055,129.0108246,35.0979949,2023-04-29 17:40,f_f000027
f000027_900055,129.0108246,35.0979949,2023-04-29 17:41,f_f000027
f000027_900055,129.0108246,35.0979949,2023-04-29 17:41,f_f000027
f000027_900055,129.0108246,35.0979949,2023-04-29 17:42,f_f000027
f000027_900055,129.0108246,35.0979949,2023-04-29 17:43,f_f000027
f000027_900055,129.0108246,35.0979949,2023-04-29 17:43,f_f000027
f000027_900055,129.0108246,35.0979949,2023-04-29 17:44,f_f000027
f000027_900055,129.0108246,35.0979949,2023-04-29 17:45,f_f000027
f000027_900055,129.0108246,35.0979949,2023-04-29 17:45,f_f000027
f000027_900055,129.0108246,35.0979949,2023-04-29 17:46,f_f000027
f000027_900055,129.0108246,35.0979949,2023-04-29 17:47,f_f000027
f000027_900055,129.0108246,35.0979949,2023-04-29 17:47,f_f000027
f000027_900055,129.0108246,35.0979949,2023-04-29 17:48,f_f000027
f000027_900055,129.0108246,35.0979949,2023-04-29 17:49,f_f000027
f000027_900055,129.0108246,35.0979949,2023-04-29 17:49,f_f000027
f000027_900055,129.0108246,35.0979949,2023-04-29 17:50,f_f000027
f000027_900055,129.0108246,35.0979949,2023-04-29 17:51,f_f000027
f000027_900055,129.0108246,35.0979949,2023-04-29 17:51,f_f000027
f000027_900055,129.0108246,35.0979949,2023-04-29 17:52,f_f000027
f000027_900055,129.0108246,35.0979949,2023-04-29 17:53,f_f000027
f000027_900055,129.0108246,35.0979949,2023-04-29 17:53,f_f000027
f000027_900055,129.0108246,35.0979949,2023-04-29 17:54,f_f000027
f000027_900055,129.0108246,35.0979949,2023-04-29 17:55,f_f000027
f000027_900055,129.0108246,35.0979949,2023-04-29 17:55,f_f000027
f000027_900055,129.0108246,35.0979949,2023-04-29 17:56,f_f000027
f000027_900055,129.0108246,35.0979949,2023-04-29 17:57,f_f000027
f000027_900055,129.0108246,35.0979949,2023-04-29 17:57,f_f000027
f000027_900055,129.0108246,35.0979949,2023-04-29 17:58,f_f000027
f000027_900055,129.0108246,35.0979949,2023-04-29 17:59,f_f000027
f000027_900055,129.0108246,35.0979949,2023-04-29 18:00,f_f000027
f000027_900055,129.0108246,35.0979949,2023-04-29 18:00,f_f000027
f000027_900055,129.0108246,35.0979949,2023-04-29 18:01,f_f000027
f000027_900055,129.0108246,35.0979949,2023-04-29 18:02,f_f000027
f000027_900055,129.0108246,35.0979949,2023-04-29 18:03,f_f000027
f000027_900055,129.0108246,35.0979949,2023-04-29 18:03,f_f000027
f000027_900055,129.0108246,35.0979949,2023-04-29 18:04,f_f000027
f000027_900055,129.0108246,35.0979949,2023-04-29 18:05,f_f000027
f000027_900055,129.0108246,35.0979949,2023-04-29 18:05,f_f000027
f000027_900055,129.0108246,35.0979949,2023-04-29 18:06,f_f000027
f000027_900055,129.0108246,35.0979949,2023-04-29 18:07,f_f000027
f000027_900055,129.0108246,35.0979949,2023-04-29 18:07,f_f000027
f000027_900055,129.0108246,35.0979949,2023-04-29 18:08,f_f000027
f000027_900055,129.0108246,35.0979949,2023-04-29 18:09,f_f000027
f000027_900055,129.0108246,35.0979949,2023-04-29 18:09,f_f000027
f000027_900055,129.0108246,35.0979949,2023-04-29 18:10,f_f000027
f000027_900055,129.0108246,35.0979949,2023-04-29 18:11,f_f000027
f000027_900055,129.0108246,35.0979949,2023-04-29 18:12,f_f000027
f000027_900055,129.0108246,35.0979949,2023-04-29 18:13,f_f000027
f000027_900055,129.0108246,35.0979949,2023-04-29 18:13,f_f000027
f000027_900055,129.0108246,35.0979949,2023-04-29 18:14,f_f000027
f000027_900055,129.0108246,35.0979949,2023-04-29 18:15,f_f000027
f000027_900055,129.0108246,35.0979949,2023-04-29 18:15,f_f000027
f000027_900055,129.0108246,35.0979949,2023-04-29 18:16,f_f000027
f000027_900055,129.0108246,35.0979949,2023-04-29 18:17,f_f000027
f000027_900055,129.0108246,35.0979949,2023-04-29 18:17,f_f000027
f000027_900055,129.0108246,35.0979949,2023-04-29 18:18,f_f000027
f000027_900055,129.0108246,35.0979949,2023-04-29 18:19,f_f000027
f000027_900055,129.0108246,35.0979949,2023-04-29 18:19,f_f000027
f000027_900055,129.0108246,35.0979949,2023-04-29 18:20,f_f000027
f000027_900055,129.0108246,35.0979949,2023-04-29 18:21,f_f000027
f000027_900055,129.0108246,35.0979949,2023-04-29 18:22,f_f000027
f000027_900055,129.0108246,35.0979949,2023-04-29 18:22,f_f000027
f000027_900055,129.0108246,35.0979949,2023-04-29 18:23,f_f000027
f000027_900055,129.0108246,35.0979949,2023-04-29 18:23,f_f000027
f000027_900055,129.0108246,35.0979949,2023-04-29 18:24,f_f000027
f000027_900055,129.0108246,35.0979949,2023-04-29 18:25,f_f000027
f000027_900055,129.0108246,35.0979949,2023-04-29 18:26,f_f000027
f000027_900055,129.0108246,35.0979949,2023-04-29 18:27,f_f000027
f000027_900055,129.0108246,35.0979949,2023-04-29 18:27,f_f000027
f000027_900055,129.0108246,35.0979949,2023-04-29 18:29,f_f000027
f000027_900055,129.0108246,35.0979949,2023-04-29 18:29,f_f000027
f000027_900055,129.0108246,35.0979949,2023-04-29 18:30,f_f000027
f000027_900055,129.0108246,35.0979949,2023-04-29 18:31,f_f000027
f000027_900055,129.0108246,35.0979949,2023-04-29 18:31,f_f000027
f000027_900055,129.0108246,35.0979949,2023-04-29 18:32,f_f000027
f000027_900055,129.0108246,35.0979949,2023-04-29 18:33,f_f000027
f000027_900055,129.0108246,35.0979949,2023-04-29 18:33,f_f000027
f000027_900055,129.0108246,35.0979949,2023-04-29 18:34,f_f000027
f000027_900055,129.0108246,35.0979949,2023-04-29 18:35,f_f000027
f000027_900055,129.0108246,35.0979949,2023-04-29 18:35,f_f000027
f000027_900055,129.0108246,35.0979949,2023-04-29 18:36,f_f000027
f000027_900055,129.0108246,35.0979949,2023-04-29 18:37,f_f000027
f000027_900055,129.0108246,35.0979949,2023-04-29 18:37,f_f000027
f000027_900055,129.0108246,35.0979949,2023-04-29 18:38,f_f000027
f000027_900055,129.0108246,35.0979949,2023-04-29 18:39,f_f000027
f000027_900055,129.0108246,35.0979949,2023-04-29 18:39,f_f000027
f000027_900055,129.0108246,35.0979949,2023-04-29 18:41,f_f000027
f000027_900055,129.0108246,35.0979949,2023-04-29 18:41,f_f000027
f000027_900055,129.0108246,35.0979949,2023-04-29 18:42,f_f000027
f000027_900055,129.0108246,35.0979949,2023-04-29 18:42,f_f000027
f000027_900055,129.0108246,35.0979949,2023-04-29 18:43,f_f000027
f000027_900055,129.0108246,35.0979949,2023-04-29 18:44,f_f000027
f000027_900055,129.0108246,35.0979949,2023-04-29 18:44,f_f000027
f000027_900055,129.0108246,35.0979949,2023-04-29 18:45,f_f000027
f000027_900055,129.0108246,35.0979949,2023-04-29 18:45,f_f000027
f000027_900055,129.0108246,35.0979949,2023-04-29 18:46,f_f000027
f000027_900055,129.0108246,35.0979949,2023-04-29 18:46,f_f000027
f000027_900055,129.0108246,35.0979949,2023-04-29 18:47,f_f000027
f000027_900055,129.0108246,35.0979949,2023-04-29 18:47,f_f000027
f000027_900055,129.0108246,35.0979949,2023-04-29 18:48,f_f000027
f000027_900055,129.0108246,35.0979949,2023-04-29 18:48,f_f000027
f000027_900055,129.0108246,35.0979949,2023-04-29 18:49,f_f000027
f000027_900055,129.0108246,35.0979949,2023-04-29 18:49,f_f000027
f000027_900055,129.0108246,35.0979949,2023-04-29 18:50,f_f000027
f000027_900055,129.0108246,35.0979949,2023-04-29 18:51,f_f000027
f000027_900055,129.0108246,35.0979949,2023-04-29 18:51,f_f000027
f000027_900055,129.0108246,35.0979949,2023-04-29 18:52,f_f000027
f000027_900055,129.0108246,35.0979949,2023-04-29 18:53,f_f000027
f000027_900055,129.0108246,35.0979949,2023-04-29 18:54,f_f000027
f000027_900055,129.0108246,35.0979949,2023-04-29 18:54,f_f000027
f000027_900055,129.0108246,35.0979949,2023-04-29 18:55,f_f000027
f000027_900055,129.0108246,35.0979949,2023-04-29 18:56,f_f000027
f000027_900055,129.0108246,35.0979949,2023-04-29 18:57,f_f000027
f000027_900055,129.0108246,35.0979949,2023-04-29 18:57,f_f000027
f000027_900055,129.0108246,35.0979949,2023-04-29 18:58,f_f000027
f000027_900055,129.0108246,35.0979949,2023-04-29 18:59,f_f000027
f000027_900055,129.0108246,35.0979949,2023-04-29 18:59,f_f000027
f000027_900055,129.0108246,35.0979949,2023-04-29 19:00,f_f000027
f000027_900055,129.0108246,35.0979949,2023-04-29 19:01,f_f000027
f000027_900055,129.0108246,35.0979949,2023-04-29 19:01,f_f000027
f000027_900055,129.0108246,35.0979949,2023-04-29 19:02,f_f000027
f000027_900055,129.0108246,35.0979949,2023-04-29 19:03,f_f000027
f000027_900055,129.0108246,35.0979949,2023-04-29 19:03,f_f000027
f000027_900055,129.0108246,35.0979949,2023-04-29 19:04,f_f000027
f000027_900055,129.0108246,35.0979949,2023-04-29 19:05,f_f000027
f000027_900055,129.0108246,35.0979949,2023-04-29 19:05,f_f000027
f000027_900055,129.0108246,35.0979949,2023-04-29 19:06,f_f000027
f000027_900055,129.0108246,35.0979949,2023-04-29 19:07,f_f000027
f000027_900055,129.0108246,35.0979949,2023-04-29 19:07,f_f000027
f000027_900055,129.0108246,35.0979949,2023-04-29 19:08,f_f000027
f000027_900055,129.0108246,35.0979949,2023-04-29 19:09,f_f000027
f000027_900055,129.0108246,35.0979949,2023-04-29 19:09,f_f000027
f000027_900055,129.0108246,35.0979949,2023-04-29 19:10,f_f000027
f000027_900055,129.0108246,35.0979949,2023-04-29 19:11,f_f000027
f000027_900055,129.0108246,35.0979949,2023-04-29 19:11,f_f000027
f000027_900055,129.0108246,35.0979949,2023-04-29 19:12,f_f000027
f000027_900055,129.0108246,35.0979949,2023-04-29 19:13,f_f000027
f000027_900055,129.0108246,35.0979949,2023-04-29 19:13,f_f000027
f000027_900055,129.0108246,35.0979949,2023-04-29 19:14,f_f000027
f000027_900055,129.0108246,35.0979949,2023-04-29 19:15,f_f000027
f000027_900055,129.0108246,35.0979949,2023-04-29 19:15,f_f000027
f000027_900055,129.0108246,35.0979949,2023-04-29 19:16,f_f000027
f000027_900055,129.0108246,35.0979949,2023-04-29 19:17,f_f000027
f000027_900055,129.0108246,35.0979949,2023-04-29 19:17,f_f000027
f000027_900055,129.0108246,35.0979949,2023-04-29 19:18,f_f000027
f000027_900055,129.0108246,35.0979949,2023-04-29 19:19,f_f000027
f000027_900055,129.0108246,35.0979949,2023-04-29 19:20,f_f000027
f000027_900055,129.0108246,35.0979949,2023-04-29 19:20,f_f000027
f000027_900055,129.0108246,35.0979949,2023-04-29 19:21,f_f000027
f000027_900055,129.0108246,35.0979949,2023-04-29 19:22,f_f000027
f000027_900055,129.0108246,35.0979949,2023-04-29 19:22,f_f000027
f000027_900055,129.0108246,35.0979949,2023-04-29 19:23,f_f000027
f000027_900055,129.0108246,35.0979949,2023-04-29 19:24,f_f000027
f000027_900055,129.0108246,35.0979949,2023-04-29 19:24,f_f000027
f000027_900055,129.0108246,35.0979949,2023-04-29 19:25,f_f000027
f000027_900055,129.0108246,35.0979949,2023-04-29 19:25,f_f000027
f000027_900055,129.0108246,35.0979949,2023-04-29 19:26,f_f000027
f000027_900055,129.0108246,35.0979949,2023-04-29 19:27,f_f000027
f000027_900055,129.0108246,35.0979949,2023-04-29 19:28,f_f000027
f000027_900055,129.0108246,35.0979949,2023-04-29 19:28,f_f000027
f000027_900055,129.0108246,35.0979949,2023-04-29 19:29,f_f000027
f000027_900055,129.0108246,35.0979949,2023-04-29 19:29,f_f000027
f000027_900055,129.0108246,35.0979949,2023-04-29 19:30,f_f000027
f000027_900055,129.0108246,35.0979949,2023-04-29 19:30,f_f000027
f000027_900055,129.0108246,35.0979949,2023-04-29 19:31,f_f000027
f000027_900055,129.0108246,35.0979949,2023-04-29 19:32,f_f000027
f000027_900055,129.0108246,35.0979949,2023-04-29 19:32,f_f000027
f000027_900055,129.0108246,35.0979949,2023-04-29 19:33,f_f000027
f000027_900055,129.0108246,35.0979949,2023-04-29 19:34,f_f000027
f000027_900055,129.0108246,35.0979949,2023-04-29 19:34,f_f000027
f000027_900055,129.0108246,35.0979949,2023-04-29 19:35,f_f000027
f000027_900055,129.0108246,35.0979949,2023-04-29 19:35,f_f000027
f000027_900055,129.0108246,35.0979949,2023-04-29 19:36,f_f000027
f000027_900055,129.0108246,35.0979949,2023-04-29 19:37,f_f000027
f000027_900055,129.0108246,35.0979949,2023-04-29 19:37,f_f000027
f000027_900055,129.0108246,35.0979949,2023-04-29 19:39,f_f000027
f000027_900055,129.0108246,35.0979949,2023-04-29 19:39,f_f000027
f000027_900055,129.0108246,35.0979949,2023-04-29 19:40,f_f000027
f000027_900055,129.0108246,35.0979949,2023-04-29 19:41,f_f000027
f000027_900055,129.0108246,35.0979949,2023-04-29 19:41,f_f000027
f000027_900055,129.0108246,35.0979949,2023-04-29 19:42,f_f000027
f000027_900055,129.0108246,35.0979949,2023-04-29 19:43,f_f000027
f000027_900055,129.0108246,35.0979949,2023-04-29 19:43,f_f000027
f000027_900055,129.0108246,35.0979949,2023-04-29 19:44,f_f000027
f000027_900055,129.0108246,35.0979949,2023-04-29 19:45,f_f000027
f000027_900055,129.0108246,35.0979949,2023-04-29 19:45,f_f000027
f000027_900055,129.0108246,35.0979949,2023-04-29 19:46,f_f000027
f000027_900055,129.0108246,35.0979949,2023-04-29 19:47,f_f000027
f000027_900055,129.0108246,35.0979949,2023-04-29 19:47,f_f000027
f000027_900055,129.0108246,35.0979949,2023-04-29 19:48,f_f000027
f000027_900055,129.0108246,35.0979949,2023-04-29 19:49,f_f000027
f000027_900055,129.0108246,35.0979949,2023-04-29 19:49,f_f000027
f000027_900055,129.0108246,35.0979949,2023-04-29 19:50,f_f000027
f000027_900055,129.0108246,35.0979949,2023-04-29 19:51,f_f000027
f000027_900055,129.0108246,35.0979949,2023-04-29 19:51,f_f000027
f000027_900055,129.0108246,35.0979949,2023-04-29 19:52,f_f000027
f000027_900055,129.0108246,35.0979949,2023-04-29 19:53,f_f000027
f000027_900055,129.0108246,35.0979949,2023-04-29 19:53,f_f000027
f000027_900055,129.0108246,35.0979949,2023-04-29 19:54,f_f000027
f000027_900055,129.0108246,35.0979949,2023-04-29 19:55,f_f000027
f000027_900055,129.0108246,35.0979949,2023-04-29 19:55,f_f000027
f000027_900055,129.0108246,35.0979949,2023-04-29 19:56,f_f000027
f000027_900055,129.0108246,35.0979949,2023-04-29 19:56,f_f000027
f000027_900055,129.0108246,35.0979949,2023-04-29 19:57,f_f000027
f000027_900055,129.0108246,35.0979949,2023-04-29 19:58,f_f000027
f000027_900055,129.0108246,35.0979949,2023-04-29 19:59,f_f000027
f000027_900055,129.0108246,35.0979949,2023-04-29 19:59,f_f000027
f000027_900055,129.0108246,35.0979949,2023-04-29 20:00,f_f000027
f000027_900055,129.0108246,35.0979949,2023-04-29 20:01,f_f000027
f000027_900055,129.0108246,35.0979949,2023-04-29 20:01,f_f000027
f000027_900055,129.0108246,35.0979949,2023-04-29 20:02,f_f000027
f000027_900055,129.0108246,35.0979949,2023-04-29 20:03,f_f000027
f000027_900055,129.0108246,35.0979949,2023-04-29 20:03,f_f000027
f000027_900055,129.0108246,35.0979949,2023-04-29 20:04,f_f000027
f000027_900055,129.0108246,35.0979949,2023-04-29 20:05,f_f000027
f000027_900055,129.0108246,35.0979949,2023-04-29 20:05,f_f000027
f000027_900055,129.0108246,35.0979949,2023-04-29 20:06,f_f000027
f000027_900055,129.0108246,35.0979949,2023-04-29 20:06,f_f000027
f000027_900055,129.0108246,35.0979949,2023-04-29 20:07,f_f000027
f000027_900055,129.0108246,35.0979949,2023-04-29 20:08,f_f000027
f000027_900055,129.0108246,35.0979949,2023-04-29 20:09,f_f000027
f000027_900055,129.0108246,35.0979949,2023-04-29 20:09,f_f000027
f000027_900055,129.0108246,35.0979949,2023-04-29 20:10,f_f000027
f000027_900055,129.0106345,35.0976887,2023-04-29 20:10,f_f000027
f000027_900055,129.0106345,35.0976887,2023-04-29 20:11,f_f000027
f000027_900055,129.0106345,35.0976887,2023-04-29 20:12,f_f000027
f000027_900055,129.0106345,35.0976887,2023-04-29 20:12,f_f000027
f000027_900055,129.0106345,35.0976887,2023-04-29 20:13,f_f000027
f000027_900055,129.0106345,35.0976887,2023-04-29 20:14,f_f000027
f000027_900055,129.0106345,35.0976887,2023-04-29 20:14,f_f000027
f000027_900055,129.0106345,35.0976887,2023-04-29 20:15,f_f000027
f000027_900055,129.0106345,35.0976887,2023-04-29 20:16,f_f000027
f000027_900055,129.0106345,35.0976887,2023-04-29 20:16,f_f000027
f000027_900055,129.0106345,35.0976887,2023-04-29 20:17,f_f000027
f000027_900055,129.0106345,35.0976887,2023-04-29 20:18,f_f000027
f000027_900055,129.0106345,35.0976887,2023-04-29 20:19,f_f000027
f000027_900055,129.0106345,35.0976887,2023-04-29 20:20,f_f000027
f000027_900055,129.0106345,35.0976887,2023-04-29 20:21,f_f000027
f000027_900055,129.0106345,35.0976887,2023-04-29 20:22,f_f000027
f000027_900055,129.0106345,35.0976887,2023-04-29 20:22,f_f000027
f000027_900055,129.0106345,35.0976887,2023-04-29 20:23,f_f000027
f000027_900055,129.0106345,35.0976887,2023-04-29 20:24,f_f000027
f000027_900055,129.0106345,35.0976887,2023-04-29 20:25,f_f000027
f000027_900055,129.0106345,35.0976887,2023-04-29 20:26,f_f000027
f000027_900055,129.0106345,35.0976887,2023-04-29 20:27,f_f000027
f000027_900055,129.0106345,35.0976887,2023-04-29 20:27,f_f000027
f000027_900055,129.0106345,35.0976887,2023-04-29 20:28,f_f000027
f000027_900055,129.0106345,35.0976887,2023-04-29 20:29,f_f000027
f000027_900055,129.0106345,35.0976887,2023-04-29 20:30,f_f000027
f000027_900055,129.0106345,35.0976887,2023-04-29 20:30,f_f000027
f000027_900055,129.0106345,35.0976887,2023-04-29 20:31,f_f000027
f000027_900055,129.0106345,35.0976887,2023-04-29 20:31,f_f000027
f000027_900055,129.0106345,35.0976887,2023-04-29 20:32,f_f000027
f000027_900055,129.0106345,35.0976887,2023-04-29 20:33,f_f000027
f000027_900055,129.0103458,35.0975465,2023-04-29 20:33,f_f000027
f000027_900055,129.0103458,35.0975465,2023-04-29 20:34,f_f000027
f000027_900055,129.0103458,35.0975465,2023-04-29 20:35,f_f000027
f000027_900055,129.0103458,35.0975465,2023-04-29 20:35,f_f000027
f000027_900055,129.0103458,35.0975465,2023-04-29 20:36,f_f000027
f000027_900055,129.0103458,35.0975465,2023-04-29 20:37,f_f000027
f000027_900055,129.0103458,35.0975465,2023-04-29 20:37,f_f000027
f000027_900055,129.0103458,35.0975465,2023-04-29 20:38,f_f000027
f000027_900055,129.0103458,35.0975465,2023-04-29 20:39,f_f000027
f000027_900055,129.0103458,35.0975465,2023-04-29 20:39,f_f000027
f000027_900055,129.0103458,35.0975465,2023-04-29 20:40,f_f000027
f000027_900055,129.0103458,35.0975465,2023-04-29 20:41,f_f000027
f000027_900055,129.0103458,35.0975465,2023-04-29 20:41,f_f000027
f000027_900055,129.0103458,35.0975465,2023-04-29 20:42,f_f000027
f000027_900055,129.0103458,35.0975465,2023-04-29 20:43,f_f000027
f000027_900055,129.0103458,35.0975465,2023-04-29 20:44,f_f000027
f000027_900055,129.0103458,35.0975465,2023-04-29 20:44,f_f000027
f000027_900055,129.0103458,35.0975465,2023-04-29 20:45,f_f000027
f000027_900055,129.0103458,35.0975465,2023-04-29 20:46,f_f000027
f000027_900055,129.0103458,35.0975465,2023-04-29 20:47,f_f000027
f000027_900055,129.0103458,35.0975465,2023-04-29 20:48,f_f000027
f000027_900055,129.0103458,35.0975465,2023-04-29 20:48,f_f000027
f000027_900055,129.0103458,35.0975465,2023-04-29 20:49,f_f000027
f000027_900055,129.0103458,35.0975465,2023-04-29 20:50,f_f000027
f000027_900055,129.0103458,35.0975465,2023-04-29 20:50,f_f000027
f000027_900055,129.0103458,35.0975465,2023-04-29 20:51,f_f000027
f000027_900055,129.0103458,35.0975465,2023-04-29 20:52,f_f000027
f000027_900055,129.0103458,35.0975465,2023-04-29 20:52,f_f000027
f000027_900055,129.0103458,35.0975465,2023-04-29 20:53,f_f000027
f000027_900055,129.0103458,35.0975465,2023-04-29 20:54,f_f000027
f000027_900055,129.0103458,35.0975465,2023-04-29 20:55,f_f000027
f000027_900055,129.0103458,35.0975465,2023-04-29 20:55,f_f000027
f000027_900055,129.0103458,35.0975465,2023-04-29 20:56,f_f000027
f000027_900055,129.0103458,35.0975465,2023-04-29 20:57,f_f000027
f000027_900055,129.0103458,35.0975465,2023-04-29 20:57,f_f000027
f000027_900055,129.0103458,35.0975465,2023-04-29 20:58,f_f000027
f000027_900055,129.0103458,35.0975465,2023-04-29 20:59,f_f000027
f000027_900055,129.0103458,35.0975465,2023-04-29 20:59,f_f000027
f000027_900055,129.0103458,35.0975465,2023-04-29 21:00,f_f000027
f000027_900055,129.0103458,35.0975465,2023-04-29 21:01,f_f000027
f000027_900055,129.0103458,35.0975465,2023-04-29 21:02,f_f000027
f000027_900055,129.0103458,35.0975465,2023-04-29 21:02,f_f000027
f000027_900055,129.0103458,35.0975465,2023-04-29 21:03,f_f000027
f000027_900055,129.0103458,35.0975465,2023-04-29 21:04,f_f000027
f000027_900055,129.0103458,35.0975465,2023-04-29 21:04,f_f000027
f000027_900055,129.0103458,35.0975465,2023-04-29 21:05,f_f000027
f000027_900055,129.0103458,35.0975465,2023-04-29 21:06,f_f000027
f000027_900055,129.0103458,35.0975465,2023-04-29 21:06,f_f000027
f000027_900055,129.0103458,35.0975465,2023-04-29 21:07,f_f000027
f000027_900055,129.0103458,35.0975465,2023-04-29 21:08,f_f000027
f000027_900055,129.0103458,35.0975465,2023-04-29 21:08,f_f000027
f000027_900055,129.0103458,35.0975465,2023-04-29 21:09,f_f000027
f000027_900055,129.0103458,35.0975465,2023-04-29 21:09,f_f000027
f000027_900055,129.0103458,35.0975465,2023-04-29 21:10,f_f000027
f000027_900055,129.0103458,35.0975465,2023-04-29 21:11,f_f000027
f000027_900055,129.0103458,35.0975465,2023-04-29 21:11,f_f000027
f000027_900055,129.0103458,35.0975465,2023-04-29 21:12,f_f000027
f000027_900055,129.0103458,35.0975465,2023-04-29 21:13,f_f000027
f000027_900055,129.0103458,35.0975465,2023-04-29 21:13,f_f000027
f000027_900055,129.0103458,35.0975465,2023-04-29 21:14,f_f000027
f000027_900055,129.0103458,35.0975465,2023-04-29 21:15,f_f000027
f000027_900055,129.0103458,35.0975465,2023-04-29 21:15,f_f000027
f000027_900055,129.0103458,35.0975465,2023-04-29 21:16,f_f000027
f000027_900055,129.0103458,35.0975465,2023-04-29 21:17,f_f000027
f000027_900055,129.0103458,35.0975465,2023-04-29 21:17,f_f000027
f000027_900055,129.0103458,35.0975465,2023-04-29 21:18,f_f000027
f000027_900055,129.0103458,35.0975465,2023-04-29 21:18,f_f000027
f000027_900055,129.0103458,35.0975465,2023-04-29 21:19,f_f000027
f000027_900055,129.0103458,35.0975465,2023-04-29 21:20,f_f000027
f000027_900055,129.0103458,35.0975465,2023-04-29 21:21,f_f000027
f000027_900055,129.0103458,35.0975465,2023-04-29 21:21,f_f000027
f000027_900055,129.0103458,35.0975465,2023-04-29 21:22,f_f000027
f000027_900055,129.0103458,35.0975465,2023-04-29 21:22,f_f000027
f000027_900055,129.0103458,35.0975465,2023-04-29 21:23,f_f000027
f000027_900055,129.0103458,35.0975465,2023-04-29 21:24,f_f000027
f000027_900055,129.0103458,35.0975465,2023-04-29 21:25,f_f000027
f000027_900055,129.0103458,35.0975465,2023-04-29 21:26,f_f000027
f000027_900055,129.0103458,35.0975465,2023-04-29 21:27,f_f000027
f000027_900055,129.0104618,35.0972689,2023-04-29 21:28,f_f000027
f000027_900055,129.0104618,35.0972689,2023-04-29 21:29,f_f000027
f000027_900055,129.0104618,35.0972689,2023-04-29 21:29,f_f000027
f000027_900055,129.0104618,35.0972689,2023-04-29 21:30,f_f000027
f000027_900055,129.0104618,35.0972689,2023-04-29 21:31,f_f000027
f000027_900055,129.0104618,35.0972689,2023-04-29 21:31,f_f000027
f000027_900055,129.0104618,35.0972689,2023-04-29 21:32,f_f000027
f000027_900055,129.0104618,35.0972689,2023-04-29 21:32,f_f000027
f000027_900055,129.0104618,35.0972689,2023-04-29 21:33,f_f000027
f000027_900055,129.0104618,35.0972689,2023-04-29 21:34,f_f000027
f000027_900055,129.0104618,35.0972689,2023-04-29 21:34,f_f000027
f000027_900055,129.0104618,35.0972689,2023-04-29 21:35,f_f000027
f000027_900055,129.0104618,35.0972689,2023-04-29 21:36,f_f000027
f000027_900055,129.0104618,35.0972689,2023-04-29 21:36,f_f000027
f000027_900055,129.0104618,35.0972689,2023-04-29 21:37,f_f000027
f000027_900055,129.0104618,35.0972689,2023-04-29 21:38,f_f000027
f000027_900055,129.0104618,35.0972689,2023-04-29 21:39,f_f000027
f000027_900055,129.0104618,35.0972689,2023-04-29 21:39,f_f000027
f000027_900055,129.0095457,35.0972785,2023-04-29 21:40,f_f000027
f000027_900055,129.0095457,35.0972785,2023-04-29 21:41,f_f000027
f000027_900055,129.0095457,35.0972785,2023-04-29 21:41,f_f000027
f000027_900055,129.0095457,35.0972785,2023-04-29 21:42,f_f000027
f000027_900055,129.0095457,35.0972785,2023-04-29 21:42,f_f000027
f000027_900055,129.0095457,35.0972785,2023-04-29 21:43,f_f000027
f000027_900055,129.0095457,35.0972785,2023-04-29 21:44,f_f000027
f000027_900055,129.0095457,35.0972785,2023-04-29 21:44,f_f000027
f000027_900055,129.0095457,35.0972785,2023-04-29 21:45,f_f000027
f000027_900055,129.0095457,35.0972785,2023-04-29 21:46,f_f000027
f000027_900055,129.0095457,35.0972785,2023-04-29 21:46,f_f000027
f000027_900055,129.0095457,35.0972785,2023-04-29 21:47,f_f000027
f000027_900055,129.0095457,35.0972785,2023-04-29 21:47,f_f000027
f000027_900055,129.0095457,35.0972785,2023-04-29 21:47,f_f000027
f000027_900055,129.0095457,35.0972785,2023-04-29 21:48,f_f000027
f000027_900055,129.0095457,35.0972785,2023-04-29 21:48,f_f000027
f000027_900055,129.0095457,35.0972785,2023-04-29 21:49,f_f000027
f000027_900055,129.0095457,35.0972785,2023-04-29 21:49,f_f000027
f000027_900055,129.0086484,35.0972177,2023-04-29 21:50,f_f000027
f000027_900055,129.0086484,35.0972177,2023-04-29 21:50,f_f000027
f000027_900055,129.0086484,35.0972177,2023-04-29 21:51,f_f000027
f000027_900055,129.0086484,35.0972177,2023-04-29 21:51,f_f000027
f000027_900055,129.0081727,35.0973624,2023-04-29 21:52,f_f000027
f000027_900055,129.0081727,35.0973624,2023-04-29 21:52,f_f000027
f000027_900055,129.0081727,35.0973624,2023-04-29 21:53,f_f000027
f000027_900055,129.0081727,35.0973624,2023-04-29 21:53,f_f000027
f000027_900055,129.0081727,35.0973624,2023-04-29 21:54,f_f000027
f000027_900055,129.0081727,35.0973624,2023-04-29 21:54,f_f000027
f000027_900055,129.0081727,35.0973624,2023-04-29 21:55,f_f000027
f000027_900055,129.0081727,35.0973624,2023-04-29 21:55,f_f000027
f000027_900055,129.0081727,35.0973624,2023-04-29 21:56,f_f000027
f000027_900055,129.0081727,35.0973624,2023-04-29 21:56,f_f000027
f000027_900055,129.0081727,35.0973624,2023-04-29 21:57,f_f000027
f000027_900055,129.0081727,35.0973624,2023-04-29 21:57,f_f000027
f000027_900055,129.0081727,35.0973624,2023-04-29 21:58,f_f000027
f000027_900055,129.0081727,35.0973624,2023-04-29 21:59,f_f000027
f000027_900055,129.0081727,35.0973624,2023-04-29 21:59,f_f000027
f000027_900055,129.0081727,35.0973624,2023-04-29 22:00,f_f000027
f000027_900055,129.0081727,35.0973624,2023-04-29 22:00,f_f000027
f000027_900055,129.0081727,35.0973624,2023-04-29 22:00,f_f000027
f000027_900055,129.0081727,35.0973624,2023-04-29 22:01,f_f000027
f000027_900055,129.0081727,35.0973624,2023-04-29 22:01,f_f000027
f000027_900055,129.0081727,35.0973624,2023-04-29 22:02,f_f000027
f000027_900055,129.0085025,35.0977826,2023-04-29 22:02,f_f000027
f000027_900055,129.0085025,35.0977826,2023-04-29 22:03,f_f000027
f000027_900055,129.0085025,35.0977826,2023-04-29 22:03,f_f000027
f000027_900055,129.0085025,35.0977826,2023-04-29 22:04,f_f000027
f000027_900055,129.0085025,35.0977826,2023-04-29 22:04,f_f000027
f000027_900055,129.0088251,35.0979745,2023-04-29 22:05,f_f000027
f000027_900055,129.0088251,35.0979745,2023-04-29 22:06,f_f000027
f000027_900055,129.0088251,35.0979745,2023-04-29 22:06,f_f000027
f000027_900055,129.0088251,35.0979745,2023-04-29 22:07,f_f000027
f000027_900055,129.0088251,35.0979745,2023-04-29 22:08,f_f000027
f000027_900055,129.0088251,35.0979745,2023-04-29 22:08,f_f000027
f000027_900055,129.0088251,35.0979745,2023-04-29 22:09,f_f000027
f000027_900055,129.0088251,35.0979745,2023-04-29 22:09,f_f000027
f000027_900055,129.0094038,35.0989542,2023-04-29 22:10,f_f000027
f000027_900055,129.0094038,35.0989542,2023-04-29 22:10,f_f000027
f000027_900055,129.0098093,35.0987773,2023-04-29 22:11,f_f000027
f000027_900055,129.0100157,35.0985299,2023-04-29 22:11,f_f000027
f000027_900055,129.0100157,35.0985299,2023-04-29 22:12,f_f000027
f000027_900055,129.0102905,35.0980964,2023-04-29 22:12,f_f000027
f000027_900055,129.010418,35.0978326,2023-04-29 22:13,f_f000027
f000027_900055,129.0105676,35.0975835,2023-04-29 22:13,f_f000027
f000027_900055,129.0105676,35.0975835,2023-04-29 22:14,f_f000027
f000027_900055,129.0105676,35.0975835,2023-04-29 22:14,f_f000027
f000027_900055,129.0105676,35.0975835,2023-04-29 22:15,f_f000027
f000027_900055,129.0107719,35.0973227,2023-04-29 22:16,f_f000027
f000027_900055,129.0107719,35.0973227,2023-04-29 22:16,f_f000027
f000027_900055,129.0107719,35.0973227,2023-04-29 22:17,f_f000027
f000027_900055,129.0107719,35.0973227,2023-04-29 22:18,f_f000027
f000027_900055,129.0107719,35.0973227,2023-04-29 22:18,f_f000027
f000027_900055,129.0107719,35.0973227,2023-04-29 22:19,f_f000027
f000027_900055,129.0137269,35.0993318,2023-04-29 22:20,f_f000027
f000027_900055,129.0137269,35.0993318,2023-04-29 22:20,f_f000027
f000027_900055,129.0188327,35.0998031,2023-04-29 22:21,f_f000027
f000027_900055,129.0194114,35.1003819,2023-04-29 22:21,f_f000027
f000027_900055,129.0194114,35.1003819,2023-04-29 22:22,f_f000027
f000027_900055,129.0194114,35.1003819,2023-04-29 22:22,f_f000027
f000027_900055,129.0194114,35.1003819,2023-04-29 22:23,f_f000027
f000027_900055,129.0223701,35.1032095,2023-04-29 22:23,f_f000027
f000027_900055,129.0223701,35.1032095,2023-04-29 22:24,f_f000027
f000027_900055,129.0255495,35.1031904,2023-04-29 22:25,f_f000027
f000027_900055,129.0255495,35.1031904,2023-04-29 22:25,f_f000027
f000027_900055,129.0255495,35.1031904,2023-04-29 22:26,f_f000027
f000027_900055,129.0258917,35.1028018,2023-04-29 22:26,f_f000027
f000027_900055,129.0258917,35.1028018,2023-04-29 22:27,f_f000027
f000027_900055,129.0258917,35.1028018,2023-04-29 22:27,f_f000027
f000027_900055,129.0258584,35.1019253,2023-04-29 22:28,f_f000027
f000027_900055,129.0258584,35.1019253,2023-04-29 22:28,f_f000027
f000027_900055,129.0259039,35.1016073,2023-04-29 22:29,f_f000027
f000027_900055,129.0259039,35.1016073,2023-04-29 22:29,f_f000027
f000027_900055,129.0259039,35.1016073,2023-04-29 22:30,f_f000027
f000027_900055,129.0259039,35.1016073,2023-04-29 22:31,f_f000027
f000027_900055,129.0259039,35.1016073,2023-04-29 22:31,f_f000027
f000027_900055,129.0259039,35.1016073,2023-04-29 22:32,f_f000027
f000027_900055,129.0259039,35.1016073,2023-04-29 22:32,f_f000027
f000027_900055,129.0259039,35.1016073,2023-04-29 22:33,f_f000027
f000027_900055,129.0259039,35.1016073,2023-04-29 22:33,f_f000027
f000027_900055,129.0259039,35.1016073,2023-04-29 22:34,f_f000027
f000027_900055,129.0259039,35.1016073,2023-04-29 22:34,f_f000027
f000027_900055,129.0259039,35.1016073,2023-04-29 22:35,f_f000027
f000027_900055,129.0259039,35.1016073,2023-04-29 22:36,f_f000027
f000027_900055,129.0259039,35.1016073,2023-04-29 22:36,f_f000027
f000027_900055,129.0259039,35.1016073,2023-04-29 22:37,f_f000027
f000027_900055,129.0259039,35.1016073,2023-04-29 22:38,f_f000027
f000027_900055,129.0266023,35.1000301,2023-04-29 22:38,f_f000027
f000027_900055,129.0266023,35.1000301,2023-04-29 22:39,f_f000027
f000027_900055,129.0266023,35.1000301,2023-04-29 22:40,f_f000027
f000027_900055,129.0266023,35.1000301,2023-04-29 22:40,f_f000027
f000027_900055,129.0266023,35.1000301,2023-04-29 22:41,f_f000027
f000027_900055,129.028784,35.0992787,2023-04-29 22:42,f_f000027
f000027_900055,129.028784,35.0992787,2023-04-29 22:42,f_f000027
f000027_900055,129.0289203,35.0990067,2023-04-29 22:43,f_f000027
f000027_900055,129.0289203,35.0990067,2023-04-29 22:44,f_f000027
f000027_900055,129.0289203,35.0990067,2023-04-29 22:44,f_f000027
f000027_900055,129.0289203,35.0990067,2023-04-29 22:45,f_f000027
f000027_900055,129.0289203,35.0990067,2023-04-29 22:45,f_f000027
f000027_900055,129.0289203,35.0990067,2023-04-29 22:46,f_f000027
f000027_900055,129.0286118,35.0988333,2023-04-29 22:47,f_f000027
f000027_900055,129.0286118,35.0988333,2023-04-29 22:47,f_f000027
f000027_900055,129.0286118,35.0988333,2023-04-29 22:48,f_f000027
f000027_900055,129.0280057,35.0988333,2023-04-29 22:49,f_f000027
f000027_900055,129.0280057,35.0988333,2023-04-29 22:49,f_f000027
f000027_900055,129.0280057,35.0988333,2023-04-29 22:50,f_f000027
f000027_900055,129.0280057,35.0988333,2023-04-29 22:50,f_f000027
f000027_900055,129.0280057,35.0988333,2023-04-29 22:51,f_f000027
f000027_900055,129.0280057,35.0988333,2023-04-29 22:51,f_f000027
f000027_900055,129.0280057,35.0988333,2023-04-29 22:52,f_f000027
f000027_900055,129.0280057,35.0988333,2023-04-29 22:53,f_f000027
f000027_900055,129.0280057,35.0988333,2023-04-29 22:53,f_f000027
f000027_900055,129.0280057,35.0988333,2023-04-29 22:54,f_f000027
f000027_900055,129.0270483,35.0987503,2023-04-29 22:55,f_f000027
f000027_900055,129.0266727,35.0986608,2023-04-29 22:56,f_f000027
f000027_900055,129.0266727,35.0986608,2023-04-29 22:56,f_f000027
f000027_900055,129.0266727,35.0986608,2023-04-29 22:57,f_f000027
f000027_900055,129.0263358,35.0983034,2023-04-29 22:57,f_f000027
f000027_900055,129.0263358,35.0983034,2023-04-29 22:58,f_f000027
f000027_900055,129.0263358,35.0983034,2023-04-29 22:59,f_f000027
f000027_900055,129.0252702,35.09833,2023-04-29 22:59,f_f000027
f000027_900055,129.0252702,35.09833,2023-04-29 23:00,f_f000027
f000027_900055,129.0252702,35.09833,2023-04-29 23:00,f_f000027
f000027_900055,129.0252702,35.09833,2023-04-29 23:01,f_f000027
f000027_900055,129.0251601,35.0976956,2023-04-29 23:01,f_f000027
f000027_900055,129.0253895,35.0973247,2023-04-29 23:02,f_f000027
f000027_900055,129.0253895,35.0973247,2023-04-29 23:02,f_f000027
f000027_900055,129.0253895,35.0973247,2023-04-29 23:03,f_f000027
f000027_900055,129.0253895,35.0973247,2023-04-29 23:03,f_f000027
f000027_900055,129.0229652,35.0965465,2023-04-29 23:03,f_f000027
f000027_900055,129.0229652,35.0965465,2023-04-29 23:04,f_f000027
f000027_900055,129.0229652,35.0965465,2023-04-29 23:04,f_f000027
f000027_900055,129.0222942,35.0965846,2023-04-29 23:05,f_f000027
f000027_900055,129.0209921,35.0975893,2023-04-29 23:05,f_f000027
f000027_900055,129.0205751,35.0979514,2023-04-29 23:06,f_f000027
f000027_900055,129.0196711,35.0995137,2023-04-29 23:06,f_f000027
f000027_900055,129.0196711,35.0995137,2023-04-29 23:07,f_f000027
f000027_900055,129.0196711,35.0995137,2023-04-29 23:07,f_f000027
f000027_900055,129.0195352,35.0997751,2023-04-29 23:08,f_f000027
f000027_900055,129.0178832,35.0998589,2023-04-29 23:08,f_f000027
f000027_900055,129.0163452,35.1002148,2023-04-29 23:08,f_f000027
f000027_900055,129.0145992,35.0997836,2023-04-29 23:09,f_f000027
f000027_900055,129.013479,35.0999967,2023-04-29 23:09,f_f000027
f000027_900055,129.0122053,35.1008776,2023-04-29 23:10,f_f000027
f000027_900055,129.011519,35.1004829,2023-04-29 23:10,f_f000027
f000027_900055,129.0112477,35.0991453,2023-04-29 23:11,f_f000027
f000027_900055,129.0112877,35.0977466,2023-04-29 23:11,f_f000027
f000027_900055,129.0103458,35.0971618,2023-04-29 23:12,f_f000027
f000027_900055,129.0103458,35.0971618,2023-04-29 23:12,f_f000027
f000027_900055,129.0103458,35.0971618,2023-04-29 23:13,f_f000027
f000027_900055,129.0103458,35.0971618,2023-04-29 23:13,f_f000027
f000027_900055,129.0103458,35.0971618,2023-04-29 23:14,f_f000027
f000027_900055,129.0103458,35.0971618,2023-04-29 23:14,f_f000027
f000027_900055,129.0103458,35.0971618,2023-04-29 23:15,f_f000027
f000027_900055,129.0103458,35.0971618,2023-04-29 23:15,f_f000027
f000027_900055,129.0103458,35.0971618,2023-04-29 23:16,f_f000027
f000027_900055,129.0103458,35.0971618,2023-04-29 23:16,f_f000027
f000027_900055,129.0103458,35.0971618,2023-04-29 23:17,f_f000027
f000027_900055,129.0103458,35.0971618,2023-04-29 23:17,f_f000027
f000027_900055,129.0103458,35.0971618,2023-04-29 23:18,f_f000027
f000027_900055,129.0103458,35.0971618,2023-04-29 23:19,f_f000027
f000027_900055,129.0103458,35.0971618,2023-04-29 23:19,f_f000027
f000027_900055,129.0103458,35.0971618,2023-04-29 23:20,f_f000027
f000027_900055,129.0103458,35.0971618,2023-04-29 23:21,f_f000027
f000027_900055,129.0103458,35.0971618,2023-04-29 23:21,f_f000027
f000027_900055,129.0103458,35.0971618,2023-04-29 23:22,f_f000027
f000027_900055,129.0103458,35.0971618,2023-04-29 23:22,f_f000027
f000027_900055,129.0103458,35.0971618,2023-04-29 23:23,f_f000027
f000027_900055,129.0103458,35.0971618,2023-04-29 23:23,f_f000027
f000027_900055,129.0103458,35.0971618,2023-04-29 23:23,f_f000027
f000027_900055,129.0103458,35.0971618,2023-04-29 23:24,f_f000027
f000027_900055,129.0103458,35.0971618,2023-04-29 23:25,f_f000027
f000027_900055,129.0103458,35.0971618,2023-04-29 23:26,f_f000027
f000027_900055,129.0103458,35.0971618,2023-04-29 23:26,f_f000027
f000027_900055,129.0103458,35.0971618,2023-04-29 23:27,f_f000027
f000027_900055,129.0103458,35.0971618,2023-04-29 23:28,f_f000027
f000027_900055,129.0103458,35.0971618,2023-04-29 23:28,f_f000027
f000027_900055,129.0103458,35.0971618,2023-04-29 23:29,f_f000027
f000027_900055,129.0103458,35.0971618,2023-04-29 23:30,f_f000027
f000027_900055,129.0103458,35.0971618,2023-04-29 23:30,f_f000027
f000027_900055,129.0103458,35.0971618,2023-04-29 23:31,f_f000027
f000027_900055,129.0103458,35.0971618,2023-04-29 23:32,f_f000027
f000027_900055,129.0103458,35.0971618,2023-04-29 23:32,f_f000027
f000027_900055,129.0103458,35.0971618,2023-04-29 23:33,f_f000027
f000027_900055,129.0103458,35.0971618,2023-04-29 23:34,f_f000027
f000027_900055,129.0103458,35.0971618,2023-04-29 23:34,f_f000027
f000027_900055,129.0103458,35.0971618,2023-04-29 23:35,f_f000027
f000027_900055,129.0103458,35.0971618,2023-04-29 23:36,f_f000027
f000027_900055,129.0103458,35.0971618,2023-04-29 23:36,f_f000027
f000027_900055,129.0103458,35.0971618,2023-04-29 23:37,f_f000027
f000027_900055,129.0103458,35.0971618,2023-04-29 23:38,f_f000027
f000027_900055,129.0103458,35.0971618,2023-04-29 23:38,f_f000027
f000027_900055,129.0103458,35.0971618,2023-04-29 23:39,f_f000027
f000027_900055,129.0103458,35.0971618,2023-04-29 23:40,f_f000027
f000027_900055,129.0103458,35.0971618,2023-04-29 23:40,f_f000027
f000027_900055,129.0103458,35.0971618,2023-04-29 23:41,f_f000027
f000027_900055,129.0103458,35.0971618,2023-04-29 23:42,f_f000027
f000027_900055,129.0103458,35.0971618,2023-04-29 23:42,f_f000027
f000027_900055,129.0103458,35.0971618,2023-04-29 23:43,f_f000027
f000027_900055,129.0103458,35.0971618,2023-04-29 23:44,f_f000027
f000027_900055,129.0103458,35.0971618,2023-04-29 23:44,f_f000027
f000027_900055,129.0103458,35.0971618,2023-04-29 23:45,f_f000027
f000027_900055,129.0103458,35.0971618,2023-04-29 23:46,f_f000027
f000027_900055,129.0103458,35.0971618,2023-04-29 23:47,f_f000027
f000027_900055,129.0103458,35.0971618,2023-04-29 23:47,f_f000027
f000027_900055,129.0103458,35.0971618,2023-04-29 23:48,f_f000027
f000027_900055,129.0103458,35.0971618,2023-04-29 23:48,f_f000027
f000027_900055,129.0103458,35.0971618,2023-04-29 23:49,f_f000027
f000027_900055,129.0103458,35.0971618,2023-04-29 23:50,f_f000027
f000027_900055,129.0103458,35.0971618,2023-04-29 23:50,f_f000027
f000027_900055,129.0103458,35.0971618,2023-04-29 23:51,f_f000027
f000027_900055,129.0103458,35.0971618,2023-04-29 23:52,f_f000027
f000027_900055,129.0103458,35.0971618,2023-04-29 23:52,f_f000027
f000027_900055,129.0103458,35.0971618,2023-04-29 23:53,f_f000027
f000027_900055,129.0103458,35.0971618,2023-04-29 23:54,f_f000027
f000027_900055,129.0103458,35.0971618,2023-04-29 23:54,f_f000027
f000027_900055,129.0103458,35.0971618,2023-04-29 23:55,f_f000027
f000027_900055,129.0103458,35.0971618,2023-04-29 23:56,f_f000027
f000027_900055,129.0103458,35.0971618,2023-04-29 23:56,f_f000027
f000027_900055,129.0103458,35.0971618,2023-04-29 23:57,f_f000027
f000027_900055,129.0103458,35.0971618,2023-04-29 23:58,f_f000027
f000027_900055,129.0103458,35.0971618,2023-04-29 23:58,f_f000027
f000027_900055,129.0103458,35.0971618,2023-04-30 00:00,f_f000027
f000027_900055,129.0103458,35.0971618,2023-04-30 00:00,f_f000027
f000027_900055,129.0103458,35.0971618,2023-04-30 00:01,f_f000027
f000027_900055,129.0103458,35.0971618,2023-04-30 00:02,f_f000027
f000027_900055,129.0103458,35.0971618,2023-04-30 00:02,f_f000027
f000027_900055,129.0103458,35.0971618,2023-04-30 00:03,f_f000027
f000027_900055,129.0103458,35.0971618,2023-04-30 00:04,f_f000027
f000027_900055,129.0103458,35.0971618,2023-04-30 00:04,f_f000027
f000027_900055,129.0103458,35.0971618,2023-04-30 00:05,f_f000027
f000027_900055,129.0103458,35.0971618,2023-04-30 00:06,f_f000027
f000027_900055,129.0103458,35.0971618,2023-04-30 00:06,f_f000027
f000027_900055,129.0103458,35.0971618,2023-04-30 00:07,f_f000027
f000027_900055,129.0103458,35.0971618,2023-04-30 00:08,f_f000027
f000027_900055,129.0103458,35.0971618,2023-04-30 00:08,f_f000027
f000027_900055,129.0103458,35.0971618,2023-04-30 00:09,f_f000027
f000027_900055,129.0103458,35.0971618,2023-04-30 00:10,f_f000027
f000027_900055,129.0103458,35.0971618,2023-04-30 00:10,f_f000027
f000027_900055,129.0103458,35.0971618,2023-04-30 00:11,f_f000027
f000027_900055,129.0103458,35.0971618,2023-04-30 00:12,f_f000027
f000027_900055,129.0103458,35.0971618,2023-04-30 00:12,f_f000027
f000027_900055,129.0103458,35.0971618,2023-04-30 00:13,f_f000027
f000027_900055,129.0103458,35.0971618,2023-04-30 00:14,f_f000027
f000027_900055,129.0103458,35.0971618,2023-04-30 00:14,f_f000027
f000027_900055,129.0103458,35.0971618,2023-04-30 00:15,f_f000027
f000027_900055,129.0103458,35.0971618,2023-04-30 00:16,f_f000027
f000027_900055,129.0103458,35.0971618,2023-04-30 00:16,f_f000027
f000027_900055,129.0103458,35.0971618,2023-04-30 00:17,f_f000027
f000027_900055,129.0103458,35.0971618,2023-04-30 00:18,f_f000027
f000027_900055,129.0103458,35.0971618,2023-04-30 00:18,f_f000027
f000027_900055,129.0103458,35.0971618,2023-04-30 00:19,f_f000027
f000027_900055,129.0103458,35.0971618,2023-04-30 00:20,f_f000027
f000027_900055,129.0103458,35.0971618,2023-04-30 00:20,f_f000027
f000027_900055,129.0103458,35.0971618,2023-04-30 00:21,f_f000027
f000027_900055,129.0103458,35.0971618,2023-04-30 00:22,f_f000027
f000027_900055,129.0103458,35.0971618,2023-04-30 00:22,f_f000027
f000027_900055,129.0103458,35.0971618,2023-04-30 00:23,f_f000027
f000027_900055,129.0103458,35.0971618,2023-04-30 00:24,f_f000027
f000027_900055,129.0103458,35.0971618,2023-04-30 00:24,f_f000027
f000027_900055,129.0103458,35.0971618,2023-04-30 00:25,f_f000027
f000027_900055,129.0103458,35.0971618,2023-04-30 00:26,f_f000027
f000027_900055,129.0103458,35.0971618,2023-04-30 00:26,f_f000027
f000027_900055,129.0103458,35.0971618,2023-04-30 00:27,f_f000027
f000027_900055,129.0103458,35.0971618,2023-04-30 00:28,f_f000027
f000027_900055,129.0103458,35.0971618,2023-04-30 00:28,f_f000027
f000027_900055,129.0103458,35.0971618,2023-04-30 00:29,f_f000027
f000027_900055,129.0103458,35.0971618,2023-04-30 00:30,f_f000027
f000027_900055,129.0103458,35.0971618,2023-04-30 00:30,f_f000027
f000027_900055,129.0103458,35.0971618,2023-04-30 00:31,f_f000027
f000027_900055,129.0103458,35.0971618,2023-04-30 00:32,f_f000027
f000027_900055,129.0103458,35.0971618,2023-04-30 00:32,f_f000027
f000027_900055,129.0103458,35.0971618,2023-04-30 00:33,f_f000027
f000027_900055,129.0103458,35.0971618,2023-04-30 00:34,f_f000027
f000027_900055,129.0103458,35.0971618,2023-04-30 00:34,f_f000027
f000027_900055,129.0103458,35.0971618,2023-04-30 00:35,f_f000027
f000027_900055,129.0103458,35.0971618,2023-04-30 00:35,f_f000027
f000027_900055,129.0103458,35.0971618,2023-04-30 00:36,f_f000027
f000027_900055,129.0103458,35.0971618,2023-04-30 00:37,f_f000027
f000027_900055,129.0103458,35.0971618,2023-04-30 00:37,f_f000027
f000027_900055,129.0103458,35.0971618,2023-04-30 00:38,f_f000027
f000027_900055,129.0103458,35.0971618,2023-04-30 00:39,f_f000027
f000027_900055,129.0103458,35.0971618,2023-04-30 00:39,f_f000027
f000027_900055,129.0103458,35.0971618,2023-04-30 00:40,f_f000027
f000027_900055,129.0103458,35.0971618,2023-04-30 00:41,f_f000027
f000027_900055,129.0103458,35.0971618,2023-04-30 00:41,f_f000027
f000027_900055,129.0103458,35.0971618,2023-04-30 00:42,f_f000027
f000027_900055,129.0103458,35.0971618,2023-04-30 00:43,f_f000027
f000027_900055,129.0103458,35.0971618,2023-04-30 00:43,f_f000027
f000027_900055,129.0103458,35.0971618,2023-04-30 00:44,f_f000027
f000027_900055,129.0103458,35.0971618,2023-04-30 00:45,f_f000027
f000027_900055,129.0103458,35.0971618,2023-04-30 00:45,f_f000027
f000027_900055,129.0103458,35.0971618,2023-04-30 00:46,f_f000027
f000027_900055,129.0103458,35.0971618,2023-04-30 00:47,f_f000027
f000027_900055,129.0103458,35.0971618,2023-04-30 00:47,f_f000027
f000027_900055,129.0103458,35.0971618,2023-04-30 00:48,f_f000027
f000027_900055,129.0103458,35.0971618,2023-04-30 00:49,f_f000027
f000027_900055,129.0103458,35.0971618,2023-04-30 00:49,f_f000027
f000027_900055,129.0103458,35.0971618,2023-04-30 00:50,f_f000027
f000027_900055,129.0103458,35.0971618,2023-04-30 00:51,f_f000027
f000027_900055,129.0103458,35.0971618,2023-04-30 00:51,f_f000027
f000027_900055,129.0103458,35.0971618,2023-04-30 00:52,f_f000027
f000027_900055,129.0103458,35.0971618,2023-04-30 00:53,f_f000027
f000027_900055,129.0103458,35.0971618,2023-04-30 00:53,f_f000027
f000027_900055,129.0103458,35.0971618,2023-04-30 00:54,f_f000027
f000027_900055,129.0103458,35.0971618,2023-04-30 00:55,f_f000027
f000027_900055,129.0103458,35.0971618,2023-04-30 00:55,f_f000027
f000027_900055,129.0103458,35.0971618,2023-04-30 00:56,f_f000027
f000027_900055,129.0103458,35.0971618,2023-04-30 00:57,f_f000027
f000027_900055,129.0103458,35.0971618,2023-04-30 00:57,f_f000027
f000027_900055,129.0103458,35.0971618,2023-04-30 00:58,f_f000027
f000027_900055,129.0103458,35.0971618,2023-04-30 00:59,f_f000027
f000027_900055,129.0103458,35.0971618,2023-04-30 00:59,f_f000027
f000027_900055,129.0103458,35.0971618,2023-04-30 01:00,f_f000027
f000027_900055,129.0103458,35.0971618,2023-04-30 01:01,f_f000027
f000027_900055,129.0103458,35.0971618,2023-04-30 01:01,f_f000027
f000027_900055,129.0103458,35.0971618,2023-04-30 01:02,f_f000027
f000027_900055,129.0103458,35.0971618,2023-04-30 01:03,f_f000027
f000027_900055,129.0103458,35.0971618,2023-04-30 01:03,f_f000027
f000027_900055,129.0103458,35.0971618,2023-04-30 01:04,f_f000027
f000027_900055,129.0103458,35.0971618,2023-04-30 01:05,f_f000027
f000027_900055,129.0103458,35.0971618,2023-04-30 01:05,f_f000027
f000027_900055,129.0103458,35.0971618,2023-04-30 01:06,f_f000027
f000027_900055,129.0103458,35.0971618,2023-04-30 01:07,f_f000027
f000027_900055,129.0103458,35.0971618,2023-04-30 01:07,f_f000027
f000027_900055,129.0103458,35.0971618,2023-04-30 01:08,f_f000027
f000027_900055,129.0103458,35.0971618,2023-04-30 01:09,f_f000027
f000027_900055,129.0103458,35.0971618,2023-04-30 01:09,f_f000027
f000027_900055,129.0103458,35.0971618,2023-04-30 01:10,f_f000027
f000027_900055,129.0103458,35.0971618,2023-04-30 01:11,f_f000027
f000027_900055,129.0103458,35.0971618,2023-04-30 01:11,f_f000027
f000027_900055,129.0103458,35.0971618,2023-04-30 01:12,f_f000027
f000027_900055,129.0103458,35.0971618,2023-04-30 01:13,f_f000027
f000027_900055,129.0103458,35.0971618,2023-04-30 01:13,f_f000027
f000027_900055,129.0103458,35.0971618,2023-04-30 01:14,f_f000027
f000027_900055,129.0103458,35.0971618,2023-04-30 01:15,f_f000027
f000027_900055,129.0103458,35.0971618,2023-04-30 01:15,f_f000027
f000027_900055,129.0103458,35.0971618,2023-04-30 01:16,f_f000027
f000027_900055,129.0097317,35.096894,2023-04-30 01:17,f_f000027
f000027_900055,129.0097317,35.096894,2023-04-30 01:18,f_f000027
f000027_900055,129.0097317,35.096894,2023-04-30 01:21,f_f000027
f000027_900055,129.0097317,35.096894,2023-04-30 01:25,f_f000027
f000027_900055,129.0097317,35.096894,2023-04-30 01:27,f_f000027
f000027_900055,129.0097317,35.096894,2023-04-30 01:28,f_f000027
f000027_900055,129.0097317,35.096894,2023-04-30 01:30,f_f000027
f000027_900055,129.0097317,35.096894,2023-04-30 01:31,f_f000027
f000027_900055,129.0097317,35.096894,2023-04-30 01:33,f_f000027
f000027_900055,129.0097317,35.096894,2023-04-30 01:36,f_f000027
f000027_900055,129.0097317,35.096894,2023-04-30 01:38,f_f000027
f000027_900055,129.0097317,35.096894,2023-04-30 01:43,f_f000027
f000027_900055,129.0097317,35.096894,2023-04-30 01:44,f_f000027
f000027_900055,129.0097317,35.096894,2023-04-30 01:46,f_f000027
f000027_900055,129.0097317,35.096894,2023-04-30 01:48,f_f000027
f000027_900055,129.0097317,35.096894,2023-04-30 01:52,f_f000027
f000027_900055,129.0097317,35.096894,2023-04-30 01:58,f_f000027
f000027_900055,129.0097317,35.096894,2023-04-30 02:02,f_f000027
f000027_900055,129.0097317,35.096894,2023-04-30 02:07,f_f000027
f000027_900055,129.0097317,35.096894,2023-04-30 02:08,f_f000027
f000027_900055,129.0097317,35.096894,2023-04-30 02:13,f_f000027
f000027_900055,129.0097317,35.096894,2023-04-30 02:15,f_f000027
f000027_900055,129.0097317,35.096894,2023-04-30 02:17,f_f000027
f000027_900055,129.0097317,35.096894,2023-04-30 02:17,f_f000027
f000027_900055,129.0097317,35.096894,2023-04-30 02:20,f_f000027
f000027_900055,129.0097317,35.096894,2023-04-30 02:25,f_f000027
f000027_900055,129.0097317,35.096894,2023-04-30 02:25,f_f000027
f000027_900055,129.0097317,35.096894,2023-04-30 02:30,f_f000027
f000027_900055,129.0097317,35.096894,2023-04-30 02:32,f_f000027
f000027_900055,129.0097317,35.096894,2023-04-30 02:34,f_f000027
f000027_900055,129.0097317,35.096894,2023-04-30 02:38,f_f000027
f000027_900055,129.0097317,35.096894,2023-04-30 02:41,f_f000027
f000027_900055,129.0097317,35.096894,2023-04-30 02:43,f_f000027
f000027_900055,129.0097317,35.096894,2023-04-30 02:48,f_f000027
f000027_900055,129.0097317,35.096894,2023-04-30 02:51,f_f000027
f000027_900055,129.0097317,35.096894,2023-04-30 02:52,f_f000027
f000027_900055,129.0097317,35.096894,2023-04-30 02:55,f_f000027
f000027_900055,129.0097317,35.096894,2023-04-30 02:59,f_f000027
f000027_900055,129.0097317,35.096894,2023-04-30 03:01,f_f000027
f000027_900055,129.0097317,35.096894,2023-04-30 03:04,f_f000027
f000027_900055,129.0097317,35.096894,2023-04-30 03:09,f_f000027
f000027_900055,129.0097317,35.096894,2023-04-30 03:12,f_f000027
f000027_900055,129.0097317,35.096894,2023-04-30 03:13,f_f000027
f000027_900055,129.0097317,35.096894,2023-04-30 03:18,f_f000027
f000027_900055,129.0097317,35.096894,2023-04-30 03:20,f_f000027
f000027_900055,129.0097317,35.096894,2023-04-30 03:22,f_f000027
f000027_900055,129.0097317,35.096894,2023-04-30 03:23,f_f000027
f000027_900055,129.0097317,35.096894,2023-04-30 03:29,f_f000027
f000027_900055,129.0097317,35.096894,2023-04-30 03:30,f_f000027
f000027_900055,129.0097317,35.096894,2023-04-30 03:31,f_f000027
f000027_900055,129.0097317,35.096894,2023-04-30 03:32,f_f000027
f000027_900055,129.0097317,35.096894,2023-04-30 03:32,f_f000027
f000027_900055,129.0097317,35.096894,2023-04-30 03:33,f_f000027
f000027_900055,129.0097317,35.096894,2023-04-30 03:34,f_f000027
f000027_900055,129.0097317,35.096894,2023-04-30 03:37,f_f000027
f000027_900055,129.0097317,35.096894,2023-04-30 03:40,f_f000027
f000027_900055,129.0097317,35.096894,2023-04-30 03:42,f_f000027
f000027_900055,129.0097317,35.096894,2023-04-30 03:44,f_f000027
f000027_900055,129.0097317,35.096894,2023-04-30 03:50,f_f000027
f000027_900055,129.0097317,35.096894,2023-04-30 03:51,f_f000027
f000027_900055,129.0097317,35.096894,2023-04-30 03:55,f_f000027
f000027_900055,129.0097317,35.096894,2023-04-30 03:58,f_f000027
f000027_900055,129.0097317,35.096894,2023-04-30 04:00,f_f000027
f000027_900055,129.0097317,35.096894,2023-04-30 04:01,f_f000027
f000027_900055,129.0097317,35.096894,2023-04-30 04:02,f_f000027
f000027_900055,129.0097317,35.096894,2023-04-30 04:07,f_f000027
f000027_900055,129.0097317,35.096894,2023-04-30 04:10,f_f000027
f000027_900055,129.0097317,35.096894,2023-04-30 04:12,f_f000027
f000027_900055,129.0097317,35.096894,2023-04-30 04:13,f_f000027
f000027_900055,129.0097317,35.096894,2023-04-30 04:17,f_f000027
f000027_900055,129.0097317,35.096894,2023-04-30 04:17,f_f000027
f000027_900055,129.0097317,35.096894,2023-04-30 04:18,f_f000027
f000027_900055,129.0097317,35.096894,2023-04-30 04:18,f_f000027
f000027_900055,129.0097317,35.096894,2023-04-30 04:20,f_f000027
f000027_900055,129.0097317,35.096894,2023-04-30 04:23,f_f000027
f000027_900055,129.0097317,35.096894,2023-04-30 04:26,f_f000027
f000027_900055,129.0097317,35.096894,2023-04-30 04:28,f_f000027
f000027_900055,129.0097317,35.096894,2023-04-30 04:31,f_f000027
f000027_900055,129.0097317,35.096894,2023-04-30 04:36,f_f000027
f000027_900055,129.0097317,35.096894,2023-04-30 04:37,f_f000027
f000027_900055,129.0097317,35.096894,2023-04-30 04:40,f_f000027
f000027_900055,129.0097317,35.096894,2023-04-30 04:42,f_f000027
f000027_900055,129.0097317,35.096894,2023-04-30 04:46,f_f000027
f000027_900055,129.0097317,35.096894,2023-04-30 04:47,f_f000027
f000027_900055,129.0097317,35.096894,2023-04-30 04:53,f_f000027
f000027_900055,129.0097317,35.096894,2023-04-30 04:54,f_f000027
f000027_900055,129.0097317,35.096894,2023-04-30 04:59,f_f000027
f000027_900055,129.0097317,35.096894,2023-04-30 05:03,f_f000027
f000027_900055,129.0097317,35.096894,2023-04-30 05:03,f_f000027
f000027_900055,129.0097317,35.096894,2023-04-30 05:08,f_f000027
f000027_900055,129.0097317,35.096894,2023-04-30 05:10,f_f000027
f000027_900055,129.0097317,35.096894,2023-04-30 05:11,f_f000027
f000027_900055,129.0097317,35.096894,2023-04-30 05:14,f_f000027
f000027_900055,129.0097317,35.096894,2023-04-30 05:17,f_f000027
f000027_900055,129.0097317,35.096894,2023-04-30 05:20,f_f000027
f000027_900055,129.0097317,35.096894,2023-04-30 05:25,f_f000027
f000027_900055,129.0097317,35.096894,2023-04-30 05:26,f_f000027
f000027_900055,129.0097317,35.096894,2023-04-30 05:30,f_f000027
f000027_900055,129.0097317,35.096894,2023-04-30 05:34,f_f000027
f000027_900055,129.0097317,35.096894,2023-04-30 05:35,f_f000027
f000027_900055,129.0097317,35.096894,2023-04-30 05:40,f_f000027
f000027_900055,129.0097317,35.096894,2023-04-30 05:44,f_f000027
f000027_900055,129.0097317,35.096894,2023-04-30 05:47,f_f000027
f000027_900055,129.0097317,35.096894,2023-04-30 05:52,f_f000027
f000027_900055,129.0097317,35.096894,2023-04-30 05:53,f_f000027
f000027_900055,129.0097317,35.096894,2023-04-30 05:59,f_f000027
f000027_900055,129.0097317,35.096894,2023-04-30 06:01,f_f000027
f000027_900055,129.0097317,35.096894,2023-04-30 06:05,f_f000027
f000027_900055,129.0097317,35.096894,2023-04-30 06:08,f_f000027
f000027_900055,129.0097317,35.096894,2023-04-30 06:10,f_f000027
f000027_900055,129.0097317,35.096894,2023-04-30 06:11,f_f000027
f000027_900055,129.0097317,35.096894,2023-04-30 06:11,f_f000027
f000027_900055,129.0097317,35.096894,2023-04-30 06:15,f_f000027
f000027_900055,129.0097317,35.096894,2023-04-30 06:17,f_f000027
f000027_900055,129.0097317,35.096894,2023-04-30 06:22,f_f000027
f000027_900055,129.0097317,35.096894,2023-04-30 06:25,f_f000027
f000027_900055,129.0097317,35.096894,2023-04-30 06:27,f_f000027
f000027_900055,129.0097317,35.096894,2023-04-30 06:28,f_f000027
f000027_900055,129.0097317,35.096894,2023-04-30 06:30,f_f000027
f000027_900055,129.0097317,35.096894,2023-04-30 06:33,f_f000027
f000027_900055,129.0097317,35.096894,2023-04-30 06:35,f_f000027
f000027_900055,129.0097317,35.096894,2023-04-30 06:39,f_f000027
f000027_900055,129.0097317,35.096894,2023-04-30 06:42,f_f000027
f000027_900055,129.0097317,35.096894,2023-04-30 06:45,f_f000027
f000027_900055,129.0097317,35.096894,2023-04-30 06:49,f_f000027
f000027_900055,129.0097317,35.096894,2023-04-30 06:51,f_f000027
f000027_900055,129.0097317,35.096894,2023-04-30 06:55,f_f000027
f000027_900055,129.0097317,35.096894,2023-04-30 06:57,f_f000027
f000027_900055,129.0097317,35.096894,2023-04-30 07:01,f_f000027
f000027_900055,129.0097317,35.096894,2023-04-30 07:04,f_f000027
f000027_900055,129.0097317,35.096894,2023-04-30 07:08,f_f000027
f000027_900055,129.0097317,35.096894,2023-04-30 07:11,f_f000027
f000027_900055,129.0097317,35.096894,2023-04-30 07:14,f_f000027
f000027_900055,129.0097317,35.096894,2023-04-30 07:18,f_f000027
f000027_900055,129.0097317,35.096894,2023-04-30 07:20,f_f000027
f000027_900055,129.0097317,35.096894,2023-04-30 07:22,f_f000027
f000027_900055,129.0097317,35.096894,2023-04-30 07:25,f_f000027
f000027_900055,129.0097317,35.096894,2023-04-30 07:28,f_f000027
f000027_900055,129.0097317,35.096894,2023-04-30 07:31,f_f000027
f000027_900055,129.0097317,35.096894,2023-04-30 07:32,f_f000027
f000027_900055,129.0097317,35.096894,2023-04-30 07:35,f_f000027
f000027_900055,129.0097317,35.096894,2023-04-30 07:40,f_f000027
f000027_900055,129.0097317,35.096894,2023-04-30 07:41,f_f000027
f000027_900055,129.0097317,35.096894,2023-04-30 07:45,f_f000027
f000027_900055,129.0097317,35.096894,2023-04-30 07:50,f_f000027
f000027_900055,129.0097317,35.096894,2023-04-30 07:55,f_f000027
f000027_900055,129.0097317,35.096894,2023-04-30 07:59,f_f000027
f000027_900055,129.0097317,35.096894,2023-04-30 08:00,f_f000027
f000027_900055,129.0097317,35.096894,2023-04-30 08:01,f_f000027
f000027_900055,129.0097317,35.096894,2023-04-30 08:01,f_f000027
f000027_900055,129.0097317,35.096894,2023-04-30 08:02,f_f000027
f000027_900055,129.0097317,35.096894,2023-04-30 08:03,f_f000027
f000027_900055,129.0097317,35.096894,2023-04-30 08:03,f_f000027
f000027_900055,129.0097317,35.096894,2023-04-30 08:04,f_f000027
f000027_900055,129.0097317,35.096894,2023-04-30 08:05,f_f000027
f000027_900055,129.0097317,35.096894,2023-04-30 08:05,f_f000027
f000027_900055,129.0097317,35.096894,2023-04-30 08:06,f_f000027
f000027_900055,129.0097317,35.096894,2023-04-30 08:07,f_f000027
f000027_900055,129.0097317,35.096894,2023-04-30 08:07,f_f000027
f000027_900055,129.0097317,35.096894,2023-04-30 08:08,f_f000027
f000027_900055,129.0097317,35.096894,2023-04-30 08:09,f_f000027
f000027_900055,129.0097317,35.096894,2023-04-30 08:09,f_f000027
f000027_900055,129.0097317,35.096894,2023-04-30 08:10,f_f000027
f000027_900055,129.0097317,35.096894,2023-04-30 08:11,f_f000027
f000027_900055,129.0097317,35.096894,2023-04-30 08:11,f_f000027
f000027_900055,129.0097317,35.096894,2023-04-30 08:12,f_f000027
f000027_900055,129.0097317,35.096894,2023-04-30 08:13,f_f000027
f000027_900055,129.0097317,35.096894,2023-04-30 08:13,f_f000027
f000027_900055,129.0097317,35.096894,2023-04-30 08:14,f_f000027
f000027_900055,129.0097317,35.096894,2023-04-30 08:15,f_f000027
f000027_900055,129.0097317,35.096894,2023-04-30 08:15,f_f000027
f000027_900055,129.0097317,35.096894,2023-04-30 08:16,f_f000027
f000027_900055,129.0097317,35.096894,2023-04-30 08:17,f_f000027
f000027_900055,129.0097317,35.096894,2023-04-30 08:17,f_f000027
f000027_900055,129.0097317,35.096894,2023-04-30 08:18,f_f000027
f000027_900055,129.0097317,35.096894,2023-04-30 08:19,f_f000027
f000027_900055,129.0097317,35.096894,2023-04-30 08:19,f_f000027
f000027_900055,129.0097317,35.096894,2023-04-30 08:20,f_f000027
f000027_900055,129.0097317,35.096894,2023-04-30 08:21,f_f000027
f000027_900055,129.0097317,35.096894,2023-04-30 08:21,f_f000027
f000027_900055,129.0097317,35.096894,2023-04-30 08:22,f_f000027
f000027_900055,129.0097317,35.096894,2023-04-30 08:23,f_f000027
f000027_900055,129.0097317,35.096894,2023-04-30 08:23,f_f000027
f000027_900055,129.0097317,35.096894,2023-04-30 08:24,f_f000027
f000027_900055,129.0097317,35.096894,2023-04-30 08:25,f_f000027
f000027_900055,129.0097317,35.096894,2023-04-30 08:25,f_f000027
f000027_900055,129.0097317,35.096894,2023-04-30 08:26,f_f000027
f000027_900055,129.0097317,35.096894,2023-04-30 08:27,f_f000027
f000027_900055,129.0097317,35.096894,2023-04-30 08:27,f_f000027
f000027_900055,129.0097317,35.096894,2023-04-30 08:28,f_f000027
f000027_900055,129.0097317,35.096894,2023-04-30 08:29,f_f000027
f000027_900055,129.0097317,35.096894,2023-04-30 08:29,f_f000027
f000027_900055,129.0097317,35.096894,2023-04-30 08:30,f_f000027
f000027_900055,129.0097317,35.096894,2023-04-30 08:31,f_f000027
f000027_900055,129.0097317,35.096894,2023-04-30 08:31,f_f000027
f000027_900055,129.0097317,35.096894,2023-04-30 08:32,f_f000027
f000027_900055,129.0097317,35.096894,2023-04-30 08:33,f_f000027
f000027_900055,129.0097317,35.096894,2023-04-30 08:33,f_f000027
f000027_900055,129.0097317,35.096894,2023-04-30 08:34,f_f000027
f000027_900055,129.0097317,35.096894,2023-04-30 08:35,f_f000027
f000027_900055,129.0097317,35.096894,2023-04-30 08:35,f_f000027
f000027_900055,129.0097317,35.096894,2023-04-30 08:36,f_f000027
f000027_900055,129.0097317,35.096894,2023-04-30 08:37,f_f000027
f000027_900055,129.0097317,35.096894,2023-04-30 08:37,f_f000027
f000027_900055,129.0097317,35.096894,2023-04-30 08:38,f_f000027
f000027_900055,129.0097317,35.096894,2023-04-30 08:39,f_f000027
f000027_900055,129.0097317,35.096894,2023-04-30 08:39,f_f000027
f000027_900055,129.0097317,35.096894,2023-04-30 08:40,f_f000027
f000027_900055,129.0097317,35.096894,2023-04-30 08:41,f_f000027
f000027_900055,129.0097317,35.096894,2023-04-30 08:41,f_f000027
f000027_900055,129.0097317,35.096894,2023-04-30 08:42,f_f000027
f000027_900055,129.0097317,35.096894,2023-04-30 08:43,f_f000027
f000027_900055,129.0097317,35.096894,2023-04-30 08:43,f_f000027
f000027_900055,129.0097317,35.096894,2023-04-30 08:44,f_f000027
f000027_900055,129.0097317,35.096894,2023-04-30 08:45,f_f000027
f000027_900055,129.0097317,35.096894,2023-04-30 08:45,f_f000027
f000027_900055,129.0097317,35.096894,2023-04-30 08:46,f_f000027
f000027_900055,129.0097317,35.096894,2023-04-30 08:47,f_f000027
f000027_900055,129.0097317,35.096894,2023-04-30 08:47,f_f000027
f000027_900055,129.0097317,35.096894,2023-04-30 08:48,f_f000027
f000027_900055,129.0097317,35.096894,2023-04-30 08:49,f_f000027
f000027_900055,129.0097317,35.096894,2023-04-30 08:49,f_f000027
f000027_900055,129.0097317,35.096894,2023-04-30 08:50,f_f000027
f000027_900055,129.0097317,35.096894,2023-04-30 08:51,f_f000027
f000027_900055,129.0097317,35.096894,2023-04-30 08:51,f_f000027
f000027_900055,129.0097317,35.096894,2023-04-30 08:52,f_f000027
f000027_900055,129.0097317,35.096894,2023-04-30 08:53,f_f000027
f000027_900055,129.0097317,35.096894,2023-04-30 08:53,f_f000027
f000027_900055,129.0097317,35.096894,2023-04-30 08:54,f_f000027
f000027_900055,129.0097317,35.096894,2023-04-30 08:55,f_f000027
f000027_900055,129.0097317,35.096894,2023-04-30 08:55,f_f000027
f000027_900055,129.0097317,35.096894,2023-04-30 08:56,f_f000027
f000027_900055,129.0097317,35.096894,2023-04-30 08:57,f_f000027
f000027_900055,129.0097317,35.096894,2023-04-30 08:57,f_f000027
f000027_900055,129.0097317,35.096894,2023-04-30 08:58,f_f000027
f000027_900055,129.0097317,35.096894,2023-04-30 08:59,f_f000027
f000027_900055,129.0097317,35.096894,2023-04-30 08:59,f_f000027
f000027_900055,129.0097317,35.096894,2023-04-30 09:00,f_f000027
f000027_900055,129.0097317,35.096894,2023-04-30 09:01,f_f000027
f000027_900055,129.0097317,35.096894,2023-04-30 09:01,f_f000027
f000027_900055,129.0097317,35.096894,2023-04-30 09:02,f_f000027
f000027_900055,129.0097317,35.096894,2023-04-30 09:03,f_f000027
f000027_900055,129.0097317,35.096894,2023-04-30 09:03,f_f000027
f000027_900055,129.0097317,35.096894,2023-04-30 09:04,f_f000027
f000027_900055,129.0097317,35.096894,2023-04-30 09:05,f_f000027
f000027_900055,129.0097317,35.096894,2023-04-30 09:05,f_f000027
f000027_900055,129.0097317,35.096894,2023-04-30 09:06,f_f000027
f000027_900055,129.0097317,35.096894,2023-04-30 09:07,f_f000027
f000027_900055,129.0097317,35.096894,2023-04-30 09:07,f_f000027
f000027_900055,129.0097317,35.096894,2023-04-30 09:08,f_f000027
f000027_900055,129.0097317,35.096894,2023-04-30 09:09,f_f000027
f000027_900055,129.0097317,35.096894,2023-04-30 09:09,f_f000027
f000027_900055,129.0097317,35.096894,2023-04-30 09:10,f_f000027
f000027_900055,129.0097317,35.096894,2023-04-30 09:11,f_f000027
f000027_900055,129.0097317,35.096894,2023-04-30 09:11,f_f000027
f000027_900055,129.0097317,35.096894,2023-04-30 09:12,f_f000027
f000027_900055,129.0097317,35.096894,2023-04-30 09:13,f_f000027
f000027_900055,129.0097317,35.096894,2023-04-30 09:13,f_f000027
f000027_900055,129.0097317,35.096894,2023-04-30 09:14,f_f000027
f000027_900055,129.0097317,35.096894,2023-04-30 09:15,f_f000027
f000027_900055,129.0097317,35.096894,2023-04-30 09:15,f_f000027
f000027_900055,129.0097317,35.096894,2023-04-30 09:16,f_f000027
f000027_900055,129.0097317,35.096894,2023-04-30 09:17,f_f000027
f000027_900055,129.0097317,35.096894,2023-04-30 09:17,f_f000027
f000027_900055,129.0097317,35.096894,2023-04-30 09:18,f_f000027
f000027_900055,129.0097317,35.096894,2023-04-30 09:19,f_f000027
f000027_900055,129.0097317,35.096894,2023-04-30 09:19,f_f000027
f000027_900055,129.0097317,35.096894,2023-04-30 09:20,f_f000027
f000027_900055,129.0097317,35.096894,2023-04-30 09:21,f_f000027
f000027_900055,129.0097317,35.096894,2023-04-30 09:21,f_f000027
f000027_900055,129.0097317,35.096894,2023-04-30 09:22,f_f000027
f000027_900055,129.0097317,35.096894,2023-04-30 09:23,f_f000027
f000027_900055,129.0097317,35.096894,2023-04-30 09:23,f_f000027
f000027_900055,129.0097317,35.096894,2023-04-30 09:24,f_f000027
f000027_900055,129.0097317,35.096894,2023-04-30 09:25,f_f000027
f000027_900055,129.0097317,35.096894,2023-04-30 09:25,f_f000027
f000027_900055,129.0097317,35.096894,2023-04-30 09:26,f_f000027
f000027_900055,129.0097317,35.096894,2023-04-30 09:27,f_f000027
f000027_900055,129.0097317,35.096894,2023-04-30 09:27,f_f000027
f000027_900055,129.0097317,35.096894,2023-04-30 09:28,f_f000027
f000027_900055,129.0097317,35.096894,2023-04-30 09:29,f_f000027
f000027_900055,129.0097317,35.096894,2023-04-30 09:29,f_f000027
f000027_900055,129.0097317,35.096894,2023-04-30 09:30,f_f000027
f000027_900055,129.0097317,35.096894,2023-04-30 09:31,f_f000027
f000027_900055,129.0097317,35.096894,2023-04-30 09:31,f_f000027
f000027_900055,129.0097317,35.096894,2023-04-30 09:32,f_f000027
f000027_900055,129.0097317,35.096894,2023-04-30 09:33,f_f000027
f000027_900055,129.0097317,35.096894,2023-04-30 09:33,f_f000027
f000027_900055,129.0097317,35.096894,2023-04-30 09:34,f_f000027
f000027_900055,129.0097317,35.096894,2023-04-30 09:35,f_f000027
f000027_900055,129.0097317,35.096894,2023-04-30 09:35,f_f000027
f000027_900055,129.0097317,35.096894,2023-04-30 09:36,f_f000027
f000027_900055,129.0097317,35.096894,2023-04-30 09:37,f_f000027
f000027_900055,129.0097317,35.096894,2023-04-30 09:37,f_f000027
f000027_900055,129.0097317,35.096894,2023-04-30 09:38,f_f000027
f000027_900055,129.0097317,35.096894,2023-04-30 09:39,f_f000027
f000027_900055,129.0097317,35.096894,2023-04-30 09:39,f_f000027
f000027_900055,129.0097317,35.096894,2023-04-30 09:40,f_f000027
f000027_900055,129.0097317,35.096894,2023-04-30 09:41,f_f000027
f000027_900055,129.0097317,35.096894,2023-04-30 09:41,f_f000027
f000027_900055,129.0097317,35.096894,2023-04-30 09:42,f_f000027
f000027_900055,129.0097317,35.096894,2023-04-30 09:43,f_f000027
f000027_900055,129.0097317,35.096894,2023-04-30 09:43,f_f000027
f000027_900055,129.0097317,35.096894,2023-04-30 09:44,f_f000027
f000027_900055,129.0097317,35.096894,2023-04-30 09:45,f_f000027
f000027_900055,129.0097317,35.096894,2023-04-30 09:45,f_f000027
f000027_900055,129.0097317,35.096894,2023-04-30 09:46,f_f000027
f000027_900055,129.0097317,35.096894,2023-04-30 09:47,f_f000027
f000027_900055,129.0097317,35.096894,2023-04-30 09:47,f_f000027
f000027_900055,129.0097317,35.096894,2023-04-30 09:48,f_f000027
f000027_900055,129.0097317,35.096894,2023-04-30 09:49,f_f000027
f000027_900055,129.0097317,35.096894,2023-04-30 09:49,f_f000027
f000027_900055,129.0097317,35.096894,2023-04-30 09:50,f_f000027
f000027_900055,129.0097317,35.096894,2023-04-30 09:51,f_f000027
f000027_900055,129.0097317,35.096894,2023-04-30 09:51,f_f000027
f000027_900055,129.0097317,35.096894,2023-04-30 09:52,f_f000027
f000027_900055,129.0097317,35.096894,2023-04-30 09:53,f_f000027
f000027_900055,129.0097317,35.096894,2023-04-30 09:53,f_f000027
f000027_900055,129.0097317,35.096894,2023-04-30 09:54,f_f000027
f000027_900055,129.0097317,35.096894,2023-04-30 09:55,f_f000027
f000027_900055,129.0097317,35.096894,2023-04-30 09:55,f_f000027
f000027_900055,129.0097317,35.096894,2023-04-30 09:56,f_f000027
f000027_900055,129.0097317,35.096894,2023-04-30 09:57,f_f000027
f000027_900055,129.0097317,35.096894,2023-04-30 09:57,f_f000027
f000027_900055,129.0097317,35.096894,2023-04-30 09:58,f_f000027
f000027_900055,129.0097317,35.096894,2023-04-30 09:59,f_f000027
f000027_900055,129.0097317,35.096894,2023-04-30 09:59,f_f000027
f000027_900055,129.0096416,35.0971562,2023-04-30 10:00,f_f000027
f000027_900055,129.0096416,35.0971562,2023-04-30 10:01,f_f000027
f000027_900055,129.0096416,35.0971562,2023-04-30 10:02,f_f000027
f000027_900055,129.0096416,35.0971562,2023-04-30 10:03,f_f000027
f000027_900055,129.0096416,35.0971562,2023-04-30 10:04,f_f000027
f000027_900055,129.0096416,35.0971562,2023-04-30 10:04,f_f000027
f000027_900055,129.0096416,35.0971562,2023-04-30 10:05,f_f000027
f000027_900055,129.0096416,35.0971562,2023-04-30 10:06,f_f000027
f000027_900055,129.0096416,35.0971562,2023-04-30 10:06,f_f000027
f000027_900055,129.0096416,35.0971562,2023-04-30 10:07,f_f000027
f000027_900055,129.0096416,35.0971562,2023-04-30 10:08,f_f000027
f000027_900055,129.0096416,35.0971562,2023-04-30 10:08,f_f000027
f000027_900055,129.0096416,35.0971562,2023-04-30 10:09,f_f000027
f000027_900055,129.0096416,35.0971562,2023-04-30 10:10,f_f000027
f000027_900055,129.0096416,35.0971562,2023-04-30 10:10,f_f000027
f000027_900055,129.0096416,35.0971562,2023-04-30 10:11,f_f000027
f000027_900055,129.0096416,35.0971562,2023-04-30 10:12,f_f000027
f000027_900055,129.0096416,35.0971562,2023-04-30 10:12,f_f000027
f000027_900055,129.0096416,35.0971562,2023-04-30 10:13,f_f000027
f000027_900055,129.0096416,35.0971562,2023-04-30 10:14,f_f000027
f000027_900055,129.0096416,35.0971562,2023-04-30 10:14,f_f000027
f000027_900055,129.0096416,35.0971562,2023-04-30 10:15,f_f000027
f000027_900055,129.0096416,35.0971562,2023-04-30 10:15,f_f000027
f000027_900055,129.0096416,35.0971562,2023-04-30 10:16,f_f000027
f000027_900055,129.0096416,35.0971562,2023-04-30 10:16,f_f000027
f000027_900055,129.0096416,35.0971562,2023-04-30 10:17,f_f000027
f000027_900055,129.0096416,35.0971562,2023-04-30 10:17,f_f000027
f000027_900055,129.0096416,35.0971562,2023-04-30 10:17,f_f000027
f000027_900055,129.0096416,35.0971562,2023-04-30 10:18,f_f000027
f000027_900055,129.0096416,35.0971562,2023-04-30 10:19,f_f000027
f000027_900055,129.0096416,35.0971562,2023-04-30 10:19,f_f000027
f000027_900055,129.0096416,35.0971562,2023-04-30 10:20,f_f000027
f000027_900055,129.0096416,35.0971562,2023-04-30 10:21,f_f000027
f000027_900055,129.0096416,35.0971562,2023-04-30 10:21,f_f000027
f000027_900055,129.0096416,35.0971562,2023-04-30 10:22,f_f000027
f000027_900055,129.0096416,35.0971562,2023-04-30 10:23,f_f000027
f000027_900055,129.0096416,35.0971562,2023-04-30 10:23,f_f000027
f000027_900055,129.0096416,35.0971562,2023-04-30 10:24,f_f000027
f000027_900055,129.0096416,35.0971562,2023-04-30 10:24,f_f000027
f000027_900055,129.0096416,35.0971562,2023-04-30 10:25,f_f000027
f000027_900055,129.0096416,35.0971562,2023-04-30 10:25,f_f000027
f000027_900055,129.0096416,35.0971562,2023-04-30 10:26,f_f000027
f000027_900055,129.0096416,35.0971562,2023-04-30 10:27,f_f000027
f000027_900055,129.0096416,35.0971562,2023-04-30 10:27,f_f000027
f000027_900055,129.0096416,35.0971562,2023-04-30 10:28,f_f000027
f000027_900055,129.0096416,35.0971562,2023-04-30 10:28,f_f000027
f000027_900055,129.0096416,35.0971562,2023-04-30 10:29,f_f000027
f000027_900055,129.0096416,35.0971562,2023-04-30 10:29,f_f000027
f000027_900055,129.0096416,35.0971562,2023-04-30 10:30,f_f000027
f000027_900055,129.0096416,35.0971562,2023-04-30 10:31,f_f000027
f000027_900055,129.0096416,35.0971562,2023-04-30 10:31,f_f000027
f000027_900055,129.0096416,35.0971562,2023-04-30 10:32,f_f000027
f000027_900055,129.0096416,35.0971562,2023-04-30 10:33,f_f000027
f000027_900055,129.0096416,35.0971562,2023-04-30 10:33,f_f000027
f000027_900055,129.0096416,35.0971562,2023-04-30 10:34,f_f000027
f000027_900055,129.0096416,35.0971562,2023-04-30 10:34,f_f000027
f000027_900055,129.0096416,35.0971562,2023-04-30 10:35,f_f000027
f000027_900055,129.0096416,35.0971562,2023-04-30 10:35,f_f000027
f000027_900055,129.0096416,35.0971562,2023-04-30 10:36,f_f000027
f000027_900055,129.0095217,35.0979422,2023-04-30 10:37,f_f000027
f000027_900055,129.0095217,35.0979422,2023-04-30 10:37,f_f000027
f000027_900055,129.0095217,35.0979422,2023-04-30 10:38,f_f000027
f000027_900055,129.0095217,35.0979422,2023-04-30 10:38,f_f000027
f000027_900055,129.0095217,35.0979422,2023-04-30 10:39,f_f000027
f000027_900055,129.0095217,35.0979422,2023-04-30 10:39,f_f000027
f000027_900055,129.0095217,35.0979422,2023-04-30 10:40,f_f000027
f000027_900055,129.0095217,35.0979422,2023-04-30 10:41,f_f000027
f000027_900055,129.0095217,35.0979422,2023-04-30 10:41,f_f000027
f000027_900055,129.0095217,35.0979422,2023-04-30 10:42,f_f000027
f000027_900055,129.0095217,35.0979422,2023-04-30 10:42,f_f000027
f000027_900055,129.0095217,35.0979422,2023-04-30 10:43,f_f000027
f000027_900055,129.0095217,35.0979422,2023-04-30 10:43,f_f000027
f000027_900055,129.0095217,35.0979422,2023-04-30 10:44,f_f000027
f000027_900055,129.0095217,35.0979422,2023-04-30 10:44,f_f000027
f000027_900055,129.0095217,35.0979422,2023-04-30 10:45,f_f000027
f000027_900055,129.0095217,35.0979422,2023-04-30 10:45,f_f000027
f000027_900055,129.0095217,35.0979422,2023-04-30 10:46,f_f000027
f000027_900055,129.0095217,35.0979422,2023-04-30 10:46,f_f000027
f000027_900055,129.0095217,35.0979422,2023-04-30 10:47,f_f000027
f000027_900055,129.0095217,35.0979422,2023-04-30 10:48,f_f000027
f000027_900055,129.0095217,35.0979422,2023-04-30 10:49,f_f000027
f000027_900055,129.0092183,35.0982276,2023-04-30 10:49,f_f000027
f000027_900055,129.0092183,35.0982276,2023-04-30 10:50,f_f000027
f000027_900055,129.0092183,35.0982276,2023-04-30 10:50,f_f000027
f000027_900055,129.0092183,35.0982276,2023-04-30 10:51,f_f000027
f000027_900055,129.0092183,35.0982276,2023-04-30 10:52,f_f000027
f000027_900055,129.0092183,35.0982276,2023-04-30 10:52,f_f000027
f000027_900055,129.0092183,35.0982276,2023-04-30 10:53,f_f000027
f000027_900055,129.0092183,35.0982276,2023-04-30 10:53,f_f000027
f000027_900055,129.0092183,35.0982276,2023-04-30 10:54,f_f000027
f000027_900055,129.0092768,35.0986507,2023-04-30 10:54,f_f000027
f000027_900055,129.0099818,35.0985125,2023-04-30 10:55,f_f000027
f000027_900055,129.0099818,35.0985125,2023-04-30 10:55,f_f000027
f000027_900055,129.0099818,35.0985125,2023-04-30 10:56,f_f000027
f000027_900055,129.0099818,35.0985125,2023-04-30 10:57,f_f000027
f000027_900055,129.0099818,35.0985125,2023-04-30 10:57,f_f000027
f000027_900055,129.0105277,35.0973816,2023-04-30 10:58,f_f000027
f000027_900055,129.0105277,35.0973816,2023-04-30 10:59,f_f000027
f000027_900055,129.010246,35.0971697,2023-04-30 10:59,f_f000027
f000027_900055,129.010246,35.0971697,2023-04-30 11:00,f_f000027
f000027_900055,129.010246,35.0971697,2023-04-30 11:00,f_f000027
f000027_900055,129.010246,35.0971697,2023-04-30 11:01,f_f000027
f000027_900055,129.010246,35.0971697,2023-04-30 11:01,f_f000027
f000027_900055,129.0100526,35.0967615,2023-04-30 11:02,f_f000027
f000027_900055,129.0100526,35.0967615,2023-04-30 11:02,f_f000027
f000027_900055,129.0100526,35.0967615,2023-04-30 11:03,f_f000027
f000027_900055,129.0100526,35.0967615,2023-04-30 11:04,f_f000027
f000027_900055,129.0100243,35.0962321,2023-04-30 11:04,f_f000027
f000027_900055,129.0100243,35.0962321,2023-04-30 11:05,f_f000027
f000027_900055,129.0100243,35.0962321,2023-04-30 11:06,f_f000027
f000027_900055,129.0100243,35.0962321,2023-04-30 11:06,f_f000027
f000027_900055,129.0100243,35.0962321,2023-04-30 11:07,f_f000027
f000027_900055,129.0100243,35.0962321,2023-04-30 11:07,f_f000027
f000027_900055,129.0100243,35.0962321,2023-04-30 11:08,f_f000027
f000027_900055,129.0100243,35.0962321,2023-04-30 11:09,f_f000027
f000027_900055,129.0100243,35.0962321,2023-04-30 11:09,f_f000027
f000027_900055,129.0100243,35.0962321,2023-04-30 11:10,f_f000027
f000027_900055,129.0100243,35.0962321,2023-04-30 11:10,f_f000027
f000027_900055,129.0100243,35.0962321,2023-04-30 11:11,f_f000027
f000027_900055,129.0100243,35.0962321,2023-04-30 11:12,f_f000027
f000027_900055,129.0100243,35.0962321,2023-04-30 11:12,f_f000027
f000027_900055,129.0100243,35.0962321,2023-04-30 11:13,f_f000027
f000027_900055,129.0100243,35.0962321,2023-04-30 11:14,f_f000027
f000027_900055,129.0100243,35.0962321,2023-04-30 11:14,f_f000027
f000027_900055,129.0100243,35.0962321,2023-04-30 11:15,f_f000027
f000027_900055,129.0090705,35.0930358,2023-04-30 11:16,f_f000027
f000027_900055,129.0076588,35.0912736,2023-04-30 11:16,f_f000027
f000027_900055,129.0059343,35.0899459,2023-04-30 11:16,f_f000027
f000027_900055,129.0055061,35.0890117,2023-04-30 11:17,f_f000027
f000027_900055,129.0055061,35.0890117,2023-04-30 11:18,f_f000027
f000027_900055,129.0055061,35.0890117,2023-04-30 11:18,f_f000027
f000027_900055,129.0055061,35.0890117,2023-04-30 11:19,f_f000027
f000027_900055,129.0055061,35.0890117,2023-04-30 11:19,f_f000027
f000027_900055,129.0055061,35.0890117,2023-04-30 11:20,f_f000027
f000027_900055,129.0055061,35.0890117,2023-04-30 11:20,f_f000027
f000027_900055,129.0055061,35.0890117,2023-04-30 11:21,f_f000027
f000027_900055,129.0055061,35.0890117,2023-04-30 11:22,f_f000027
f000027_900055,129.0055061,35.0890117,2023-04-30 11:22,f_f000027
f000027_900055,129.0055061,35.0890117,2023-04-30 11:23,f_f000027
f000027_900055,129.0055061,35.0890117,2023-04-30 11:23,f_f000027
f000027_900055,129.0055061,35.0890117,2023-04-30 11:23,f_f000027
f000027_900055,129.0055061,35.0890117,2023-04-30 11:24,f_f000027
f000027_900055,129.0055061,35.0890117,2023-04-30 11:25,f_f000027
f000027_900055,129.0055061,35.0890117,2023-04-30 11:25,f_f000027
f000027_900055,129.0049848,35.0868818,2023-04-30 11:26,f_f000027
f000027_900055,129.0081727,35.0851802,2023-04-30 11:26,f_f000027
f000027_900055,129.0097655,35.0828033,2023-04-30 11:27,f_f000027
f000027_900055,129.0097655,35.0828033,2023-04-30 11:28,f_f000027
f000027_900055,129.0154921,35.0814332,2023-04-30 11:28,f_f000027
f000027_900055,129.0161806,35.0812908,2023-04-30 11:28,f_f000027
f000027_900055,129.0181304,35.0790215,2023-04-30 11:29,f_f000027
f000027_900055,129.0190584,35.0782816,2023-04-30 11:29,f_f000027
f000027_900055,129.0210847,35.0794211,2023-04-30 11:30,f_f000027
f000027_900055,129.0237491,35.0797207,2023-04-30 11:30,f_f000027
f000027_900055,129.0285581,35.0793081,2023-04-30 11:31,f_f000027
f000027_900055,129.0285581,35.0793081,2023-04-30 11:31,f_f000027
f000027_900055,129.0285581,35.0793081,2023-04-30 11:32,f_f000027
f000027_900055,129.0285581,35.0793081,2023-04-30 11:32,f_f000027
f000027_900055,129.0285581,35.0793081,2023-04-30 11:33,f_f000027
f000027_900055,129.0285581,35.0793081,2023-04-30 11:33,f_f000027
f000027_900055,129.0285581,35.0793081,2023-04-30 11:34,f_f000027
f000027_900055,129.0285581,35.0793081,2023-04-30 11:34,f_f000027
f000027_900055,129.0285581,35.0793081,2023-04-30 11:35,f_f000027
f000027_900055,129.0285581,35.0793081,2023-04-30 11:35,f_f000027
f000027_900055,129.0285581,35.0793081,2023-04-30 11:35,f_f000027
f000027_900055,129.0285581,35.0793081,2023-04-30 11:36,f_f000027
f000027_900055,129.0285581,35.0793081,2023-04-30 11:36,f_f000027
f000027_900055,129.0285581,35.0793081,2023-04-30 11:37,f_f000027
f000027_900055,129.0285581,35.0793081,2023-04-30 11:37,f_f000027
f000027_900055,129.096321,35.1124299,2023-04-30 11:38,f_f000027
f000027_900055,129.096321,35.1124299,2023-04-30 11:38,f_f000027
f000027_900055,129.096321,35.1124299,2023-04-30 11:39,f_f000027
f000027_900055,129.096321,35.1124299,2023-04-30 11:39,f_f000027
f000027_900055,129.1044085,35.1288455,2023-04-30 11:40,f_f000027
f000027_900055,129.1059016,35.1299018,2023-04-30 11:40,f_f000027
f000027_900055,129.1062431,35.1302406,2023-04-30 11:41,f_f000027
f000027_900055,129.1069525,35.1310773,2023-04-30 11:41,f_f000027
f000027_900055,129.1083215,35.1325698,2023-04-30 11:42,f_f000027
f000027_900055,129.1091054,35.1334925,2023-04-30 11:42,f_f000027
f000027_900055,129.1096807,35.1342164,2023-04-30 11:42,f_f000027
f000027_900055,129.1110148,35.1355405,2023-04-30 11:43,f_f000027
f000027_900055,129.1124333,35.1359646,2023-04-30 11:43,f_f000027
f000027_900055,129.1141754,35.1362163,2023-04-30 11:44,f_f000027
f000027_900055,129.1161467,35.1365189,2023-04-30 11:44,f_f000027
f000027_900055,129.118229,35.1367483,2023-04-30 11:45,f_f000027
f000027_900055,129.1190539,35.1368842,2023-04-30 11:45,f_f000027
f000027_900055,129.1199938,35.1371826,2023-04-30 11:46,f_f000027
f000027_900055,129.1181034,35.1381718,2023-04-30 11:46,f_f000027
f000027_900055,129.1181034,35.1381718,2023-04-30 11:47,f_f000027
f000027_900055,129.1181034,35.1381718,2023-04-30 11:47,f_f000027
f000027_900055,129.1181034,35.1381718,2023-04-30 11:48,f_f000027
f000027_900055,129.1181034,35.1381718,2023-04-30 11:48,f_f000027
f000027_900055,129.1181034,35.1381718,2023-04-30 11:49,f_f000027
f000027_900055,129.1204669,35.1547223,2023-04-30 11:49,f_f000027
f000027_900055,129.1204669,35.1547223,2023-04-30 11:50,f_f000027
f000027_900055,129.1204669,35.1547223,2023-04-30 11:50,f_f000027
f000027_900055,129.134842,35.1523966,2023-04-30 11:51,f_f000027
f000027_900055,129.1361824,35.1538941,2023-04-30 11:51,f_f000027
f000027_900055,129.136863,35.1549639,2023-04-30 11:52,f_f000027
f000027_900055,129.1370765,35.156293,2023-04-30 11:52,f_f000027
f000027_900055,129.1340982,35.1608821,2023-04-30 11:53,f_f000027
f000027_900055,129.1340982,35.1608821,2023-04-30 11:53,f_f000027
f000027_900055,129.1293106,35.1666785,2023-04-30 11:54,f_f000027
f000027_900055,129.1293106,35.1666785,2023-04-30 11:54,f_f000027
f000027_900055,129.1293106,35.1666785,2023-04-30 11:55,f_f000027
f000027_900055,129.1293106,35.1666785,2023-04-30 11:55,f_f000027
f000027_900055,129.1293106,35.1666785,2023-04-30 11:56,f_f000027
f000027_900055,129.1293106,35.1666785,2023-04-30 11:56,f_f000027
f000027_900055,129.1293106,35.1666785,2023-04-30 11:57,f_f000027
f000027_900055,129.1293106,35.1666785,2023-04-30 11:57,f_f000027
f000027_900055,129.1293106,35.1666785,2023-04-30 11:58,f_f000027
f000027_900055,129.1293106,35.1666785,2023-04-30 11:58,f_f000027
f000027_900055,129.1293106,35.1666785,2023-04-30 11:58,f_f000027
f000027_900055,129.1293106,35.1666785,2023-04-30 11:59,f_f000027
f000027_900055,129.1293106,35.1666785,2023-04-30 11:59,f_f000027
f000027_900055,129.1293106,35.1666785,2023-04-30 12:00,f_f000027
f000027_900055,129.1293106,35.1666785,2023-04-30 12:00,f_f000027
f000027_900055,129.1293106,35.1666785,2023-04-30 12:01,f_f000027
f000027_900055,129.1293106,35.1666785,2023-04-30 12:01,f_f000027
f000027_900055,129.1293106,35.1666785,2023-04-30 12:02,f_f000027
f000027_900055,129.1293106,35.1666785,2023-04-30 12:02,f_f000027
f000027_900055,129.1293106,35.1666785,2023-04-30 12:03,f_f000027
f000027_900055,129.1293106,35.1666785,2023-04-30 12:03,f_f000027
f000027_900055,129.1293106,35.1666785,2023-04-30 12:03,f_f000027
f000027_900055,129.1293106,35.1666785,2023-04-30 12:04,f_f000027
f000027_900055,129.1293106,35.1666785,2023-04-30 12:04,f_f000027
f000027_900055,129.1293106,35.1666785,2023-04-30 12:05,f_f000027
f000027_900055,129.1293106,35.1666785,2023-04-30 12:05,f_f000027
f000027_900055,129.1293106,35.1666785,2023-04-30 12:06,f_f000027
f000027_900055,129.1293106,35.1666785,2023-04-30 12:06,f_f000027
f000027_900055,129.1293106,35.1666785,2023-04-30 12:07,f_f000027
f000027_900055,129.1293106,35.1666785,2023-04-30 12:07,f_f000027
f000027_900055,129.1293106,35.1666785,2023-04-30 12:08,f_f000027
f000027_900055,129.1293106,35.1666785,2023-04-30 12:08,f_f000027
f000027_900055,129.1293106,35.1666785,2023-04-30 12:09,f_f000027
f000027_900055,129.1293106,35.1666785,2023-04-30 12:09,f_f000027
f000027_900055,129.1293106,35.1666785,2023-04-30 12:10,f_f000027
f000027_900055,129.1293106,35.1666785,2023-04-30 12:10,f_f000027
f000027_900055,129.1293106,35.1666785,2023-04-30 12:11,f_f000027
f000027_900055,129.1293106,35.1666785,2023-04-30 12:11,f_f000027
f000027_900055,129.1293106,35.1666785,2023-04-30 12:12,f_f000027
f000027_900055,129.1293106,35.1666785,2023-04-30 12:12,f_f000027
f000027_900055,129.1293106,35.1666785,2023-04-30 12:13,f_f000027
f000027_900055,129.1293106,35.1666785,2023-04-30 12:13,f_f000027
f000027_900055,129.1293106,35.1666785,2023-04-30 12:14,f_f000027
f000027_900055,129.1293106,35.1666785,2023-04-30 12:14,f_f000027
f000027_900055,129.1293106,35.1666785,2023-04-30 12:15,f_f000027
f000027_900055,129.1293106,35.1666785,2023-04-30 12:15,f_f000027
f000027_900055,129.1293106,35.1666785,2023-04-30 12:16,f_f000027
f000027_900055,129.1293106,35.1666785,2023-04-30 12:16,f_f000027
f000027_900055,129.1293106,35.1666785,2023-04-30 12:17,f_f000027
f000027_900055,129.1293106,35.1666785,2023-04-30 12:17,f_f000027
f000027_900055,129.1293106,35.1666785,2023-04-30 12:18,f_f000027
f000027_900055,129.1293106,35.1666785,2023-04-30 12:18,f_f000027
f000027_900055,129.1293106,35.1666785,2023-04-30 12:19,f_f000027
f000027_900055,129.1293106,35.1666785,2023-04-30 12:19,f_f000027
f000027_900055,129.1293106,35.1666785,2023-04-30 12:20,f_f000027
f000027_900055,129.1293106,35.1666785,2023-04-30 12:20,f_f000027
f000027_900055,129.1293106,35.1666785,2023-04-30 12:21,f_f000027
f000027_900055,129.1293106,35.1666785,2023-04-30 12:21,f_f000027
f000027_900055,129.1293106,35.1666785,2023-04-30 12:22,f_f000027
f000027_900055,129.1293106,35.1666785,2023-04-30 12:22,f_f000027
f000027_900055,129.1293106,35.1666785,2023-04-30 12:23,f_f000027
f000027_900055,129.1293106,35.1666785,2023-04-30 12:24,f_f000027
f000027_900055,129.1293106,35.1666785,2023-04-30 12:24,f_f000027
f000027_900055,129.1293106,35.1666785,2023-04-30 12:25,f_f000027
f000027_900055,129.1293106,35.1666785,2023-04-30 12:25,f_f000027
f000027_900055,129.1293106,35.1666785,2023-04-30 12:26,f_f000027
f000027_900055,129.1293106,35.1666785,2023-04-30 12:26,f_f000027
f000027_900055,129.1293106,35.1666785,2023-04-30 12:27,f_f000027
f000027_900055,129.1293106,35.1666785,2023-04-30 12:27,f_f000027
f000027_900055,129.1293106,35.1666785,2023-04-30 12:28,f_f000027
f000027_900055,129.1293106,35.1666785,2023-04-30 12:28,f_f000027
f000027_900055,129.1293106,35.1666785,2023-04-30 12:29,f_f000027
f000027_900055,129.1293106,35.1666785,2023-04-30 12:29,f_f000027
f000027_900055,129.1293106,35.1666785,2023-04-30 12:30,f_f000027
f000027_900055,129.1293106,35.1666785,2023-04-30 12:30,f_f000027
f000027_900055,129.1293106,35.1666785,2023-04-30 12:31,f_f000027
f000027_900055,129.1293106,35.1666785,2023-04-30 12:31,f_f000027
f000027_900055,129.1293106,35.1666785,2023-04-30 12:32,f_f000027
f000027_900055,129.1293106,35.1666785,2023-04-30 12:32,f_f000027
f000027_900055,129.1293106,35.1666785,2023-04-30 12:33,f_f000027
f000027_900055,129.1293106,35.1666785,2023-04-30 12:34,f_f000027
f000027_900055,129.1293106,35.1666785,2023-04-30 12:34,f_f000027
f000027_900055,129.1293106,35.1666785,2023-04-30 12:35,f_f000027
f000027_900055,129.1293106,35.1666785,2023-04-30 12:35,f_f000027
f000027_900055,129.1293106,35.1666785,2023-04-30 12:36,f_f000027
f000027_900055,129.1293106,35.1666785,2023-04-30 12:36,f_f000027
f000027_900055,129.1293106,35.1666785,2023-04-30 12:37,f_f000027
f000027_900055,129.1293106,35.1666785,2023-04-30 12:37,f_f000027
f000027_900055,129.1293106,35.1666785,2023-04-30 12:38,f_f000027
f000027_900055,129.1293106,35.1666785,2023-04-30 12:39,f_f000027
f000027_900055,129.1293106,35.1666785,2023-04-30 12:39,f_f000027
f000027_900055,129.1293106,35.1666785,2023-04-30 12:40,f_f000027
f000027_900055,129.1293106,35.1666785,2023-04-30 12:41,f_f000027
f000027_900055,129.1293106,35.1666785,2023-04-30 12:42,f_f000027
f000027_900055,129.1293106,35.1666785,2023-04-30 12:42,f_f000027
f000027_900055,129.1293106,35.1666785,2023-04-30 12:43,f_f000027
f000027_900055,129.1293106,35.1666785,2023-04-30 12:43,f_f000027
f000027_900055,129.1293106,35.1666785,2023-04-30 12:44,f_f000027
f000027_900055,129.1293106,35.1666785,2023-04-30 12:44,f_f000027
f000027_900055,129.1293106,35.1666785,2023-04-30 12:45,f_f000027
f000027_900055,129.1293106,35.1666785,2023-04-30 12:45,f_f000027
f000027_900055,129.1293106,35.1666785,2023-04-30 12:46,f_f000027
f000027_900055,129.1293106,35.1666785,2023-04-30 12:47,f_f000027
f000027_900055,129.1293106,35.1666785,2023-04-30 12:47,f_f000027
f000027_900055,129.1293106,35.1666785,2023-04-30 12:48,f_f000027
f000027_900055,129.1293106,35.1666785,2023-04-30 12:48,f_f000027
f000027_900055,129.1293106,35.1666785,2023-04-30 12:49,f_f000027
f000027_900055,129.1293106,35.1666785,2023-04-30 12:49,f_f000027
f000027_900055,129.1293106,35.1666785,2023-04-30 12:50,f_f000027
f000027_900055,129.1293106,35.1666785,2023-04-30 12:51,f_f000027
f000027_900055,129.1293106,35.1666785,2023-04-30 12:51,f_f000027
f000027_900055,129.1293106,35.1666785,2023-04-30 12:52,f_f000027
f000027_900055,129.1293106,35.1666785,2023-04-30 12:52,f_f000027
f000027_900055,129.1293106,35.1666785,2023-04-30 12:53,f_f000027
f000027_900055,129.1293106,35.1666785,2023-04-30 12:54,f_f000027
f000027_900055,129.1293106,35.1666785,2023-04-30 12:54,f_f000027
f000027_900055,129.1293106,35.1666785,2023-04-30 12:55,f_f000027
f000027_900055,129.1293106,35.1666785,2023-04-30 12:55,f_f000027
f000027_900055,129.1293106,35.1666785,2023-04-30 12:56,f_f000027
f000027_900055,129.1293106,35.1666785,2023-04-30 12:56,f_f000027
f000027_900055,129.1293106,35.1666785,2023-04-30 12:57,f_f000027
f000027_900055,129.1293106,35.1666785,2023-04-30 12:57,f_f000027
f000027_900055,129.1293106,35.1666785,2023-04-30 12:58,f_f000027
f000027_900055,129.1293106,35.1666785,2023-04-30 12:58,f_f000027
f000027_900055,129.1293106,35.1666785,2023-04-30 12:59,f_f000027
f000027_900055,129.1293106,35.1666785,2023-04-30 13:00,f_f000027
f000027_900055,129.1293106,35.1666785,2023-04-30 13:00,f_f000027
f000027_900055,129.1293106,35.1666785,2023-04-30 13:01,f_f000027
f000027_900055,129.1293106,35.1666785,2023-04-30 13:02,f_f000027
f000027_900055,129.1293106,35.1666785,2023-04-30 13:02,f_f000027
f000027_900055,129.1293106,35.1666785,2023-04-30 13:03,f_f000027
f000027_900055,129.1293106,35.1666785,2023-04-30 13:03,f_f000027
f000027_900055,129.1293106,35.1666785,2023-04-30 13:04,f_f000027
f000027_900055,129.1293106,35.1666785,2023-04-30 13:04,f_f000027
f000027_900055,129.1293106,35.1666785,2023-04-30 13:05,f_f000027
f000027_900055,129.1293106,35.1666785,2023-04-30 13:06,f_f000027
f000027_900055,129.1293106,35.1666785,2023-04-30 13:07,f_f000027
f000027_900055,129.1293106,35.1666785,2023-04-30 13:07,f_f000027
f000027_900055,129.1293106,35.1666785,2023-04-30 13:08,f_f000027
f000027_900055,129.1293106,35.1666785,2023-04-30 13:08,f_f000027
f000027_900055,129.1293106,35.1666785,2023-04-30 13:09,f_f000027
f000027_900055,129.1293106,35.1666785,2023-04-30 13:10,f_f000027
f000027_900055,129.1293106,35.1666785,2023-04-30 13:10,f_f000027
f000027_900055,129.1293106,35.1666785,2023-04-30 13:11,f_f000027
f000027_900055,129.1293106,35.1666785,2023-04-30 13:11,f_f000027
f000027_900055,129.1293106,35.1666785,2023-04-30 13:12,f_f000027
f000027_900055,129.1293106,35.1666785,2023-04-30 13:12,f_f000027
f000027_900055,129.1293106,35.1666785,2023-04-30 13:13,f_f000027
f000027_900055,129.1293106,35.1666785,2023-04-30 13:13,f_f000027
f000027_900055,129.1293106,35.1666785,2023-04-30 13:14,f_f000027
f000027_900055,129.1293106,35.1666785,2023-04-30 13:15,f_f000027
f000027_900055,129.1293106,35.1666785,2023-04-30 13:15,f_f000027
f000027_900055,129.1293106,35.1666785,2023-04-30 13:16,f_f000027
f000027_900055,129.1293106,35.1666785,2023-04-30 13:16,f_f000027
f000027_900055,129.1293106,35.1666785,2023-04-30 13:17,f_f000027
f000027_900055,129.1293106,35.1666785,2023-04-30 13:17,f_f000027
f000027_900055,129.1293106,35.1666785,2023-04-30 13:18,f_f000027
f000027_900055,129.1293106,35.1666785,2023-04-30 13:19,f_f000027
f000027_900055,129.1293106,35.1666785,2023-04-30 13:19,f_f000027
f000027_900055,129.1293106,35.1666785,2023-04-30 13:20,f_f000027
f000027_900055,129.1293106,35.1666785,2023-04-30 13:20,f_f000027
f000027_900055,129.1293106,35.1666785,2023-04-30 13:21,f_f000027
f000027_900055,129.1293106,35.1666785,2023-04-30 13:21,f_f000027
f000027_900055,129.1293106,35.1666785,2023-04-30 13:22,f_f000027
f000027_900055,129.1293106,35.1666785,2023-04-30 13:23,f_f000027
f000027_900055,129.1293106,35.1666785,2023-04-30 13:24,f_f000027
f000027_900055,129.1293106,35.1666785,2023-04-30 13:24,f_f000027
f000027_900055,129.1293106,35.1666785,2023-04-30 13:25,f_f000027
f000027_900055,129.1293106,35.1666785,2023-04-30 13:25,f_f000027
f000027_900055,129.1293106,35.1666785,2023-04-30 13:26,f_f000027
f000027_900055,129.1293106,35.1666785,2023-04-30 13:26,f_f000027
f000027_900055,129.1293106,35.1666785,2023-04-30 13:27,f_f000027
f000027_900055,129.1293106,35.1666785,2023-04-30 13:28,f_f000027
f000027_900055,129.1293106,35.1666785,2023-04-30 13:28,f_f000027
f000027_900055,129.1293106,35.1666785,2023-04-30 13:29,f_f000027
f000027_900055,129.1293106,35.1666785,2023-04-30 13:29,f_f000027
f000027_900055,129.1293106,35.1666785,2023-04-30 13:30,f_f000027
f000027_900055,129.1293106,35.1666785,2023-04-30 13:30,f_f000027
f000027_900055,129.1293106,35.1666785,2023-04-30 13:31,f_f000027
f000027_900055,129.1293106,35.1666785,2023-04-30 13:32,f_f000027
f000027_900055,129.1293106,35.1666785,2023-04-30 13:32,f_f000027
f000027_900055,129.1293106,35.1666785,2023-04-30 13:33,f_f000027
f000027_900055,129.1293106,35.1666785,2023-04-30 13:34,f_f000027
f000027_900055,129.1293106,35.1666785,2023-04-30 13:34,f_f000027
f000027_900055,129.1293106,35.1666785,2023-04-30 13:35,f_f000027
f000027_900055,129.1293106,35.1666785,2023-04-30 13:36,f_f000027
f000027_900055,129.1293106,35.1666785,2023-04-30 13:36,f_f000027
f000027_900055,129.1293106,35.1666785,2023-04-30 13:37,f_f000027
f000027_900055,129.1293106,35.1666785,2023-04-30 13:38,f_f000027
f000027_900055,129.1293106,35.1666785,2023-04-30 13:38,f_f000027
f000027_900055,129.1293106,35.1666785,2023-04-30 13:39,f_f000027
f000027_900055,129.1293106,35.1666785,2023-04-30 13:40,f_f000027
f000027_900055,129.1293106,35.1666785,2023-04-30 13:40,f_f000027
f000027_900055,129.1293106,35.1666785,2023-04-30 13:42,f_f000027
f000027_900055,129.1293106,35.1666785,2023-04-30 13:42,f_f000027
f000027_900055,129.1293106,35.1666785,2023-04-30 13:43,f_f000027
f000027_900055,129.1293106,35.1666785,2023-04-30 13:43,f_f000027
f000027_900055,129.1293106,35.1666785,2023-04-30 13:44,f_f000027
f000027_900055,129.1293106,35.1666785,2023-04-30 13:45,f_f000027
f000027_900055,129.1293106,35.1666785,2023-04-30 13:45,f_f000027
f000027_900055,129.1293106,35.1666785,2023-04-30 13:46,f_f000027
f000027_900055,129.1293106,35.1666785,2023-04-30 13:46,f_f000027
f000027_900055,129.1293106,35.1666785,2023-04-30 13:47,f_f000027
f000027_900055,129.1293106,35.1666785,2023-04-30 13:47,f_f000027
f000027_900055,129.1293106,35.1666785,2023-04-30 13:48,f_f000027
f000027_900055,129.1293106,35.1666785,2023-04-30 13:49,f_f000027
f000027_900055,129.1293106,35.1666785,2023-04-30 13:49,f_f000027
f000027_900055,129.1293106,35.1666785,2023-04-30 13:50,f_f000027
f000027_900055,129.1293106,35.1666785,2023-04-30 13:50,f_f000027
f000027_900055,129.1293106,35.1666785,2023-04-30 13:51,f_f000027
f000027_900055,129.1293106,35.1666785,2023-04-30 13:51,f_f000027
f000027_900055,129.1293106,35.1666785,2023-04-30 13:52,f_f000027
f000027_900055,129.1298143,35.1683904,2023-04-30 13:53,f_f000027
f000027_900055,129.1298143,35.1683904,2023-04-30 13:53,f_f000027
f000027_900055,129.1298143,35.1683904,2023-04-30 13:54,f_f000027
f000027_900055,129.1298143,35.1683904,2023-04-30 13:54,f_f000027
f000027_900055,129.1298143,35.1683904,2023-04-30 13:55,f_f000027
f000027_900055,129.1298143,35.1683904,2023-04-30 13:55,f_f000027
f000027_900055,129.1298327,35.1686895,2023-04-30 13:56,f_f000027
f000027_900055,129.1295265,35.1685848,2023-04-30 13:57,f_f000027
f000027_900055,129.1295265,35.1685848,2023-04-30 13:57,f_f000027
f000027_900055,129.1293039,35.1688422,2023-04-30 13:58,f_f000027
f000027_900055,129.1293039,35.1688422,2023-04-30 13:58,f_f000027
f000027_900055,129.1293039,35.1688422,2023-04-30 13:59,f_f000027
f000027_900055,129.1293039,35.1688422,2023-04-30 13:59,f_f000027
f000027_900055,129.1293039,35.1688422,2023-04-30 14:00,f_f000027
f000027_900055,129.1286498,35.1691568,2023-04-30 14:00,f_f000027
f000027_900055,129.1286498,35.1691568,2023-04-30 14:01,f_f000027
f000027_900055,129.1286498,35.1691568,2023-04-30 14:02,f_f000027
f000027_900055,129.1286498,35.1691568,2023-04-30 14:02,f_f000027
f000027_900055,129.1286498,35.1691568,2023-04-30 14:03,f_f000027
f000027_900055,129.1286498,35.1691568,2023-04-30 14:04,f_f000027
f000027_900055,129.1286498,35.1691568,2023-04-30 14:04,f_f000027
f000027_900055,129.1286498,35.1691568,2023-04-30 14:05,f_f000027
f000027_900055,129.1286498,35.1691568,2023-04-30 14:05,f_f000027
f000027_900055,129.1286498,35.1691568,2023-04-30 14:06,f_f000027
f000027_900055,129.1286498,35.1691568,2023-04-30 14:06,f_f000027
f000027_900055,129.1286498,35.1691568,2023-04-30 14:07,f_f000027
f000027_900055,129.1286498,35.1691568,2023-04-30 14:07,f_f000027
f000027_900055,129.1286498,35.1691568,2023-04-30 14:08,f_f000027
f000027_900055,129.1286498,35.1691568,2023-04-30 14:08,f_f000027
f000027_900055,129.1286498,35.1691568,2023-04-30 14:09,f_f000027
f000027_900055,129.1286498,35.1691568,2023-04-30 14:10,f_f000027
f000027_900055,129.1286498,35.1691568,2023-04-30 14:10,f_f000027
f000027_900055,129.1286498,35.1691568,2023-04-30 14:11,f_f000027
f000027_900055,129.1286498,35.1691568,2023-04-30 14:11,f_f000027
f000027_900055,129.1286498,35.1691568,2023-04-30 14:12,f_f000027
f000027_900055,129.1286498,35.1691568,2023-04-30 14:13,f_f000027
f000027_900055,129.1286498,35.1691568,2023-04-30 14:13,f_f000027
f000027_900055,129.1286498,35.1691568,2023-04-30 14:14,f_f000027
f000027_900055,129.1286498,35.1691568,2023-04-30 14:14,f_f000027
f000027_900055,129.1286498,35.1691568,2023-04-30 14:15,f_f000027
f000027_900055,129.1286498,35.1691568,2023-04-30 14:16,f_f000027
f000027_900055,129.1286498,35.1691568,2023-04-30 14:16,f_f000027
f000027_900055,129.1286498,35.1691568,2023-04-30 14:17,f_f000027
f000027_900055,129.1286498,35.1691568,2023-04-30 14:17,f_f000027
f000027_900055,129.1286498,35.1691568,2023-04-30 14:18,f_f000027
f000027_900055,129.1286498,35.1691568,2023-04-30 14:19,f_f000027
f000027_900055,129.1286498,35.1691568,2023-04-30 14:19,f_f000027
f000027_900055,129.1286498,35.1691568,2023-04-30 14:20,f_f000027
f000027_900055,129.1286498,35.1691568,2023-04-30 14:21,f_f000027
f000027_900055,129.1286498,35.1691568,2023-04-30 14:21,f_f000027
f000027_900055,129.1286498,35.1691568,2023-04-30 14:22,f_f000027
f000027_900055,129.1286498,35.1691568,2023-04-30 14:23,f_f000027
f000027_900055,129.1286498,35.1691568,2023-04-30 14:23,f_f000027
f000027_900055,129.1286498,35.1691568,2023-04-30 14:24,f_f000027
f000027_900055,129.1286498,35.1691568,2023-04-30 14:24,f_f000027
f000027_900055,129.1286498,35.1691568,2023-04-30 14:25,f_f000027
f000027_900055,129.1286498,35.1691568,2023-04-30 14:25,f_f000027
f000027_900055,129.1286498,35.1691568,2023-04-30 14:26,f_f000027
f000027_900055,129.1286498,35.1691568,2023-04-30 14:26,f_f000027
f000027_900055,129.1286498,35.1691568,2023-04-30 14:27,f_f000027
f000027_900055,129.1286498,35.1691568,2023-04-30 14:27,f_f000027
f000027_900055,129.1286498,35.1691568,2023-04-30 14:28,f_f000027
f000027_900055,129.1286498,35.1691568,2023-04-30 14:29,f_f000027
f000027_900055,129.1286498,35.1691568,2023-04-30 14:29,f_f000027
f000027_900055,129.1286498,35.1691568,2023-04-30 14:30,f_f000027
f000027_900055,129.1286498,35.1691568,2023-04-30 14:30,f_f000027
f000027_900055,129.1286498,35.1691568,2023-04-30 14:31,f_f000027
f000027_900055,129.1286498,35.1691568,2023-04-30 14:31,f_f000027
f000027_900055,129.1286498,35.1691568,2023-04-30 14:32,f_f000027
f000027_900055,129.1286498,35.1691568,2023-04-30 14:33,f_f000027
f000027_900055,129.1286498,35.1691568,2023-04-30 14:33,f_f000027
f000027_900055,129.1286498,35.1691568,2023-04-30 14:34,f_f000027
f000027_900055,129.1286498,35.1691568,2023-04-30 14:34,f_f000027
f000027_900055,129.1286498,35.1691568,2023-04-30 14:35,f_f000027
f000027_900055,129.1286498,35.1691568,2023-04-30 14:35,f_f000027
f000027_900055,129.1286498,35.1691568,2023-04-30 14:36,f_f000027
f000027_900055,129.1286498,35.1691568,2023-04-30 14:37,f_f000027
f000027_900055,129.1286498,35.1691568,2023-04-30 14:37,f_f000027
f000027_900055,129.1286498,35.1691568,2023-04-30 14:38,f_f000027
f000027_900055,129.1286498,35.1691568,2023-04-30 14:38,f_f000027
f000027_900055,129.1286498,35.1691568,2023-04-30 14:39,f_f000027
f000027_900055,129.1286498,35.1691568,2023-04-30 14:39,f_f000027
f000027_900055,129.1286498,35.1691568,2023-04-30 14:40,f_f000027
f000027_900055,129.1286498,35.1691568,2023-04-30 14:40,f_f000027
f000027_900055,129.1286498,35.1691568,2023-04-30 14:41,f_f000027
f000027_900055,129.1286498,35.1691568,2023-04-30 14:41,f_f000027
f000027_900055,129.1286498,35.1691568,2023-04-30 14:42,f_f000027
f000027_900055,129.1286498,35.1691568,2023-04-30 14:42,f_f000027
f000027_900055,129.1285261,35.1687548,2023-04-30 14:43,f_f000027
f000027_900055,129.1279522,35.1686532,2023-04-30 14:43,f_f000027
f000027_900055,129.1279522,35.1686532,2023-04-30 14:44,f_f000027
f000027_900055,129.1279522,35.1686532,2023-04-30 14:44,f_f000027
f000027_900055,129.1279522,35.1686532,2023-04-30 14:45,f_f000027
f000027_900055,129.1287255,35.1676905,2023-04-30 14:45,f_f000027
f000027_900055,129.1286496,35.1673199,2023-04-30 14:46,f_f000027
f000027_900055,129.1257648,35.1657872,2023-04-30 14:46,f_f000027
f000027_900055,129.1225811,35.1665997,2023-04-30 14:47,f_f000027
f000027_900055,129.1209124,35.1680671,2023-04-30 14:47,f_f000027
f000027_900055,129.1201811,35.168374,2023-04-30 14:48,f_f000027
f000027_900055,129.1174369,35.1681267,2023-04-30 14:48,f_f000027
f000027_900055,129.1156677,35.1674814,2023-04-30 14:48,f_f000027
f000027_900055,129.1144729,35.1678754,2023-04-30 14:49,f_f000027
f000027_900055,129.1133687,35.1686588,2023-04-30 14:49,f_f000027
f000027_900055,129.1105285,35.1705507,2023-04-30 14:50,f_f000027
f000027_900055,129.1069849,35.1719777,2023-04-30 14:50,f_f000027
f000027_900055,129.1033503,35.1728515,2023-04-30 14:51,f_f000027
f000027_900055,129.099794,35.1732216,2023-04-30 14:51,f_f000027
f000027_900055,129.0962358,35.1735113,2023-04-30 14:52,f_f000027
f000027_900055,129.0936562,35.1738891,2023-04-30 14:52,f_f000027
f000027_900055,129.0914106,35.1741502,2023-04-30 14:53,f_f000027
f000027_900055,129.0889233,35.1744136,2023-04-30 14:53,f_f000027
f000027_900055,129.0889233,35.1744136,2023-04-30 14:53,f_f000027
f000027_900055,129.0864882,35.174698,2023-04-30 14:54,f_f000027
f000027_900055,129.082662,35.1751616,2023-04-30 14:54,f_f000027
f000027_900055,129.0789317,35.1756725,2023-04-30 14:55,f_f000027
f000027_900055,129.0751756,35.174538,2023-04-30 14:55,f_f000027
f000027_900055,129.0751756,35.174538,2023-04-30 14:56,f_f000027
f000027_900055,129.072685,35.1735267,2023-04-30 14:56,f_f000027
f000027_900055,129.072685,35.1735267,2023-04-30 14:57,f_f000027
f000027_900055,129.0721664,35.1733204,2023-04-30 14:57,f_f000027
f000027_900055,129.0700065,35.1716133,2023-04-30 14:58,f_f000027
f000027_900055,129.0687945,35.1700346,2023-04-30 14:58,f_f000027
f000027_900055,129.0684748,35.1696114,2023-04-30 14:59,f_f000027
f000027_900055,129.0684748,35.1696114,2023-04-30 14:59,f_f000027
f000027_900055,129.0669709,35.1682983,2023-04-30 14:59,f_f000027
f000027_900055,129.0659636,35.1670243,2023-04-30 15:00,f_f000027
f000027_900055,129.0645858,35.1651394,2023-04-30 15:00,f_f000027
f000027_900055,129.0632321,35.1629985,2023-04-30 15:01,f_f000027
f000027_900055,129.0616728,35.1608433,2023-04-30 15:01,f_f000027
f000027_900055,129.0609279,35.1599231,2023-04-30 15:02,f_f000027
f000027_900055,129.0604698,35.159932,2023-04-30 15:02,f_f000027
f000027_900055,129.0604698,35.159932,2023-04-30 15:03,f_f000027
f000027_900055,129.0601086,35.1601199,2023-04-30 15:03,f_f000027
f000027_900055,129.0601086,35.1601199,2023-04-30 15:04,f_f000027
f000027_900055,129.0601086,35.1601199,2023-04-30 15:04,f_f000027
f000027_900055,129.0599379,35.159571,2023-04-30 15:05,f_f000027
f000027_900055,129.0596275,35.1594302,2023-04-30 15:05,f_f000027
f000027_900055,129.0596275,35.1594302,2023-04-30 15:06,f_f000027
f000027_900055,129.0596275,35.1594302,2023-04-30 15:06,f_f000027
f000027_900055,129.0599096,35.159129,2023-04-30 15:07,f_f000027
f000027_900055,129.0599096,35.159129,2023-04-30 15:07,f_f000027
f000027_900055,129.0599096,35.159129,2023-04-30 15:08,f_f000027
f000027_900055,129.0602267,35.1589869,2023-04-30 15:08,f_f000027
f000027_900055,129.0606348,35.1592751,2023-04-30 15:08,f_f000027
f000027_900055,129.0606348,35.1592751,2023-04-30 15:09,f_f000027
f000027_900055,129.0610417,35.1596177,2023-04-30 15:10,f_f000027
f000027_900055,129.0610417,35.1596177,2023-04-30 15:10,f_f000027
f000027_900055,129.0613372,35.1599491,2023-04-30 15:11,f_f000027
f000027_900055,129.0613372,35.1599491,2023-04-30 15:11,f_f000027
f000027_900055,129.0613372,35.1599491,2023-04-30 15:12,f_f000027
f000027_900055,129.0613372,35.1599491,2023-04-30 15:12,f_f000027
f000027_900055,129.0613372,35.1599491,2023-04-30 15:13,f_f000027
f000027_900055,129.0613372,35.1599491,2023-04-30 15:13,f_f000027
f000027_900055,129.0613372,35.1599491,2023-04-30 15:14,f_f000027
f000027_900055,129.0613372,35.1599491,2023-04-30 15:15,f_f000027
f000027_900055,129.0613372,35.1599491,2023-04-30 15:15,f_f000027
f000027_900055,129.0613372,35.1599491,2023-04-30 15:16,f_f000027
f000027_900055,129.0613372,35.1599491,2023-04-30 15:17,f_f000027
f000027_900055,129.0613372,35.1599491,2023-04-30 15:18,f_f000027
f000027_900055,129.0613372,35.1599491,2023-04-30 15:20,f_f000027
f000027_900055,129.0613372,35.1599491,2023-04-30 15:20,f_f000027
f000027_900055,129.0613372,35.1599491,2023-04-30 15:21,f_f000027
f000027_900055,129.0613372,35.1599491,2023-04-30 15:22,f_f000027
f000027_900055,129.0612608,35.1607324,2023-04-30 15:22,f_f000027
f000027_900055,129.0605929,35.1606827,2023-04-30 15:23,f_f000027
f000027_900055,129.0605929,35.1606827,2023-04-30 15:23,f_f000027
f000027_900055,129.0603223,35.1602549,2023-04-30 15:24,f_f000027
f000027_900055,129.0603223,35.1602549,2023-04-30 15:25,f_f000027
f000027_900055,129.0603223,35.1602549,2023-04-30 15:25,f_f000027
f000027_900055,129.0603223,35.1602549,2023-04-30 15:26,f_f000027
f000027_900055,129.0603223,35.1602549,2023-04-30 15:26,f_f000027
f000027_900055,129.0603223,35.1602549,2023-04-30 15:27,f_f000027
f000027_900055,129.0603223,35.1602549,2023-04-30 15:27,f_f000027
f000027_900055,129.0603223,35.1602549,2023-04-30 15:28,f_f000027
f000027_900055,129.0598584,35.1591891,2023-04-30 15:28,f_f000027
f000027_900055,129.0598584,35.1591891,2023-04-30 15:29,f_f000027
f000027_900055,129.0598584,35.1591891,2023-04-30 15:29,f_f000027
f000027_900055,129.0598584,35.1591891,2023-04-30 15:30,f_f000027
f000027_900055,129.0598584,35.1591891,2023-04-30 15:30,f_f000027
f000027_900055,129.0598584,35.1591891,2023-04-30 15:31,f_f000027
f000027_900055,129.0598584,35.1591891,2023-04-30 15:31,f_f000027
f000027_900055,129.0598584,35.1591891,2023-04-30 15:32,f_f000027
f000027_900055,129.0598584,35.1591891,2023-04-30 15:32,f_f000027
f000027_900055,129.0598584,35.1591891,2023-04-30 15:33,f_f000027
f000027_900055,129.0598584,35.1591891,2023-04-30 15:34,f_f000027
f000027_900055,129.0598584,35.1591891,2023-04-30 15:34,f_f000027
f000027_900055,129.0598584,35.1591891,2023-04-30 15:35,f_f000027
f000027_900055,129.0598584,35.1591891,2023-04-30 15:35,f_f000027
f000027_900055,129.0598584,35.1591891,2023-04-30 15:36,f_f000027
f000027_900055,129.0569992,35.1577165,2023-04-30 15:36,f_f000027
f000027_900055,129.0569992,35.1577165,2023-04-30 15:37,f_f000027
f000027_900055,129.0552805,35.1576305,2023-04-30 15:37,f_f000027
f000027_900055,129.052243,35.1576047,2023-04-30 15:37,f_f000027
f000027_900055,129.052243,35.1576047,2023-04-30 15:38,f_f000027
f000027_900055,129.0510942,35.1577017,2023-04-30 15:38,f_f000027
f000027_900055,129.0510942,35.1577017,2023-04-30 15:39,f_f000027
f000027_900055,129.0510942,35.1577017,2023-04-30 15:39,f_f000027
f000027_900055,129.0510942,35.1577017,2023-04-30 15:40,f_f000027
f000027_900055,129.0510942,35.1577017,2023-04-30 15:40,f_f000027
f000027_900055,129.0473126,35.1570249,2023-04-30 15:41,f_f000027
f000027_900055,129.046054,35.1565831,2023-04-30 15:41,f_f000027
f000027_900055,129.0435529,35.1560938,2023-04-30 15:42,f_f000027
f000027_900055,129.0394643,35.1554311,2023-04-30 15:42,f_f000027
f000027_900055,129.037049,35.1549738,2023-04-30 15:42,f_f000027
f000027_900055,129.037049,35.1549738,2023-04-30 15:43,f_f000027
f000027_900055,129.037049,35.1549738,2023-04-30 15:43,f_f000027
f000027_900055,129.036266,35.1548066,2023-04-30 15:44,f_f000027
f000027_900055,129.0336749,35.1543989,2023-04-30 15:44,f_f000027
f000027_900055,129.0323574,35.1543846,2023-04-30 15:45,f_f000027
f000027_900055,129.0320352,35.1562617,2023-04-30 15:45,f_f000027
f000027_900055,129.0319227,35.1586908,2023-04-30 15:46,f_f000027
f000027_900055,129.0311918,35.1609267,2023-04-30 15:46,f_f000027
f000027_900055,129.0304951,35.1631155,2023-04-30 15:47,f_f000027
f000027_900055,129.0304951,35.1631155,2023-04-30 15:47,f_f000027
f000027_900055,129.0304951,35.1631155,2023-04-30 15:48,f_f000027
f000027_900055,129.0287306,35.1661998,2023-04-30 15:48,f_f000027
f000027_900055,129.0287306,35.1661998,2023-04-30 15:49,f_f000027
f000027_900055,129.0287306,35.1661998,2023-04-30 15:49,f_f000027
f000027_900055,129.0269449,35.1686361,2023-04-30 15:50,f_f000027
f000027_900055,129.0269449,35.1686361,2023-04-30 15:50,f_f000027
f000027_900055,129.0269449,35.1686361,2023-04-30 15:51,f_f000027
f000027_900055,129.0269449,35.1686361,2023-04-30 15:51,f_f000027
f000027_900055,129.0269449,35.1686361,2023-04-30 15:52,f_f000027
f000027_900055,129.0028729,35.1859384,2023-04-30 15:52,f_f000027
f000027_900055,128.998118,35.1858549,2023-04-30 15:53,f_f000027
f000027_900055,128.9914635,35.1863195,2023-04-30 15:53,f_f000027
f000027_900055,128.9868188,35.1904709,2023-04-30 15:53,f_f000027
f000027_900055,128.9822431,35.1932542,2023-04-30 15:54,f_f000027
f000027_900055,128.9776007,35.1978631,2023-04-30 15:54,f_f000027
f000027_900055,128.9744065,35.2032829,2023-04-30 15:55,f_f000027
f000027_900055,128.974334,35.2090063,2023-04-30 15:55,f_f000027
f000027_900055,128.9742406,35.2148587,2023-04-30 15:56,f_f000027
f000027_900055,128.9746639,35.2207188,2023-04-30 15:56,f_f000027
f000027_900055,128.9770758,35.2266075,2023-04-30 15:57,f_f000027
f000027_900055,128.979582,35.2325054,2023-04-30 15:57,f_f000027
f000027_900055,128.981906,35.2380227,2023-04-30 15:58,f_f000027
f000027_900055,128.9837011,35.2422831,2023-04-30 15:58,f_f000027
f000027_900055,128.9844551,35.2471959,2023-04-30 15:59,f_f000027
f000027_900055,128.983859,35.2520125,2023-04-30 15:59,f_f000027
f000027_900055,128.9832868,35.255934,2023-04-30 16:00,f_f000027
f000027_900055,128.9829459,35.2605939,2023-04-30 16:00,f_f000027
f000027_900055,128.9823758,35.2653047,2023-04-30 16:00,f_f000027
f000027_900055,128.9828141,35.2690596,2023-04-30 16:01,f_f000027
f000027_900055,128.9775558,35.2701535,2023-04-30 16:01,f_f000027
f000027_900055,128.9712288,35.2710646,2023-04-30 16:02,f_f000027
f000027_900055,128.9684329,35.272099,2023-04-30 16:02,f_f000027
f000027_900055,128.9684329,35.272099,2023-04-30 16:03,f_f000027
f000027_900055,128.9684329,35.272099,2023-04-30 16:03,f_f000027
f000027_900055,128.9684329,35.272099,2023-04-30 16:04,f_f000027
f000027_900055,128.9617519,35.2763576,2023-04-30 16:04,f_f000027
f000027_900055,128.9617519,35.2763576,2023-04-30 16:05,f_f000027
f000027_900055,128.9244128,35.293889,2023-04-30 16:05,f_f000027
f000027_900055,128.9130306,35.2993926,2023-04-30 16:06,f_f000027
f000027_900055,128.9072467,35.3032369,2023-04-30 16:06,f_f000027
f000027_900055,128.9002173,35.3053874,2023-04-30 16:07,f_f000027
f000027_900055,128.8954341,35.3062047,2023-04-30 16:07,f_f000027
f000027_900055,128.8923039,35.304137,2023-04-30 16:08,f_f000027
f000027_900055,128.8882572,35.3020457,2023-04-30 16:08,f_f000027
f000027_900055,128.8867639,35.3010768,2023-04-30 16:09,f_f000027
f000027_900055,128.8867639,35.3010768,2023-04-30 16:09,f_f000027
f000027_900055,128.8741943,35.3024801,2023-04-30 16:10,f_f000027
f000027_900055,128.8737262,35.3088499,2023-04-30 16:10,f_f000027
f000027_900055,128.8705176,35.3143492,2023-04-30 16:11,f_f000027
f000027_900055,128.8660794,35.3180987,2023-04-30 16:11,f_f000027
f000027_900055,128.8652903,35.3187553,2023-04-30 16:11,f_f000027
f000027_900055,128.8627897,35.3207667,2023-04-30 16:12,f_f000027
f000027_900055,128.8572997,35.3225832,2023-04-30 16:12,f_f000027
f000027_900055,128.8511374,35.3252453,2023-04-30 16:13,f_f000027
f000027_900055,128.8492357,35.3305483,2023-04-30 16:13,f_f000027
f000027_900055,128.8477653,35.3356621,2023-04-30 16:14,f_f000027
f000027_900055,128.8469129,35.3412332,2023-04-30 16:14,f_f000027
f000027_900055,128.8501757,35.3458824,2023-04-30 16:15,f_f000027
f000027_900055,128.8494068,35.3522622,2023-04-30 16:15,f_f000027
f000027_900055,128.844375,35.3585171,2023-04-30 16:16,f_f000027
f000027_900055,128.8392033,35.3641877,2023-04-30 16:16,f_f000027
f000027_900055,128.8338748,35.3693575,2023-04-30 16:16,f_f000027
f000027_900055,128.8318707,35.3702382,2023-04-30 16:17,f_f000027
f000027_900055,128.8291694,35.3685814,2023-04-30 16:17,f_f000027
f000027_900055,128.8272216,35.3698281,2023-04-30 16:18,f_f000027
f000027_900055,128.8246477,35.3723552,2023-04-30 16:18,f_f000027
f000027_900055,128.8234488,35.3745716,2023-04-30 16:19,f_f000027
f000027_900055,128.8213182,35.3759415,2023-04-30 16:19,f_f000027
f000027_900055,128.819539,35.3757401,2023-04-30 16:20,f_f000027
f000027_900055,128.8186163,35.3746332,2023-04-30 16:20,f_f000027
f000027_900055,128.818459,35.3741107,2023-04-30 16:21,f_f000027
f000027_900055,128.8187653,35.3735631,2023-04-30 16:21,f_f000027
f000027_900055,128.8187653,35.3735631,2023-04-30 16:22,f_f000027
f000027_900055,128.8187653,35.3735631,2023-04-30 16:22,f_f000027
f000027_900055,128.8187653,35.3735631,2023-04-30 16:22,f_f000027
f000027_900055,128.8187653,35.3735631,2023-04-30 16:23,f_f000027
f000027_900055,128.8187653,35.3735631,2023-04-30 16:24,f_f000027
f000027_900055,128.8187653,35.3735631,2023-04-30 16:24,f_f000027
f000027_900055,128.8187653,35.3735631,2023-04-30 16:25,f_f000027
f000027_900055,128.8187653,35.3735631,2023-04-30 16:25,f_f000027
f000027_900055,128.8187653,35.3735631,2023-04-30 16:26,f_f000027
f000027_900055,128.8187653,35.3735631,2023-04-30 16:26,f_f000027
f000027_900055,128.8187653,35.3735631,2023-04-30 16:27,f_f000027
f000027_900055,128.8187653,35.3735631,2023-04-30 16:27,f_f000027
f000027_900055,128.8187653,35.3735631,2023-04-30 16:27,f_f000027
f000027_900055,128.8187653,35.3735631,2023-04-30 16:28,f_f000027
f000027_900055,128.8187653,35.3735631,2023-04-30 16:28,f_f000027
f000027_900055,128.8187653,35.3735631,2023-04-30 16:29,f_f000027
f000027_900055,128.8187653,35.3735631,2023-04-30 16:29,f_f000027
f000027_900055,128.8187653,35.3735631,2023-04-30 16:30,f_f000027
f000027_900055,128.8187653,35.3735631,2023-04-30 16:31,f_f000027
f000027_900055,128.8187653,35.3735631,2023-04-30 16:31,f_f000027
f000027_900055,128.8187653,35.3735631,2023-04-30 16:32,f_f000027
f000027_900055,128.8187653,35.3735631,2023-04-30 16:33,f_f000027
f000027_900055,128.8187653,35.3735631,2023-04-30 16:33,f_f000027
f000027_900055,128.8187653,35.3735631,2023-04-30 16:34,f_f000027
f000027_900055,128.8187653,35.3735631,2023-04-30 16:35,f_f000027
f000027_900055,128.8187653,35.3735631,2023-04-30 16:35,f_f000027
f000027_900055,128.8187653,35.3735631,2023-04-30 16:35,f_f000027
f000027_900055,128.8187653,35.3735631,2023-04-30 16:36,f_f000027
f000027_900055,128.8187653,35.3735631,2023-04-30 16:37,f_f000027
f000027_900055,128.8187653,35.3735631,2023-04-30 16:37,f_f000027
f000027_900055,128.8187653,35.3735631,2023-04-30 16:38,f_f000027
f000027_900055,128.8187653,35.3735631,2023-04-30 16:38,f_f000027
f000027_900055,128.8187653,35.3735631,2023-04-30 16:39,f_f000027
f000027_900055,128.8187653,35.3735631,2023-04-30 16:39,f_f000027
f000027_900055,128.8187653,35.3735631,2023-04-30 16:40,f_f000027
f000027_900055,128.8187653,35.3735631,2023-04-30 16:40,f_f000027
f000027_900055,128.8187653,35.3735631,2023-04-30 16:41,f_f000027
f000027_900055,128.8187653,35.3735631,2023-04-30 16:42,f_f000027
f000027_900055,128.8187653,35.3735631,2023-04-30 16:42,f_f000027
f000027_900055,128.8187653,35.3735631,2023-04-30 16:43,f_f000027
f000027_900055,128.8187653,35.3735631,2023-04-30 16:44,f_f000027
f000027_900055,128.8187653,35.3735631,2023-04-30 16:44,f_f000027
f000027_900055,128.8187653,35.3735631,2023-04-30 16:45,f_f000027
f000027_900055,128.8187653,35.3735631,2023-04-30 16:45,f_f000027
f000027_900055,128.8187653,35.3735631,2023-04-30 16:46,f_f000027
f000027_900055,128.8187653,35.3735631,2023-04-30 16:46,f_f000027
f000027_900055,128.8187653,35.3735631,2023-04-30 16:47,f_f000027
f000027_900055,128.8187653,35.3735631,2023-04-30 16:47,f_f000027
f000027_900055,128.8187653,35.3735631,2023-04-30 16:48,f_f000027
f000027_900055,128.8187653,35.3735631,2023-04-30 16:48,f_f000027
f000027_900055,128.8187653,35.3735631,2023-04-30 16:49,f_f000027
f000027_900055,128.8187653,35.3735631,2023-04-30 16:49,f_f000027
f000027_900055,128.8187653,35.3735631,2023-04-30 16:50,f_f000027
f000027_900055,128.8187653,35.3735631,2023-04-30 16:50,f_f000027
f000027_900055,128.8187653,35.3735631,2023-04-30 16:51,f_f000027
f000027_900055,128.8187653,35.3735631,2023-04-30 16:51,f_f000027
f000027_900055,128.8187653,35.3735631,2023-04-30 16:52,f_f000027
f000027_900055,128.8187653,35.3735631,2023-04-30 16:52,f_f000027
f000027_900055,128.8187653,35.3735631,2023-04-30 16:52,f_f000027
f000027_900055,128.8187653,35.3735631,2023-04-30 16:53,f_f000027
f000027_900055,128.8187653,35.3735631,2023-04-30 16:53,f_f000027
f000027_900055,128.8187653,35.3735631,2023-04-30 16:54,f_f000027
f000027_900055,128.8187653,35.3735631,2023-04-30 16:54,f_f000027
f000027_900055,128.8187653,35.3735631,2023-04-30 16:55,f_f000027
f000027_900055,128.8187653,35.3735631,2023-04-30 16:55,f_f000027
f000027_900055,128.8187653,35.3735631,2023-04-30 16:56,f_f000027
f000027_900055,128.8187653,35.3735631,2023-04-30 16:56,f_f000027
f000027_900055,128.8187653,35.3735631,2023-04-30 16:57,f_f000027
f000027_900055,128.8187653,35.3735631,2023-04-30 16:58,f_f000027
f000027_900055,128.8187653,35.3735631,2023-04-30 16:58,f_f000027
f000027_900055,128.8187653,35.3735631,2023-04-30 16:59,f_f000027
f000027_900055,128.8187653,35.3735631,2023-04-30 17:00,f_f000027
f000027_900055,128.8187653,35.3735631,2023-04-30 17:00,f_f000027
f000027_900055,128.8187653,35.3735631,2023-04-30 17:01,f_f000027
f000027_900055,128.8187653,35.3735631,2023-04-30 17:01,f_f000027
f000027_900055,128.8187653,35.3735631,2023-04-30 17:02,f_f000027
f000027_900055,128.8187653,35.3735631,2023-04-30 17:02,f_f000027
f000027_900055,128.8187653,35.3735631,2023-04-30 17:03,f_f000027
f000027_900055,128.8187653,35.3735631,2023-04-30 17:04,f_f000027
f000027_900055,128.8187653,35.3735631,2023-04-30 17:04,f_f000027
f000027_900055,128.8187653,35.3735631,2023-04-30 17:05,f_f000027
f000027_900055,128.8187653,35.3735631,2023-04-30 17:05,f_f000027
f000027_900055,128.8187653,35.3735631,2023-04-30 17:06,f_f000027
f000027_900055,128.8187653,35.3735631,2023-04-30 17:06,f_f000027
f000027_900055,128.8187653,35.3735631,2023-04-30 17:07,f_f000027
f000027_900055,128.8187653,35.3735631,2023-04-30 17:08,f_f000027
f000027_900055,128.8187653,35.3735631,2023-04-30 17:08,f_f000027
f000027_900055,128.8187653,35.3735631,2023-04-30 17:09,f_f000027
f000027_900055,128.8187653,35.3735631,2023-04-30 17:09,f_f000027
f000027_900055,128.8187653,35.3735631,2023-04-30 17:10,f_f000027
f000027_900055,128.8187653,35.3735631,2023-04-30 17:11,f_f000027
f000027_900055,128.8187653,35.3735631,2023-04-30 17:11,f_f000027
f000027_900055,128.8187653,35.3735631,2023-04-30 17:12,f_f000027
f000027_900055,128.8187653,35.3735631,2023-04-30 17:13,f_f000027
f000027_900055,128.8187653,35.3735631,2023-04-30 17:13,f_f000027
f000027_900055,128.8187653,35.3735631,2023-04-30 17:14,f_f000027
f000027_900055,128.8187653,35.3735631,2023-04-30 17:15,f_f000027
f000027_900055,128.8187653,35.3735631,2023-04-30 17:15,f_f000027
f000027_900055,128.8187653,35.3735631,2023-04-30 17:16,f_f000027
f000027_900055,128.8187653,35.3735631,2023-04-30 17:16,f_f000027
f000027_900055,128.8187653,35.3735631,2023-04-30 17:17,f_f000027
f000027_900055,128.8187653,35.3735631,2023-04-30 17:17,f_f000027
f000027_900055,128.8187653,35.3735631,2023-04-30 17:18,f_f000027
f000027_900055,128.8187653,35.3735631,2023-04-30 17:18,f_f000027
f000027_900055,128.8187653,35.3735631,2023-04-30 17:19,f_f000027
f000027_900055,128.8187653,35.3735631,2023-04-30 17:20,f_f000027
f000027_900055,128.8187653,35.3735631,2023-04-30 17:20,f_f000027
f000027_900055,128.8187653,35.3735631,2023-04-30 17:21,f_f000027
f000027_900055,128.8187653,35.3735631,2023-04-30 17:21,f_f000027
f000027_900055,128.8187653,35.3735631,2023-04-30 17:22,f_f000027
f000027_900055,128.8187653,35.3735631,2023-04-30 17:22,f_f000027
f000027_900055,128.8216231,35.3762902,2023-04-30 17:23,f_f000027
f000027_900055,128.8231544,35.3748349,2023-04-30 17:24,f_f000027
f000027_900055,128.8244943,35.3736728,2023-04-30 17:24,f_f000027
f000027_900055,128.8256047,35.3706702,2023-04-30 17:25,f_f000027
f000027_900055,128.8286985,35.3685104,2023-04-30 17:25,f_f000027
f000027_900055,128.8318822,35.368237,2023-04-30 17:26,f_f000027
f000027_900055,128.8365035,35.3663777,2023-04-30 17:26,f_f000027
f000027_900055,128.8382378,35.3628376,2023-04-30 17:27,f_f000027
f000027_900055,128.8412116,35.3605579,2023-04-30 17:28,f_f000027
f000027_900055,128.8433575,35.3594597,2023-04-30 17:28,f_f000027
f000027_900055,128.8433575,35.3594597,2023-04-30 17:29,f_f000027
f000027_900055,128.8433575,35.3594597,2023-04-30 17:30,f_f000027
f000027_900055,128.8433575,35.3594597,2023-04-30 17:30,f_f000027
f000027_900055,128.8433575,35.3594597,2023-04-30 17:31,f_f000027
f000027_900055,128.8433575,35.3594597,2023-04-30 17:31,f_f000027
f000027_900055,128.8491381,35.3355584,2023-04-30 17:32,f_f000027
f000027_900055,128.8491381,35.3355584,2023-04-30 17:32,f_f000027
f000027_900055,128.8547963,35.3227272,2023-04-30 17:33,f_f000027
f000027_900055,128.8674309,35.3151846,2023-04-30 17:34,f_f000027
f000027_900055,128.8690507,35.3154341,2023-04-30 17:34,f_f000027
f000027_900055,128.8690507,35.3154341,2023-04-30 17:35,f_f000027
f000027_900055,128.8726564,35.3047365,2023-04-30 17:35,f_f000027
f000027_900055,128.8755956,35.2960323,2023-04-30 17:36,f_f000027
f000027_900055,128.8696763,35.293444,2023-04-30 17:36,f_f000027
f000027_900055,128.8700437,35.2923064,2023-04-30 17:37,f_f000027
f000027_900055,128.8682015,35.2903622,2023-04-30 17:38,f_f000027
f000027_900055,128.8653418,35.2861317,2023-04-30 17:38,f_f000027
f000027_900055,128.8663729,35.2802248,2023-04-30 17:39,f_f000027
f000027_900055,128.8642826,35.2779143,2023-04-30 17:39,f_f000027
f000027_900055,128.862526,35.2748065,2023-04-30 17:40,f_f000027
f000027_900055,128.8605128,35.2696221,2023-04-30 17:41,f_f000027
f000027_900055,128.8605128,35.2696221,2023-04-30 17:41,f_f000027
f000027_900055,128.8652237,35.2596599,2023-04-30 17:42,f_f000027
f000027_900055,128.8652237,35.2596599,2023-04-30 17:43,f_f000027
f000027_900055,128.8653262,35.2571273,2023-04-30 17:43,f_f000027
f000027_900055,128.865688,35.2568134,2023-04-30 17:44,f_f000027
f000027_900055,128.8675339,35.2531628,2023-04-30 17:44,f_f000027
f000027_900055,128.8676237,35.2522392,2023-04-30 17:45,f_f000027
f000027_900055,128.8684166,35.2486198,2023-04-30 17:46,f_f000027
f000027_900055,128.866753,35.2456411,2023-04-30 17:46,f_f000027
f000027_900055,128.8639965,35.2420758,2023-04-30 17:47,f_f000027
f000027_900055,128.8622369,35.2404556,2023-04-30 17:47,f_f000027
f000027_900055,128.8612259,35.2399193,2023-04-30 17:48,f_f000027
f000027_900055,128.8583227,35.2374048,2023-04-30 17:48,f_f000027
f000027_900055,128.8548471,35.2348086,2023-04-30 17:49,f_f000027
f000027_900055,128.8548471,35.2348086,2023-04-30 17:50,f_f000027
f000027_900055,128.8548471,35.2348086,2023-04-30 17:50,f_f000027
f000027_900055,128.8550104,35.2345142,2023-04-30 17:51,f_f000027
f000027_900055,128.8556472,35.2337991,2023-04-30 17:52,f_f000027
f000027_900055,128.8556472,35.2337991,2023-04-30 17:52,f_f000027
f000027_900055,128.8556472,35.2337991,2023-04-30 17:53,f_f000027
f000027_900055,128.8556472,35.2337991,2023-04-30 17:53,f_f000027
f000027_900055,128.8556472,35.2337991,2023-04-30 17:54,f_f000027
f000027_900055,128.8556472,35.2337991,2023-04-30 17:54,f_f000027
f000027_900055,128.8556472,35.2337991,2023-04-30 17:55,f_f000027
f000027_900055,128.8556472,35.2337991,2023-04-30 17:56,f_f000027
f000027_900055,128.8556472,35.2337991,2023-04-30 17:56,f_f000027
f000027_900055,128.8556472,35.2337991,2023-04-30 17:57,f_f000027
f000027_900055,128.8556472,35.2337991,2023-04-30 17:58,f_f000027
f000027_900055,128.8556472,35.2337991,2023-04-30 17:58,f_f000027
f000027_900055,128.8556472,35.2337991,2023-04-30 17:59,f_f000027
f000027_900055,128.8556472,35.2337991,2023-04-30 18:00,f_f000027
f000027_900055,128.8556472,35.2337991,2023-04-30 18:00,f_f000027
f000027_900055,128.8556472,35.2337991,2023-04-30 18:01,f_f000027
f000027_900055,128.8556472,35.2337991,2023-04-30 18:01,f_f000027
f000027_900055,128.8556472,35.2337991,2023-04-30 18:02,f_f000027
f000027_900055,128.8556472,35.2337991,2023-04-30 18:03,f_f000027
f000027_900055,128.8556472,35.2337991,2023-04-30 18:03,f_f000027
f000027_900055,128.8556472,35.2337991,2023-04-30 18:04,f_f000027
f000027_900055,128.8556472,35.2337991,2023-04-30 18:04,f_f000027
f000027_900055,128.8556472,35.2337991,2023-04-30 18:05,f_f000027
f000027_900055,128.8556472,35.2337991,2023-04-30 18:05,f_f000027
f000027_900055,128.8556472,35.2337991,2023-04-30 18:06,f_f000027
f000027_900055,128.8556472,35.2337991,2023-04-30 18:07,f_f000027
f000027_900055,128.8556472,35.2337991,2023-04-30 18:08,f_f000027
f000027_900055,128.8556472,35.2337991,2023-04-30 18:08,f_f000027
f000027_900055,128.8556472,35.2337991,2023-04-30 18:09,f_f000027
f000027_900055,128.8556472,35.2337991,2023-04-30 18:09,f_f000027
f000027_900055,128.8556472,35.2337991,2023-04-30 18:10,f_f000027
f000027_900055,128.8556472,35.2337991,2023-04-30 18:11,f_f000027
f000027_900055,128.8556472,35.2337991,2023-04-30 18:11,f_f000027
f000027_900055,128.8556472,35.2337991,2023-04-30 18:12,f_f000027
f000027_900055,128.8556472,35.2337991,2023-04-30 18:12,f_f000027
f000027_900055,128.8556472,35.2337991,2023-04-30 18:13,f_f000027
f000027_900055,128.8556472,35.2337991,2023-04-30 18:14,f_f000027
f000027_900055,128.8556472,35.2337991,2023-04-30 18:15,f_f000027
f000027_900055,128.8556472,35.2337991,2023-04-30 18:15,f_f000027
f000027_900055,128.8556472,35.2337991,2023-04-30 18:16,f_f000027
f000027_900055,128.8556472,35.2337991,2023-04-30 18:16,f_f000027
f000027_900055,128.8556472,35.2337991,2023-04-30 18:17,f_f000027
f000027_900055,128.8556472,35.2337991,2023-04-30 18:17,f_f000027
f000027_900055,128.8556472,35.2337991,2023-04-30 18:18,f_f000027
f000027_900055,128.8556472,35.2337991,2023-04-30 18:18,f_f000027
f000027_900055,128.8556472,35.2337991,2023-04-30 18:19,f_f000027
f000027_900055,128.8556472,35.2337991,2023-04-30 18:20,f_f000027
f000027_900055,128.8556472,35.2337991,2023-04-30 18:20,f_f000027
f000027_900055,128.8556472,35.2337991,2023-04-30 18:21,f_f000027
f000027_900055,128.8556472,35.2337991,2023-04-30 18:22,f_f000027
f000027_900055,128.8556472,35.2337991,2023-04-30 18:22,f_f000027
f000027_900055,128.8561545,35.2331477,2023-04-30 18:23,f_f000027
f000027_900055,128.8561545,35.2331477,2023-04-30 18:23,f_f000027
f000027_900055,128.8561545,35.2331477,2023-04-30 18:24,f_f000027
f000027_900055,128.8561545,35.2331477,2023-04-30 18:24,f_f000027
f000027_900055,128.8561545,35.2331477,2023-04-30 18:25,f_f000027
f000027_900055,128.8561545,35.2331477,2023-04-30 18:25,f_f000027
f000027_900055,128.8561545,35.2331477,2023-04-30 18:26,f_f000027
f000027_900055,128.8561545,35.2331477,2023-04-30 18:26,f_f000027
f000027_900055,128.8561545,35.2331477,2023-04-30 18:27,f_f000027
f000027_900055,128.8561545,35.2331477,2023-04-30 18:28,f_f000027
f000027_900055,128.8561545,35.2331477,2023-04-30 18:28,f_f000027
f000027_900055,128.8561545,35.2331477,2023-04-30 18:29,f_f000027
f000027_900055,128.8561545,35.2331477,2023-04-30 18:29,f_f000027
f000027_900055,128.8561545,35.2331477,2023-04-30 18:30,f_f000027
f000027_900055,128.8561545,35.2331477,2023-04-30 18:31,f_f000027
f000027_900055,128.8561545,35.2331477,2023-04-30 18:31,f_f000027
f000027_900055,128.8561545,35.2331477,2023-04-30 18:32,f_f000027
f000027_900055,128.8561545,35.2331477,2023-04-30 18:32,f_f000027
f000027_900055,128.8561545,35.2331477,2023-04-30 18:33,f_f000027
f000027_900055,128.8561545,35.2331477,2023-04-30 18:33,f_f000027
f000027_900055,128.8561545,35.2331477,2023-04-30 18:34,f_f000027
f000027_900055,128.8561545,35.2331477,2023-04-30 18:34,f_f000027
f000027_900055,128.8561545,35.2331477,2023-04-30 18:35,f_f000027
f000027_900055,128.8561545,35.2331477,2023-04-30 18:35,f_f000027
f000027_900055,128.8561545,35.2331477,2023-04-30 18:36,f_f000027
f000027_900055,128.8561545,35.2331477,2023-04-30 18:36,f_f000027
f000027_900055,128.8561545,35.2331477,2023-04-30 18:37,f_f000027
f000027_900055,128.8561545,35.2331477,2023-04-30 18:38,f_f000027
f000027_900055,128.8561545,35.2331477,2023-04-30 18:38,f_f000027
f000027_900055,128.8561545,35.2331477,2023-04-30 18:39,f_f000027
f000027_900055,128.8561545,35.2331477,2023-04-30 18:39,f_f000027
f000027_900055,128.8561545,35.2331477,2023-04-30 18:40,f_f000027
f000027_900055,128.8561545,35.2331477,2023-04-30 18:40,f_f000027
f000027_900055,128.8561545,35.2331477,2023-04-30 18:41,f_f000027
f000027_900055,128.8561545,35.2331477,2023-04-30 18:42,f_f000027
f000027_900055,128.8561545,35.2331477,2023-04-30 18:42,f_f000027
f000027_900055,128.8561545,35.2331477,2023-04-30 18:43,f_f000027
f000027_900055,128.8561545,35.2331477,2023-04-30 18:43,f_f000027
f000027_900055,128.8561545,35.2331477,2023-04-30 18:44,f_f000027
f000027_900055,128.8561545,35.2331477,2023-04-30 18:45,f_f000027
f000027_900055,128.8561545,35.2331477,2023-04-30 18:45,f_f000027
f000027_900055,128.8561545,35.2331477,2023-04-30 18:46,f_f000027
f000027_900055,128.8561545,35.2331477,2023-04-30 18:47,f_f000027
f000027_900055,128.8561545,35.2331477,2023-04-30 18:47,f_f000027
f000027_900055,128.8561545,35.2331477,2023-04-30 18:48,f_f000027
f000027_900055,128.8561545,35.2331477,2023-04-30 18:48,f_f000027
f000027_900055,128.8561545,35.2331477,2023-04-30 18:49,f_f000027
f000027_900055,128.8561545,35.2331477,2023-04-30 18:50,f_f000027
f000027_900055,128.8561545,35.2331477,2023-04-30 18:50,f_f000027
f000027_900055,128.8561545,35.2331477,2023-04-30 18:51,f_f000027
f000027_900055,128.8561545,35.2331477,2023-04-30 18:51,f_f000027
f000027_900055,128.8561545,35.2331477,2023-04-30 18:52,f_f000027
f000027_900055,128.8561545,35.2331477,2023-04-30 18:52,f_f000027
f000027_900055,128.8561545,35.2331477,2023-04-30 18:53,f_f000027
f000027_900055,128.8561545,35.2331477,2023-04-30 18:54,f_f000027
f000027_900055,128.8561545,35.2331477,2023-04-30 18:54,f_f000027
f000027_900055,128.8561545,35.2331477,2023-04-30 18:55,f_f000027
f000027_900055,128.8561545,35.2331477,2023-04-30 18:56,f_f000027
f000027_900055,128.8561545,35.2331477,2023-04-30 18:56,f_f000027
f000027_900055,128.8561545,35.2331477,2023-04-30 18:57,f_f000027
f000027_900055,128.8561545,35.2331477,2023-04-30 18:57,f_f000027
f000027_900055,128.8561545,35.2331477,2023-04-30 18:58,f_f000027
f000027_900055,128.8561545,35.2331477,2023-04-30 18:58,f_f000027
f000027_900055,128.8561545,35.2331477,2023-04-30 18:59,f_f000027
f000027_900055,128.8561545,35.2331477,2023-04-30 19:00,f_f000027
f000027_900055,128.8561545,35.2331477,2023-04-30 19:00,f_f000027
f000027_900055,128.8561545,35.2331477,2023-04-30 19:01,f_f000027
f000027_900055,128.8561545,35.2331477,2023-04-30 19:01,f_f000027
f000027_900055,128.8561545,35.2331477,2023-04-30 19:02,f_f000027
f000027_900055,128.8561545,35.2331477,2023-04-30 19:03,f_f000027
f000027_900055,128.8561545,35.2331477,2023-04-30 19:04,f_f000027
f000027_900055,128.8561545,35.2331477,2023-04-30 19:05,f_f000027
f000027_900055,128.8561545,35.2331477,2023-04-30 19:05,f_f000027
f000027_900055,128.8561545,35.2331477,2023-04-30 19:06,f_f000027
f000027_900055,128.8561545,35.2331477,2023-04-30 19:07,f_f000027
f000027_900055,128.8561545,35.2331477,2023-04-30 19:08,f_f000027
f000027_900055,128.8561545,35.2331477,2023-04-30 19:08,f_f000027
f000027_900055,128.8561545,35.2331477,2023-04-30 19:09,f_f000027
f000027_900055,128.8561545,35.2331477,2023-04-30 19:10,f_f000027
f000027_900055,128.8561545,35.2331477,2023-04-30 19:10,f_f000027
f000027_900055,128.8561545,35.2331477,2023-04-30 19:11,f_f000027
f000027_900055,128.8561545,35.2331477,2023-04-30 19:11,f_f000027
f000027_900055,128.8561545,35.2331477,2023-04-30 19:12,f_f000027
f000027_900055,128.8581548,35.233095,2023-04-30 19:12,f_f000027
f000027_900055,128.8592182,35.2330166,2023-04-30 19:13,f_f000027
f000027_900055,128.8607436,35.2329184,2023-04-30 19:13,f_f000027
f000027_900055,128.8638688,35.2325133,2023-04-30 19:13,f_f000027
f000027_900055,128.8647438,35.2324242,2023-04-30 19:14,f_f000027
f000027_900055,128.8672225,35.2320926,2023-04-30 19:14,f_f000027
f000027_900055,128.8701198,35.2323657,2023-04-30 19:15,f_f000027
f000027_900055,128.8701198,35.2323657,2023-04-30 19:15,f_f000027
f000027_900055,128.870381,35.2330792,2023-04-30 19:16,f_f000027
f000027_900055,128.8714583,35.2339808,2023-04-30 19:16,f_f000027
f000027_900055,128.8719299,35.232487,2023-04-30 19:17,f_f000027
f000027_900055,128.8719299,35.232487,2023-04-30 19:17,f_f000027
f000027_900055,128.8719299,35.232487,2023-04-30 19:18,f_f000027
f000027_900055,128.8722115,35.2313686,2023-04-30 19:18,f_f000027
f000027_900055,128.8742278,35.2262931,2023-04-30 19:19,f_f000027
f000027_900055,128.8742278,35.2262931,2023-04-30 19:19,f_f000027
f000027_900055,128.8742278,35.2262931,2023-04-30 19:20,f_f000027
f000027_900055,128.8742278,35.2262931,2023-04-30 19:20,f_f000027
f000027_900055,128.8742278,35.2262931,2023-04-30 19:21,f_f000027
f000027_900055,128.8742278,35.2262931,2023-04-30 19:21,f_f000027
f000027_900055,128.8742278,35.2262931,2023-04-30 19:22,f_f000027
f000027_900055,128.8742278,35.2262931,2023-04-30 19:22,f_f000027
f000027_900055,128.8742278,35.2262931,2023-04-30 19:23,f_f000027
f000027_900055,128.8742278,35.2262931,2023-04-30 19:23,f_f000027
f000027_900055,128.8742278,35.2262931,2023-04-30 19:24,f_f000027
f000027_900055,128.8742278,35.2262931,2023-04-30 19:24,f_f000027
f000027_900055,128.8742278,35.2262931,2023-04-30 19:25,f_f000027
f000027_900055,128.8742278,35.2262931,2023-04-30 19:25,f_f000027
f000027_900055,128.8742278,35.2262931,2023-04-30 19:26,f_f000027
f000027_900055,128.8742278,35.2262931,2023-04-30 19:27,f_f000027
f000027_900055,128.8742278,35.2262931,2023-04-30 19:27,f_f000027
f000027_900055,128.8742278,35.2262931,2023-04-30 19:28,f_f000027
f000027_900055,128.8742278,35.2262931,2023-04-30 19:28,f_f000027
f000027_900055,128.8742278,35.2262931,2023-04-30 19:29,f_f000027
f000027_900055,128.8742278,35.2262931,2023-04-30 19:29,f_f000027
f000027_900055,128.8742278,35.2262931,2023-04-30 19:30,f_f000027
f000027_900055,128.8742278,35.2262931,2023-04-30 19:30,f_f000027
f000027_900055,128.8742278,35.2262931,2023-04-30 19:31,f_f000027
f000027_900055,128.8742278,35.2262931,2023-04-30 19:31,f_f000027
f000027_900055,128.8742278,35.2262931,2023-04-30 19:32,f_f000027
f000027_900055,128.8748077,35.225444,2023-04-30 19:32,f_f000027
f000027_900055,128.8781704,35.2255912,2023-04-30 19:33,f_f000027
f000027_900055,128.8811062,35.2260037,2023-04-30 19:33,f_f000027
f000027_900055,128.8847648,35.2264525,2023-04-30 19:34,f_f000027
f000027_900055,128.8889984,35.226863,2023-04-30 19:34,f_f000027
f000027_900055,128.8926214,35.2272551,2023-04-30 19:35,f_f000027
f000027_900055,128.8963068,35.227578,2023-04-30 19:35,f_f000027
f000027_900055,128.900316,35.2278494,2023-04-30 19:36,f_f000027
f000027_900055,128.9015025,35.2279891,2023-04-30 19:36,f_f000027
f000027_900055,128.9028401,35.228086,2023-04-30 19:37,f_f000027
f000027_900055,128.9053507,35.2282277,2023-04-30 19:37,f_f000027
f000027_900055,128.9059261,35.2253754,2023-04-30 19:38,f_f000027
f000027_900055,128.9043395,35.2234486,2023-04-30 19:38,f_f000027
f000027_900055,128.8994377,35.2235963,2023-04-30 19:38,f_f000027
f000027_900055,128.8950279,35.2241083,2023-04-30 19:39,f_f000027
f000027_900055,128.8950279,35.2241083,2023-04-30 19:39,f_f000027
f000027_900055,128.8937822,35.2255719,2023-04-30 19:40,f_f000027
f000027_900055,128.8861956,35.2243957,2023-04-30 19:40,f_f000027
f000027_900055,128.8781337,35.2226757,2023-04-30 19:41,f_f000027
f000027_900055,128.8696494,35.2208333,2023-04-30 19:41,f_f000027
f000027_900055,128.8606512,35.2201646,2023-04-30 19:42,f_f000027
f000027_900055,128.8515618,35.2202381,2023-04-30 19:42,f_f000027
f000027_900055,128.8426048,35.2213882,2023-04-30 19:43,f_f000027
f000027_900055,128.833787,35.2232304,2023-04-30 19:43,f_f000027
f000027_900055,128.8252708,35.2246014,2023-04-30 19:44,f_f000027
f000027_900055,128.817243,35.2227718,2023-04-30 19:44,f_f000027
f000027_900055,128.8092277,35.2200254,2023-04-30 19:44,f_f000027
f000027_900055,128.8005636,35.2206217,2023-04-30 19:45,f_f000027
f000027_900055,128.7915859,35.2217007,2023-04-30 19:45,f_f000027
f000027_900055,128.7841822,35.2259634,2023-04-30 19:46,f_f000027
f000027_900055,128.7762978,35.2289881,2023-04-30 19:46,f_f000027
f000027_900055,128.7680311,35.2314807,2023-04-30 19:47,f_f000027
f000027_900055,128.7623248,35.2371639,2023-04-30 19:47,f_f000027
f000027_900055,128.7602719,35.2444405,2023-04-30 19:48,f_f000027
f000027_900055,128.7588511,35.2515217,2023-04-30 19:48,f_f000027
f000027_900055,128.756664,35.2585908,2023-04-30 19:49,f_f000027
f000027_900055,128.7529598,35.2646215,2023-04-30 19:49,f_f000027
f000027_900055,128.7469658,35.2698111,2023-04-30 19:50,f_f000027
f000027_900055,128.743432,35.272228,2023-04-30 19:50,f_f000027
f000027_900055,128.7307007,35.2780899,2023-04-30 19:50,f_f000027
f000027_900055,128.7216949,35.2790215,2023-04-30 19:51,f_f000027
f000027_900055,128.7126151,35.2790613,2023-04-30 19:51,f_f000027
f000027_900055,128.7036933,35.2791097,2023-04-30 19:52,f_f000027
f000027_900055,128.6960897,35.2782739,2023-04-30 19:52,f_f000027
f000027_900055,128.6883242,35.2763779,2023-04-30 19:53,f_f000027
f000027_900055,128.6795871,35.2754977,2023-04-30 19:53,f_f000027
f000027_900055,128.672288,35.2729129,2023-04-30 19:54,f_f000027
f000027_900055,128.6643508,35.2707705,2023-04-30 19:54,f_f000027
f000027_900055,128.6557484,35.2727626,2023-04-30 19:55,f_f000027
f000027_900055,128.648074,35.2749223,2023-04-30 19:55,f_f000027
f000027_900055,128.6409737,35.2751809,2023-04-30 19:56,f_f000027
f000027_900055,128.6338279,35.276728,2023-04-30 19:56,f_f000027
f000027_900055,128.632552,35.2771838,2023-04-30 19:56,f_f000027
f000027_900055,128.620042,35.2819185,2023-04-30 19:57,f_f000027
f000027_900055,128.613017,35.2844162,2023-04-30 19:57,f_f000027
f000027_900055,128.6053149,35.2866677,2023-04-30 19:58,f_f000027
f000027_900055,128.5978639,35.2875751,2023-04-30 19:58,f_f000027
f000027_900055,128.5914781,35.2883091,2023-04-30 19:59,f_f000027
f000027_900055,128.5914781,35.2883091,2023-04-30 19:59,f_f000027
f000027_900055,128.589641,35.2884722,2023-04-30 20:00,f_f000027
f000027_900055,128.5797045,35.289004,2023-04-30 20:00,f_f000027
f000027_900055,128.5797045,35.289004,2023-04-30 20:01,f_f000027
f000027_900055,128.5586004,35.2910783,2023-04-30 20:01,f_f000027
f000027_900055,128.5509329,35.2916263,2023-04-30 20:02,f_f000027
f000027_900055,128.5466773,35.2910599,2023-04-30 20:02,f_f000027
f000027_900055,128.5368167,35.2860959,2023-04-30 20:03,f_f000027
f000027_900055,128.5295766,35.2842928,2023-04-30 20:03,f_f000027
f000027_900055,128.5221723,35.2832312,2023-04-30 20:04,f_f000027
f000027_900055,128.5153976,35.2835452,2023-04-30 20:04,f_f000027
f000027_900055,128.5076228,35.2830203,2023-04-30 20:04,f_f000027
f000027_900055,128.4994116,35.2817311,2023-04-30 20:05,f_f000027
f000027_900055,128.4920437,35.2792805,2023-04-30 20:05,f_f000027
f000027_900055,128.4908141,35.2785308,2023-04-30 20:06,f_f000027
f000027_900055,128.4758186,35.2715427,2023-04-30 20:06,f_f000027
f000027_900055,128.4671247,35.2714284,2023-04-30 20:07,f_f000027
f000027_900055,128.458253,35.2713647,2023-04-30 20:07,f_f000027
f000027_900055,128.4531273,35.2715895,2023-04-30 20:08,f_f000027
f000027_900055,128.4392591,35.2737944,2023-04-30 20:08,f_f000027
f000027_900055,128.4319639,35.2774808,2023-04-30 20:09,f_f000027
f000027_900055,128.424922,35.2810135,2023-04-30 20:09,f_f000027
f000027_900055,128.4164681,35.2837159,2023-04-30 20:10,f_f000027
f000027_900055,128.408183,35.2860615,2023-04-30 20:10,f_f000027
f000027_900055,128.4002181,35.2877279,2023-04-30 20:11,f_f000027
f000027_900055,128.3917166,35.2888402,2023-04-30 20:11,f_f000027
f000027_900055,128.3830738,35.2899318,2023-04-30 20:11,f_f000027
f000027_900055,128.3741057,35.2911198,2023-04-30 20:12,f_f000027
f000027_900055,128.3656435,35.2930005,2023-04-30 20:12,f_f000027
f000027_900055,128.3566467,35.2924084,2023-04-30 20:13,f_f000027
f000027_900055,128.3485327,35.2920328,2023-04-30 20:13,f_f000027
f000027_900055,128.3403715,35.2926508,2023-04-30 20:14,f_f000027
f000027_900055,128.3333766,35.2880341,2023-04-30 20:14,f_f000027
f000027_900055,128.3268044,35.282866,2023-04-30 20:15,f_f000027
f000027_900055,128.3188861,35.2798523,2023-04-30 20:15,f_f000027
f000027_900055,128.3109788,35.2798529,2023-04-30 20:16,f_f000027
f000027_900055,128.3029809,35.2788033,2023-04-30 20:16,f_f000027
f000027_900055,128.296028,35.2754563,2023-04-30 20:17,f_f000027
f000027_900055,128.2886777,35.2726123,2023-04-30 20:17,f_f000027
f000027_900055,128.2818258,35.2691079,2023-04-30 20:17,f_f000027
f000027_900055,128.2784904,35.2625304,2023-04-30 20:18,f_f000027
f000027_900055,128.2756582,35.2561747,2023-04-30 20:18,f_f000027
f000027_900055,128.2758123,35.2494311,2023-04-30 20:19,f_f000027
f000027_900055,128.2750047,35.2430769,2023-04-30 20:19,f_f000027
f000027_900055,128.2735795,35.236507,2023-04-30 20:20,f_f000027
f000027_900055,128.2717688,35.2299503,2023-04-30 20:20,f_f000027
f000027_900055,128.2715351,35.2225596,2023-04-30 20:21,f_f000027
f000027_900055,128.2663775,35.2164328,2023-04-30 20:21,f_f000027
f000027_900055,128.2608239,35.2108524,2023-04-30 20:22,f_f000027
f000027_900055,128.2541088,35.2058675,2023-04-30 20:22,f_f000027
f000027_900055,128.2473616,35.2014646,2023-04-30 20:22,f_f000027
f000027_900055,128.2401883,35.1986856,2023-04-30 20:23,f_f000027
f000027_900055,128.2318374,35.1970361,2023-04-30 20:23,f_f000027
f000027_900055,128.2255751,35.1919725,2023-04-30 20:24,f_f000027
f000027_900055,128.2221428,35.1851927,2023-04-30 20:24,f_f000027
f000027_900055,128.2145391,35.1818716,2023-04-30 20:25,f_f000027
f000027_900055,128.2058459,35.1816223,2023-04-30 20:25,f_f000027
f000027_900055,128.204952,35.1816136,2023-04-30 20:26,f_f000027
f000027_900055,128.1886861,35.1786506,2023-04-30 20:26,f_f000027
f000027_900055,128.1847083,35.1763135,2023-04-30 20:27,f_f000027
f000027_900055,128.171521,35.1727892,2023-04-30 20:27,f_f000027
f000027_900055,128.1628689,35.1729628,2023-04-30 20:28,f_f000027
f000027_900055,128.1541098,35.1710636,2023-04-30 20:28,f_f000027
f000027_900055,128.1459035,35.1686838,2023-04-30 20:29,f_f000027
f000027_900055,128.1375574,35.1658134,2023-04-30 20:29,f_f000027
f000027_900055,128.1292765,35.164447,2023-04-30 20:29,f_f000027
f000027_900055,128.1217669,35.1611071,2023-04-30 20:30,f_f000027
f000027_900055,128.113745,35.1587908,2023-04-30 20:30,f_f000027
f000027_900055,128.1095614,35.1536497,2023-04-30 20:31,f_f000027
f000027_900055,128.1035444,35.1482422,2023-04-30 20:31,f_f000027
f000027_900055,128.0992547,35.1435498,2023-04-30 20:32,f_f000027
f000027_900055,128.0967926,35.1402136,2023-04-30 20:32,f_f000027
f000027_900055,128.0917845,35.1399506,2023-04-30 20:33,f_f000027
f000027_900055,128.0840568,35.1422499,2023-04-30 20:33,f_f000027
f000027_900055,128.0778869,35.1459569,2023-04-30 20:34,f_f000027
f000027_900055,128.0742611,35.149996,2023-04-30 20:34,f_f000027
f000027_900055,128.0668772,35.1600228,2023-04-30 20:35,f_f000027
f000027_900055,128.0613859,35.1655861,2023-04-30 20:35,f_f000027
f000027_900055,128.0556879,35.1714225,2023-04-30 20:36,f_f000027
f000027_900055,128.0485889,35.1758362,2023-04-30 20:36,f_f000027
f000027_900055,128.0419438,35.1808037,2023-04-30 20:37,f_f000027
f000027_900055,128.0393098,35.187782,2023-04-30 20:37,f_f000027
f000027_900055,128.0343863,35.1939338,2023-04-30 20:37,f_f000027
f000027_900055,128.0275535,35.1982005,2023-04-30 20:38,f_f000027
f000027_900055,128.0207538,35.2019633,2023-04-30 20:38,f_f000027
f000027_900055,128.0138253,35.2057312,2023-04-30 20:39,f_f000027
f000027_900055,128.0064719,35.2101133,2023-04-30 20:39,f_f000027
f000027_900055,127.9994069,35.2143487,2023-04-30 20:40,f_f000027
f000027_900055,127.9944557,35.2203469,2023-04-30 20:40,f_f000027
f000027_900055,127.9953496,35.2277692,2023-04-30 20:41,f_f000027
f000027_900055,127.9954013,35.234899,2023-04-30 20:41,f_f000027
f000027_900055,127.9912162,35.2410862,2023-04-30 20:42,f_f000027
f000027_900055,127.9839954,35.244925,2023-04-30 20:42,f_f000027
f000027_900055,127.9771452,35.2496175,2023-04-30 20:43,f_f000027
f000027_900055,127.9759064,35.2566525,2023-04-30 20:43,f_f000027
f000027_900055,127.9760349,35.2640813,2023-04-30 20:43,f_f000027
f000027_900055,127.9756072,35.2678093,2023-04-30 20:44,f_f000027
f000027_900055,127.969476,35.2785343,2023-04-30 20:44,f_f000027
f000027_900055,127.9643759,35.284303,2023-04-30 20:45,f_f000027
f000027_900055,127.9567414,35.2877111,2023-04-30 20:45,f_f000027
f000027_900055,127.949477,35.2920792,2023-04-30 20:46,f_f000027
f000027_900055,127.9451457,35.2982675,2023-04-30 20:46,f_f000027
f000027_900055,127.9416816,35.3051824,2023-04-30 20:47,f_f000027
f000027_900055,127.9400406,35.3124178,2023-04-30 20:47,f_f000027
f000027_900055,127.9396928,35.3215421,2023-04-30 20:48,f_f000027
f000027_900055,127.9390568,35.3285409,2023-04-30 20:48,f_f000027
f000027_900055,127.9378946,35.3350806,2023-04-30 20:49,f_f000027
f000027_900055,127.9361793,35.3424659,2023-04-30 20:49,f_f000027
f000027_900055,127.9311307,35.3478547,2023-04-30 20:50,f_f000027
f000027_900055,127.9237388,35.3520508,2023-04-30 20:50,f_f000027
f000027_900055,127.9184289,35.3614251,2023-04-30 20:51,f_f000027
f000027_900055,127.9155973,35.3685113,2023-04-30 20:51,f_f000027
f000027_900055,127.9139648,35.3757739,2023-04-30 20:52,f_f000027
f000027_900055,127.9112971,35.3818969,2023-04-30 20:52,f_f000027
f000027_900055,127.9073756,35.3877176,2023-04-30 20:53,f_f000027
f000027_900055,127.8994228,35.390711,2023-04-30 20:53,f_f000027
f000027_900055,127.8912997,35.3934091,2023-04-30 20:53,f_f000027
f000027_900055,127.883785,35.3971316,2023-04-30 20:54,f_f000027
f000027_900055,127.8762565,35.4012447,2023-04-30 20:54,f_f000027
f000027_900055,127.8714507,35.4066041,2023-04-30 20:55,f_f000027
f000027_900055,127.8662216,35.4121696,2023-04-30 20:55,f_f000027
f000027_900055,127.8610453,35.4182039,2023-04-30 20:56,f_f000027
f000027_900055,127.8600487,35.4253199,2023-04-30 20:56,f_f000027
f000027_900055,127.8586052,35.4324388,2023-04-30 20:57,f_f000027
f000027_900055,127.8542622,35.4390297,2023-04-30 20:57,f_f000027
f000027_900055,127.8502623,35.4455549,2023-04-30 20:58,f_f000027
f000027_900055,127.8493442,35.4527542,2023-04-30 20:58,f_f000027
f000027_900055,127.850659,35.4601242,2023-04-30 20:58,f_f000027
f000027_900055,127.8483044,35.4668293,2023-04-30 20:59,f_f000027
f000027_900055,127.8424297,35.4722823,2023-04-30 20:59,f_f000027
f000027_900055,127.8363259,35.4769768,2023-04-30 21:00,f_f000027
f000027_900055,127.8284055,35.4800045,2023-04-30 21:00,f_f000027
f000027_900055,127.821,35.4837303,2023-04-30 21:01,f_f000027
f000027_900055,127.8150399,35.4894104,2023-04-30 21:01,f_f000027
f000027_900055,127.8107521,35.4959547,2023-04-30 21:02,f_f000027
f000027_900055,127.8080274,35.5028744,2023-04-30 21:02,f_f000027
f000027_900055,127.8075794,35.5100603,2023-04-30 21:03,f_f000027
f000027_900055,127.8018129,35.5156821,2023-04-30 21:03,f_f000027
f000027_900055,127.7930111,35.5175758,2023-04-30 21:04,f_f000027
f000027_900055,127.7843482,35.5197091,2023-04-30 21:04,f_f000027
f000027_900055,127.7774885,35.5242655,2023-04-30 21:04,f_f000027
f000027_900055,127.7732584,35.5299185,2023-04-30 21:05,f_f000027
f000027_900055,127.7689903,35.5360605,2023-04-30 21:05,f_f000027
f000027_900055,127.7645469,35.5425618,2023-04-30 21:06,f_f000027
f000027_900055,127.7604847,35.5491933,2023-04-30 21:06,f_f000027
f000027_900055,127.7581208,35.5560646,2023-04-30 21:07,f_f000027
f000027_900055,127.7566029,35.5630588,2023-04-30 21:07,f_f000027
f000027_900055,127.756936,35.569609,2023-04-30 21:08,f_f000027
f000027_900055,127.7600058,35.5764911,2023-04-30 21:08,f_f000027
f000027_900055,127.7639589,35.5825743,2023-04-30 21:09,f_f000027
f000027_900055,127.7696559,35.5872289,2023-04-30 21:09,f_f000027
f000027_900055,127.7727854,35.5930268,2023-04-30 21:10,f_f000027
f000027_900055,127.7723757,35.5996538,2023-04-30 21:10,f_f000027
f000027_900055,127.7714292,35.6033605,2023-04-30 21:11,f_f000027
f000027_900055,127.7584782,35.6151154,2023-04-30 21:11,f_f000027
f000027_900055,127.7589196,35.6168225,2023-04-30 21:11,f_f000027
f000027_900055,127.7515381,35.6186985,2023-04-30 21:12,f_f000027
f000027_900055,127.7435754,35.6195437,2023-04-30 21:12,f_f000027
f000027_900055,127.7376377,35.6246114,2023-04-30 21:13,f_f000027
f000027_900055,127.7296053,35.6263686,2023-04-30 21:13,f_f000027
f000027_900055,127.7221566,35.6298673,2023-04-30 21:14,f_f000027
f000027_900055,127.7144495,35.6334055,2023-04-30 21:14,f_f000027
f000027_900055,127.7067459,35.6367745,2023-04-30 21:15,f_f000027
f000027_900055,127.7042803,35.6431194,2023-04-30 21:15,f_f000027
f000027_900055,127.7009874,35.6485253,2023-04-30 21:16,f_f000027
f000027_900055,127.6946063,35.6524015,2023-04-30 21:16,f_f000027
f000027_900055,127.6885212,35.6573258,2023-04-30 21:17,f_f000027
f000027_900055,127.6803561,35.6598743,2023-04-30 21:17,f_f000027
f000027_900055,127.6741622,35.6653258,2023-04-30 21:17,f_f000027
f000027_900055,127.6688932,35.6710258,2023-04-30 21:18,f_f000027
f000027_900055,127.6644169,35.6771314,2023-04-30 21:18,f_f000027
f000027_900055,127.6614438,35.6838627,2023-04-30 21:19,f_f000027
f000027_900055,127.6614438,35.6838627,2023-04-30 21:19,f_f000027
f000027_900055,127.6586506,35.6865432,2023-04-30 21:20,f_f000027
f000027_900055,127.6458137,35.6933565,2023-04-30 21:20,f_f000027
f000027_900055,127.6290601,35.703686,2023-04-30 21:21,f_f000027
f000027_900055,127.6230134,35.7089462,2023-04-30 21:21,f_f000027
f000027_900055,127.6173036,35.7143004,2023-04-30 21:22,f_f000027
f000027_900055,127.6123078,35.7194916,2023-04-30 21:22,f_f000027
f000027_900055,127.6107753,35.7253196,2023-04-30 21:23,f_f000027
f000027_900055,127.6094669,35.7302092,2023-04-30 21:23,f_f000027
f000027_900055,127.6047195,35.7289612,2023-04-30 21:24,f_f000027
f000027_900055,127.6005823,35.7227161,2023-04-30 21:24,f_f000027
f000027_900055,127.5941106,35.7175528,2023-04-30 21:25,f_f000027
f000027_900055,127.5857254,35.7154172,2023-04-30 21:25,f_f000027
f000027_900055,127.5768835,35.7166971,2023-04-30 21:25,f_f000027
f000027_900055,127.5768835,35.7166971,2023-04-30 21:26,f_f000027
f000027_900055,127.5768835,35.7166971,2023-04-30 21:26,f_f000027
f000027_900055,127.5768835,35.7166971,2023-04-30 21:27,f_f000027
f000027_900055,127.5732664,35.7207242,2023-04-30 21:27,f_f000027
f000027_900055,127.5732664,35.7207242,2023-04-30 21:28,f_f000027
f000027_900055,127.5315997,35.7424851,2023-04-30 21:28,f_f000027
f000027_900055,127.5234999,35.7452713,2023-04-30 21:29,f_f000027
f000027_900055,127.5201132,35.7470046,2023-04-30 21:29,f_f000027
f000027_900055,127.5105354,35.7581165,2023-04-30 21:30,f_f000027
f000027_900055,127.5066501,35.7642058,2023-04-30 21:30,f_f000027
f000027_900055,127.500481,35.76934,2023-04-30 21:31,f_f000027
f000027_900055,127.4917307,35.7723922,2023-04-30 21:31,f_f000027
f000027_900055,127.4814,35.7739478,2023-04-30 21:32,f_f000027
f000027_900055,127.4727336,35.7750641,2023-04-30 21:32,f_f000027
f000027_900055,127.4640572,35.7742243,2023-04-30 21:33,f_f000027
f000027_900055,127.4557108,35.771846,2023-04-30 21:33,f_f000027
f000027_900055,127.4466405,35.7716287,2023-04-30 21:34,f_f000027
f000027_900055,127.4381594,35.7734655,2023-04-30 21:34,f_f000027
f000027_900055,127.429828,35.7753936,2023-04-30 21:34,f_f000027
f000027_900055,127.4217914,35.7772225,2023-04-30 21:35,f_f000027
f000027_900055,127.4142847,35.7777901,2023-04-30 21:36,f_f000027
f000027_900055,127.3977291,35.7718358,2023-04-30 21:36,f_f000027
f000027_900055,127.3902172,35.7681328,2023-04-30 21:37,f_f000027
f000027_900055,127.3820363,35.7651548,2023-04-30 21:37,f_f000027
f000027_900055,127.3734126,35.7640727,2023-04-30 21:38,f_f000027
f000027_900055,127.3649471,35.7665639,2023-04-30 21:38,f_f000027
f000027_900055,127.3578718,35.7712912,2023-04-30 21:39,f_f000027
f000027_900055,127.3501176,35.774671,2023-04-30 21:39,f_f000027
f000027_900055,127.3418233,35.7770597,2023-04-30 21:39,f_f000027
f000027_900055,127.3341316,35.7804995,2023-04-30 21:40,f_f000027
f000027_900055,127.332794,35.7813083,2023-04-30 21:40,f_f000027
f000027_900055,127.3246254,35.7863385,2023-04-30 21:41,f_f000027
f000027_900055,127.3246254,35.7863385,2023-04-30 21:41,f_f000027
f000027_900055,127.3246254,35.7863385,2023-04-30 21:42,f_f000027
f000027_900055,127.3231048,35.7862994,2023-04-30 21:42,f_f000027
f000027_900055,127.3231048,35.7862994,2023-04-30 21:43,f_f000027
f000027_900055,127.2762036,35.8002622,2023-04-30 21:43,f_f000027
f000027_900055,127.2667298,35.8027642,2023-04-30 21:44,f_f000027
f000027_900055,127.2580728,35.8036421,2023-04-30 21:44,f_f000027
f000027_900055,127.2515623,35.8079936,2023-04-30 21:45,f_f000027
f000027_900055,127.2493139,35.8141178,2023-04-30 21:45,f_f000027
f000027_900055,127.2517003,35.8204586,2023-04-30 21:46,f_f000027
f000027_900055,127.2564466,35.8256371,2023-04-30 21:46,f_f000027
f000027_900055,127.2581194,35.8321048,2023-04-30 21:47,f_f000027
f000027_900055,127.2585112,35.8358485,2023-04-30 21:47,f_f000027
f000027_900055,127.2559956,35.8475723,2023-04-30 21:48,f_f000027
f000027_900055,127.2530947,35.8542658,2023-04-30 21:48,f_f000027
f000027_900055,127.2501317,35.8605351,2023-04-30 21:49,f_f000027
f000027_900055,127.2434094,35.863808,2023-04-30 21:49,f_f000027
f000027_900055,127.2347243,35.8646767,2023-04-30 21:50,f_f000027
f000027_900055,127.2256182,35.86556,2023-04-30 21:50,f_f000027
f000027_900055,127.2172078,35.8663991,2023-04-30 21:51,f_f000027
f000027_900055,127.2086597,35.8678581,2023-04-30 21:51,f_f000027
f000027_900055,127.2019191,35.8728154,2023-04-30 21:52,f_f000027
f000027_900055,127.1946486,35.8773582,2023-04-30 21:52,f_f000027
f000027_900055,127.1871121,35.8810209,2023-04-30 21:52,f_f000027
f000027_900055,127.1782276,35.8827138,2023-04-30 21:53,f_f000027
f000027_900055,127.1697192,35.8853257,2023-04-30 21:53,f_f000027
f000027_900055,127.1633815,35.8902387,2023-04-30 21:54,f_f000027
f000027_900055,127.1577918,35.8955406,2023-04-30 21:54,f_f000027
f000027_900055,127.1577918,35.8955406,2023-04-30 21:55,f_f000027
f000027_900055,127.1577918,35.8955406,2023-04-30 21:55,f_f000027
f000027_900055,127.1577918,35.8955406,2023-04-30 21:56,f_f000027
f000027_900055,127.1551897,35.8924832,2023-04-30 21:56,f_f000027
f000027_900055,127.156381,35.8884346,2023-04-30 21:57,f_f000027
f000027_900055,127.1563064,35.885157,2023-04-30 21:57,f_f000027
f000027_900055,127.1563064,35.885157,2023-04-30 21:58,f_f000027
f000027_900055,127.1563064,35.885157,2023-04-30 21:58,f_f000027
f000027_900055,127.1563064,35.885157,2023-04-30 21:58,f_f000027
f000027_900055,127.1563064,35.885157,2023-04-30 21:59,f_f000027
f000027_900055,127.1591463,35.8829417,2023-04-30 21:59,f_f000027
f000027_900055,127.1616717,35.8850379,2023-04-30 22:00,f_f000027
f000027_900055,127.1570648,35.8866283,2023-04-30 22:00,f_f000027
f000027_900055,127.1504341,35.889798,2023-04-30 22:01,f_f000027
f000027_900055,127.1459609,35.8953859,2023-04-30 22:01,f_f000027
f000027_900055,127.1386011,35.8984687,2023-04-30 22:02,f_f000027
f000027_900055,127.131029,35.9001413,2023-04-30 22:02,f_f000027
f000027_900055,127.1228793,35.8998663,2023-04-30 22:03,f_f000027
f000027_900055,127.1152788,35.8980588,2023-04-30 22:03,f_f000027
f000027_900055,127.1085241,35.8958212,2023-04-30 22:03,f_f000027
f000027_900055,127.1009981,35.8936068,2023-04-30 22:04,f_f000027
f000027_900055,127.0934273,35.8909737,2023-04-30 22:04,f_f000027
f000027_900055,127.0857298,35.8891965,2023-04-30 22:05,f_f000027
f000027_900055,127.0780277,35.8874496,2023-04-30 22:05,f_f000027
f000027_900055,127.0699763,35.8856577,2023-04-30 22:06,f_f000027
f000027_900055,127.0617036,35.8852256,2023-04-30 22:06,f_f000027
f000027_900055,127.0534163,35.8852732,2023-04-30 22:07,f_f000027
f000027_900055,127.0473564,35.8860051,2023-04-30 22:07,f_f000027
f000027_900055,127.0472354,35.8906728,2023-04-30 22:08,f_f000027
f000027_900055,127.0488565,35.8964555,2023-04-30 22:08,f_f000027
f000027_900055,127.0507834,35.9023395,2023-04-30 22:09,f_f000027
f000027_900055,127.0547656,35.9038748,2023-04-30 22:09,f_f000027
f000027_900055,127.0550197,35.9049468,2023-04-30 22:09,f_f000027
f000027_900055,127.0550197,35.9049468,2023-04-30 22:10,f_f000027
f000027_900055,127.0550197,35.9049468,2023-04-30 22:10,f_f000027
f000027_900055,127.0514953,35.9046379,2023-04-30 22:11,f_f000027
f000027_900055,127.0439869,35.9026033,2023-04-30 22:11,f_f000027
f000027_900055,127.0357942,35.9031754,2023-04-30 22:12,f_f000027
f000027_900055,127.0278774,35.9026243,2023-04-30 22:12,f_f000027
f000027_900055,127.0208819,35.9041082,2023-04-30 22:13,f_f000027
f000027_900055,127.0141373,35.9068886,2023-04-30 22:13,f_f000027
f000027_900055,127.0066311,35.9062238,2023-04-30 22:14,f_f000027
f000027_900055,126.9984171,35.9054533,2023-04-30 22:14,f_f000027
f000027_900055,126.9923522,35.9082852,2023-04-30 22:15,f_f000027
f000027_900055,126.9859413,35.9124797,2023-04-30 22:15,f_f000027
f000027_900055,126.9813079,35.9177275,2023-04-30 22:15,f_f000027
f000027_900055,126.9784794,35.921973,2023-04-30 22:16,f_f000027
f000027_900055,126.9784391,35.9254651,2023-04-30 22:16,f_f000027
f000027_900055,126.9790874,35.9297711,2023-04-30 22:17,f_f000027
f000027_900055,126.9796364,35.9336222,2023-04-30 22:17,f_f000027
f000027_900055,126.9787854,35.9368331,2023-04-30 22:18,f_f000027
f000027_900055,126.9773752,35.9407472,2023-04-30 22:18,f_f000027
f000027_900055,126.9761699,35.9443781,2023-04-30 22:19,f_f000027
f000027_900055,126.9755524,35.9461154,2023-04-30 22:19,f_f000027
f000027_900055,126.974537,35.949012,2023-04-30 22:20,f_f000027
f000027_900055,126.9743331,35.9497602,2023-04-30 22:20,f_f000027
f000027_900055,126.9743331,35.9497602,2023-04-30 22:20,f_f000027
f000027_900055,126.9741995,35.950153,2023-04-30 22:21,f_f000027
f000027_900055,126.9741044,35.951671,2023-04-30 22:21,f_f000027
f000027_900055,126.9754239,35.9516366,2023-04-30 22:22,f_f000027
f000027_900055,126.9757145,35.951938,2023-04-30 22:22,f_f000027
f000027_900055,126.9757145,35.951938,2023-04-30 22:23,f_f000027
f000027_900055,126.9757145,35.951938,2023-04-30 22:23,f_f000027
f000027_900055,126.9757145,35.951938,2023-04-30 22:24,f_f000027
f000027_900055,126.9757145,35.951938,2023-04-30 22:24,f_f000027
f000027_900055,126.9757145,35.951938,2023-04-30 22:25,f_f000027
f000027_900055,126.9760412,35.9520294,2023-04-30 22:25,f_f000027
f000027_900055,126.9760595,35.9512206,2023-04-30 22:26,f_f000027
f000027_900055,126.9728308,35.9501822,2023-04-30 22:26,f_f000027
f000027_900055,126.9694507,35.9506535,2023-04-30 22:26,f_f000027
f000027_900055,126.9661854,35.9515534,2023-04-30 22:27,f_f000027
f000027_900055,126.963024,35.9523838,2023-04-30 22:27,f_f000027
f000027_900055,126.9601685,35.9532011,2023-04-30 22:28,f_f000027
f000027_900055,126.9577745,35.9538588,2023-04-30 22:28,f_f000027
f000027_900055,126.9569876,35.9546586,2023-04-30 22:29,f_f000027
f000027_900055,126.9575981,35.9562926,2023-04-30 22:29,f_f000027
f000027_900055,126.9583067,35.9579637,2023-04-30 22:30,f_f000027
f000027_900055,126.9583067,35.9579637,2023-04-30 22:30,f_f000027
f000027_900055,126.9583067,35.9579637,2023-04-30 22:31,f_f000027
f000027_900055,126.9583067,35.9579637,2023-04-30 22:31,f_f000027
f000027_900055,126.9583067,35.9579637,2023-04-30 22:32,f_f000027
f000027_900055,126.9583067,35.9579637,2023-04-30 22:32,f_f000027
f000027_900055,126.9583067,35.9579637,2023-04-30 22:32,f_f000027
f000027_900055,126.9583067,35.9579637,2023-04-30 22:33,f_f000027
f000027_900055,126.9583067,35.9579637,2023-04-30 22:34,f_f000027
f000027_900055,126.9583067,35.9579637,2023-04-30 22:34,f_f000027
f000027_900055,126.9583067,35.9579637,2023-04-30 22:35,f_f000027
f000027_900055,126.9583067,35.9579637,2023-04-30 22:36,f_f000027
f000027_900055,126.9583067,35.9579637,2023-04-30 22:37,f_f000027
f000027_900055,126.9583067,35.9579637,2023-04-30 22:37,f_f000027
f000027_900055,126.9583067,35.9579637,2023-04-30 22:38,f_f000027
f000027_900055,126.9583067,35.9579637,2023-04-30 22:38,f_f000027
f000027_900055,126.9583067,35.9579637,2023-04-30 22:39,f_f000027
f000027_900055,126.9583067,35.9579637,2023-04-30 22:39,f_f000027
f000027_900055,126.9583067,35.9579637,2023-04-30 22:40,f_f000027
f000027_900055,126.9583067,35.9579637,2023-04-30 22:40,f_f000027
f000027_900055,126.9583067,35.9579637,2023-04-30 22:41,f_f000027
f000027_900055,126.9583067,35.9579637,2023-04-30 22:41,f_f000027
f000027_900055,126.9583067,35.9579637,2023-04-30 22:42,f_f000027
f000027_900055,126.9583067,35.9579637,2023-04-30 22:42,f_f000027
f000027_900055,126.9583067,35.9579637,2023-04-30 22:43,f_f000027
f000027_900055,126.9583067,35.9579637,2023-04-30 22:44,f_f000027
f000027_900055,126.9583067,35.9579637,2023-04-30 22:45,f_f000027
f000027_900055,126.9583067,35.9579637,2023-04-30 22:45,f_f000027
f000027_900055,126.9583067,35.9579637,2023-04-30 22:46,f_f000027
f000027_900055,126.9583067,35.9579637,2023-04-30 22:47,f_f000027
f000027_900055,126.9583067,35.9579637,2023-04-30 22:47,f_f000027
f000027_900055,126.9583067,35.9579637,2023-04-30 22:48,f_f000027
f000027_900055,126.9583067,35.9579637,2023-04-30 22:49,f_f000027
f000027_900055,126.9583067,35.9579637,2023-04-30 22:49,f_f000027
f000027_900055,126.9583067,35.9579637,2023-04-30 22:50,f_f000027
f000027_900055,126.9583067,35.9579637,2023-04-30 22:51,f_f000027
f000027_900055,126.9583067,35.9579637,2023-04-30 22:51,f_f000027
f000027_900055,126.9583067,35.9579637,2023-04-30 22:52,f_f000027
f000027_900055,126.9583067,35.9579637,2023-04-30 22:53,f_f000027
f000027_900055,126.9583067,35.9579637,2023-04-30 22:53,f_f000027
f000027_900055,126.9583067,35.9579637,2023-04-30 22:54,f_f000027
f000027_900055,126.9583067,35.9579637,2023-04-30 22:55,f_f000027
f000027_900055,126.9583067,35.9579637,2023-04-30 22:55,f_f000027
f000027_900055,126.9583067,35.9579637,2023-04-30 22:56,f_f000027
f000027_900055,126.9583067,35.9579637,2023-04-30 22:57,f_f000027
f000027_900055,126.9583067,35.9579637,2023-04-30 22:57,f_f000027
f000027_900055,126.9583067,35.9579637,2023-04-30 22:58,f_f000027
f000027_900055,126.9583067,35.9579637,2023-04-30 22:59,f_f000027
f000027_900055,126.9583067,35.9579637,2023-04-30 22:59,f_f000027
f000027_900055,126.9583067,35.9579637,2023-04-30 23:00,f_f000027
f000027_900055,126.9583067,35.9579637,2023-04-30 23:01,f_f000027
f000027_900055,126.9583067,35.9579637,2023-04-30 23:01,f_f000027
f000027_900055,126.9583067,35.9579637,2023-04-30 23:02,f_f000027
f000027_900055,126.9579692,35.9585212,2023-04-30 23:03,f_f000027
f000027_900055,126.9579692,35.9585212,2023-04-30 23:03,f_f000027
f000027_900055,126.9579692,35.9585212,2023-04-30 23:04,f_f000027
f000027_900055,126.9579692,35.9585212,2023-04-30 23:05,f_f000027
f000027_900055,126.9579692,35.9585212,2023-04-30 23:05,f_f000027
f000027_900055,126.9579692,35.9585212,2023-04-30 23:06,f_f000027
f000027_900055,126.9579692,35.9585212,2023-04-30 23:07,f_f000027
f000027_900055,126.9579692,35.9585212,2023-04-30 23:08,f_f000027
f000027_900055,126.9579692,35.9585212,2023-04-30 23:09,f_f000027
f000027_900055,126.9579692,35.9585212,2023-04-30 23:09,f_f000027
f000027_900055,126.9579692,35.9585212,2023-04-30 23:10,f_f000027
f000027_900055,126.9579692,35.9585212,2023-04-30 23:10,f_f000027
f000027_900055,126.9579692,35.9585212,2023-04-30 23:11,f_f000027
f000027_900055,126.9579692,35.9585212,2023-04-30 23:11,f_f000027
f000027_900055,126.9579692,35.9585212,2023-04-30 23:12,f_f000027
f000027_900055,126.9579692,35.9585212,2023-04-30 23:12,f_f000027
f000027_900055,126.9579692,35.9585212,2023-04-30 23:13,f_f000027
f000027_900055,126.9579692,35.9585212,2023-04-30 23:13,f_f000027
f000027_900055,126.9579692,35.9585212,2023-04-30 23:14,f_f000027
f000027_900055,126.9579692,35.9585212,2023-04-30 23:15,f_f000027
f000027_900055,126.9579692,35.9585212,2023-04-30 23:15,f_f000027
f000027_900055,126.9579692,35.9585212,2023-04-30 23:16,f_f000027
f000027_900055,126.9579692,35.9585212,2023-04-30 23:16,f_f000027
f000027_900055,126.9579692,35.9585212,2023-04-30 23:17,f_f000027
f000027_900055,126.9579692,35.9585212,2023-04-30 23:17,f_f000027
f000027_900055,126.9579692,35.9585212,2023-04-30 23:18,f_f000027
f000027_900055,126.9579692,35.9585212,2023-04-30 23:18,f_f000027
f000027_900055,126.9579692,35.9585212,2023-04-30 23:19,f_f000027
f000027_900055,126.9579692,35.9585212,2023-04-30 23:19,f_f000027
f000027_900055,126.9579692,35.9585212,2023-04-30 23:20,f_f000027
f000027_900055,126.9579692,35.9585212,2023-04-30 23:21,f_f000027
f000027_900055,126.9579692,35.9585212,2023-04-30 23:21,f_f000027
f000027_900055,126.9579692,35.9585212,2023-04-30 23:22,f_f000027
f000027_900055,126.9579692,35.9585212,2023-04-30 23:23,f_f000027
f000027_900055,126.9579692,35.9585212,2023-04-30 23:23,f_f000027
f000027_900055,126.9579692,35.9585212,2023-04-30 23:24,f_f000027
f000027_900055,126.9579692,35.9585212,2023-04-30 23:24,f_f000027
f000027_900055,126.9579692,35.9585212,2023-04-30 23:25,f_f000027
f000027_900055,126.9579692,35.9585212,2023-04-30 23:25,f_f000027
f000027_900055,126.9579692,35.9585212,2023-04-30 23:26,f_f000027
f000027_900055,126.9579692,35.9585212,2023-04-30 23:27,f_f000027
f000027_900055,126.9579692,35.9585212,2023-04-30 23:27,f_f000027
f000027_900055,126.9579692,35.9585212,2023-04-30 23:28,f_f000027
f000027_900055,126.9579692,35.9585212,2023-04-30 23:28,f_f000027
f000027_900055,126.9579692,35.9585212,2023-04-30 23:29,f_f000027
f000027_900055,126.9579692,35.9585212,2023-04-30 23:29,f_f000027
f000027_900055,126.9579692,35.9585212,2023-04-30 23:30,f_f000027
f000027_900055,126.9579692,35.9585212,2023-04-30 23:31,f_f000027
f000027_900055,126.9579692,35.9585212,2023-04-30 23:31,f_f000027
f000027_900055,126.9579692,35.9585212,2023-04-30 23:32,f_f000027
f000027_900055,126.9579692,35.9585212,2023-04-30 23:33,f_f000027
f000027_900055,126.9579692,35.9585212,2023-04-30 23:33,f_f000027
f000027_900055,126.9579692,35.9585212,2023-04-30 23:34,f_f000027
f000027_900055,126.9579692,35.9585212,2023-04-30 23:35,f_f000027
f000027_900055,126.9579692,35.9585212,2023-04-30 23:35,f_f000027
f000027_900055,126.9579692,35.9585212,2023-04-30 23:36,f_f000027
f000027_900055,126.9579692,35.9585212,2023-04-30 23:37,f_f000027
f000027_900055,126.9579692,35.9585212,2023-04-30 23:37,f_f000027
f000027_900055,126.9579692,35.9585212,2023-04-30 23:38,f_f000027
f000027_900055,126.9579692,35.9585212,2023-04-30 23:39,f_f000027
f000027_900055,126.9579692,35.9585212,2023-04-30 23:40,f_f000027
f000027_900055,126.9579692,35.9585212,2023-04-30 23:40,f_f000027
f000027_900055,126.9579692,35.9585212,2023-04-30 23:41,f_f000027
f000027_900055,126.9579692,35.9585212,2023-04-30 23:42,f_f000027
f000027_900055,126.9579692,35.9585212,2023-04-30 23:42,f_f000027
f000027_900055,126.9579692,35.9585212,2023-04-30 23:43,f_f000027
f000027_900055,126.9579692,35.9585212,2023-04-30 23:43,f_f000027
f000027_900055,126.9579692,35.9585212,2023-04-30 23:45,f_f000027
f000027_900055,126.9579692,35.9585212,2023-04-30 23:45,f_f000027
f000027_900055,126.9579692,35.9585212,2023-04-30 23:46,f_f000027
f000027_900055,126.9579692,35.9585212,2023-04-30 23:46,f_f000027
f000027_900055,126.9579692,35.9585212,2023-04-30 23:47,f_f000027
f000027_900055,126.9579692,35.9585212,2023-04-30 23:48,f_f000027
f000027_900055,126.9579692,35.9585212,2023-04-30 23:48,f_f000027
f000027_900055,126.9579692,35.9585212,2023-04-30 23:49,f_f000027
f000027_900055,126.9579692,35.9585212,2023-04-30 23:50,f_f000027
f000027_900055,126.9579692,35.9585212,2023-04-30 23:51,f_f000027
f000027_900055,126.9579692,35.9585212,2023-04-30 23:51,f_f000027
f000027_900055,126.9579692,35.9585212,2023-04-30 23:52,f_f000027
f000027_900055,126.9579692,35.9585212,2023-04-30 23:53,f_f000027
f000027_900055,126.9579692,35.9585212,2023-04-30 23:53,f_f000027
f000027_900055,126.9579692,35.9585212,2023-04-30 23:54,f_f000027
f000027_900055,126.9579692,35.9585212,2023-04-30 23:55,f_f000027
f000027_900055,126.9579692,35.9585212,2023-04-30 23:56,f_f000027
f000027_900055,126.9579692,35.9585212,2023-04-30 23:56,f_f000027
f000027_900055,126.9579692,35.9585212,2023-04-30 23:57,f_f000027
f000027_900055,126.9579692,35.9585212,2023-04-30 23:58,f_f000027
f000027_900055,126.9579692,35.9585212,2023-04-30 23:58,f_f000027
f000027_900055,126.9579692,35.9585212,2023-04-30 23:59,f_f000027
