MOBILE_NUM_ID,X_COORD,Y_COORD,DT_MIN,TRAVEL_ID
f000013_900030,127.0263251,37.0401337,2023-04-28 20:47,f_f000013
f000013_900030,127.0263251,37.0401337,2023-04-28 20:48,f_f000013
f000013_900030,127.0263251,37.0401337,2023-04-28 20:48,f_f000013
f000013_900030,127.0263251,37.0401337,2023-04-28 20:49,f_f000013
f000013_900030,127.0263251,37.0401337,2023-04-28 20:49,f_f000013
f000013_900030,127.025848,37.0406813,2023-04-28 20:50,f_f000013
f000013_900030,127.025848,37.0406813,2023-04-28 20:50,f_f000013
f000013_900030,127.025848,37.0406813,2023-04-28 20:50,f_f000013
f000013_900030,127.025848,37.0406813,2023-04-28 20:51,f_f000013
f000013_900030,127.025848,37.0406813,2023-04-28 20:51,f_f000013
f000013_900030,127.0238781,37.0411405,2023-04-28 20:52,f_f000013
f000013_900030,127.0219822,37.0443311,2023-04-28 20:52,f_f000013
f000013_900030,127.0219822,37.0443311,2023-04-28 20:53,f_f000013
f000013_900030,127.0219395,37.0466871,2023-04-28 20:53,f_f000013
f000013_900030,127.0220418,37.0502488,2023-04-28 20:54,f_f000013
f000013_900030,127.024635,37.0535828,2023-04-28 20:54,f_f000013
f000013_900030,127.0212738,37.05487,2023-04-28 20:54,f_f000013
f000013_900030,127.0163192,37.0548649,2023-04-28 20:55,f_f000013
f000013_900030,127.0117254,37.0544197,2023-04-28 20:55,f_f000013
f000013_900030,127.0062818,37.0528124,2023-04-28 20:56,f_f000013
f000013_900030,127.0053322,37.052886,2023-04-28 20:56,f_f000013
f000013_900030,127.0053322,37.052886,2023-04-28 20:57,f_f000013
f000013_900030,127.0033355,37.0534442,2023-04-28 20:57,f_f000013
f000013_900030,126.9975794,37.0532103,2023-04-28 20:58,f_f000013
f000013_900030,126.9919922,37.0521542,2023-04-28 20:58,f_f000013
f000013_900030,126.9889574,37.054128,2023-04-28 20:59,f_f000013
f000013_900030,126.9882834,37.0578748,2023-04-28 20:59,f_f000013
f000013_900030,126.9903324,37.0612615,2023-04-28 20:59,f_f000013
f000013_900030,126.9917041,37.0637292,2023-04-28 21:00,f_f000013
f000013_900030,126.992246,37.0648495,2023-04-28 21:00,f_f000013
f000013_900030,126.9930207,37.0678535,2023-04-28 21:01,f_f000013
f000013_900030,126.9927045,37.0727225,2023-04-28 21:01,f_f000013
f000013_900030,126.9912161,37.07762,2023-04-28 21:02,f_f000013
f000013_900030,126.9903,37.0825263,2023-04-28 21:02,f_f000013
f000013_900030,126.9905291,37.0878129,2023-04-28 21:03,f_f000013
f000013_900030,126.9920726,37.0929159,2023-04-28 21:03,f_f000013
f000013_900030,126.9943739,37.0975966,2023-04-28 21:04,f_f000013
f000013_900030,126.9957922,37.1027605,2023-04-28 21:04,f_f000013
f000013_900030,126.9952165,37.1072766,2023-04-28 21:04,f_f000013
f000013_900030,126.994436,37.110651,2023-04-28 21:05,f_f000013
f000013_900030,126.9943112,37.1126861,2023-04-28 21:05,f_f000013
f000013_900030,126.9943193,37.113021,2023-04-28 21:06,f_f000013
f000013_900030,126.9944617,37.1145756,2023-04-28 21:06,f_f000013
f000013_900030,126.994769,37.1161215,2023-04-28 21:07,f_f000013
f000013_900030,126.9953028,37.117776,2023-04-28 21:07,f_f000013
f000013_900030,126.9962948,37.1198858,2023-04-28 21:08,f_f000013
f000013_900030,126.9972127,37.1214107,2023-04-28 21:08,f_f000013
f000013_900030,126.9980348,37.12291,2023-04-28 21:08,f_f000013
f000013_900030,126.9987157,37.1243308,2023-04-28 21:09,f_f000013
f000013_900030,126.9988963,37.1247566,2023-04-28 21:09,f_f000013
f000013_900030,126.9991459,37.1253476,2023-04-28 21:10,f_f000013
f000013_900030,126.9993125,37.125754,2023-04-28 21:10,f_f000013
f000013_900030,126.9995626,37.1264188,2023-04-28 21:11,f_f000013
f000013_900030,126.9999509,37.1275341,2023-04-28 21:11,f_f000013
f000013_900030,127.0002278,37.1284523,2023-04-28 21:12,f_f000013
f000013_900030,127.0003872,37.1290099,2023-04-28 21:12,f_f000013
f000013_900030,127.0005746,37.1296746,2023-04-28 21:13,f_f000013
f000013_900030,127.0007587,37.1303076,2023-04-28 21:13,f_f000013
f000013_900030,127.0010008,37.1311508,2023-04-28 21:13,f_f000013
f000013_900030,127.001338,37.1323308,2023-04-28 21:14,f_f000013
f000013_900030,127.0016257,37.1333397,2023-04-28 21:14,f_f000013
f000013_900030,127.0019036,37.1343117,2023-04-28 21:15,f_f000013
f000013_900030,127.0021916,37.1353194,2023-04-28 21:15,f_f000013
f000013_900030,127.0027005,37.1371012,2023-04-28 21:16,f_f000013
f000013_900030,127.0031631,37.1389199,2023-04-28 21:16,f_f000013
f000013_900030,127.003307,37.1401094,2023-04-28 21:17,f_f000013
f000013_900030,127.0032951,37.141208,2023-04-28 21:17,f_f000013
f000013_900030,127.0030658,37.1426942,2023-04-28 21:18,f_f000013
f000013_900030,127.0025743,37.1441498,2023-04-28 21:18,f_f000013
f000013_900030,127.0020124,37.1452507,2023-04-28 21:18,f_f000013
f000013_900030,127.0012451,37.1463799,2023-04-28 21:19,f_f000013
f000013_900030,127.0003442,37.1476064,2023-04-28 21:19,f_f000013
f000013_900030,126.9994854,37.1490974,2023-04-28 21:20,f_f000013
f000013_900030,126.9987227,37.151523,2023-04-28 21:20,f_f000013
f000013_900030,126.9983089,37.153391,2023-04-28 21:21,f_f000013
f000013_900030,126.9983284,37.1616575,2023-04-28 21:22,f_f000013
f000013_900030,126.9989439,37.1650422,2023-04-28 21:23,f_f000013
f000013_900030,126.9980274,37.1685984,2023-04-28 21:24,f_f000013
f000013_900030,126.9993348,37.1752658,2023-04-28 21:25,f_f000013
f000013_900030,127.0122647,37.1708818,2023-04-28 21:26,f_f000013
f000013_900030,127.0122647,37.1708818,2023-04-28 21:26,f_f000013
f000013_900030,127.0278952,37.1740275,2023-04-28 21:27,f_f000013
f000013_900030,127.0278952,37.1740275,2023-04-28 21:28,f_f000013
f000013_900030,127.043108,37.1793557,2023-04-28 21:29,f_f000013
f000013_900030,127.0577788,37.1839094,2023-04-28 21:30,f_f000013
f000013_900030,127.0745734,37.1803425,2023-04-28 21:31,f_f000013
f000013_900030,127.109682,37.1792968,2023-04-28 21:32,f_f000013
f000013_900030,127.1230792,37.1919046,2023-04-28 21:33,f_f000013
f000013_900030,127.13504,37.2054185,2023-04-28 21:34,f_f000013
f000013_900030,127.1508739,37.2300933,2023-04-28 21:36,f_f000013
f000013_900030,127.1576443,37.2444112,2023-04-28 21:37,f_f000013
f000013_900030,127.1696981,37.2533193,2023-04-28 21:38,f_f000013
f000013_900030,127.1806796,37.2642526,2023-04-28 21:39,f_f000013
f000013_900030,127.1900928,37.2661895,2023-04-28 21:40,f_f000013
f000013_900030,127.2016296,37.259863,2023-04-28 21:41,f_f000013
f000013_900030,127.2016296,37.259863,2023-04-28 21:42,f_f000013
f000013_900030,127.2292542,37.2489271,2023-04-28 21:43,f_f000013
f000013_900030,127.2466171,37.2457779,2023-04-28 21:44,f_f000013
f000013_900030,127.2640095,37.2462236,2023-04-28 21:45,f_f000013
f000013_900030,127.2835268,37.2402885,2023-04-28 21:46,f_f000013
f000013_900030,127.2938674,37.2392422,2023-04-28 21:47,f_f000013
f000013_900030,127.3111497,37.2446116,2023-04-28 21:48,f_f000013
f000013_900030,127.328334,37.2501351,2023-04-28 21:49,f_f000013
f000013_900030,127.3454606,37.2519038,2023-04-28 21:50,f_f000013
f000013_900030,127.3593882,37.2440778,2023-04-28 21:51,f_f000013
f000013_900030,127.3749941,37.240636,2023-04-28 21:52,f_f000013
f000013_900030,127.3749941,37.240636,2023-04-28 21:52,f_f000013
f000013_900030,127.3928568,37.2398927,2023-04-28 21:53,f_f000013
f000013_900030,127.4107688,37.2406301,2023-04-28 21:54,f_f000013
f000013_900030,127.4285284,37.2352561,2023-04-28 21:55,f_f000013
f000013_900030,127.4463708,37.2367248,2023-04-28 21:56,f_f000013
f000013_900030,127.4610656,37.2406814,2023-04-28 21:57,f_f000013
f000013_900030,127.4758719,37.2453035,2023-04-28 21:58,f_f000013
f000013_900030,127.4956889,37.2452364,2023-04-28 21:59,f_f000013
f000013_900030,127.5143923,37.2440728,2023-04-28 22:00,f_f000013
f000013_900030,127.5304528,37.2393496,2023-04-28 22:01,f_f000013
f000013_900030,127.5471576,37.2397388,2023-04-28 22:02,f_f000013
f000013_900030,127.5634884,37.2399293,2023-04-28 22:03,f_f000013
f000013_900030,127.5792961,37.2363632,2023-04-28 22:04,f_f000013
f000013_900030,127.5942276,37.2319074,2023-04-28 22:05,f_f000013
f000013_900030,127.6076114,37.2363929,2023-04-28 22:06,f_f000013
f000013_900030,127.6213156,37.2431021,2023-04-28 22:07,f_f000013
f000013_900030,127.6365482,37.2498044,2023-04-28 22:08,f_f000013
f000013_900030,127.6536931,37.2528192,2023-04-28 22:09,f_f000013
f000013_900030,127.6696806,37.2542173,2023-04-28 22:10,f_f000013
f000013_900030,127.6861165,37.2546419,2023-04-28 22:11,f_f000013
f000013_900030,127.7038375,37.2528103,2023-04-28 22:12,f_f000013
f000013_900030,127.7203755,37.2463484,2023-04-28 22:13,f_f000013
f000013_900030,127.7408761,37.243481,2023-04-28 22:14,f_f000013
f000013_900030,127.7535031,37.2419652,2023-04-28 22:15,f_f000013
f000013_900030,127.7636608,37.2503578,2023-04-28 22:16,f_f000013
f000013_900030,127.7736009,37.25962,2023-04-28 22:17,f_f000013
f000013_900030,127.7903463,37.268486,2023-04-28 22:18,f_f000013
f000013_900030,127.8057762,37.2759717,2023-04-28 22:19,f_f000013
f000013_900030,127.8162905,37.2889969,2023-04-28 22:20,f_f000013
f000013_900030,127.8202016,37.3030352,2023-04-28 22:21,f_f000013
f000013_900030,127.829539,37.314446,2023-04-28 22:22,f_f000013
f000013_900030,127.8438864,37.3235811,2023-04-28 22:23,f_f000013
f000013_900030,127.8540654,37.331958,2023-04-28 22:24,f_f000013
f000013_900030,127.8540654,37.331958,2023-04-28 22:25,f_f000013
f000013_900030,127.8799237,37.3486048,2023-04-28 22:26,f_f000013
f000013_900030,127.8948087,37.3573366,2023-04-28 22:27,f_f000013
f000013_900030,127.9079052,37.3668582,2023-04-28 22:28,f_f000013
f000013_900030,127.9244481,37.3723489,2023-04-28 22:29,f_f000013
f000013_900030,127.932016,37.3890217,2023-04-28 22:30,f_f000013
f000013_900030,127.9404366,37.4011383,2023-04-28 22:31,f_f000013
f000013_900030,127.9589645,37.4030985,2023-04-28 22:32,f_f000013
f000013_900030,127.9778055,37.4045322,2023-04-28 22:33,f_f000013
f000013_900030,127.9950768,37.4126076,2023-04-28 22:34,f_f000013
f000013_900030,128.0058065,37.4259827,2023-04-28 22:35,f_f000013
f000013_900030,128.0058065,37.4259827,2023-04-28 22:36,f_f000013
f000013_900030,128.033853,37.4433863,2023-04-28 22:37,f_f000013
f000013_900030,128.0489706,37.4491012,2023-04-28 22:38,f_f000013
f000013_900030,128.0680822,37.4465919,2023-04-28 22:39,f_f000013
f000013_900030,128.0867129,37.4407605,2023-04-28 22:40,f_f000013
f000013_900030,128.1005463,37.4423507,2023-04-28 22:41,f_f000013
f000013_900030,128.1050062,37.4551838,2023-04-28 22:42,f_f000013
f000013_900030,128.105683,37.4687632,2023-04-28 22:43,f_f000013
f000013_900030,128.1194812,37.4711343,2023-04-28 22:44,f_f000013
f000013_900030,128.1339015,37.4641065,2023-04-28 22:45,f_f000013
f000013_900030,128.1498893,37.4684942,2023-04-28 22:46,f_f000013
f000013_900030,128.1498893,37.4684942,2023-04-28 22:47,f_f000013
f000013_900030,128.177178,37.4877426,2023-04-28 22:48,f_f000013
f000013_900030,128.1958265,37.4909543,2023-04-28 22:49,f_f000013
f000013_900030,128.2139947,37.4949897,2023-04-28 22:50,f_f000013
f000013_900030,128.2331766,37.5003975,2023-04-28 22:51,f_f000013
f000013_900030,128.2452986,37.5118618,2023-04-28 22:52,f_f000013
f000013_900030,128.2597883,37.5203233,2023-04-28 22:53,f_f000013
f000013_900030,128.2781799,37.5238317,2023-04-28 22:54,f_f000013
f000013_900030,128.3173249,37.5511576,2023-04-28 22:57,f_f000013
f000013_900030,128.3177996,37.5514939,2023-04-28 22:57,f_f000013
f000013_900030,128.3328448,37.5572062,2023-04-28 22:58,f_f000013
f000013_900030,128.3332031,37.5570781,2023-04-28 22:58,f_f000013
f000013_900030,128.3506526,37.5618149,2023-04-28 23:00,f_f000013
f000013_900030,128.3506526,37.5618149,2023-04-28 23:01,f_f000013
f000013_900030,128.3506526,37.5618149,2023-04-28 23:02,f_f000013
f000013_900030,128.3506526,37.5618149,2023-04-28 23:03,f_f000013
f000013_900030,128.3506526,37.5618149,2023-04-28 23:04,f_f000013
f000013_900030,128.3506526,37.5618149,2023-04-28 23:05,f_f000013
f000013_900030,128.3506526,37.5618149,2023-04-28 23:06,f_f000013
f000013_900030,128.3506526,37.5618149,2023-04-28 23:07,f_f000013
f000013_900030,128.3506526,37.5618149,2023-04-28 23:07,f_f000013
f000013_900030,128.3506526,37.5618149,2023-04-28 23:08,f_f000013
f000013_900030,128.3506526,37.5618149,2023-04-28 23:09,f_f000013
f000013_900030,128.3506526,37.5618149,2023-04-28 23:10,f_f000013
f000013_900030,128.3506526,37.5618149,2023-04-28 23:11,f_f000013
f000013_900030,128.3506526,37.5618149,2023-04-28 23:12,f_f000013
f000013_900030,128.3506526,37.5618149,2023-04-28 23:13,f_f000013
f000013_900030,128.3506526,37.5618149,2023-04-28 23:14,f_f000013
f000013_900030,128.3506526,37.5618149,2023-04-28 23:15,f_f000013
f000013_900030,128.3506526,37.5618149,2023-04-28 23:16,f_f000013
f000013_900030,128.3506526,37.5618149,2023-04-28 23:17,f_f000013
f000013_900030,128.3506526,37.5618149,2023-04-28 23:18,f_f000013
f000013_900030,128.3506526,37.5618149,2023-04-28 23:19,f_f000013
f000013_900030,128.3506526,37.5618149,2023-04-28 23:20,f_f000013
f000013_900030,128.3506526,37.5618149,2023-04-28 23:21,f_f000013
f000013_900030,128.3506526,37.5618149,2023-04-28 23:22,f_f000013
f000013_900030,128.3506526,37.5618149,2023-04-28 23:23,f_f000013
f000013_900030,128.3506526,37.5618149,2023-04-28 23:24,f_f000013
f000013_900030,128.3506526,37.5618149,2023-04-28 23:25,f_f000013
f000013_900030,128.3506526,37.5618149,2023-04-28 23:26,f_f000013
f000013_900030,128.3506526,37.5618149,2023-04-28 23:27,f_f000013
f000013_900030,128.3506526,37.5618149,2023-04-28 23:28,f_f000013
f000013_900030,128.3506526,37.5618149,2023-04-28 23:29,f_f000013
f000013_900030,128.3506526,37.5618149,2023-04-28 23:30,f_f000013
f000013_900030,128.3506526,37.5618149,2023-04-28 23:31,f_f000013
f000013_900030,128.3506526,37.5618149,2023-04-28 23:32,f_f000013
f000013_900030,128.3506526,37.5618149,2023-04-28 23:33,f_f000013
f000013_900030,128.3506526,37.5618149,2023-04-28 23:34,f_f000013
f000013_900030,128.3506526,37.5618149,2023-04-28 23:35,f_f000013
f000013_900030,128.3506526,37.5618149,2023-04-28 23:36,f_f000013
f000013_900030,128.3506526,37.5618149,2023-04-28 23:37,f_f000013
f000013_900030,128.3506526,37.5618149,2023-04-28 23:38,f_f000013
f000013_900030,128.3506526,37.5618149,2023-04-28 23:43,f_f000013
f000013_900030,128.3506526,37.5618149,2023-04-28 23:44,f_f000013
f000013_900030,128.3506526,37.5618149,2023-04-28 23:44,f_f000013
f000013_900030,128.3506526,37.5618149,2023-04-28 23:45,f_f000013
f000013_900030,128.3506526,37.5618149,2023-04-28 23:46,f_f000013
f000013_900030,128.3506526,37.5618149,2023-04-28 23:47,f_f000013
f000013_900030,128.3506526,37.5618149,2023-04-28 23:48,f_f000013
f000013_900030,128.3506526,37.5618149,2023-04-28 23:49,f_f000013
f000013_900030,128.3506526,37.5618149,2023-04-28 23:50,f_f000013
f000013_900030,128.3506526,37.5618149,2023-04-28 23:51,f_f000013
f000013_900030,128.3506526,37.5618149,2023-04-28 23:52,f_f000013
f000013_900030,128.3506526,37.5618149,2023-04-28 23:53,f_f000013
f000013_900030,128.3506526,37.5618149,2023-04-28 23:54,f_f000013
f000013_900030,128.3506526,37.5618149,2023-04-28 23:55,f_f000013
f000013_900030,128.3506526,37.5618149,2023-04-28 23:56,f_f000013
f000013_900030,128.3506526,37.5618149,2023-04-28 23:57,f_f000013
f000013_900030,128.3506526,37.5618149,2023-04-28 23:58,f_f000013
f000013_900030,128.3506526,37.5618149,2023-04-28 23:59,f_f000013
f000013_900030,128.3506526,37.5618149,2023-04-29 00:00,f_f000013
f000013_900030,128.3506526,37.5618149,2023-04-29 00:01,f_f000013
f000013_900030,128.3506526,37.5618149,2023-04-29 00:02,f_f000013
f000013_900030,128.3506526,37.5618149,2023-04-29 00:03,f_f000013
f000013_900030,128.3506526,37.5618149,2023-04-29 00:04,f_f000013
f000013_900030,128.3506526,37.5618149,2023-04-29 00:05,f_f000013
f000013_900030,128.3506526,37.5618149,2023-04-29 00:06,f_f000013
f000013_900030,128.3506526,37.5618149,2023-04-29 00:07,f_f000013
f000013_900030,128.3506526,37.5618149,2023-04-29 00:08,f_f000013
f000013_900030,128.3506526,37.5618149,2023-04-29 00:09,f_f000013
f000013_900030,128.3506526,37.5618149,2023-04-29 00:10,f_f000013
f000013_900030,128.3506526,37.5618149,2023-04-29 00:11,f_f000013
f000013_900030,128.3506526,37.5618149,2023-04-29 00:12,f_f000013
f000013_900030,128.3506526,37.5618149,2023-04-29 00:13,f_f000013
f000013_900030,128.3536153,37.5626779,2023-04-29 00:14,f_f000013
f000013_900030,128.3536153,37.5626779,2023-04-29 00:14,f_f000013
f000013_900030,128.3536153,37.5626779,2023-04-29 00:15,f_f000013
f000013_900030,128.3536153,37.5626779,2023-04-29 00:16,f_f000013
f000013_900030,128.3536153,37.5626779,2023-04-29 00:17,f_f000013
f000013_900030,128.3536153,37.5626779,2023-04-29 00:18,f_f000013
f000013_900030,128.3536153,37.5626779,2023-04-29 00:19,f_f000013
f000013_900030,128.3536153,37.5626779,2023-04-29 00:20,f_f000013
f000013_900030,128.3536153,37.5626779,2023-04-29 00:21,f_f000013
f000013_900030,128.3536153,37.5626779,2023-04-29 00:22,f_f000013
f000013_900030,128.3536153,37.5626779,2023-04-29 00:23,f_f000013
f000013_900030,128.3536153,37.5626779,2023-04-29 00:24,f_f000013
f000013_900030,128.3536153,37.5626779,2023-04-29 00:25,f_f000013
f000013_900030,128.3536153,37.5626779,2023-04-29 00:26,f_f000013
f000013_900030,128.3536153,37.5626779,2023-04-29 00:27,f_f000013
f000013_900030,128.3536153,37.5626779,2023-04-29 00:28,f_f000013
f000013_900030,128.3536153,37.5626779,2023-04-29 00:29,f_f000013
f000013_900030,128.3536153,37.5626779,2023-04-29 00:30,f_f000013
f000013_900030,128.3536153,37.5626779,2023-04-29 00:30,f_f000013
f000013_900030,128.3536153,37.5626779,2023-04-29 00:32,f_f000013
f000013_900030,128.3536153,37.5626779,2023-04-29 00:33,f_f000013
f000013_900030,128.3536153,37.5626779,2023-04-29 00:34,f_f000013
f000013_900030,128.3536153,37.5626779,2023-04-29 00:35,f_f000013
f000013_900030,128.3536153,37.5626779,2023-04-29 00:36,f_f000013
f000013_900030,128.3536153,37.5626779,2023-04-29 00:37,f_f000013
f000013_900030,128.3536153,37.5626779,2023-04-29 00:37,f_f000013
f000013_900030,128.3536153,37.5626779,2023-04-29 00:39,f_f000013
f000013_900030,128.3536153,37.5626779,2023-04-29 00:40,f_f000013
f000013_900030,128.3536153,37.5626779,2023-04-29 00:41,f_f000013
f000013_900030,128.3536153,37.5626779,2023-04-29 00:42,f_f000013
f000013_900030,128.3536153,37.5626779,2023-04-29 00:43,f_f000013
f000013_900030,128.3536153,37.5626779,2023-04-29 00:44,f_f000013
f000013_900030,128.3536153,37.5626779,2023-04-29 00:45,f_f000013
f000013_900030,128.3536153,37.5626779,2023-04-29 00:46,f_f000013
f000013_900030,128.3536153,37.5626779,2023-04-29 00:46,f_f000013
f000013_900030,128.3536153,37.5626779,2023-04-29 00:47,f_f000013
f000013_900030,128.3536153,37.5626779,2023-04-29 00:47,f_f000013
f000013_900030,128.3536153,37.5626779,2023-04-29 00:48,f_f000013
f000013_900030,128.3536153,37.5626779,2023-04-29 00:49,f_f000013
f000013_900030,128.3536153,37.5626779,2023-04-29 00:50,f_f000013
f000013_900030,128.3536153,37.5626779,2023-04-29 00:51,f_f000013
f000013_900030,128.3536153,37.5626779,2023-04-29 00:52,f_f000013
f000013_900030,128.3536153,37.5626779,2023-04-29 00:52,f_f000013
f000013_900030,128.3536153,37.5626779,2023-04-29 00:53,f_f000013
f000013_900030,128.3536153,37.5626779,2023-04-29 00:54,f_f000013
f000013_900030,128.3536153,37.5626779,2023-04-29 00:55,f_f000013
f000013_900030,128.3536153,37.5626779,2023-04-29 00:55,f_f000013
f000013_900030,128.3536153,37.5626779,2023-04-29 00:56,f_f000013
f000013_900030,128.3536153,37.5626779,2023-04-29 00:57,f_f000013
f000013_900030,128.3536153,37.5626779,2023-04-29 00:58,f_f000013
f000013_900030,128.3536153,37.5626779,2023-04-29 00:59,f_f000013
f000013_900030,128.3536153,37.5626779,2023-04-29 01:00,f_f000013
f000013_900030,128.3536153,37.5626779,2023-04-29 01:01,f_f000013
f000013_900030,128.3536153,37.5626779,2023-04-29 01:06,f_f000013
f000013_900030,128.3536153,37.5626779,2023-04-29 01:33,f_f000013
f000013_900030,128.3536153,37.5626779,2023-04-29 01:58,f_f000013
f000013_900030,128.3536153,37.5626779,2023-04-29 02:02,f_f000013
f000013_900030,128.3536153,37.5626779,2023-04-29 02:14,f_f000013
f000013_900030,128.3536153,37.5626779,2023-04-29 02:36,f_f000013
f000013_900030,128.3536153,37.5626779,2023-04-29 02:59,f_f000013
f000013_900030,128.3536153,37.5626779,2023-04-29 03:21,f_f000013
f000013_900030,128.3536153,37.5626779,2023-04-29 03:41,f_f000013
f000013_900030,128.3536153,37.5626779,2023-04-29 04:00,f_f000013
f000013_900030,128.3536153,37.5626779,2023-04-29 04:02,f_f000013
f000013_900030,128.3536153,37.5626779,2023-04-29 04:20,f_f000013
f000013_900030,128.3536153,37.5626779,2023-04-29 04:38,f_f000013
f000013_900030,128.3536153,37.5626779,2023-04-29 04:57,f_f000013
f000013_900030,128.3536153,37.5626779,2023-04-29 05:16,f_f000013
f000013_900030,128.3536153,37.5626779,2023-04-29 05:35,f_f000013
f000013_900030,128.3536153,37.5626779,2023-04-29 06:02,f_f000013
f000013_900030,128.3536153,37.5626779,2023-04-29 06:23,f_f000013
f000013_900030,128.3536153,37.5626779,2023-04-29 06:51,f_f000013
f000013_900030,128.3536153,37.5626779,2023-04-29 07:09,f_f000013
f000013_900030,128.3536153,37.5626779,2023-04-29 07:33,f_f000013
f000013_900030,128.3536153,37.5626779,2023-04-29 07:45,f_f000013
f000013_900030,128.3536153,37.5626779,2023-04-29 07:46,f_f000013
f000013_900030,128.3536153,37.5626779,2023-04-29 07:46,f_f000013
f000013_900030,128.3536153,37.5626779,2023-04-29 07:47,f_f000013
f000013_900030,128.3536153,37.5626779,2023-04-29 07:48,f_f000013
f000013_900030,128.3536153,37.5626779,2023-04-29 07:49,f_f000013
f000013_900030,128.3536153,37.5626779,2023-04-29 07:50,f_f000013
f000013_900030,128.3536153,37.5626779,2023-04-29 07:51,f_f000013
f000013_900030,128.3536153,37.5626779,2023-04-29 07:52,f_f000013
f000013_900030,128.3536153,37.5626779,2023-04-29 07:53,f_f000013
f000013_900030,128.3536153,37.5626779,2023-04-29 07:54,f_f000013
f000013_900030,128.3536153,37.5626779,2023-04-29 07:55,f_f000013
f000013_900030,128.3536153,37.5626779,2023-04-29 07:56,f_f000013
f000013_900030,128.3536153,37.5626779,2023-04-29 07:56,f_f000013
f000013_900030,128.3536153,37.5626779,2023-04-29 07:57,f_f000013
f000013_900030,128.3536153,37.5626779,2023-04-29 07:59,f_f000013
f000013_900030,128.3536153,37.5626779,2023-04-29 07:59,f_f000013
f000013_900030,128.3536153,37.5626779,2023-04-29 08:01,f_f000013
f000013_900030,128.3536153,37.5626779,2023-04-29 08:01,f_f000013
f000013_900030,128.3536153,37.5626779,2023-04-29 08:03,f_f000013
f000013_900030,128.3536153,37.5626779,2023-04-29 08:04,f_f000013
f000013_900030,128.3536153,37.5626779,2023-04-29 08:05,f_f000013
f000013_900030,128.3536153,37.5626779,2023-04-29 08:06,f_f000013
f000013_900030,128.3536153,37.5626779,2023-04-29 08:07,f_f000013
f000013_900030,128.3536153,37.5626779,2023-04-29 08:08,f_f000013
f000013_900030,128.3536153,37.5626779,2023-04-29 08:09,f_f000013
f000013_900030,128.3536153,37.5626779,2023-04-29 08:10,f_f000013
f000013_900030,128.3536153,37.5626779,2023-04-29 08:11,f_f000013
f000013_900030,128.3536153,37.5626779,2023-04-29 08:12,f_f000013
f000013_900030,128.3536153,37.5626779,2023-04-29 08:13,f_f000013
f000013_900030,128.3536153,37.5626779,2023-04-29 08:13,f_f000013
f000013_900030,128.3536153,37.5626779,2023-04-29 08:14,f_f000013
f000013_900030,128.3536153,37.5626779,2023-04-29 08:14,f_f000013
f000013_900030,128.3536153,37.5626779,2023-04-29 08:16,f_f000013
f000013_900030,128.3536153,37.5626779,2023-04-29 08:17,f_f000013
f000013_900030,128.3536153,37.5626779,2023-04-29 08:18,f_f000013
f000013_900030,128.3536153,37.5626779,2023-04-29 08:19,f_f000013
f000013_900030,128.3536153,37.5626779,2023-04-29 08:20,f_f000013
f000013_900030,128.3536153,37.5626779,2023-04-29 08:21,f_f000013
f000013_900030,128.3536153,37.5626779,2023-04-29 08:22,f_f000013
f000013_900030,128.3536153,37.5626779,2023-04-29 08:22,f_f000013
f000013_900030,128.3536153,37.5626779,2023-04-29 08:23,f_f000013
f000013_900030,128.3536153,37.5626779,2023-04-29 08:24,f_f000013
f000013_900030,128.3536153,37.5626779,2023-04-29 08:25,f_f000013
f000013_900030,128.3571756,37.5639302,2023-04-29 08:26,f_f000013
f000013_900030,128.3571756,37.5639302,2023-04-29 08:26,f_f000013
f000013_900030,128.3571756,37.5639302,2023-04-29 08:28,f_f000013
f000013_900030,128.3571756,37.5639302,2023-04-29 08:29,f_f000013
f000013_900030,128.3571756,37.5639302,2023-04-29 08:30,f_f000013
f000013_900030,128.3571756,37.5639302,2023-04-29 08:31,f_f000013
f000013_900030,128.3571756,37.5639302,2023-04-29 08:32,f_f000013
f000013_900030,128.3571756,37.5639302,2023-04-29 08:33,f_f000013
f000013_900030,128.3571756,37.5639302,2023-04-29 08:35,f_f000013
f000013_900030,128.3571756,37.5639302,2023-04-29 08:36,f_f000013
f000013_900030,128.3571756,37.5639302,2023-04-29 08:37,f_f000013
f000013_900030,128.3571756,37.5639302,2023-04-29 08:38,f_f000013
f000013_900030,128.3571756,37.5639302,2023-04-29 08:39,f_f000013
f000013_900030,128.3571756,37.5639302,2023-04-29 08:40,f_f000013
f000013_900030,128.3571756,37.5639302,2023-04-29 08:41,f_f000013
f000013_900030,128.3571756,37.5639302,2023-04-29 08:42,f_f000013
f000013_900030,128.3571756,37.5639302,2023-04-29 08:43,f_f000013
f000013_900030,128.3571756,37.5639302,2023-04-29 08:44,f_f000013
f000013_900030,128.3571756,37.5639302,2023-04-29 08:45,f_f000013
f000013_900030,128.3571756,37.5639302,2023-04-29 08:45,f_f000013
f000013_900030,128.3571756,37.5639302,2023-04-29 08:47,f_f000013
f000013_900030,128.3571756,37.5639302,2023-04-29 08:48,f_f000013
f000013_900030,128.3571756,37.5639302,2023-04-29 08:49,f_f000013
f000013_900030,128.3571756,37.5639302,2023-04-29 08:50,f_f000013
f000013_900030,128.3571756,37.5639302,2023-04-29 08:51,f_f000013
f000013_900030,128.3571756,37.5639302,2023-04-29 08:52,f_f000013
f000013_900030,128.3571756,37.5639302,2023-04-29 08:53,f_f000013
f000013_900030,128.3571756,37.5639302,2023-04-29 08:54,f_f000013
f000013_900030,128.3571756,37.5639302,2023-04-29 08:55,f_f000013
f000013_900030,128.3571756,37.5639302,2023-04-29 08:56,f_f000013
f000013_900030,128.3571756,37.5639302,2023-04-29 08:57,f_f000013
f000013_900030,128.3571756,37.5639302,2023-04-29 08:58,f_f000013
f000013_900030,128.3571756,37.5639302,2023-04-29 08:59,f_f000013
f000013_900030,128.3571756,37.5639302,2023-04-29 08:59,f_f000013
f000013_900030,128.3571756,37.5639302,2023-04-29 09:00,f_f000013
f000013_900030,128.3571756,37.5639302,2023-04-29 09:01,f_f000013
f000013_900030,128.3571756,37.5639302,2023-04-29 09:02,f_f000013
f000013_900030,128.3571756,37.5639302,2023-04-29 09:03,f_f000013
f000013_900030,128.3571756,37.5639302,2023-04-29 09:04,f_f000013
f000013_900030,128.3571756,37.5639302,2023-04-29 09:05,f_f000013
f000013_900030,128.3571756,37.5639302,2023-04-29 09:05,f_f000013
f000013_900030,128.3571756,37.5639302,2023-04-29 09:06,f_f000013
f000013_900030,128.3571756,37.5639302,2023-04-29 09:07,f_f000013
f000013_900030,128.3571756,37.5639302,2023-04-29 09:08,f_f000013
f000013_900030,128.3571756,37.5639302,2023-04-29 09:09,f_f000013
f000013_900030,128.3571756,37.5639302,2023-04-29 09:10,f_f000013
f000013_900030,128.3609821,37.5614072,2023-04-29 09:11,f_f000013
f000013_900030,128.3650412,37.5602578,2023-04-29 09:11,f_f000013
f000013_900030,128.3704999,37.560494,2023-04-29 09:12,f_f000013
f000013_900030,128.3775283,37.5608755,2023-04-29 09:12,f_f000013
f000013_900030,128.3832687,37.5644186,2023-04-29 09:13,f_f000013
f000013_900030,128.4026621,37.5797436,2023-04-29 09:14,f_f000013
f000013_900030,128.4029738,37.5822626,2023-04-29 09:15,f_f000013
f000013_900030,128.4167876,37.5920672,2023-04-29 09:16,f_f000013
f000013_900030,128.4282969,37.6024641,2023-04-29 09:17,f_f000013
f000013_900030,128.4364666,37.6085832,2023-04-29 09:18,f_f000013
f000013_900030,128.4364666,37.6085832,2023-04-29 09:19,f_f000013
f000013_900030,128.4364666,37.6085832,2023-04-29 09:20,f_f000013
f000013_900030,128.4364666,37.6085832,2023-04-29 09:21,f_f000013
f000013_900030,128.4364666,37.6085832,2023-04-29 09:22,f_f000013
f000013_900030,128.4364666,37.6085832,2023-04-29 09:23,f_f000013
f000013_900030,128.4364666,37.6085832,2023-04-29 09:23,f_f000013
f000013_900030,128.4364666,37.6085832,2023-04-29 09:24,f_f000013
f000013_900030,128.4364666,37.6085832,2023-04-29 09:25,f_f000013
f000013_900030,128.4364666,37.6085832,2023-04-29 09:26,f_f000013
f000013_900030,128.4364666,37.6085832,2023-04-29 09:27,f_f000013
f000013_900030,128.4364666,37.6085832,2023-04-29 09:28,f_f000013
f000013_900030,128.4364666,37.6085832,2023-04-29 09:28,f_f000013
f000013_900030,128.4364666,37.6085832,2023-04-29 09:29,f_f000013
f000013_900030,128.4364666,37.6085832,2023-04-29 09:30,f_f000013
f000013_900030,128.4364666,37.6085832,2023-04-29 09:31,f_f000013
f000013_900030,128.4364666,37.6085832,2023-04-29 09:32,f_f000013
f000013_900030,128.4364666,37.6085832,2023-04-29 09:33,f_f000013
f000013_900030,128.4364666,37.6085832,2023-04-29 09:34,f_f000013
f000013_900030,128.4364666,37.6085832,2023-04-29 09:35,f_f000013
f000013_900030,128.4364666,37.6085832,2023-04-29 09:35,f_f000013
f000013_900030,128.4364666,37.6085832,2023-04-29 09:37,f_f000013
f000013_900030,128.4364666,37.6085832,2023-04-29 09:38,f_f000013
f000013_900030,128.4364666,37.6085832,2023-04-29 09:39,f_f000013
f000013_900030,128.4364666,37.6085832,2023-04-29 09:40,f_f000013
f000013_900030,128.4364666,37.6085832,2023-04-29 09:41,f_f000013
f000013_900030,128.4364666,37.6085832,2023-04-29 09:42,f_f000013
f000013_900030,128.4364666,37.6085832,2023-04-29 09:43,f_f000013
f000013_900030,128.4364666,37.6085832,2023-04-29 09:44,f_f000013
f000013_900030,128.4364666,37.6085832,2023-04-29 09:45,f_f000013
f000013_900030,128.4364666,37.6085832,2023-04-29 09:46,f_f000013
f000013_900030,128.4364666,37.6085832,2023-04-29 09:47,f_f000013
f000013_900030,128.4364666,37.6085832,2023-04-29 09:48,f_f000013
f000013_900030,128.4364666,37.6085832,2023-04-29 09:49,f_f000013
f000013_900030,128.4524031,37.6060289,2023-04-29 09:50,f_f000013
f000013_900030,128.4524031,37.6060289,2023-04-29 09:51,f_f000013
f000013_900030,128.4536712,37.605819,2023-04-29 09:52,f_f000013
f000013_900030,128.4578644,37.6061742,2023-04-29 09:52,f_f000013
f000013_900030,128.4638311,37.6091401,2023-04-29 09:53,f_f000013
f000013_900030,128.465844,37.6125145,2023-04-29 09:53,f_f000013
f000013_900030,128.474507,37.6245995,2023-04-29 09:54,f_f000013
f000013_900030,128.474507,37.6245995,2023-04-29 09:54,f_f000013
f000013_900030,128.474507,37.6245995,2023-04-29 09:55,f_f000013
f000013_900030,128.4861421,37.6297814,2023-04-29 09:55,f_f000013
f000013_900030,128.5008503,37.6405531,2023-04-29 09:57,f_f000013
f000013_900030,128.5308098,37.6450405,2023-04-29 09:58,f_f000013
f000013_900030,128.5524601,37.6479712,2023-04-29 09:59,f_f000013
f000013_900030,128.5681037,37.6543785,2023-04-29 10:00,f_f000013
f000013_900030,128.5835495,37.6591265,2023-04-29 10:01,f_f000013
f000013_900030,128.5991218,37.6664083,2023-04-29 10:02,f_f000013
f000013_900030,128.6167599,37.6705753,2023-04-29 10:03,f_f000013
f000013_900030,128.6344285,37.6733386,2023-04-29 10:04,f_f000013
f000013_900030,128.6462536,37.6767487,2023-04-29 10:05,f_f000013
f000013_900030,128.6617632,37.6851381,2023-04-29 10:06,f_f000013
f000013_900030,128.6775612,37.6809485,2023-04-29 10:07,f_f000013
f000013_900030,128.6946,37.6786771,2023-04-29 10:08,f_f000013
f000013_900030,128.7096746,37.6789886,2023-04-29 10:09,f_f000013
f000013_900030,128.7229074,37.673235,2023-04-29 10:10,f_f000013
f000013_900030,128.7229074,37.673235,2023-04-29 10:10,f_f000013
f000013_900030,128.751088,37.6631442,2023-04-29 10:12,f_f000013
f000013_900030,128.7662494,37.6639275,2023-04-29 10:13,f_f000013
f000013_900030,128.7746497,37.677494,2023-04-29 10:14,f_f000013
f000013_900030,128.772844,37.6912457,2023-04-29 10:15,f_f000013
f000013_900030,128.7693525,37.7000878,2023-04-29 10:16,f_f000013
f000013_900030,128.7752568,37.7109934,2023-04-29 10:17,f_f000013
f000013_900030,128.7768286,37.7222961,2023-04-29 10:18,f_f000013
f000013_900030,128.7809246,37.7334949,2023-04-29 10:19,f_f000013
f000013_900030,128.7880075,37.7438042,2023-04-29 10:20,f_f000013
f000013_900030,128.7965862,37.7548339,2023-04-29 10:21,f_f000013
f000013_900030,128.8094329,37.7607741,2023-04-29 10:22,f_f000013
f000013_900030,128.8191172,37.771185,2023-04-29 10:23,f_f000013
f000013_900030,128.8355212,37.7682121,2023-04-29 10:24,f_f000013
f000013_900030,128.8390684,37.7514338,2023-04-29 10:25,f_f000013
f000013_900030,128.8434422,37.736522,2023-04-29 10:26,f_f000013
f000013_900030,128.8536745,37.7215973,2023-04-29 10:27,f_f000013
f000013_900030,128.8624066,37.707426,2023-04-29 10:28,f_f000013
f000013_900030,128.8795137,37.6992738,2023-04-29 10:29,f_f000013
f000013_900030,128.8966536,37.6909718,2023-04-29 10:30,f_f000013
f000013_900030,128.9173135,37.6871951,2023-04-29 10:31,f_f000013
f000013_900030,128.9364756,37.6890379,2023-04-29 10:32,f_f000013
f000013_900030,128.9372874,37.6893509,2023-04-29 10:32,f_f000013
f000013_900030,128.9685753,37.6865629,2023-04-29 10:33,f_f000013
f000013_900030,128.9755443,37.6839332,2023-04-29 10:35,f_f000013
f000013_900030,129.011358,37.6674339,2023-04-29 10:36,f_f000013
f000013_900030,129.0141383,37.6495653,2023-04-29 10:37,f_f000013
f000013_900030,129.0179334,37.6352284,2023-04-29 10:38,f_f000013
f000013_900030,129.0330866,37.6245501,2023-04-29 10:39,f_f000013
f000013_900030,129.0482347,37.6153746,2023-04-29 10:40,f_f000013
f000013_900030,129.0650971,37.6107019,2023-04-29 10:41,f_f000013
f000013_900030,129.0783925,37.5986261,2023-04-29 10:42,f_f000013
f000013_900030,129.0906436,37.5880397,2023-04-29 10:43,f_f000013
f000013_900030,129.0937306,37.5840107,2023-04-29 10:44,f_f000013
f000013_900030,129.0972736,37.5795892,2023-04-29 10:45,f_f000013
f000013_900030,129.0995725,37.5702048,2023-04-29 10:46,f_f000013
f000013_900030,129.1016349,37.5615765,2023-04-29 10:47,f_f000013
f000013_900030,129.1042775,37.557767,2023-04-29 10:48,f_f000013
f000013_900030,129.1042775,37.557767,2023-04-29 10:49,f_f000013
f000013_900030,129.1048535,37.5541236,2023-04-29 10:50,f_f000013
f000013_900030,129.1077178,37.551556,2023-04-29 10:51,f_f000013
f000013_900030,129.1093996,37.5502493,2023-04-29 10:52,f_f000013
f000013_900030,129.1119594,37.551784,2023-04-29 10:53,f_f000013
f000013_900030,129.1161194,37.5523027,2023-04-29 10:54,f_f000013
f000013_900030,129.1197682,37.5534935,2023-04-29 10:55,f_f000013
f000013_900030,129.1197682,37.5534935,2023-04-29 10:55,f_f000013
f000013_900030,129.1197682,37.5534935,2023-04-29 10:56,f_f000013
f000013_900030,129.1197682,37.5534935,2023-04-29 10:57,f_f000013
f000013_900030,129.1197682,37.5534935,2023-04-29 10:58,f_f000013
f000013_900030,129.1197682,37.5534935,2023-04-29 10:59,f_f000013
f000013_900030,129.1197682,37.5534935,2023-04-29 11:00,f_f000013
f000013_900030,129.1197682,37.5534935,2023-04-29 11:01,f_f000013
f000013_900030,129.1197682,37.5534935,2023-04-29 11:02,f_f000013
f000013_900030,129.1197682,37.5534935,2023-04-29 11:03,f_f000013
f000013_900030,129.1197682,37.5534935,2023-04-29 11:03,f_f000013
f000013_900030,129.1197682,37.5534935,2023-04-29 11:04,f_f000013
f000013_900030,129.1197682,37.5534935,2023-04-29 11:05,f_f000013
f000013_900030,129.1197682,37.5534935,2023-04-29 11:06,f_f000013
f000013_900030,129.1197682,37.5534935,2023-04-29 11:07,f_f000013
f000013_900030,129.1197682,37.5534935,2023-04-29 11:08,f_f000013
f000013_900030,129.1197682,37.5534935,2023-04-29 11:09,f_f000013
f000013_900030,129.1197682,37.5534935,2023-04-29 11:10,f_f000013
f000013_900030,129.1197682,37.5534935,2023-04-29 11:11,f_f000013
f000013_900030,129.1197682,37.5534935,2023-04-29 11:12,f_f000013
f000013_900030,129.1197682,37.5534935,2023-04-29 11:13,f_f000013
f000013_900030,129.1197682,37.5534935,2023-04-29 11:14,f_f000013
f000013_900030,129.1197682,37.5534935,2023-04-29 11:15,f_f000013
f000013_900030,129.1197682,37.5534935,2023-04-29 11:15,f_f000013
f000013_900030,129.1197682,37.5534935,2023-04-29 11:16,f_f000013
f000013_900030,129.1197682,37.5534935,2023-04-29 11:16,f_f000013
f000013_900030,129.1197682,37.5534935,2023-04-29 11:17,f_f000013
f000013_900030,129.1197682,37.5534935,2023-04-29 11:18,f_f000013
f000013_900030,129.1197682,37.5534935,2023-04-29 11:19,f_f000013
f000013_900030,129.1197682,37.5534935,2023-04-29 11:20,f_f000013
f000013_900030,129.1197682,37.5534935,2023-04-29 11:21,f_f000013
f000013_900030,129.1197682,37.5534935,2023-04-29 11:21,f_f000013
f000013_900030,129.1197682,37.5534935,2023-04-29 11:23,f_f000013
f000013_900030,129.1197682,37.5534935,2023-04-29 11:24,f_f000013
f000013_900030,129.1197682,37.5534935,2023-04-29 11:24,f_f000013
f000013_900030,129.1197682,37.5534935,2023-04-29 11:25,f_f000013
f000013_900030,129.1197682,37.5534935,2023-04-29 11:26,f_f000013
f000013_900030,129.1197682,37.5534935,2023-04-29 11:27,f_f000013
f000013_900030,129.1197682,37.5534935,2023-04-29 11:28,f_f000013
f000013_900030,129.1197682,37.5534935,2023-04-29 11:29,f_f000013
f000013_900030,129.1197682,37.5534935,2023-04-29 11:29,f_f000013
f000013_900030,129.1197682,37.5534935,2023-04-29 11:30,f_f000013
f000013_900030,129.1197682,37.5534935,2023-04-29 11:31,f_f000013
f000013_900030,129.1197682,37.5534935,2023-04-29 11:32,f_f000013
f000013_900030,129.1197682,37.5534935,2023-04-29 11:33,f_f000013
f000013_900030,129.1197682,37.5534935,2023-04-29 11:34,f_f000013
f000013_900030,129.1197682,37.5534935,2023-04-29 11:35,f_f000013
f000013_900030,129.1197682,37.5534935,2023-04-29 11:36,f_f000013
f000013_900030,129.1197682,37.5534935,2023-04-29 11:37,f_f000013
f000013_900030,129.1197682,37.5534935,2023-04-29 11:38,f_f000013
f000013_900030,129.1197682,37.5534935,2023-04-29 11:38,f_f000013
f000013_900030,129.1197682,37.5534935,2023-04-29 11:39,f_f000013
f000013_900030,129.1197682,37.5534935,2023-04-29 11:39,f_f000013
f000013_900030,129.1197682,37.5534935,2023-04-29 11:40,f_f000013
f000013_900030,129.1197682,37.5534935,2023-04-29 11:42,f_f000013
f000013_900030,129.1197682,37.5534935,2023-04-29 11:43,f_f000013
f000013_900030,129.1197682,37.5534935,2023-04-29 11:44,f_f000013
f000013_900030,129.1197682,37.5534935,2023-04-29 11:44,f_f000013
f000013_900030,129.1197682,37.5534935,2023-04-29 11:45,f_f000013
f000013_900030,129.1197682,37.5534935,2023-04-29 11:46,f_f000013
f000013_900030,129.1197682,37.5534935,2023-04-29 11:47,f_f000013
f000013_900030,129.1197682,37.5534935,2023-04-29 11:48,f_f000013
f000013_900030,129.1200688,37.5544648,2023-04-29 11:49,f_f000013
f000013_900030,129.1200688,37.5544648,2023-04-29 11:50,f_f000013
f000013_900030,129.1200688,37.5544648,2023-04-29 11:51,f_f000013
f000013_900030,129.1200688,37.5544648,2023-04-29 11:52,f_f000013
f000013_900030,129.1200688,37.5544648,2023-04-29 11:53,f_f000013
f000013_900030,129.1200688,37.5544648,2023-04-29 11:54,f_f000013
f000013_900030,129.1200688,37.5544648,2023-04-29 11:55,f_f000013
f000013_900030,129.1200688,37.5544648,2023-04-29 11:55,f_f000013
f000013_900030,129.1200688,37.5544648,2023-04-29 11:56,f_f000013
f000013_900030,129.1200688,37.5544648,2023-04-29 11:58,f_f000013
f000013_900030,129.1200688,37.5544648,2023-04-29 11:59,f_f000013
f000013_900030,129.1200688,37.5544648,2023-04-29 12:00,f_f000013
f000013_900030,129.1200688,37.5544648,2023-04-29 12:01,f_f000013
f000013_900030,129.1200688,37.5544648,2023-04-29 12:01,f_f000013
f000013_900030,129.1200688,37.5544648,2023-04-29 12:02,f_f000013
f000013_900030,129.1210427,37.5565988,2023-04-29 12:03,f_f000013
f000013_900030,129.1210427,37.5565988,2023-04-29 12:04,f_f000013
f000013_900030,129.1204394,37.5588972,2023-04-29 12:05,f_f000013
f000013_900030,129.1204394,37.5588972,2023-04-29 12:05,f_f000013
f000013_900030,129.1204394,37.5588972,2023-04-29 12:06,f_f000013
f000013_900030,129.1204394,37.5588972,2023-04-29 12:07,f_f000013
f000013_900030,129.1204394,37.5588972,2023-04-29 12:08,f_f000013
f000013_900030,129.1204394,37.5588972,2023-04-29 12:09,f_f000013
f000013_900030,129.1204394,37.5588972,2023-04-29 12:10,f_f000013
f000013_900030,129.1204394,37.5588972,2023-04-29 12:11,f_f000013
f000013_900030,129.1204394,37.5588972,2023-04-29 12:12,f_f000013
f000013_900030,129.1204394,37.5588972,2023-04-29 12:13,f_f000013
f000013_900030,129.1204394,37.5588972,2023-04-29 12:14,f_f000013
f000013_900030,129.1204394,37.5588972,2023-04-29 12:15,f_f000013
f000013_900030,129.1204394,37.5588972,2023-04-29 12:16,f_f000013
f000013_900030,129.1204394,37.5588972,2023-04-29 12:16,f_f000013
f000013_900030,129.1204394,37.5588972,2023-04-29 12:17,f_f000013
f000013_900030,129.1204394,37.5588972,2023-04-29 12:17,f_f000013
f000013_900030,129.1204394,37.5588972,2023-04-29 12:19,f_f000013
f000013_900030,129.1204394,37.5588972,2023-04-29 12:20,f_f000013
f000013_900030,129.1204394,37.5588972,2023-04-29 12:21,f_f000013
f000013_900030,129.1204394,37.5588972,2023-04-29 12:22,f_f000013
f000013_900030,129.1204394,37.5588972,2023-04-29 12:23,f_f000013
f000013_900030,129.1204394,37.5588972,2023-04-29 12:24,f_f000013
f000013_900030,129.1204394,37.5588972,2023-04-29 12:25,f_f000013
f000013_900030,129.1204394,37.5588972,2023-04-29 12:26,f_f000013
f000013_900030,129.1204394,37.5588972,2023-04-29 12:27,f_f000013
f000013_900030,129.1204394,37.5588972,2023-04-29 12:28,f_f000013
f000013_900030,129.1204394,37.5588972,2023-04-29 12:29,f_f000013
f000013_900030,129.1204394,37.5588972,2023-04-29 12:30,f_f000013
f000013_900030,129.1204394,37.5588972,2023-04-29 12:31,f_f000013
f000013_900030,129.1204394,37.5588972,2023-04-29 12:31,f_f000013
f000013_900030,129.1204394,37.5588972,2023-04-29 12:33,f_f000013
f000013_900030,129.1204394,37.5588972,2023-04-29 12:33,f_f000013
f000013_900030,129.1204394,37.5588972,2023-04-29 12:35,f_f000013
f000013_900030,129.1204394,37.5588972,2023-04-29 12:36,f_f000013
f000013_900030,129.1204394,37.5588972,2023-04-29 12:37,f_f000013
f000013_900030,129.1204394,37.5588972,2023-04-29 12:38,f_f000013
f000013_900030,129.1204394,37.5588972,2023-04-29 12:39,f_f000013
f000013_900030,129.1204394,37.5588972,2023-04-29 12:40,f_f000013
f000013_900030,129.1204394,37.5588972,2023-04-29 12:41,f_f000013
f000013_900030,129.1204394,37.5588972,2023-04-29 12:42,f_f000013
f000013_900030,129.1204394,37.5588972,2023-04-29 12:43,f_f000013
f000013_900030,129.1204394,37.5588972,2023-04-29 12:44,f_f000013
f000013_900030,129.1204394,37.5588972,2023-04-29 12:45,f_f000013
f000013_900030,129.1204394,37.5588972,2023-04-29 12:46,f_f000013
f000013_900030,129.1204394,37.5588972,2023-04-29 12:47,f_f000013
f000013_900030,129.1204394,37.5588972,2023-04-29 12:48,f_f000013
f000013_900030,129.1204394,37.5588972,2023-04-29 12:49,f_f000013
f000013_900030,129.1204394,37.5588972,2023-04-29 12:50,f_f000013
f000013_900030,129.1204394,37.5588972,2023-04-29 12:51,f_f000013
f000013_900030,129.1204394,37.5588972,2023-04-29 12:52,f_f000013
f000013_900030,129.1204394,37.5588972,2023-04-29 12:52,f_f000013
f000013_900030,129.1204394,37.5588972,2023-04-29 12:53,f_f000013
f000013_900030,129.1202775,37.5601742,2023-04-29 12:53,f_f000013
f000013_900030,129.1197716,37.5620457,2023-04-29 12:53,f_f000013
f000013_900030,129.1194132,37.5638415,2023-04-29 12:54,f_f000013
f000013_900030,129.1198776,37.5654551,2023-04-29 12:54,f_f000013
f000013_900030,129.1188658,37.5672376,2023-04-29 12:55,f_f000013
f000013_900030,129.1188658,37.5672376,2023-04-29 12:55,f_f000013
f000013_900030,129.1188658,37.5672376,2023-04-29 12:56,f_f000013
f000013_900030,129.1188658,37.5672376,2023-04-29 12:57,f_f000013
f000013_900030,129.1188658,37.5672376,2023-04-29 12:58,f_f000013
f000013_900030,129.1188658,37.5672376,2023-04-29 12:59,f_f000013
f000013_900030,129.1188658,37.5672376,2023-04-29 13:00,f_f000013
f000013_900030,129.1188658,37.5672376,2023-04-29 13:01,f_f000013
f000013_900030,129.1188658,37.5672376,2023-04-29 13:02,f_f000013
f000013_900030,129.1188658,37.5672376,2023-04-29 13:03,f_f000013
f000013_900030,129.1188658,37.5672376,2023-04-29 13:04,f_f000013
f000013_900030,129.1188658,37.5672376,2023-04-29 13:05,f_f000013
f000013_900030,129.1188658,37.5672376,2023-04-29 13:05,f_f000013
f000013_900030,129.1188658,37.5672376,2023-04-29 13:06,f_f000013
f000013_900030,129.1188658,37.5672376,2023-04-29 13:07,f_f000013
f000013_900030,129.1188658,37.5672376,2023-04-29 13:08,f_f000013
f000013_900030,129.1188658,37.5672376,2023-04-29 13:09,f_f000013
f000013_900030,129.1188658,37.5672376,2023-04-29 13:10,f_f000013
f000013_900030,129.1188658,37.5672376,2023-04-29 13:10,f_f000013
f000013_900030,129.1188658,37.5672376,2023-04-29 13:12,f_f000013
f000013_900030,129.1188658,37.5672376,2023-04-29 13:12,f_f000013
f000013_900030,129.1188658,37.5672376,2023-04-29 13:13,f_f000013
f000013_900030,129.1188658,37.5672376,2023-04-29 13:14,f_f000013
f000013_900030,129.1188658,37.5672376,2023-04-29 13:15,f_f000013
f000013_900030,129.1188658,37.5672376,2023-04-29 13:15,f_f000013
f000013_900030,129.1188658,37.5672376,2023-04-29 13:16,f_f000013
f000013_900030,129.1188658,37.5672376,2023-04-29 13:17,f_f000013
f000013_900030,129.1188658,37.5672376,2023-04-29 13:18,f_f000013
f000013_900030,129.1188658,37.5672376,2023-04-29 13:19,f_f000013
f000013_900030,129.1188658,37.5672376,2023-04-29 13:20,f_f000013
f000013_900030,129.1188658,37.5672376,2023-04-29 13:21,f_f000013
f000013_900030,129.1188658,37.5672376,2023-04-29 13:22,f_f000013
f000013_900030,129.1188658,37.5672376,2023-04-29 13:23,f_f000013
f000013_900030,129.1188658,37.5672376,2023-04-29 13:24,f_f000013
f000013_900030,129.1188658,37.5672376,2023-04-29 13:25,f_f000013
f000013_900030,129.1188658,37.5672376,2023-04-29 13:26,f_f000013
f000013_900030,129.1188658,37.5672376,2023-04-29 13:27,f_f000013
f000013_900030,129.1188658,37.5672376,2023-04-29 13:28,f_f000013
f000013_900030,129.1188658,37.5672376,2023-04-29 13:29,f_f000013
f000013_900030,129.1188658,37.5672376,2023-04-29 13:29,f_f000013
f000013_900030,129.1188658,37.5672376,2023-04-29 13:31,f_f000013
f000013_900030,129.1188658,37.5672376,2023-04-29 13:32,f_f000013
f000013_900030,129.1188658,37.5672376,2023-04-29 13:33,f_f000013
f000013_900030,129.1188658,37.5672376,2023-04-29 13:34,f_f000013
f000013_900030,129.1188658,37.5672376,2023-04-29 13:35,f_f000013
f000013_900030,129.1188658,37.5672376,2023-04-29 13:36,f_f000013
f000013_900030,129.1188658,37.5672376,2023-04-29 13:37,f_f000013
f000013_900030,129.1188658,37.5672376,2023-04-29 13:38,f_f000013
f000013_900030,129.1188658,37.5672376,2023-04-29 13:39,f_f000013
f000013_900030,129.1188658,37.5672376,2023-04-29 13:40,f_f000013
f000013_900030,129.1188658,37.5672376,2023-04-29 13:41,f_f000013
f000013_900030,129.1188658,37.5672376,2023-04-29 13:42,f_f000013
f000013_900030,129.1188658,37.5672376,2023-04-29 13:43,f_f000013
f000013_900030,129.1188658,37.5672376,2023-04-29 13:44,f_f000013
f000013_900030,129.1188658,37.5672376,2023-04-29 13:44,f_f000013
f000013_900030,129.1188658,37.5672376,2023-04-29 13:46,f_f000013
f000013_900030,129.1188658,37.5672376,2023-04-29 13:47,f_f000013
f000013_900030,129.1188658,37.5672376,2023-04-29 13:48,f_f000013
f000013_900030,129.1188658,37.5672376,2023-04-29 13:49,f_f000013
f000013_900030,129.1188658,37.5672376,2023-04-29 13:50,f_f000013
f000013_900030,129.1188658,37.5672376,2023-04-29 13:51,f_f000013
f000013_900030,129.1188658,37.5672376,2023-04-29 13:52,f_f000013
f000013_900030,129.1188658,37.5672376,2023-04-29 13:53,f_f000013
f000013_900030,129.1188658,37.5672376,2023-04-29 13:54,f_f000013
f000013_900030,129.1188658,37.5672376,2023-04-29 13:55,f_f000013
f000013_900030,129.1188658,37.5672376,2023-04-29 13:56,f_f000013
f000013_900030,129.1188658,37.5672376,2023-04-29 13:57,f_f000013
f000013_900030,129.1178855,37.5678188,2023-04-29 13:57,f_f000013
f000013_900030,129.1178855,37.5678188,2023-04-29 13:58,f_f000013
f000013_900030,129.1178855,37.5678188,2023-04-29 13:59,f_f000013
f000013_900030,129.1178855,37.5678188,2023-04-29 14:00,f_f000013
f000013_900030,129.1178855,37.5678188,2023-04-29 14:01,f_f000013
f000013_900030,129.1178855,37.5678188,2023-04-29 14:01,f_f000013
f000013_900030,129.1178855,37.5678188,2023-04-29 14:02,f_f000013
f000013_900030,129.1178855,37.5678188,2023-04-29 14:02,f_f000013
f000013_900030,129.1178855,37.5678188,2023-04-29 14:03,f_f000013
f000013_900030,129.1178855,37.5678188,2023-04-29 14:04,f_f000013
f000013_900030,129.1178855,37.5678188,2023-04-29 14:04,f_f000013
f000013_900030,129.1178855,37.5678188,2023-04-29 14:05,f_f000013
f000013_900030,129.1178855,37.5678188,2023-04-29 14:06,f_f000013
f000013_900030,129.1162272,37.5707701,2023-04-29 14:07,f_f000013
f000013_900030,129.115983,37.5772726,2023-04-29 14:08,f_f000013
f000013_900030,129.1142456,37.5795255,2023-04-29 14:09,f_f000013
f000013_900030,129.113277,37.5803674,2023-04-29 14:10,f_f000013
f000013_900030,129.113277,37.5803674,2023-04-29 14:10,f_f000013
f000013_900030,129.1096554,37.5811317,2023-04-29 14:11,f_f000013
f000013_900030,129.1096554,37.5811317,2023-04-29 14:11,f_f000013
f000013_900030,129.1019595,37.5849921,2023-04-29 14:13,f_f000013
f000013_900030,129.09614,37.5886769,2023-04-29 14:13,f_f000013
f000013_900030,129.0923996,37.5917458,2023-04-29 14:15,f_f000013
f000013_900030,129.0902867,37.5928072,2023-04-29 14:15,f_f000013
f000013_900030,129.0902867,37.5928072,2023-04-29 14:16,f_f000013
f000013_900030,129.0902867,37.5928072,2023-04-29 14:17,f_f000013
f000013_900030,129.0902867,37.5928072,2023-04-29 14:18,f_f000013
f000013_900030,129.0902867,37.5928072,2023-04-29 14:19,f_f000013
f000013_900030,129.0902867,37.5928072,2023-04-29 14:19,f_f000013
f000013_900030,129.0902867,37.5928072,2023-04-29 14:20,f_f000013
f000013_900030,129.0902867,37.5928072,2023-04-29 14:21,f_f000013
f000013_900030,129.0902867,37.5928072,2023-04-29 14:22,f_f000013
f000013_900030,129.0902867,37.5928072,2023-04-29 14:23,f_f000013
f000013_900030,129.0902867,37.5928072,2023-04-29 14:24,f_f000013
f000013_900030,129.0902867,37.5928072,2023-04-29 14:25,f_f000013
f000013_900030,129.0902867,37.5928072,2023-04-29 14:26,f_f000013
f000013_900030,129.0902867,37.5928072,2023-04-29 14:27,f_f000013
f000013_900030,129.0902867,37.5928072,2023-04-29 14:28,f_f000013
f000013_900030,129.0890987,37.5920233,2023-04-29 14:29,f_f000013
f000013_900030,129.0823304,37.5964507,2023-04-29 14:30,f_f000013
f000013_900030,129.0744498,37.6032489,2023-04-29 14:31,f_f000013
f000013_900030,129.0684112,37.6085565,2023-04-29 14:32,f_f000013
f000013_900030,129.0641624,37.6122876,2023-04-29 14:33,f_f000013
f000013_900030,129.0566139,37.6181377,2023-04-29 14:34,f_f000013
f000013_900030,129.0457027,37.6159517,2023-04-29 14:35,f_f000013
f000013_900030,129.0368405,37.6143863,2023-04-29 14:36,f_f000013
f000013_900030,129.0384251,37.6205421,2023-04-29 14:37,f_f000013
f000013_900030,129.0259989,37.6284797,2023-04-29 14:38,f_f000013
f000013_900030,129.0161197,37.6396297,2023-04-29 14:39,f_f000013
f000013_900030,129.0161197,37.6396297,2023-04-29 14:40,f_f000013
f000013_900030,129.0134434,37.6562067,2023-04-29 14:41,f_f000013
f000013_900030,129.0091398,37.6718629,2023-04-29 14:42,f_f000013
f000013_900030,129.0091398,37.6718629,2023-04-29 14:43,f_f000013
f000013_900030,128.9578382,37.6878272,2023-04-29 14:45,f_f000013
f000013_900030,128.9578382,37.6878272,2023-04-29 14:45,f_f000013
f000013_900030,128.9578382,37.6878272,2023-04-29 14:46,f_f000013
f000013_900030,128.9169041,37.6873079,2023-04-29 14:47,f_f000013
f000013_900030,128.8981278,37.6904646,2023-04-29 14:48,f_f000013
f000013_900030,128.881854,37.6988331,2023-04-29 14:49,f_f000013
f000013_900030,128.881854,37.6988331,2023-04-29 14:50,f_f000013
f000013_900030,128.8457084,37.7321714,2023-04-29 14:51,f_f000013
f000013_900030,128.8395084,37.7467872,2023-04-29 14:52,f_f000013
f000013_900030,128.8395084,37.7467872,2023-04-29 14:53,f_f000013
f000013_900030,128.8377819,37.7619263,2023-04-29 14:53,f_f000013
f000013_900030,128.8350884,37.7640707,2023-04-29 14:54,f_f000013
f000013_900030,128.8298345,37.7726737,2023-04-29 14:55,f_f000013
f000013_900030,128.8146529,37.7682316,2023-04-29 14:56,f_f000013
f000013_900030,128.7926948,37.7507886,2023-04-29 14:57,f_f000013
f000013_900030,128.7822217,37.7400632,2023-04-29 14:58,f_f000013
f000013_900030,128.7822217,37.7400632,2023-04-29 14:59,f_f000013
f000013_900030,128.7796884,37.7257978,2023-04-29 14:59,f_f000013
f000013_900030,128.7796884,37.7257978,2023-04-29 15:00,f_f000013
f000013_900030,128.7729718,37.7060794,2023-04-29 15:01,f_f000013
f000013_900030,128.769707,37.6954317,2023-04-29 15:02,f_f000013
f000013_900030,128.769707,37.6954317,2023-04-29 15:03,f_f000013
f000013_900030,128.750193,37.6633298,2023-04-29 15:04,f_f000013
f000013_900030,128.7302696,37.6689719,2023-04-29 15:05,f_f000013
f000013_900030,128.7148988,37.6778356,2023-04-29 15:06,f_f000013
f000013_900030,128.6979956,37.6790233,2023-04-29 15:07,f_f000013
f000013_900030,128.6788164,37.6802425,2023-04-29 15:08,f_f000013
f000013_900030,128.659618,37.6843277,2023-04-29 15:09,f_f000013
f000013_900030,128.6423298,37.6759712,2023-04-29 15:10,f_f000013
f000013_900030,128.6224901,37.6713161,2023-04-29 15:11,f_f000013
f000013_900030,128.6024925,37.667513,2023-04-29 15:12,f_f000013
f000013_900030,128.5997128,37.666486,2023-04-29 15:13,f_f000013
f000013_900030,128.5749828,37.6565393,2023-04-29 15:14,f_f000013
f000013_900030,128.5607209,37.6522923,2023-04-29 15:15,f_f000013
f000013_900030,128.5635783,37.6458333,2023-04-29 15:16,f_f000013
f000013_900030,128.5603835,37.639148,2023-04-29 15:17,f_f000013
f000013_900030,128.558318,37.6368845,2023-04-29 15:18,f_f000013
f000013_900030,128.558318,37.6368845,2023-04-29 15:18,f_f000013
f000013_900030,128.558318,37.6368845,2023-04-29 15:19,f_f000013
f000013_900030,128.558318,37.6368845,2023-04-29 15:19,f_f000013
f000013_900030,128.558318,37.6368845,2023-04-29 15:20,f_f000013
f000013_900030,128.558318,37.6368845,2023-04-29 15:20,f_f000013
f000013_900030,128.558318,37.6368845,2023-04-29 15:21,f_f000013
f000013_900030,128.558318,37.6368845,2023-04-29 15:22,f_f000013
f000013_900030,128.558318,37.6368845,2023-04-29 15:23,f_f000013
f000013_900030,128.558318,37.6368845,2023-04-29 15:24,f_f000013
f000013_900030,128.558318,37.6368845,2023-04-29 15:25,f_f000013
f000013_900030,128.558318,37.6368845,2023-04-29 15:26,f_f000013
f000013_900030,128.558318,37.6368845,2023-04-29 15:26,f_f000013
f000013_900030,128.558318,37.6368845,2023-04-29 15:26,f_f000013
f000013_900030,128.558318,37.6368845,2023-04-29 15:27,f_f000013
f000013_900030,128.558318,37.6368845,2023-04-29 15:28,f_f000013
f000013_900030,128.5462409,37.6383583,2023-04-29 15:29,f_f000013
f000013_900030,128.546162,37.6414369,2023-04-29 15:30,f_f000013
f000013_900030,128.5466627,37.6445627,2023-04-29 15:30,f_f000013
f000013_900030,128.5438949,37.6446981,2023-04-29 15:31,f_f000013
f000013_900030,128.5382983,37.6431137,2023-04-29 15:31,f_f000013
f000013_900030,128.5316361,37.6421701,2023-04-29 15:32,f_f000013
f000013_900030,128.4999386,37.6381318,2023-04-29 15:33,f_f000013
f000013_900030,128.4937858,37.6358372,2023-04-29 15:34,f_f000013
f000013_900030,128.481355,37.6291417,2023-04-29 15:35,f_f000013
f000013_900030,128.4735501,37.6216563,2023-04-29 15:36,f_f000013
f000013_900030,128.469598,37.616864,2023-04-29 15:37,f_f000013
f000013_900030,128.4629851,37.6079151,2023-04-29 15:38,f_f000013
f000013_900030,128.4509003,37.6045572,2023-04-29 15:39,f_f000013
f000013_900030,128.4410962,37.6062047,2023-04-29 15:40,f_f000013
f000013_900030,128.4272447,37.6052655,2023-04-29 15:41,f_f000013
f000013_900030,128.4233766,37.5936618,2023-04-29 15:42,f_f000013
f000013_900030,128.4187181,37.5906025,2023-04-29 15:43,f_f000013
f000013_900030,128.4156473,37.587916,2023-04-29 15:43,f_f000013
f000013_900030,128.4149529,37.5861957,2023-04-29 15:44,f_f000013
f000013_900030,128.4144608,37.584778,2023-04-29 15:44,f_f000013
f000013_900030,128.4118869,37.583922,2023-04-29 15:45,f_f000013
f000013_900030,128.4062657,37.5826368,2023-04-29 15:46,f_f000013
f000013_900030,128.3963431,37.5783705,2023-04-29 15:47,f_f000013
f000013_900030,128.3817955,37.5721111,2023-04-29 15:48,f_f000013
f000013_900030,128.3748519,37.569223,2023-04-29 15:49,f_f000013
f000013_900030,128.3700334,37.5625357,2023-04-29 15:50,f_f000013
f000013_900030,128.3628116,37.56054,2023-04-29 15:51,f_f000013
f000013_900030,128.3628116,37.56054,2023-04-29 15:52,f_f000013
f000013_900030,128.3628116,37.56054,2023-04-29 15:53,f_f000013
f000013_900030,128.3628116,37.56054,2023-04-29 15:54,f_f000013
f000013_900030,128.3628116,37.56054,2023-04-29 15:55,f_f000013
f000013_900030,128.3628116,37.56054,2023-04-29 15:56,f_f000013
f000013_900030,128.3628116,37.56054,2023-04-29 15:57,f_f000013
f000013_900030,128.3628116,37.56054,2023-04-29 15:57,f_f000013
f000013_900030,128.3628116,37.56054,2023-04-29 15:58,f_f000013
f000013_900030,128.3628116,37.56054,2023-04-29 15:59,f_f000013
f000013_900030,128.3628116,37.56054,2023-04-29 16:00,f_f000013
f000013_900030,128.3628116,37.56054,2023-04-29 16:00,f_f000013
f000013_900030,128.3628116,37.56054,2023-04-29 16:01,f_f000013
f000013_900030,128.3628116,37.56054,2023-04-29 16:02,f_f000013
f000013_900030,128.3628116,37.56054,2023-04-29 16:03,f_f000013
f000013_900030,128.3628116,37.56054,2023-04-29 16:04,f_f000013
f000013_900030,128.3628116,37.56054,2023-04-29 16:05,f_f000013
f000013_900030,128.3628116,37.56054,2023-04-29 16:05,f_f000013
f000013_900030,128.3628116,37.56054,2023-04-29 16:06,f_f000013
f000013_900030,128.3628116,37.56054,2023-04-29 16:07,f_f000013
f000013_900030,128.3628116,37.56054,2023-04-29 16:08,f_f000013
f000013_900030,128.3628116,37.56054,2023-04-29 16:09,f_f000013
f000013_900030,128.3628116,37.56054,2023-04-29 16:10,f_f000013
f000013_900030,128.3628116,37.56054,2023-04-29 16:11,f_f000013
f000013_900030,128.3628116,37.56054,2023-04-29 16:12,f_f000013
f000013_900030,128.3628116,37.56054,2023-04-29 16:13,f_f000013
f000013_900030,128.3628116,37.56054,2023-04-29 16:14,f_f000013
f000013_900030,128.3628116,37.56054,2023-04-29 16:15,f_f000013
f000013_900030,128.3628116,37.56054,2023-04-29 16:16,f_f000013
f000013_900030,128.3628116,37.56054,2023-04-29 16:17,f_f000013
f000013_900030,128.3628116,37.56054,2023-04-29 16:18,f_f000013
f000013_900030,128.3628116,37.56054,2023-04-29 16:19,f_f000013
f000013_900030,128.3628116,37.56054,2023-04-29 16:20,f_f000013
f000013_900030,128.3628116,37.56054,2023-04-29 16:21,f_f000013
f000013_900030,128.3628116,37.56054,2023-04-29 16:22,f_f000013
f000013_900030,128.3628116,37.56054,2023-04-29 16:23,f_f000013
f000013_900030,128.3628116,37.56054,2023-04-29 16:24,f_f000013
f000013_900030,128.3628116,37.56054,2023-04-29 16:25,f_f000013
f000013_900030,128.3628116,37.56054,2023-04-29 16:26,f_f000013
f000013_900030,128.3628116,37.56054,2023-04-29 16:27,f_f000013
f000013_900030,128.3628116,37.56054,2023-04-29 16:28,f_f000013
f000013_900030,128.3628116,37.56054,2023-04-29 16:29,f_f000013
f000013_900030,128.3628116,37.56054,2023-04-29 16:30,f_f000013
f000013_900030,128.3628116,37.56054,2023-04-29 16:31,f_f000013
f000013_900030,128.3628116,37.56054,2023-04-29 16:32,f_f000013
f000013_900030,128.3628116,37.56054,2023-04-29 16:33,f_f000013
f000013_900030,128.3628116,37.56054,2023-04-29 16:34,f_f000013
f000013_900030,128.3628116,37.56054,2023-04-29 16:35,f_f000013
f000013_900030,128.3628116,37.56054,2023-04-29 16:35,f_f000013
f000013_900030,128.3628116,37.56054,2023-04-29 16:36,f_f000013
f000013_900030,128.3628116,37.56054,2023-04-29 16:37,f_f000013
f000013_900030,128.3628116,37.56054,2023-04-29 16:38,f_f000013
f000013_900030,128.3628116,37.56054,2023-04-29 16:39,f_f000013
f000013_900030,128.3628116,37.56054,2023-04-29 16:40,f_f000013
f000013_900030,128.3628116,37.56054,2023-04-29 16:41,f_f000013
f000013_900030,128.3628116,37.56054,2023-04-29 16:42,f_f000013
f000013_900030,128.3628116,37.56054,2023-04-29 16:43,f_f000013
f000013_900030,128.3628116,37.56054,2023-04-29 16:44,f_f000013
f000013_900030,128.3628116,37.56054,2023-04-29 16:45,f_f000013
f000013_900030,128.3628116,37.56054,2023-04-29 16:45,f_f000013
f000013_900030,128.3628116,37.56054,2023-04-29 16:57,f_f000013
f000013_900030,128.3628116,37.56054,2023-04-29 16:58,f_f000013
f000013_900030,128.3628116,37.56054,2023-04-29 16:59,f_f000013
f000013_900030,128.3628116,37.56054,2023-04-29 17:00,f_f000013
f000013_900030,128.3628116,37.56054,2023-04-29 17:01,f_f000013
f000013_900030,128.3628116,37.56054,2023-04-29 17:01,f_f000013
f000013_900030,128.3628116,37.56054,2023-04-29 17:02,f_f000013
f000013_900030,128.3628116,37.56054,2023-04-29 17:02,f_f000013
f000013_900030,128.3628116,37.56054,2023-04-29 17:03,f_f000013
f000013_900030,128.3628116,37.56054,2023-04-29 17:03,f_f000013
f000013_900030,128.3628116,37.56054,2023-04-29 17:04,f_f000013
f000013_900030,128.3628116,37.56054,2023-04-29 17:05,f_f000013
f000013_900030,128.3628116,37.56054,2023-04-29 17:05,f_f000013
f000013_900030,128.3628116,37.56054,2023-04-29 17:06,f_f000013
f000013_900030,128.3628116,37.56054,2023-04-29 17:06,f_f000013
f000013_900030,128.3628116,37.56054,2023-04-29 17:07,f_f000013
f000013_900030,128.3628116,37.56054,2023-04-29 17:08,f_f000013
f000013_900030,128.3628116,37.56054,2023-04-29 17:08,f_f000013
f000013_900030,128.3628116,37.56054,2023-04-29 17:09,f_f000013
f000013_900030,128.3628116,37.56054,2023-04-29 17:09,f_f000013
f000013_900030,128.3628116,37.56054,2023-04-29 17:10,f_f000013
f000013_900030,128.3628116,37.56054,2023-04-29 17:10,f_f000013
f000013_900030,128.3628116,37.56054,2023-04-29 17:11,f_f000013
f000013_900030,128.3628116,37.56054,2023-04-29 17:12,f_f000013
f000013_900030,128.3628116,37.56054,2023-04-29 17:12,f_f000013
f000013_900030,128.3628116,37.56054,2023-04-29 17:13,f_f000013
f000013_900030,128.3628116,37.56054,2023-04-29 17:13,f_f000013
f000013_900030,128.3628116,37.56054,2023-04-29 17:14,f_f000013
f000013_900030,128.3628116,37.56054,2023-04-29 17:14,f_f000013
f000013_900030,128.3628116,37.56054,2023-04-29 17:15,f_f000013
f000013_900030,128.3628116,37.56054,2023-04-29 17:15,f_f000013
f000013_900030,128.3628116,37.56054,2023-04-29 17:16,f_f000013
f000013_900030,128.3628116,37.56054,2023-04-29 17:17,f_f000013
f000013_900030,128.3628116,37.56054,2023-04-29 17:18,f_f000013
f000013_900030,128.3628116,37.56054,2023-04-29 17:19,f_f000013
f000013_900030,128.3628116,37.56054,2023-04-29 17:20,f_f000013
f000013_900030,128.3628116,37.56054,2023-04-29 17:21,f_f000013
f000013_900030,128.3628116,37.56054,2023-04-29 17:22,f_f000013
f000013_900030,128.3628116,37.56054,2023-04-29 17:23,f_f000013
f000013_900030,128.3628116,37.56054,2023-04-29 17:24,f_f000013
f000013_900030,128.3628116,37.56054,2023-04-29 17:25,f_f000013
f000013_900030,128.3628116,37.56054,2023-04-29 17:26,f_f000013
f000013_900030,128.3628116,37.56054,2023-04-29 17:27,f_f000013
f000013_900030,128.3628116,37.56054,2023-04-29 17:28,f_f000013
f000013_900030,128.3628116,37.56054,2023-04-29 17:29,f_f000013
f000013_900030,128.3628116,37.56054,2023-04-29 17:30,f_f000013
f000013_900030,128.3628116,37.56054,2023-04-29 17:31,f_f000013
f000013_900030,128.3628116,37.56054,2023-04-29 17:32,f_f000013
f000013_900030,128.3628116,37.56054,2023-04-29 17:33,f_f000013
f000013_900030,128.3628116,37.56054,2023-04-29 17:34,f_f000013
f000013_900030,128.3628116,37.56054,2023-04-29 17:36,f_f000013
f000013_900030,128.3628116,37.56054,2023-04-29 17:37,f_f000013
f000013_900030,128.3628116,37.56054,2023-04-29 17:38,f_f000013
f000013_900030,128.3628116,37.56054,2023-04-29 17:39,f_f000013
f000013_900030,128.3628116,37.56054,2023-04-29 17:40,f_f000013
f000013_900030,128.3628116,37.56054,2023-04-29 17:41,f_f000013
f000013_900030,128.3628116,37.56054,2023-04-29 17:42,f_f000013
f000013_900030,128.3628116,37.56054,2023-04-29 17:43,f_f000013
f000013_900030,128.3628116,37.56054,2023-04-29 17:44,f_f000013
f000013_900030,128.3628116,37.56054,2023-04-29 17:51,f_f000013
f000013_900030,128.3628116,37.56054,2023-04-29 17:53,f_f000013
f000013_900030,128.3628116,37.56054,2023-04-29 17:53,f_f000013
f000013_900030,128.3628116,37.56054,2023-04-29 17:55,f_f000013
f000013_900030,128.3628116,37.56054,2023-04-29 17:56,f_f000013
f000013_900030,128.3628116,37.56054,2023-04-29 17:57,f_f000013
f000013_900030,128.3628116,37.56054,2023-04-29 17:57,f_f000013
f000013_900030,128.3628116,37.56054,2023-04-29 17:59,f_f000013
f000013_900030,128.3628116,37.56054,2023-04-29 18:00,f_f000013
f000013_900030,128.3628116,37.56054,2023-04-29 18:01,f_f000013
f000013_900030,128.3628116,37.56054,2023-04-29 18:01,f_f000013
f000013_900030,128.3628116,37.56054,2023-04-29 18:03,f_f000013
f000013_900030,128.3628116,37.56054,2023-04-29 18:04,f_f000013
f000013_900030,128.3628116,37.56054,2023-04-29 18:05,f_f000013
f000013_900030,128.3628116,37.56054,2023-04-29 18:06,f_f000013
f000013_900030,128.3628116,37.56054,2023-04-29 18:07,f_f000013
f000013_900030,128.3628116,37.56054,2023-04-29 18:08,f_f000013
f000013_900030,128.3628116,37.56054,2023-04-29 18:09,f_f000013
f000013_900030,128.3628116,37.56054,2023-04-29 18:10,f_f000013
f000013_900030,128.3628116,37.56054,2023-04-29 18:11,f_f000013
f000013_900030,128.3628116,37.56054,2023-04-29 18:12,f_f000013
f000013_900030,128.3628116,37.56054,2023-04-29 18:12,f_f000013
f000013_900030,128.3628116,37.56054,2023-04-29 18:14,f_f000013
f000013_900030,128.3628116,37.56054,2023-04-29 18:15,f_f000013
f000013_900030,128.3628116,37.56054,2023-04-29 18:16,f_f000013
f000013_900030,128.3628116,37.56054,2023-04-29 18:17,f_f000013
f000013_900030,128.3628116,37.56054,2023-04-29 18:18,f_f000013
f000013_900030,128.3628116,37.56054,2023-04-29 18:19,f_f000013
f000013_900030,128.3628116,37.56054,2023-04-29 18:20,f_f000013
f000013_900030,128.3628116,37.56054,2023-04-29 18:21,f_f000013
f000013_900030,128.3628116,37.56054,2023-04-29 18:22,f_f000013
f000013_900030,128.3628116,37.56054,2023-04-29 18:23,f_f000013
f000013_900030,128.3628116,37.56054,2023-04-29 18:23,f_f000013
f000013_900030,128.3628116,37.56054,2023-04-29 18:25,f_f000013
f000013_900030,128.3628116,37.56054,2023-04-29 18:26,f_f000013
f000013_900030,128.3628116,37.56054,2023-04-29 18:26,f_f000013
f000013_900030,128.3628116,37.56054,2023-04-29 18:28,f_f000013
f000013_900030,128.3628116,37.56054,2023-04-29 18:29,f_f000013
f000013_900030,128.3628116,37.56054,2023-04-29 18:30,f_f000013
f000013_900030,128.3628116,37.56054,2023-04-29 18:31,f_f000013
f000013_900030,128.3628116,37.56054,2023-04-29 18:32,f_f000013
f000013_900030,128.3628116,37.56054,2023-04-29 18:33,f_f000013
f000013_900030,128.3628116,37.56054,2023-04-29 18:34,f_f000013
f000013_900030,128.3628116,37.56054,2023-04-29 18:35,f_f000013
f000013_900030,128.3628116,37.56054,2023-04-29 18:36,f_f000013
f000013_900030,128.3628116,37.56054,2023-04-29 18:36,f_f000013
f000013_900030,128.3628116,37.56054,2023-04-29 18:38,f_f000013
f000013_900030,128.3628116,37.56054,2023-04-29 18:38,f_f000013
f000013_900030,128.3628116,37.56054,2023-04-29 18:40,f_f000013
f000013_900030,128.3628116,37.56054,2023-04-29 18:41,f_f000013
f000013_900030,128.3628116,37.56054,2023-04-29 18:41,f_f000013
f000013_900030,128.3628116,37.56054,2023-04-29 18:43,f_f000013
f000013_900030,128.3628116,37.56054,2023-04-29 18:43,f_f000013
f000013_900030,128.3628116,37.56054,2023-04-29 18:45,f_f000013
f000013_900030,128.3628116,37.56054,2023-04-29 18:46,f_f000013
f000013_900030,128.3628116,37.56054,2023-04-29 18:47,f_f000013
f000013_900030,128.3628116,37.56054,2023-04-29 18:48,f_f000013
f000013_900030,128.3628116,37.56054,2023-04-29 18:49,f_f000013
f000013_900030,128.3628116,37.56054,2023-04-29 18:50,f_f000013
f000013_900030,128.3628116,37.56054,2023-04-29 18:51,f_f000013
f000013_900030,128.3628116,37.56054,2023-04-29 18:51,f_f000013
f000013_900030,128.3628116,37.56054,2023-04-29 18:52,f_f000013
f000013_900030,128.3628116,37.56054,2023-04-29 18:54,f_f000013
f000013_900030,128.3628116,37.56054,2023-04-29 18:54,f_f000013
f000013_900030,128.3628116,37.56054,2023-04-29 18:55,f_f000013
f000013_900030,128.3628116,37.56054,2023-04-29 18:55,f_f000013
f000013_900030,128.3628116,37.56054,2023-04-29 18:57,f_f000013
f000013_900030,128.3628116,37.56054,2023-04-29 18:58,f_f000013
f000013_900030,128.3628116,37.56054,2023-04-29 18:59,f_f000013
f000013_900030,128.3628116,37.56054,2023-04-29 18:59,f_f000013
f000013_900030,128.3628116,37.56054,2023-04-29 19:00,f_f000013
f000013_900030,128.3628116,37.56054,2023-04-29 19:02,f_f000013
f000013_900030,128.3628116,37.56054,2023-04-29 19:03,f_f000013
f000013_900030,128.3628116,37.56054,2023-04-29 19:04,f_f000013
f000013_900030,128.3628116,37.56054,2023-04-29 19:05,f_f000013
f000013_900030,128.3628116,37.56054,2023-04-29 19:06,f_f000013
f000013_900030,128.3628116,37.56054,2023-04-29 19:07,f_f000013
f000013_900030,128.3628116,37.56054,2023-04-29 19:08,f_f000013
f000013_900030,128.3628116,37.56054,2023-04-29 19:09,f_f000013
f000013_900030,128.3628116,37.56054,2023-04-29 19:10,f_f000013
f000013_900030,128.3628116,37.56054,2023-04-29 19:10,f_f000013
f000013_900030,128.3628116,37.56054,2023-04-29 19:11,f_f000013
f000013_900030,128.3628116,37.56054,2023-04-29 19:12,f_f000013
f000013_900030,128.3628116,37.56054,2023-04-29 19:13,f_f000013
f000013_900030,128.3628116,37.56054,2023-04-29 19:14,f_f000013
f000013_900030,128.3628116,37.56054,2023-04-29 19:15,f_f000013
f000013_900030,128.3628116,37.56054,2023-04-29 19:16,f_f000013
f000013_900030,128.3628116,37.56054,2023-04-29 19:17,f_f000013
f000013_900030,128.3628116,37.56054,2023-04-29 19:18,f_f000013
f000013_900030,128.3628116,37.56054,2023-04-29 19:19,f_f000013
f000013_900030,128.3628116,37.56054,2023-04-29 19:20,f_f000013
f000013_900030,128.3628116,37.56054,2023-04-29 19:21,f_f000013
f000013_900030,128.3628116,37.56054,2023-04-29 19:22,f_f000013
f000013_900030,128.3628116,37.56054,2023-04-29 19:23,f_f000013
f000013_900030,128.3628116,37.56054,2023-04-29 19:24,f_f000013
f000013_900030,128.3628116,37.56054,2023-04-29 19:25,f_f000013
f000013_900030,128.3628116,37.56054,2023-04-29 19:26,f_f000013
f000013_900030,128.3628116,37.56054,2023-04-29 19:27,f_f000013
f000013_900030,128.3628116,37.56054,2023-04-29 19:28,f_f000013
f000013_900030,128.3628116,37.56054,2023-04-29 19:28,f_f000013
f000013_900030,128.3628116,37.56054,2023-04-29 19:29,f_f000013
f000013_900030,128.3628116,37.56054,2023-04-29 19:30,f_f000013
f000013_900030,128.3628116,37.56054,2023-04-29 19:31,f_f000013
f000013_900030,128.3628116,37.56054,2023-04-29 19:32,f_f000013
f000013_900030,128.3628116,37.56054,2023-04-29 19:33,f_f000013
f000013_900030,128.3628116,37.56054,2023-04-29 19:33,f_f000013
f000013_900030,128.3628116,37.56054,2023-04-29 19:35,f_f000013
f000013_900030,128.3628116,37.56054,2023-04-29 19:36,f_f000013
f000013_900030,128.3628116,37.56054,2023-04-29 19:37,f_f000013
f000013_900030,128.3628116,37.56054,2023-04-29 19:38,f_f000013
f000013_900030,128.3628116,37.56054,2023-04-29 19:38,f_f000013
f000013_900030,128.3628116,37.56054,2023-04-29 19:39,f_f000013
f000013_900030,128.3628116,37.56054,2023-04-29 19:39,f_f000013
f000013_900030,128.3628116,37.56054,2023-04-29 19:40,f_f000013
f000013_900030,128.3628116,37.56054,2023-04-29 19:41,f_f000013
f000013_900030,128.3628116,37.56054,2023-04-29 19:42,f_f000013
f000013_900030,128.3628116,37.56054,2023-04-29 19:42,f_f000013
f000013_900030,128.3628116,37.56054,2023-04-29 19:43,f_f000013
f000013_900030,128.3628116,37.56054,2023-04-29 19:43,f_f000013
f000013_900030,128.3628116,37.56054,2023-04-29 19:44,f_f000013
f000013_900030,128.3628116,37.56054,2023-04-29 19:44,f_f000013
f000013_900030,128.3628116,37.56054,2023-04-29 19:45,f_f000013
f000013_900030,128.3628116,37.56054,2023-04-29 19:46,f_f000013
f000013_900030,128.3628116,37.56054,2023-04-29 19:47,f_f000013
f000013_900030,128.3628116,37.56054,2023-04-29 19:48,f_f000013
f000013_900030,128.3628116,37.56054,2023-04-29 19:48,f_f000013
f000013_900030,128.3628116,37.56054,2023-04-29 19:49,f_f000013
f000013_900030,128.3628116,37.56054,2023-04-29 19:50,f_f000013
f000013_900030,128.3628116,37.56054,2023-04-29 19:50,f_f000013
f000013_900030,128.3628116,37.56054,2023-04-29 19:52,f_f000013
f000013_900030,128.3628116,37.56054,2023-04-29 19:53,f_f000013
f000013_900030,128.3628116,37.56054,2023-04-29 19:54,f_f000013
f000013_900030,128.3628116,37.56054,2023-04-29 19:55,f_f000013
f000013_900030,128.3628116,37.56054,2023-04-29 19:56,f_f000013
f000013_900030,128.3628116,37.56054,2023-04-29 19:57,f_f000013
f000013_900030,128.3628116,37.56054,2023-04-29 19:58,f_f000013
f000013_900030,128.3628116,37.56054,2023-04-29 19:59,f_f000013
f000013_900030,128.3628116,37.56054,2023-04-29 20:01,f_f000013
f000013_900030,128.3628116,37.56054,2023-04-29 20:01,f_f000013
f000013_900030,128.3628116,37.56054,2023-04-29 20:02,f_f000013
f000013_900030,128.3628116,37.56054,2023-04-29 20:03,f_f000013
f000013_900030,128.3628116,37.56054,2023-04-29 20:05,f_f000013
f000013_900030,128.3628116,37.56054,2023-04-29 20:06,f_f000013
f000013_900030,128.3628116,37.56054,2023-04-29 20:07,f_f000013
f000013_900030,128.3628116,37.56054,2023-04-29 20:08,f_f000013
f000013_900030,128.3628116,37.56054,2023-04-29 20:09,f_f000013
f000013_900030,128.3628116,37.56054,2023-04-29 20:10,f_f000013
f000013_900030,128.3628116,37.56054,2023-04-29 20:11,f_f000013
f000013_900030,128.3628116,37.56054,2023-04-29 20:11,f_f000013
f000013_900030,128.3628116,37.56054,2023-04-29 20:12,f_f000013
f000013_900030,128.3628116,37.56054,2023-04-29 20:13,f_f000013
f000013_900030,128.3628116,37.56054,2023-04-29 20:14,f_f000013
f000013_900030,128.3628116,37.56054,2023-04-29 20:15,f_f000013
f000013_900030,128.3628116,37.56054,2023-04-29 20:16,f_f000013
f000013_900030,128.3628116,37.56054,2023-04-29 20:17,f_f000013
f000013_900030,128.3628116,37.56054,2023-04-29 20:18,f_f000013
f000013_900030,128.3628116,37.56054,2023-04-29 20:19,f_f000013
f000013_900030,128.3628116,37.56054,2023-04-29 20:19,f_f000013
f000013_900030,128.3628116,37.56054,2023-04-29 20:21,f_f000013
f000013_900030,128.3628116,37.56054,2023-04-29 20:22,f_f000013
f000013_900030,128.3628116,37.56054,2023-04-29 20:23,f_f000013
f000013_900030,128.3628116,37.56054,2023-04-29 20:24,f_f000013
f000013_900030,128.3628116,37.56054,2023-04-29 20:25,f_f000013
f000013_900030,128.3628116,37.56054,2023-04-29 20:25,f_f000013
f000013_900030,128.3628116,37.56054,2023-04-29 20:26,f_f000013
f000013_900030,128.3628116,37.56054,2023-04-29 20:27,f_f000013
f000013_900030,128.3628116,37.56054,2023-04-29 20:28,f_f000013
f000013_900030,128.3628116,37.56054,2023-04-29 20:29,f_f000013
f000013_900030,128.3628116,37.56054,2023-04-29 20:29,f_f000013
f000013_900030,128.3628116,37.56054,2023-04-29 20:30,f_f000013
f000013_900030,128.3628116,37.56054,2023-04-29 20:31,f_f000013
f000013_900030,128.3628116,37.56054,2023-04-29 20:32,f_f000013
f000013_900030,128.3628116,37.56054,2023-04-29 20:33,f_f000013
f000013_900030,128.3628116,37.56054,2023-04-29 20:34,f_f000013
f000013_900030,128.3628116,37.56054,2023-04-29 20:35,f_f000013
f000013_900030,128.3628116,37.56054,2023-04-29 20:36,f_f000013
f000013_900030,128.3628116,37.56054,2023-04-29 20:37,f_f000013
f000013_900030,128.3628116,37.56054,2023-04-29 20:38,f_f000013
f000013_900030,128.3628116,37.56054,2023-04-29 20:39,f_f000013
f000013_900030,128.3628116,37.56054,2023-04-29 20:40,f_f000013
f000013_900030,128.3628116,37.56054,2023-04-29 20:41,f_f000013
f000013_900030,128.3628116,37.56054,2023-04-29 20:42,f_f000013
f000013_900030,128.3628116,37.56054,2023-04-29 20:43,f_f000013
f000013_900030,128.3628116,37.56054,2023-04-29 20:44,f_f000013
f000013_900030,128.3628116,37.56054,2023-04-29 20:45,f_f000013
f000013_900030,128.3628116,37.56054,2023-04-29 20:45,f_f000013
f000013_900030,128.3628116,37.56054,2023-04-29 20:46,f_f000013
f000013_900030,128.3628116,37.56054,2023-04-29 20:47,f_f000013
f000013_900030,128.3628116,37.56054,2023-04-29 20:48,f_f000013
f000013_900030,128.3628116,37.56054,2023-04-29 20:49,f_f000013
f000013_900030,128.3628116,37.56054,2023-04-29 20:50,f_f000013
f000013_900030,128.3628116,37.56054,2023-04-29 20:51,f_f000013
f000013_900030,128.3628116,37.56054,2023-04-29 20:52,f_f000013
f000013_900030,128.3628116,37.56054,2023-04-29 20:53,f_f000013
f000013_900030,128.3628116,37.56054,2023-04-29 20:54,f_f000013
f000013_900030,128.3628116,37.56054,2023-04-29 20:54,f_f000013
f000013_900030,128.3628116,37.56054,2023-04-29 20:55,f_f000013
f000013_900030,128.3628116,37.56054,2023-04-29 20:56,f_f000013
f000013_900030,128.3628116,37.56054,2023-04-29 20:57,f_f000013
f000013_900030,128.3628116,37.56054,2023-04-29 20:58,f_f000013
f000013_900030,128.3628116,37.56054,2023-04-29 20:59,f_f000013
f000013_900030,128.3628116,37.56054,2023-04-29 21:00,f_f000013
f000013_900030,128.3628116,37.56054,2023-04-29 21:01,f_f000013
f000013_900030,128.3628116,37.56054,2023-04-29 21:02,f_f000013
f000013_900030,128.357494,37.5632553,2023-04-29 21:03,f_f000013
f000013_900030,128.357494,37.5632553,2023-04-29 21:04,f_f000013
f000013_900030,128.357494,37.5632553,2023-04-29 21:05,f_f000013
f000013_900030,128.357494,37.5632553,2023-04-29 21:05,f_f000013
f000013_900030,128.357494,37.5632553,2023-04-29 21:06,f_f000013
f000013_900030,128.357494,37.5632553,2023-04-29 21:07,f_f000013
f000013_900030,128.357494,37.5632553,2023-04-29 21:08,f_f000013
f000013_900030,128.357494,37.5632553,2023-04-29 21:08,f_f000013
f000013_900030,128.357494,37.5632553,2023-04-29 21:09,f_f000013
f000013_900030,128.357494,37.5632553,2023-04-29 21:10,f_f000013
f000013_900030,128.357494,37.5632553,2023-04-29 21:11,f_f000013
f000013_900030,128.357494,37.5632553,2023-04-29 21:12,f_f000013
f000013_900030,128.357494,37.5632553,2023-04-29 21:13,f_f000013
f000013_900030,128.357494,37.5632553,2023-04-29 21:14,f_f000013
f000013_900030,128.357494,37.5632553,2023-04-29 21:15,f_f000013
f000013_900030,128.357494,37.5632553,2023-04-29 21:16,f_f000013
f000013_900030,128.357494,37.5632553,2023-04-29 21:17,f_f000013
f000013_900030,128.357494,37.5632553,2023-04-29 21:18,f_f000013
f000013_900030,128.357494,37.5632553,2023-04-29 21:19,f_f000013
f000013_900030,128.357494,37.5632553,2023-04-29 21:20,f_f000013
f000013_900030,128.357494,37.5632553,2023-04-29 21:21,f_f000013
f000013_900030,128.357494,37.5632553,2023-04-29 21:22,f_f000013
f000013_900030,128.357494,37.5632553,2023-04-29 21:23,f_f000013
f000013_900030,128.357494,37.5632553,2023-04-29 21:24,f_f000013
f000013_900030,128.357494,37.5632553,2023-04-29 21:25,f_f000013
f000013_900030,128.357494,37.5632553,2023-04-29 21:26,f_f000013
f000013_900030,128.357494,37.5632553,2023-04-29 21:27,f_f000013
f000013_900030,128.357494,37.5632553,2023-04-29 21:28,f_f000013
f000013_900030,128.357494,37.5632553,2023-04-29 21:29,f_f000013
f000013_900030,128.357494,37.5632553,2023-04-29 21:30,f_f000013
f000013_900030,128.357494,37.5632553,2023-04-29 21:30,f_f000013
f000013_900030,128.357494,37.5632553,2023-04-29 21:31,f_f000013
f000013_900030,128.357494,37.5632553,2023-04-29 21:32,f_f000013
f000013_900030,128.357494,37.5632553,2023-04-29 21:33,f_f000013
f000013_900030,128.357494,37.5632553,2023-04-29 21:34,f_f000013
f000013_900030,128.357494,37.5632553,2023-04-29 21:35,f_f000013
f000013_900030,128.357494,37.5632553,2023-04-29 21:36,f_f000013
f000013_900030,128.357494,37.5632553,2023-04-29 21:37,f_f000013
f000013_900030,128.357494,37.5632553,2023-04-29 21:38,f_f000013
f000013_900030,128.357494,37.5632553,2023-04-29 21:39,f_f000013
f000013_900030,128.357494,37.5632553,2023-04-29 21:40,f_f000013
f000013_900030,128.357494,37.5632553,2023-04-29 21:41,f_f000013
f000013_900030,128.357494,37.5632553,2023-04-29 21:42,f_f000013
f000013_900030,128.357494,37.5632553,2023-04-29 21:42,f_f000013
f000013_900030,128.357494,37.5632553,2023-04-29 21:44,f_f000013
f000013_900030,128.357494,37.5632553,2023-04-29 21:45,f_f000013
f000013_900030,128.357494,37.5632553,2023-04-29 21:46,f_f000013
f000013_900030,128.357494,37.5632553,2023-04-29 21:47,f_f000013
f000013_900030,128.357494,37.5632553,2023-04-29 21:48,f_f000013
f000013_900030,128.357494,37.5632553,2023-04-29 21:49,f_f000013
f000013_900030,128.357494,37.5632553,2023-04-29 21:50,f_f000013
f000013_900030,128.357494,37.5632553,2023-04-29 21:51,f_f000013
f000013_900030,128.357494,37.5632553,2023-04-29 21:52,f_f000013
f000013_900030,128.357494,37.5632553,2023-04-29 21:53,f_f000013
f000013_900030,128.357494,37.5632553,2023-04-29 21:54,f_f000013
f000013_900030,128.357494,37.5632553,2023-04-29 21:55,f_f000013
f000013_900030,128.357494,37.5632553,2023-04-29 21:56,f_f000013
f000013_900030,128.357494,37.5632553,2023-04-29 21:57,f_f000013
f000013_900030,128.357494,37.5632553,2023-04-29 21:59,f_f000013
f000013_900030,128.357494,37.5632553,2023-04-29 22:00,f_f000013
f000013_900030,128.357494,37.5632553,2023-04-29 22:01,f_f000013
f000013_900030,128.357494,37.5632553,2023-04-29 22:02,f_f000013
f000013_900030,128.357494,37.5632553,2023-04-29 22:03,f_f000013
f000013_900030,128.357494,37.5632553,2023-04-29 22:04,f_f000013
f000013_900030,128.357494,37.5632553,2023-04-29 22:05,f_f000013
f000013_900030,128.357494,37.5632553,2023-04-29 22:06,f_f000013
f000013_900030,128.357494,37.5632553,2023-04-29 22:07,f_f000013
f000013_900030,128.357494,37.5632553,2023-04-29 22:08,f_f000013
f000013_900030,128.357494,37.5632553,2023-04-29 22:09,f_f000013
f000013_900030,128.357494,37.5632553,2023-04-29 22:10,f_f000013
f000013_900030,128.357494,37.5632553,2023-04-29 22:11,f_f000013
f000013_900030,128.357494,37.5632553,2023-04-29 22:12,f_f000013
f000013_900030,128.357494,37.5632553,2023-04-29 22:13,f_f000013
f000013_900030,128.357494,37.5632553,2023-04-29 22:14,f_f000013
f000013_900030,128.357494,37.5632553,2023-04-29 22:14,f_f000013
f000013_900030,128.357494,37.5632553,2023-04-29 22:16,f_f000013
f000013_900030,128.357494,37.5632553,2023-04-29 22:17,f_f000013
f000013_900030,128.357494,37.5632553,2023-04-29 22:18,f_f000013
f000013_900030,128.357494,37.5632553,2023-04-29 22:19,f_f000013
f000013_900030,128.357494,37.5632553,2023-04-29 22:20,f_f000013
f000013_900030,128.357494,37.5632553,2023-04-29 22:22,f_f000013
f000013_900030,128.357494,37.5632553,2023-04-29 22:23,f_f000013
f000013_900030,128.357494,37.5632553,2023-04-29 22:24,f_f000013
f000013_900030,128.357494,37.5632553,2023-04-29 22:24,f_f000013
f000013_900030,128.357494,37.5632553,2023-04-29 22:25,f_f000013
f000013_900030,128.357494,37.5632553,2023-04-29 22:26,f_f000013
f000013_900030,128.357494,37.5632553,2023-04-29 22:26,f_f000013
f000013_900030,128.357494,37.5632553,2023-04-29 22:27,f_f000013
f000013_900030,128.357494,37.5632553,2023-04-29 22:28,f_f000013
f000013_900030,128.357494,37.5632553,2023-04-29 22:29,f_f000013
f000013_900030,128.357494,37.5632553,2023-04-29 22:30,f_f000013
f000013_900030,128.357494,37.5632553,2023-04-29 22:31,f_f000013
f000013_900030,128.357494,37.5632553,2023-04-29 22:32,f_f000013
f000013_900030,128.357494,37.5632553,2023-04-29 22:33,f_f000013
f000013_900030,128.357494,37.5632553,2023-04-29 22:35,f_f000013
f000013_900030,128.357494,37.5632553,2023-04-29 22:36,f_f000013
f000013_900030,128.357494,37.5632553,2023-04-29 22:37,f_f000013
f000013_900030,128.357494,37.5632553,2023-04-29 22:38,f_f000013
f000013_900030,128.357494,37.5632553,2023-04-29 22:39,f_f000013
f000013_900030,128.357494,37.5632553,2023-04-29 22:40,f_f000013
f000013_900030,128.357494,37.5632553,2023-04-29 22:41,f_f000013
f000013_900030,128.357494,37.5632553,2023-04-29 22:41,f_f000013
f000013_900030,128.357494,37.5632553,2023-04-29 22:42,f_f000013
f000013_900030,128.357494,37.5632553,2023-04-29 22:43,f_f000013
f000013_900030,128.357494,37.5632553,2023-04-29 22:44,f_f000013
f000013_900030,128.357494,37.5632553,2023-04-29 22:45,f_f000013
f000013_900030,128.357494,37.5632553,2023-04-29 22:45,f_f000013
f000013_900030,128.357494,37.5632553,2023-04-29 22:46,f_f000013
f000013_900030,128.357494,37.5632553,2023-04-29 22:47,f_f000013
f000013_900030,128.357494,37.5632553,2023-04-29 22:48,f_f000013
f000013_900030,128.357494,37.5632553,2023-04-29 22:49,f_f000013
f000013_900030,128.357494,37.5632553,2023-04-29 22:49,f_f000013
f000013_900030,128.357494,37.5632553,2023-04-29 22:50,f_f000013
f000013_900030,128.357494,37.5632553,2023-04-29 22:51,f_f000013
f000013_900030,128.357494,37.5632553,2023-04-29 22:51,f_f000013
f000013_900030,128.357494,37.5632553,2023-04-29 22:52,f_f000013
f000013_900030,128.357494,37.5632553,2023-04-29 22:53,f_f000013
f000013_900030,128.357494,37.5632553,2023-04-29 22:54,f_f000013
f000013_900030,128.357494,37.5632553,2023-04-29 22:54,f_f000013
f000013_900030,128.357494,37.5632553,2023-04-29 22:55,f_f000013
f000013_900030,128.357494,37.5632553,2023-04-29 22:56,f_f000013
f000013_900030,128.357494,37.5632553,2023-04-29 22:57,f_f000013
f000013_900030,128.357494,37.5632553,2023-04-29 22:58,f_f000013
f000013_900030,128.357494,37.5632553,2023-04-29 22:59,f_f000013
f000013_900030,128.357494,37.5632553,2023-04-29 23:00,f_f000013
f000013_900030,128.357494,37.5632553,2023-04-29 23:01,f_f000013
f000013_900030,128.357494,37.5632553,2023-04-29 23:01,f_f000013
f000013_900030,128.357494,37.5632553,2023-04-29 23:03,f_f000013
f000013_900030,128.357494,37.5632553,2023-04-29 23:04,f_f000013
f000013_900030,128.357494,37.5632553,2023-04-29 23:04,f_f000013
f000013_900030,128.357494,37.5632553,2023-04-29 23:06,f_f000013
f000013_900030,128.357494,37.5632553,2023-04-29 23:06,f_f000013
f000013_900030,128.357494,37.5632553,2023-04-29 23:07,f_f000013
f000013_900030,128.357494,37.5632553,2023-04-29 23:08,f_f000013
f000013_900030,128.357494,37.5632553,2023-04-29 23:09,f_f000013
f000013_900030,128.357494,37.5632553,2023-04-29 23:10,f_f000013
f000013_900030,128.357494,37.5632553,2023-04-29 23:11,f_f000013
f000013_900030,128.357494,37.5632553,2023-04-29 23:12,f_f000013
f000013_900030,128.357494,37.5632553,2023-04-29 23:13,f_f000013
f000013_900030,128.357494,37.5632553,2023-04-29 23:14,f_f000013
f000013_900030,128.357494,37.5632553,2023-04-29 23:15,f_f000013
f000013_900030,128.357494,37.5632553,2023-04-29 23:15,f_f000013
f000013_900030,128.357494,37.5632553,2023-04-29 23:16,f_f000013
f000013_900030,128.357494,37.5632553,2023-04-29 23:17,f_f000013
f000013_900030,128.357494,37.5632553,2023-04-29 23:18,f_f000013
f000013_900030,128.357494,37.5632553,2023-04-29 23:19,f_f000013
f000013_900030,128.357494,37.5632553,2023-04-29 23:20,f_f000013
f000013_900030,128.357494,37.5632553,2023-04-29 23:21,f_f000013
f000013_900030,128.357494,37.5632553,2023-04-29 23:22,f_f000013
f000013_900030,128.357494,37.5632553,2023-04-29 23:23,f_f000013
f000013_900030,128.357494,37.5632553,2023-04-29 23:24,f_f000013
f000013_900030,128.357494,37.5632553,2023-04-29 23:25,f_f000013
f000013_900030,128.357494,37.5632553,2023-04-29 23:26,f_f000013
f000013_900030,128.357494,37.5632553,2023-04-29 23:27,f_f000013
f000013_900030,128.357494,37.5632553,2023-04-29 23:28,f_f000013
f000013_900030,128.357494,37.5632553,2023-04-29 23:53,f_f000013
f000013_900030,128.357494,37.5632553,2023-04-30 00:20,f_f000013
f000013_900030,128.357494,37.5632553,2023-04-30 00:28,f_f000013
f000013_900030,128.357494,37.5632553,2023-04-30 00:43,f_f000013
f000013_900030,128.357494,37.5632553,2023-04-30 01:00,f_f000013
f000013_900030,128.357494,37.5632553,2023-04-30 01:24,f_f000013
f000013_900030,128.357494,37.5632553,2023-04-30 01:30,f_f000013
f000013_900030,128.357494,37.5632553,2023-04-30 01:31,f_f000013
f000013_900030,128.357494,37.5632553,2023-04-30 01:32,f_f000013
f000013_900030,128.357494,37.5632553,2023-04-30 01:33,f_f000013
f000013_900030,128.357494,37.5632553,2023-04-30 01:34,f_f000013
f000013_900030,128.357494,37.5632553,2023-04-30 01:35,f_f000013
f000013_900030,128.357494,37.5632553,2023-04-30 01:36,f_f000013
f000013_900030,128.357494,37.5632553,2023-04-30 01:37,f_f000013
f000013_900030,128.357494,37.5632553,2023-04-30 01:38,f_f000013
f000013_900030,128.357494,37.5632553,2023-04-30 01:39,f_f000013
f000013_900030,128.357494,37.5632553,2023-04-30 01:40,f_f000013
f000013_900030,128.357494,37.5632553,2023-04-30 01:40,f_f000013
f000013_900030,128.357494,37.5632553,2023-04-30 01:42,f_f000013
f000013_900030,128.357494,37.5632553,2023-04-30 01:43,f_f000013
f000013_900030,128.357494,37.5632553,2023-04-30 01:44,f_f000013
f000013_900030,128.357494,37.5632553,2023-04-30 01:45,f_f000013
f000013_900030,128.357494,37.5632553,2023-04-30 01:45,f_f000013
f000013_900030,128.357494,37.5632553,2023-04-30 01:47,f_f000013
f000013_900030,128.357494,37.5632553,2023-04-30 01:47,f_f000013
f000013_900030,128.357494,37.5632553,2023-04-30 01:49,f_f000013
f000013_900030,128.357494,37.5632553,2023-04-30 01:50,f_f000013
f000013_900030,128.357494,37.5632553,2023-04-30 01:51,f_f000013
f000013_900030,128.357494,37.5632553,2023-04-30 01:52,f_f000013
f000013_900030,128.357494,37.5632553,2023-04-30 01:53,f_f000013
f000013_900030,128.357494,37.5632553,2023-04-30 01:54,f_f000013
f000013_900030,128.357494,37.5632553,2023-04-30 01:55,f_f000013
f000013_900030,128.357494,37.5632553,2023-04-30 01:56,f_f000013
f000013_900030,128.357494,37.5632553,2023-04-30 01:57,f_f000013
f000013_900030,128.357494,37.5632553,2023-04-30 01:58,f_f000013
f000013_900030,128.357494,37.5632553,2023-04-30 01:59,f_f000013
f000013_900030,128.357494,37.5632553,2023-04-30 01:59,f_f000013
f000013_900030,128.357494,37.5632553,2023-04-30 02:01,f_f000013
f000013_900030,128.357494,37.5632553,2023-04-30 02:01,f_f000013
f000013_900030,128.357494,37.5632553,2023-04-30 02:03,f_f000013
f000013_900030,128.357494,37.5632553,2023-04-30 02:04,f_f000013
f000013_900030,128.357494,37.5632553,2023-04-30 02:05,f_f000013
f000013_900030,128.357494,37.5632553,2023-04-30 02:06,f_f000013
f000013_900030,128.357494,37.5632553,2023-04-30 02:07,f_f000013
f000013_900030,128.357494,37.5632553,2023-04-30 02:08,f_f000013
f000013_900030,128.357494,37.5632553,2023-04-30 02:09,f_f000013
f000013_900030,128.357494,37.5632553,2023-04-30 02:10,f_f000013
f000013_900030,128.357494,37.5632553,2023-04-30 02:11,f_f000013
f000013_900030,128.357494,37.5632553,2023-04-30 02:12,f_f000013
f000013_900030,128.357494,37.5632553,2023-04-30 02:13,f_f000013
f000013_900030,128.357494,37.5632553,2023-04-30 02:14,f_f000013
f000013_900030,128.357494,37.5632553,2023-04-30 02:15,f_f000013
f000013_900030,128.357494,37.5632553,2023-04-30 02:15,f_f000013
f000013_900030,128.357494,37.5632553,2023-04-30 02:16,f_f000013
f000013_900030,128.357494,37.5632553,2023-04-30 02:17,f_f000013
f000013_900030,128.357494,37.5632553,2023-04-30 02:18,f_f000013
f000013_900030,128.357494,37.5632553,2023-04-30 02:19,f_f000013
f000013_900030,128.357494,37.5632553,2023-04-30 02:20,f_f000013
f000013_900030,128.357494,37.5632553,2023-04-30 02:20,f_f000013
f000013_900030,128.357494,37.5632553,2023-04-30 02:22,f_f000013
f000013_900030,128.357494,37.5632553,2023-04-30 02:22,f_f000013
f000013_900030,128.357494,37.5632553,2023-04-30 02:23,f_f000013
f000013_900030,128.357494,37.5632553,2023-04-30 02:24,f_f000013
f000013_900030,128.357494,37.5632553,2023-04-30 02:25,f_f000013
f000013_900030,128.357494,37.5632553,2023-04-30 02:26,f_f000013
f000013_900030,128.357494,37.5632553,2023-04-30 02:27,f_f000013
f000013_900030,128.357494,37.5632553,2023-04-30 02:28,f_f000013
f000013_900030,128.357494,37.5632553,2023-04-30 02:29,f_f000013
f000013_900030,128.357494,37.5632553,2023-04-30 02:30,f_f000013
f000013_900030,128.357494,37.5632553,2023-04-30 02:31,f_f000013
f000013_900030,128.357494,37.5632553,2023-04-30 02:32,f_f000013
f000013_900030,128.357494,37.5632553,2023-04-30 02:33,f_f000013
f000013_900030,128.357131,37.5634152,2023-04-30 02:34,f_f000013
f000013_900030,128.357131,37.5634152,2023-04-30 02:34,f_f000013
f000013_900030,128.357131,37.5634152,2023-04-30 02:36,f_f000013
f000013_900030,128.357131,37.5634152,2023-04-30 02:37,f_f000013
f000013_900030,128.357131,37.5634152,2023-04-30 02:38,f_f000013
f000013_900030,128.357131,37.5634152,2023-04-30 02:39,f_f000013
f000013_900030,128.357131,37.5634152,2023-04-30 02:40,f_f000013
f000013_900030,128.357131,37.5634152,2023-04-30 02:41,f_f000013
f000013_900030,128.357131,37.5634152,2023-04-30 02:42,f_f000013
f000013_900030,128.357131,37.5634152,2023-04-30 02:43,f_f000013
f000013_900030,128.357131,37.5634152,2023-04-30 02:44,f_f000013
f000013_900030,128.357131,37.5634152,2023-04-30 02:45,f_f000013
f000013_900030,128.357131,37.5634152,2023-04-30 02:46,f_f000013
f000013_900030,128.357131,37.5634152,2023-04-30 02:47,f_f000013
f000013_900030,128.357131,37.5634152,2023-04-30 02:48,f_f000013
f000013_900030,128.357131,37.5634152,2023-04-30 02:49,f_f000013
f000013_900030,128.357131,37.5634152,2023-04-30 02:50,f_f000013
f000013_900030,128.357131,37.5634152,2023-04-30 02:50,f_f000013
f000013_900030,128.357131,37.5634152,2023-04-30 02:51,f_f000013
f000013_900030,128.357131,37.5634152,2023-04-30 02:52,f_f000013
f000013_900030,128.357131,37.5634152,2023-04-30 02:53,f_f000013
f000013_900030,128.357131,37.5634152,2023-04-30 02:54,f_f000013
f000013_900030,128.357131,37.5634152,2023-04-30 02:55,f_f000013
f000013_900030,128.357131,37.5634152,2023-04-30 02:56,f_f000013
f000013_900030,128.357131,37.5634152,2023-04-30 02:56,f_f000013
f000013_900030,128.357131,37.5634152,2023-04-30 02:58,f_f000013
f000013_900030,128.357131,37.5634152,2023-04-30 02:59,f_f000013
f000013_900030,128.357131,37.5634152,2023-04-30 03:00,f_f000013
f000013_900030,128.357131,37.5634152,2023-04-30 03:01,f_f000013
f000013_900030,128.357131,37.5634152,2023-04-30 03:02,f_f000013
f000013_900030,128.357131,37.5634152,2023-04-30 03:03,f_f000013
f000013_900030,128.357131,37.5634152,2023-04-30 03:04,f_f000013
f000013_900030,128.357131,37.5634152,2023-04-30 03:05,f_f000013
f000013_900030,128.357131,37.5634152,2023-04-30 03:06,f_f000013
f000013_900030,128.357131,37.5634152,2023-04-30 03:07,f_f000013
f000013_900030,128.357131,37.5634152,2023-04-30 03:07,f_f000013
f000013_900030,128.357131,37.5634152,2023-04-30 03:08,f_f000013
f000013_900030,128.357131,37.5634152,2023-04-30 03:09,f_f000013
f000013_900030,128.357131,37.5634152,2023-04-30 03:10,f_f000013
f000013_900030,128.357131,37.5634152,2023-04-30 03:11,f_f000013
f000013_900030,128.357131,37.5634152,2023-04-30 03:12,f_f000013
f000013_900030,128.357131,37.5634152,2023-04-30 03:12,f_f000013
f000013_900030,128.357131,37.5634152,2023-04-30 03:14,f_f000013
f000013_900030,128.357131,37.5634152,2023-04-30 03:14,f_f000013
f000013_900030,128.357131,37.5634152,2023-04-30 03:15,f_f000013
f000013_900030,128.357131,37.5634152,2023-04-30 03:16,f_f000013
f000013_900030,128.357131,37.5634152,2023-04-30 03:17,f_f000013
f000013_900030,128.357131,37.5634152,2023-04-30 03:18,f_f000013
f000013_900030,128.357131,37.5634152,2023-04-30 03:19,f_f000013
f000013_900030,128.357131,37.5634152,2023-04-30 03:20,f_f000013
f000013_900030,128.357131,37.5634152,2023-04-30 03:21,f_f000013
f000013_900030,128.357131,37.5634152,2023-04-30 03:22,f_f000013
f000013_900030,128.357131,37.5634152,2023-04-30 03:23,f_f000013
f000013_900030,128.357131,37.5634152,2023-04-30 03:24,f_f000013
f000013_900030,128.357131,37.5634152,2023-04-30 03:25,f_f000013
f000013_900030,128.357131,37.5634152,2023-04-30 03:26,f_f000013
f000013_900030,128.357131,37.5634152,2023-04-30 03:26,f_f000013
f000013_900030,128.357131,37.5634152,2023-04-30 03:28,f_f000013
f000013_900030,128.357131,37.5634152,2023-04-30 03:28,f_f000013
f000013_900030,128.357131,37.5634152,2023-04-30 03:29,f_f000013
f000013_900030,128.357131,37.5634152,2023-04-30 03:30,f_f000013
f000013_900030,128.357131,37.5634152,2023-04-30 03:31,f_f000013
f000013_900030,128.357131,37.5634152,2023-04-30 03:32,f_f000013
f000013_900030,128.357131,37.5634152,2023-04-30 03:33,f_f000013
f000013_900030,128.357131,37.5634152,2023-04-30 03:34,f_f000013
f000013_900030,128.357131,37.5634152,2023-04-30 03:35,f_f000013
f000013_900030,128.357131,37.5634152,2023-04-30 03:36,f_f000013
f000013_900030,128.357131,37.5634152,2023-04-30 03:37,f_f000013
f000013_900030,128.357131,37.5634152,2023-04-30 03:38,f_f000013
f000013_900030,128.357131,37.5634152,2023-04-30 03:39,f_f000013
f000013_900030,128.357131,37.5634152,2023-04-30 03:40,f_f000013
f000013_900030,128.357131,37.5634152,2023-04-30 03:41,f_f000013
f000013_900030,128.357131,37.5634152,2023-04-30 03:42,f_f000013
f000013_900030,128.357131,37.5634152,2023-04-30 03:42,f_f000013
f000013_900030,128.357131,37.5634152,2023-04-30 03:43,f_f000013
f000013_900030,128.357131,37.5634152,2023-04-30 03:44,f_f000013
f000013_900030,128.357131,37.5634152,2023-04-30 03:45,f_f000013
f000013_900030,128.357131,37.5634152,2023-04-30 03:46,f_f000013
f000013_900030,128.357131,37.5634152,2023-04-30 03:47,f_f000013
f000013_900030,128.357131,37.5634152,2023-04-30 03:47,f_f000013
f000013_900030,128.357131,37.5634152,2023-04-30 03:49,f_f000013
f000013_900030,128.357131,37.5634152,2023-04-30 03:49,f_f000013
f000013_900030,128.357131,37.5634152,2023-04-30 03:50,f_f000013
f000013_900030,128.357131,37.5634152,2023-04-30 03:51,f_f000013
f000013_900030,128.357131,37.5634152,2023-04-30 03:52,f_f000013
f000013_900030,128.357131,37.5634152,2023-04-30 03:53,f_f000013
f000013_900030,128.357131,37.5634152,2023-04-30 03:54,f_f000013
f000013_900030,128.357131,37.5634152,2023-04-30 03:55,f_f000013
f000013_900030,128.357131,37.5634152,2023-04-30 03:56,f_f000013
f000013_900030,128.357131,37.5634152,2023-04-30 03:57,f_f000013
f000013_900030,128.357131,37.5634152,2023-04-30 03:58,f_f000013
f000013_900030,128.357131,37.5634152,2023-04-30 03:59,f_f000013
f000013_900030,128.357131,37.5634152,2023-04-30 04:00,f_f000013
f000013_900030,128.357131,37.5634152,2023-04-30 04:01,f_f000013
f000013_900030,128.357131,37.5634152,2023-04-30 04:01,f_f000013
f000013_900030,128.357131,37.5634152,2023-04-30 04:03,f_f000013
f000013_900030,128.357131,37.5634152,2023-04-30 04:03,f_f000013
f000013_900030,128.357131,37.5634152,2023-04-30 04:05,f_f000013
f000013_900030,128.357131,37.5634152,2023-04-30 04:06,f_f000013
f000013_900030,128.357131,37.5634152,2023-04-30 04:07,f_f000013
f000013_900030,128.357131,37.5634152,2023-04-30 04:08,f_f000013
f000013_900030,128.357131,37.5634152,2023-04-30 04:09,f_f000013
f000013_900030,128.357131,37.5634152,2023-04-30 04:10,f_f000013
f000013_900030,128.357131,37.5634152,2023-04-30 04:11,f_f000013
f000013_900030,128.357131,37.5634152,2023-04-30 04:12,f_f000013
f000013_900030,128.357131,37.5634152,2023-04-30 04:13,f_f000013
f000013_900030,128.357131,37.5634152,2023-04-30 04:14,f_f000013
f000013_900030,128.357131,37.5634152,2023-04-30 04:15,f_f000013
f000013_900030,128.357131,37.5634152,2023-04-30 04:16,f_f000013
f000013_900030,128.357131,37.5634152,2023-04-30 04:17,f_f000013
f000013_900030,128.357131,37.5634152,2023-04-30 04:17,f_f000013
f000013_900030,128.357131,37.5634152,2023-04-30 04:19,f_f000013
f000013_900030,128.357131,37.5634152,2023-04-30 04:20,f_f000013
f000013_900030,128.357131,37.5634152,2023-04-30 04:21,f_f000013
f000013_900030,128.357131,37.5634152,2023-04-30 04:22,f_f000013
f000013_900030,128.357131,37.5634152,2023-04-30 04:22,f_f000013
f000013_900030,128.357131,37.5634152,2023-04-30 04:24,f_f000013
f000013_900030,128.357131,37.5634152,2023-04-30 04:24,f_f000013
f000013_900030,128.357131,37.5634152,2023-04-30 04:26,f_f000013
f000013_900030,128.357131,37.5634152,2023-04-30 04:27,f_f000013
f000013_900030,128.357131,37.5634152,2023-04-30 04:28,f_f000013
f000013_900030,128.357131,37.5634152,2023-04-30 04:33,f_f000013
f000013_900030,128.357131,37.5634152,2023-04-30 04:34,f_f000013
f000013_900030,128.3571635,37.5637999,2023-04-30 04:35,f_f000013
f000013_900030,128.3571635,37.5637999,2023-04-30 04:36,f_f000013
f000013_900030,128.3571635,37.5637999,2023-04-30 04:37,f_f000013
f000013_900030,128.3571635,37.5637999,2023-04-30 04:37,f_f000013
f000013_900030,128.3571635,37.5637999,2023-04-30 04:38,f_f000013
f000013_900030,128.3571635,37.5637999,2023-04-30 04:39,f_f000013
f000013_900030,128.3571635,37.5637999,2023-04-30 04:40,f_f000013
f000013_900030,128.3571635,37.5637999,2023-04-30 04:41,f_f000013
f000013_900030,128.3571635,37.5637999,2023-04-30 04:42,f_f000013
f000013_900030,128.3571635,37.5637999,2023-04-30 04:43,f_f000013
f000013_900030,128.3571635,37.5637999,2023-04-30 04:44,f_f000013
f000013_900030,128.3571635,37.5637999,2023-04-30 04:45,f_f000013
f000013_900030,128.3571635,37.5637999,2023-04-30 04:46,f_f000013
f000013_900030,128.3571635,37.5637999,2023-04-30 04:47,f_f000013
f000013_900030,128.3571635,37.5637999,2023-04-30 04:48,f_f000013
f000013_900030,128.3571635,37.5637999,2023-04-30 04:49,f_f000013
f000013_900030,128.3571635,37.5637999,2023-04-30 04:50,f_f000013
f000013_900030,128.3571635,37.5637999,2023-04-30 04:51,f_f000013
f000013_900030,128.3571635,37.5637999,2023-04-30 04:52,f_f000013
f000013_900030,128.3571635,37.5637999,2023-04-30 04:53,f_f000013
f000013_900030,128.3571635,37.5637999,2023-04-30 04:54,f_f000013
f000013_900030,128.3571635,37.5637999,2023-04-30 04:55,f_f000013
f000013_900030,128.3571635,37.5637999,2023-04-30 04:56,f_f000013
f000013_900030,128.3571635,37.5637999,2023-04-30 04:57,f_f000013
f000013_900030,128.3571635,37.5637999,2023-04-30 04:58,f_f000013
f000013_900030,128.3571635,37.5637999,2023-04-30 04:59,f_f000013
f000013_900030,128.3571635,37.5637999,2023-04-30 05:00,f_f000013
f000013_900030,128.3571635,37.5637999,2023-04-30 05:01,f_f000013
f000013_900030,128.3571635,37.5637999,2023-04-30 05:02,f_f000013
f000013_900030,128.3571635,37.5637999,2023-04-30 05:03,f_f000013
f000013_900030,128.3571635,37.5637999,2023-04-30 05:04,f_f000013
f000013_900030,128.3571635,37.5637999,2023-04-30 05:05,f_f000013
f000013_900030,128.3571635,37.5637999,2023-04-30 05:06,f_f000013
f000013_900030,128.3571635,37.5637999,2023-04-30 05:11,f_f000013
f000013_900030,128.3571635,37.5637999,2023-04-30 05:12,f_f000013
f000013_900030,128.3571635,37.5637999,2023-04-30 05:13,f_f000013
f000013_900030,128.3571635,37.5637999,2023-04-30 05:14,f_f000013
f000013_900030,128.3571635,37.5637999,2023-04-30 05:15,f_f000013
f000013_900030,128.3571635,37.5637999,2023-04-30 05:16,f_f000013
f000013_900030,128.3571635,37.5637999,2023-04-30 05:17,f_f000013
f000013_900030,128.3571635,37.5637999,2023-04-30 05:17,f_f000013
f000013_900030,128.3571635,37.5637999,2023-04-30 05:18,f_f000013
f000013_900030,128.3571635,37.5637999,2023-04-30 05:19,f_f000013
f000013_900030,128.3571635,37.5637999,2023-04-30 05:20,f_f000013
f000013_900030,128.3571635,37.5637999,2023-04-30 05:21,f_f000013
f000013_900030,128.3571635,37.5637999,2023-04-30 05:22,f_f000013
f000013_900030,128.3571635,37.5637999,2023-04-30 05:23,f_f000013
f000013_900030,128.3571635,37.5637999,2023-04-30 05:24,f_f000013
f000013_900030,128.3571635,37.5637999,2023-04-30 05:25,f_f000013
f000013_900030,128.3571635,37.5637999,2023-04-30 05:26,f_f000013
f000013_900030,128.3571635,37.5637999,2023-04-30 05:27,f_f000013
f000013_900030,128.3571635,37.5637999,2023-04-30 05:28,f_f000013
f000013_900030,128.3571635,37.5637999,2023-04-30 05:29,f_f000013
f000013_900030,128.3571635,37.5637999,2023-04-30 05:30,f_f000013
f000013_900030,128.3571635,37.5637999,2023-04-30 05:31,f_f000013
f000013_900030,128.3571635,37.5637999,2023-04-30 05:31,f_f000013
f000013_900030,128.3571635,37.5637999,2023-04-30 05:32,f_f000013
f000013_900030,128.3571635,37.5637999,2023-04-30 05:33,f_f000013
f000013_900030,128.3571635,37.5637999,2023-04-30 05:34,f_f000013
f000013_900030,128.3571635,37.5637999,2023-04-30 05:35,f_f000013
f000013_900030,128.3571635,37.5637999,2023-04-30 05:36,f_f000013
f000013_900030,128.3571635,37.5637999,2023-04-30 05:37,f_f000013
f000013_900030,128.3571635,37.5637999,2023-04-30 05:38,f_f000013
f000013_900030,128.3571635,37.5637999,2023-04-30 05:39,f_f000013
f000013_900030,128.3571635,37.5637999,2023-04-30 05:40,f_f000013
f000013_900030,128.3571635,37.5637999,2023-04-30 05:41,f_f000013
f000013_900030,128.3571635,37.5637999,2023-04-30 05:42,f_f000013
f000013_900030,128.3571635,37.5637999,2023-04-30 05:43,f_f000013
f000013_900030,128.3571635,37.5637999,2023-04-30 05:44,f_f000013
f000013_900030,128.3571635,37.5637999,2023-04-30 05:45,f_f000013
f000013_900030,128.3571635,37.5637999,2023-04-30 05:46,f_f000013
f000013_900030,128.3571635,37.5637999,2023-04-30 05:47,f_f000013
f000013_900030,128.3571635,37.5637999,2023-04-30 05:48,f_f000013
f000013_900030,128.3571635,37.5637999,2023-04-30 05:49,f_f000013
f000013_900030,128.3571635,37.5637999,2023-04-30 05:50,f_f000013
f000013_900030,128.3571635,37.5637999,2023-04-30 05:51,f_f000013
f000013_900030,128.3571635,37.5637999,2023-04-30 05:52,f_f000013
f000013_900030,128.3571635,37.5637999,2023-04-30 05:53,f_f000013
f000013_900030,128.3571635,37.5637999,2023-04-30 05:54,f_f000013
f000013_900030,128.3571635,37.5637999,2023-04-30 05:55,f_f000013
f000013_900030,128.3571635,37.5637999,2023-04-30 05:56,f_f000013
f000013_900030,128.3571635,37.5637999,2023-04-30 05:57,f_f000013
f000013_900030,128.3571635,37.5637999,2023-04-30 05:58,f_f000013
f000013_900030,128.3571635,37.5637999,2023-04-30 05:59,f_f000013
f000013_900030,128.3571635,37.5637999,2023-04-30 06:00,f_f000013
f000013_900030,128.3571635,37.5637999,2023-04-30 06:01,f_f000013
f000013_900030,128.3571635,37.5637999,2023-04-30 06:02,f_f000013
f000013_900030,128.3571635,37.5637999,2023-04-30 06:03,f_f000013
f000013_900030,128.3571635,37.5637999,2023-04-30 06:04,f_f000013
f000013_900030,128.3571635,37.5637999,2023-04-30 06:05,f_f000013
f000013_900030,128.3571635,37.5637999,2023-04-30 06:06,f_f000013
f000013_900030,128.3571635,37.5637999,2023-04-30 06:07,f_f000013
f000013_900030,128.3571635,37.5637999,2023-04-30 06:08,f_f000013
f000013_900030,128.3571635,37.5637999,2023-04-30 06:09,f_f000013
f000013_900030,128.3571635,37.5637999,2023-04-30 06:10,f_f000013
f000013_900030,128.3571635,37.5637999,2023-04-30 06:11,f_f000013
f000013_900030,128.3571635,37.5637999,2023-04-30 06:12,f_f000013
f000013_900030,128.3571635,37.5637999,2023-04-30 06:13,f_f000013
f000013_900030,128.3571635,37.5637999,2023-04-30 06:14,f_f000013
f000013_900030,128.3571635,37.5637999,2023-04-30 06:16,f_f000013
f000013_900030,128.3571635,37.5637999,2023-04-30 06:16,f_f000013
f000013_900030,128.3571635,37.5637999,2023-04-30 06:17,f_f000013
f000013_900030,128.3571635,37.5637999,2023-04-30 06:19,f_f000013
f000013_900030,128.3571635,37.5637999,2023-04-30 06:19,f_f000013
f000013_900030,128.3571635,37.5637999,2023-04-30 06:20,f_f000013
f000013_900030,128.3571635,37.5637999,2023-04-30 06:21,f_f000013
f000013_900030,128.3571635,37.5637999,2023-04-30 06:22,f_f000013
f000013_900030,128.3571635,37.5637999,2023-04-30 06:23,f_f000013
f000013_900030,128.3571635,37.5637999,2023-04-30 06:24,f_f000013
f000013_900030,128.3571635,37.5637999,2023-04-30 06:25,f_f000013
f000013_900030,128.3571635,37.5637999,2023-04-30 06:26,f_f000013
f000013_900030,128.3571635,37.5637999,2023-04-30 06:28,f_f000013
f000013_900030,128.3571635,37.5637999,2023-04-30 06:29,f_f000013
f000013_900030,128.3571635,37.5637999,2023-04-30 06:30,f_f000013
f000013_900030,128.3571635,37.5637999,2023-04-30 06:31,f_f000013
f000013_900030,128.3571635,37.5637999,2023-04-30 06:32,f_f000013
f000013_900030,128.3571635,37.5637999,2023-04-30 06:33,f_f000013
f000013_900030,128.3571635,37.5637999,2023-04-30 06:34,f_f000013
f000013_900030,128.3571635,37.5637999,2023-04-30 06:34,f_f000013
f000013_900030,128.3571635,37.5637999,2023-04-30 06:35,f_f000013
f000013_900030,128.3571635,37.5637999,2023-04-30 06:37,f_f000013
f000013_900030,128.3571635,37.5637999,2023-04-30 06:38,f_f000013
f000013_900030,128.3571635,37.5637999,2023-04-30 06:40,f_f000013
f000013_900030,128.3571635,37.5637999,2023-04-30 06:41,f_f000013
f000013_900030,128.3571635,37.5637999,2023-04-30 06:42,f_f000013
f000013_900030,128.3571635,37.5637999,2023-04-30 06:43,f_f000013
f000013_900030,128.3571635,37.5637999,2023-04-30 06:44,f_f000013
f000013_900030,128.3571635,37.5637999,2023-04-30 06:44,f_f000013
f000013_900030,128.3534269,37.5653503,2023-04-30 06:46,f_f000013
f000013_900030,128.3534269,37.5653503,2023-04-30 06:46,f_f000013
f000013_900030,128.3533991,37.5657184,2023-04-30 06:47,f_f000013
f000013_900030,128.3533991,37.5657184,2023-04-30 06:48,f_f000013
f000013_900030,128.3540349,37.5673419,2023-04-30 06:50,f_f000013
f000013_900030,128.3540349,37.5673419,2023-04-30 06:50,f_f000013
f000013_900030,128.3540349,37.5673419,2023-04-30 06:52,f_f000013
f000013_900030,128.3540349,37.5673419,2023-04-30 06:53,f_f000013
f000013_900030,128.3540349,37.5673419,2023-04-30 06:53,f_f000013
f000013_900030,128.3570574,37.564286,2023-04-30 06:55,f_f000013
f000013_900030,128.3570574,37.564286,2023-04-30 06:57,f_f000013
f000013_900030,128.3570574,37.564286,2023-04-30 06:58,f_f000013
f000013_900030,128.3570574,37.564286,2023-04-30 06:59,f_f000013
f000013_900030,128.3570574,37.564286,2023-04-30 06:59,f_f000013
f000013_900030,128.3570574,37.564286,2023-04-30 07:01,f_f000013
f000013_900030,128.3570574,37.564286,2023-04-30 07:03,f_f000013
f000013_900030,128.3570574,37.564286,2023-04-30 07:04,f_f000013
f000013_900030,128.3570574,37.564286,2023-04-30 07:05,f_f000013
f000013_900030,128.3570574,37.564286,2023-04-30 07:06,f_f000013
f000013_900030,128.3570574,37.564286,2023-04-30 07:07,f_f000013
f000013_900030,128.3570574,37.564286,2023-04-30 07:08,f_f000013
f000013_900030,128.3570574,37.564286,2023-04-30 07:09,f_f000013
f000013_900030,128.3570574,37.564286,2023-04-30 07:10,f_f000013
f000013_900030,128.3570574,37.564286,2023-04-30 07:11,f_f000013
f000013_900030,128.3570574,37.564286,2023-04-30 07:12,f_f000013
f000013_900030,128.3570574,37.564286,2023-04-30 07:13,f_f000013
f000013_900030,128.3570574,37.564286,2023-04-30 07:14,f_f000013
f000013_900030,128.3570574,37.564286,2023-04-30 07:15,f_f000013
f000013_900030,128.3570574,37.564286,2023-04-30 07:16,f_f000013
f000013_900030,128.3570574,37.564286,2023-04-30 07:17,f_f000013
f000013_900030,128.3570574,37.564286,2023-04-30 07:18,f_f000013
f000013_900030,128.3570574,37.564286,2023-04-30 07:18,f_f000013
f000013_900030,128.3570574,37.564286,2023-04-30 07:19,f_f000013
f000013_900030,128.3570574,37.564286,2023-04-30 07:20,f_f000013
f000013_900030,128.3570574,37.564286,2023-04-30 07:21,f_f000013
f000013_900030,128.3570574,37.564286,2023-04-30 07:22,f_f000013
f000013_900030,128.3570574,37.564286,2023-04-30 07:23,f_f000013
f000013_900030,128.3570574,37.564286,2023-04-30 07:24,f_f000013
f000013_900030,128.3570574,37.564286,2023-04-30 07:25,f_f000013
f000013_900030,128.3570574,37.564286,2023-04-30 07:26,f_f000013
f000013_900030,128.3570574,37.564286,2023-04-30 07:27,f_f000013
f000013_900030,128.3570574,37.564286,2023-04-30 07:28,f_f000013
f000013_900030,128.3570574,37.564286,2023-04-30 07:29,f_f000013
f000013_900030,128.3570574,37.564286,2023-04-30 07:30,f_f000013
f000013_900030,128.3570574,37.564286,2023-04-30 07:31,f_f000013
f000013_900030,128.3570574,37.564286,2023-04-30 07:32,f_f000013
f000013_900030,128.3570574,37.564286,2023-04-30 07:33,f_f000013
f000013_900030,128.3570574,37.564286,2023-04-30 07:35,f_f000013
f000013_900030,128.3570574,37.564286,2023-04-30 07:35,f_f000013
f000013_900030,128.3570574,37.564286,2023-04-30 07:35,f_f000013
f000013_900030,128.3570574,37.564286,2023-04-30 07:36,f_f000013
f000013_900030,128.3570574,37.564286,2023-04-30 07:37,f_f000013
f000013_900030,128.3570574,37.564286,2023-04-30 07:38,f_f000013
f000013_900030,128.3570574,37.564286,2023-04-30 07:39,f_f000013
f000013_900030,128.3570574,37.564286,2023-04-30 07:40,f_f000013
f000013_900030,128.3570574,37.564286,2023-04-30 07:40,f_f000013
f000013_900030,128.3570574,37.564286,2023-04-30 07:41,f_f000013
f000013_900030,128.3570574,37.564286,2023-04-30 07:41,f_f000013
f000013_900030,128.3570574,37.564286,2023-04-30 07:42,f_f000013
f000013_900030,128.3570574,37.564286,2023-04-30 07:43,f_f000013
f000013_900030,128.3570574,37.564286,2023-04-30 07:43,f_f000013
f000013_900030,128.3570574,37.564286,2023-04-30 07:44,f_f000013
f000013_900030,128.3570574,37.564286,2023-04-30 07:45,f_f000013
f000013_900030,128.3570574,37.564286,2023-04-30 07:46,f_f000013
f000013_900030,128.3570574,37.564286,2023-04-30 07:47,f_f000013
f000013_900030,128.3570574,37.564286,2023-04-30 07:48,f_f000013
f000013_900030,128.3570574,37.564286,2023-04-30 07:49,f_f000013
f000013_900030,128.3570574,37.564286,2023-04-30 07:50,f_f000013
f000013_900030,128.3570574,37.564286,2023-04-30 07:51,f_f000013
f000013_900030,128.3570574,37.564286,2023-04-30 07:52,f_f000013
f000013_900030,128.3570574,37.564286,2023-04-30 07:53,f_f000013
f000013_900030,128.3570574,37.564286,2023-04-30 07:54,f_f000013
f000013_900030,128.3570574,37.564286,2023-04-30 07:55,f_f000013
f000013_900030,128.3570574,37.564286,2023-04-30 07:56,f_f000013
f000013_900030,128.3570574,37.564286,2023-04-30 07:57,f_f000013
f000013_900030,128.3570574,37.564286,2023-04-30 07:58,f_f000013
f000013_900030,128.3570574,37.564286,2023-04-30 07:59,f_f000013
f000013_900030,128.3570574,37.564286,2023-04-30 08:00,f_f000013
f000013_900030,128.3570574,37.564286,2023-04-30 08:00,f_f000013
f000013_900030,128.3570574,37.564286,2023-04-30 08:01,f_f000013
f000013_900030,128.3570574,37.564286,2023-04-30 08:02,f_f000013
f000013_900030,128.3570574,37.564286,2023-04-30 08:03,f_f000013
f000013_900030,128.3570574,37.564286,2023-04-30 08:04,f_f000013
f000013_900030,128.3570574,37.564286,2023-04-30 08:05,f_f000013
f000013_900030,128.3570574,37.564286,2023-04-30 08:05,f_f000013
f000013_900030,128.3570574,37.564286,2023-04-30 08:06,f_f000013
f000013_900030,128.3570574,37.564286,2023-04-30 08:07,f_f000013
f000013_900030,128.3570574,37.564286,2023-04-30 08:08,f_f000013
f000013_900030,128.3570574,37.564286,2023-04-30 08:09,f_f000013
f000013_900030,128.3570574,37.564286,2023-04-30 08:10,f_f000013
f000013_900030,128.3570574,37.564286,2023-04-30 08:11,f_f000013
f000013_900030,128.3570574,37.564286,2023-04-30 08:11,f_f000013
f000013_900030,128.3570574,37.564286,2023-04-30 08:12,f_f000013
f000013_900030,128.3570574,37.564286,2023-04-30 08:13,f_f000013
f000013_900030,128.3570574,37.564286,2023-04-30 08:13,f_f000013
f000013_900030,128.3570574,37.564286,2023-04-30 08:14,f_f000013
f000013_900030,128.3570574,37.564286,2023-04-30 08:14,f_f000013
f000013_900030,128.3570574,37.564286,2023-04-30 08:15,f_f000013
f000013_900030,128.3570574,37.564286,2023-04-30 08:16,f_f000013
f000013_900030,128.3570574,37.564286,2023-04-30 08:17,f_f000013
f000013_900030,128.3570574,37.564286,2023-04-30 08:18,f_f000013
f000013_900030,128.3570574,37.564286,2023-04-30 08:19,f_f000013
f000013_900030,128.3570574,37.564286,2023-04-30 08:20,f_f000013
f000013_900030,128.3570574,37.564286,2023-04-30 08:21,f_f000013
f000013_900030,128.3570574,37.564286,2023-04-30 08:22,f_f000013
f000013_900030,128.3570574,37.564286,2023-04-30 08:23,f_f000013
f000013_900030,128.3572913,37.5640828,2023-04-30 08:24,f_f000013
f000013_900030,128.3572913,37.5640828,2023-04-30 08:25,f_f000013
f000013_900030,128.3572913,37.5640828,2023-04-30 08:26,f_f000013
f000013_900030,128.3572913,37.5640828,2023-04-30 08:27,f_f000013
f000013_900030,128.3572913,37.5640828,2023-04-30 08:28,f_f000013
f000013_900030,128.3572913,37.5640828,2023-04-30 08:29,f_f000013
f000013_900030,128.3572913,37.5640828,2023-04-30 08:30,f_f000013
f000013_900030,128.3572913,37.5640828,2023-04-30 08:31,f_f000013
f000013_900030,128.3572913,37.5640828,2023-04-30 08:32,f_f000013
f000013_900030,128.3572913,37.5640828,2023-04-30 08:33,f_f000013
f000013_900030,128.3572913,37.5640828,2023-04-30 08:34,f_f000013
f000013_900030,128.3572913,37.5640828,2023-04-30 08:35,f_f000013
f000013_900030,128.3572913,37.5640828,2023-04-30 08:36,f_f000013
f000013_900030,128.3572913,37.5640828,2023-04-30 08:37,f_f000013
f000013_900030,128.3572913,37.5640828,2023-04-30 08:37,f_f000013
f000013_900030,128.3572913,37.5640828,2023-04-30 08:39,f_f000013
f000013_900030,128.3572913,37.5640828,2023-04-30 08:40,f_f000013
f000013_900030,128.3572913,37.5640828,2023-04-30 08:40,f_f000013
f000013_900030,128.3572913,37.5640828,2023-04-30 08:41,f_f000013
f000013_900030,128.3572913,37.5640828,2023-04-30 08:42,f_f000013
f000013_900030,128.3572913,37.5640828,2023-04-30 08:42,f_f000013
f000013_900030,128.3572913,37.5640828,2023-04-30 08:43,f_f000013
f000013_900030,128.3572913,37.5640828,2023-04-30 08:44,f_f000013
f000013_900030,128.3572913,37.5640828,2023-04-30 08:45,f_f000013
f000013_900030,128.3572913,37.5640828,2023-04-30 08:46,f_f000013
f000013_900030,128.3572913,37.5640828,2023-04-30 08:47,f_f000013
f000013_900030,128.3572913,37.5640828,2023-04-30 08:48,f_f000013
f000013_900030,128.3572913,37.5640828,2023-04-30 08:49,f_f000013
f000013_900030,128.3572913,37.5640828,2023-04-30 08:50,f_f000013
f000013_900030,128.3572913,37.5640828,2023-04-30 08:51,f_f000013
f000013_900030,128.3572913,37.5640828,2023-04-30 08:52,f_f000013
f000013_900030,128.3572913,37.5640828,2023-04-30 08:52,f_f000013
f000013_900030,128.3572913,37.5640828,2023-04-30 08:54,f_f000013
f000013_900030,128.3572913,37.5640828,2023-04-30 08:55,f_f000013
f000013_900030,128.3572913,37.5640828,2023-04-30 08:56,f_f000013
f000013_900030,128.3572913,37.5640828,2023-04-30 08:57,f_f000013
f000013_900030,128.3572913,37.5640828,2023-04-30 08:58,f_f000013
f000013_900030,128.3572913,37.5640828,2023-04-30 08:59,f_f000013
f000013_900030,128.3572913,37.5640828,2023-04-30 09:00,f_f000013
f000013_900030,128.3572913,37.5640828,2023-04-30 09:01,f_f000013
f000013_900030,128.3572913,37.5640828,2023-04-30 09:02,f_f000013
f000013_900030,128.3572913,37.5640828,2023-04-30 09:03,f_f000013
f000013_900030,128.3572913,37.5640828,2023-04-30 09:04,f_f000013
f000013_900030,128.3572913,37.5640828,2023-04-30 09:05,f_f000013
f000013_900030,128.3572913,37.5640828,2023-04-30 09:06,f_f000013
f000013_900030,128.3572913,37.5640828,2023-04-30 09:07,f_f000013
f000013_900030,128.3572913,37.5640828,2023-04-30 09:08,f_f000013
f000013_900030,128.3572913,37.5640828,2023-04-30 09:09,f_f000013
f000013_900030,128.3572913,37.5640828,2023-04-30 09:10,f_f000013
f000013_900030,128.3572913,37.5640828,2023-04-30 09:11,f_f000013
f000013_900030,128.3572913,37.5640828,2023-04-30 09:12,f_f000013
f000013_900030,128.3572913,37.5640828,2023-04-30 09:13,f_f000013
f000013_900030,128.3572913,37.5640828,2023-04-30 09:14,f_f000013
f000013_900030,128.3572913,37.5640828,2023-04-30 09:15,f_f000013
f000013_900030,128.3572913,37.5640828,2023-04-30 09:16,f_f000013
f000013_900030,128.3572913,37.5640828,2023-04-30 09:17,f_f000013
f000013_900030,128.3572913,37.5640828,2023-04-30 09:17,f_f000013
f000013_900030,128.3572913,37.5640828,2023-04-30 09:18,f_f000013
f000013_900030,128.3572913,37.5640828,2023-04-30 09:19,f_f000013
f000013_900030,128.3572913,37.5640828,2023-04-30 09:20,f_f000013
f000013_900030,128.3572913,37.5640828,2023-04-30 09:21,f_f000013
f000013_900030,128.3572913,37.5640828,2023-04-30 09:21,f_f000013
f000013_900030,128.3572913,37.5640828,2023-04-30 09:22,f_f000013
f000013_900030,128.3572913,37.5640828,2023-04-30 09:23,f_f000013
f000013_900030,128.3572913,37.5640828,2023-04-30 09:24,f_f000013
f000013_900030,128.3572913,37.5640828,2023-04-30 09:25,f_f000013
f000013_900030,128.3572913,37.5640828,2023-04-30 09:26,f_f000013
f000013_900030,128.3572913,37.5640828,2023-04-30 09:27,f_f000013
f000013_900030,128.3572913,37.5640828,2023-04-30 09:28,f_f000013
f000013_900030,128.3572913,37.5640828,2023-04-30 09:29,f_f000013
f000013_900030,128.3572913,37.5640828,2023-04-30 09:30,f_f000013
f000013_900030,128.3572913,37.5640828,2023-04-30 09:31,f_f000013
f000013_900030,128.3572913,37.5640828,2023-04-30 09:32,f_f000013
f000013_900030,128.3572913,37.5640828,2023-04-30 09:33,f_f000013
f000013_900030,128.3572913,37.5640828,2023-04-30 09:34,f_f000013
f000013_900030,128.3572913,37.5640828,2023-04-30 09:35,f_f000013
f000013_900030,128.3572913,37.5640828,2023-04-30 09:36,f_f000013
f000013_900030,128.3572913,37.5640828,2023-04-30 09:37,f_f000013
f000013_900030,128.3572913,37.5640828,2023-04-30 09:38,f_f000013
f000013_900030,128.3572913,37.5640828,2023-04-30 09:39,f_f000013
f000013_900030,128.3572913,37.5640828,2023-04-30 09:40,f_f000013
f000013_900030,128.3572913,37.5640828,2023-04-30 09:41,f_f000013
f000013_900030,128.3572913,37.5640828,2023-04-30 09:42,f_f000013
f000013_900030,128.3572913,37.5640828,2023-04-30 09:43,f_f000013
f000013_900030,128.3572913,37.5640828,2023-04-30 09:43,f_f000013
f000013_900030,128.3572913,37.5640828,2023-04-30 09:44,f_f000013
f000013_900030,128.3572913,37.5640828,2023-04-30 09:45,f_f000013
f000013_900030,128.3572913,37.5640828,2023-04-30 09:46,f_f000013
f000013_900030,128.3572913,37.5640828,2023-04-30 09:47,f_f000013
f000013_900030,128.3572913,37.5640828,2023-04-30 09:48,f_f000013
f000013_900030,128.3572913,37.5640828,2023-04-30 09:50,f_f000013
f000013_900030,128.3572913,37.5640828,2023-04-30 09:50,f_f000013
f000013_900030,128.3572913,37.5640828,2023-04-30 09:52,f_f000013
f000013_900030,128.3572913,37.5640828,2023-04-30 09:53,f_f000013
f000013_900030,128.3572913,37.5640828,2023-04-30 09:54,f_f000013
f000013_900030,128.3572913,37.5640828,2023-04-30 09:55,f_f000013
f000013_900030,128.3572913,37.5640828,2023-04-30 09:56,f_f000013
f000013_900030,128.3572913,37.5640828,2023-04-30 09:57,f_f000013
f000013_900030,128.3572913,37.5640828,2023-04-30 09:58,f_f000013
f000013_900030,128.3572913,37.5640828,2023-04-30 09:59,f_f000013
f000013_900030,128.3572913,37.5640828,2023-04-30 10:00,f_f000013
f000013_900030,128.3572913,37.5640828,2023-04-30 10:01,f_f000013
f000013_900030,128.3572913,37.5640828,2023-04-30 10:02,f_f000013
f000013_900030,128.3572913,37.5640828,2023-04-30 10:03,f_f000013
f000013_900030,128.3572913,37.5640828,2023-04-30 10:04,f_f000013
f000013_900030,128.3572913,37.5640828,2023-04-30 10:05,f_f000013
f000013_900030,128.3572913,37.5640828,2023-04-30 10:05,f_f000013
f000013_900030,128.3572913,37.5640828,2023-04-30 10:07,f_f000013
f000013_900030,128.3572913,37.5640828,2023-04-30 10:08,f_f000013
f000013_900030,128.3572913,37.5640828,2023-04-30 10:09,f_f000013
f000013_900030,128.3572913,37.5640828,2023-04-30 10:10,f_f000013
f000013_900030,128.3572913,37.5640828,2023-04-30 10:11,f_f000013
f000013_900030,128.3572913,37.5640828,2023-04-30 10:12,f_f000013
f000013_900030,128.3572913,37.5640828,2023-04-30 10:13,f_f000013
f000013_900030,128.3572913,37.5640828,2023-04-30 10:14,f_f000013
f000013_900030,128.3572913,37.5640828,2023-04-30 10:15,f_f000013
f000013_900030,128.3572913,37.5640828,2023-04-30 10:16,f_f000013
f000013_900030,128.3572913,37.5640828,2023-04-30 10:17,f_f000013
f000013_900030,128.3496952,37.5621777,2023-04-30 10:18,f_f000013
f000013_900030,128.3337946,37.5575181,2023-04-30 10:19,f_f000013
f000013_900030,128.3185376,37.5523973,2023-04-30 10:20,f_f000013
f000013_900030,128.3185376,37.5523973,2023-04-30 10:20,f_f000013
f000013_900030,128.2881337,37.5303432,2023-04-30 10:22,f_f000013
f000013_900030,128.2735097,37.5222549,2023-04-30 10:23,f_f000013
f000013_900030,128.2557063,37.519138,2023-04-30 10:24,f_f000013
f000013_900030,128.2428055,37.508522,2023-04-30 10:25,f_f000013
f000013_900030,128.2291613,37.4985474,2023-04-30 10:26,f_f000013
f000013_900030,128.211285,37.4948787,2023-04-30 10:27,f_f000013
f000013_900030,128.1938876,37.4907317,2023-04-30 10:28,f_f000013
f000013_900030,128.1763661,37.4871208,2023-04-30 10:29,f_f000013
f000013_900030,128.1613455,37.4799707,2023-04-30 10:30,f_f000013
f000013_900030,128.1513797,37.469998,2023-04-30 10:31,f_f000013
f000013_900030,128.1513797,37.469998,2023-04-30 10:32,f_f000013
f000013_900030,128.1278,37.4657219,2023-04-30 10:33,f_f000013
f000013_900030,128.1158363,37.4727266,2023-04-30 10:34,f_f000013
f000013_900030,128.1053346,37.4679427,2023-04-30 10:35,f_f000013
f000013_900030,128.10632,37.4570468,2023-04-30 10:36,f_f000013
f000013_900030,128.1000606,37.4473036,2023-04-30 10:37,f_f000013
f000013_900030,128.0958738,37.4385918,2023-04-30 10:38,f_f000013
f000013_900030,128.0835707,37.4422888,2023-04-30 10:39,f_f000013
f000013_900030,128.0646087,37.4470318,2023-04-30 10:40,f_f000013
f000013_900030,128.0462837,37.4494595,2023-04-30 10:41,f_f000013
f000013_900030,128.0285223,37.4404331,2023-04-30 10:42,f_f000013
f000013_900030,128.010793,37.4350772,2023-04-30 10:43,f_f000013
f000013_900030,128.0018726,37.4201745,2023-04-30 10:44,f_f000013
f000013_900030,127.9844867,37.4061791,2023-04-30 10:46,f_f000013
f000013_900030,127.9656287,37.4044851,2023-04-30 10:47,f_f000013
f000013_900030,127.9473921,37.4013193,2023-04-30 10:48,f_f000013
f000013_900030,127.9337784,37.3931224,2023-04-30 10:49,f_f000013
f000013_900030,127.9272743,37.377904,2023-04-30 10:50,f_f000013
f000013_900030,127.9132781,37.368204,2023-04-30 10:51,f_f000013
f000013_900030,127.8969794,37.3590115,2023-04-30 10:52,f_f000013
f000013_900030,127.8791673,37.3484852,2023-04-30 10:53,f_f000013
f000013_900030,127.8600496,37.3386311,2023-04-30 10:54,f_f000013
f000013_900030,127.8600496,37.3386311,2023-04-30 10:54,f_f000013
f000013_900030,127.8465481,37.3248811,2023-04-30 10:55,f_f000013
f000013_900030,127.8465481,37.3248811,2023-04-30 10:55,f_f000013
f000013_900030,127.8310172,37.3157712,2023-04-30 10:56,f_f000013
f000013_900030,127.8203754,37.3036637,2023-04-30 10:58,f_f000013
f000013_900030,127.817401,37.296661,2023-04-30 10:59,f_f000013
f000013_900030,127.817401,37.296661,2023-04-30 11:00,f_f000013
f000013_900030,127.817401,37.296661,2023-04-30 11:01,f_f000013
f000013_900030,127.817401,37.296661,2023-04-30 11:02,f_f000013
f000013_900030,127.8161787,37.2896372,2023-04-30 11:03,f_f000013
f000013_900030,127.8080612,37.2773873,2023-04-30 11:04,f_f000013
f000013_900030,127.7914943,37.2698564,2023-04-30 11:05,f_f000013
f000013_900030,127.7746733,37.2603153,2023-04-30 11:06,f_f000013
f000013_900030,127.7746733,37.2603153,2023-04-30 11:06,f_f000013
f000013_900030,127.7621161,37.2468077,2023-04-30 11:07,f_f000013
f000013_900030,127.7621161,37.2468077,2023-04-30 11:08,f_f000013
f000013_900030,127.7290167,37.2452411,2023-04-30 11:09,f_f000013
f000013_900030,127.710823,37.2505977,2023-04-30 11:10,f_f000013
f000013_900030,127.6898246,37.2546374,2023-04-30 11:11,f_f000013
f000013_900030,127.670753,37.2544134,2023-04-30 11:12,f_f000013
f000013_900030,127.6502211,37.2522886,2023-04-30 11:13,f_f000013
f000013_900030,127.6293733,37.2473857,2023-04-30 11:14,f_f000013
f000013_900030,127.6103785,37.2377322,2023-04-30 11:15,f_f000013
f000013_900030,127.5936884,37.2319873,2023-04-30 11:16,f_f000013
f000013_900030,127.5737904,37.2386859,2023-04-30 11:17,f_f000013
f000013_900030,127.5556104,37.2405274,2023-04-30 11:18,f_f000013
f000013_900030,127.5385666,37.2394018,2023-04-30 11:19,f_f000013
f000013_900030,127.5241625,37.2422733,2023-04-30 11:20,f_f000013
f000013_900030,127.506588,37.2446788,2023-04-30 11:21,f_f000013
f000013_900030,127.488136,37.2458066,2023-04-30 11:22,f_f000013
f000013_900030,127.4683575,37.2430779,2023-04-30 11:23,f_f000013
f000013_900030,127.4485925,37.2376691,2023-04-30 11:24,f_f000013
f000013_900030,127.4334813,37.2346907,2023-04-30 11:25,f_f000013
f000013_900030,127.4142039,37.2409661,2023-04-30 11:26,f_f000013
f000013_900030,127.3929186,37.2401082,2023-04-30 11:27,f_f000013
f000013_900030,127.3741609,37.2408893,2023-04-30 11:28,f_f000013
f000013_900030,127.3588274,37.2448711,2023-04-30 11:29,f_f000013
f000013_900030,127.3464645,37.2519922,2023-04-30 11:30,f_f000013
f000013_900030,127.3464645,37.2519922,2023-04-30 11:30,f_f000013
f000013_900030,127.3280561,37.2502946,2023-04-30 11:31,f_f000013
f000013_900030,127.311804,37.2451418,2023-04-30 11:32,f_f000013
f000013_900030,127.2967946,37.2404018,2023-04-30 11:33,f_f000013
f000013_900030,127.2961796,37.2362116,2023-04-30 11:34,f_f000013
f000013_900030,127.2990974,37.2305883,2023-04-30 11:35,f_f000013
f000013_900030,127.3002284,37.2293769,2023-04-30 11:36,f_f000013
f000013_900030,127.3079395,37.2248446,2023-04-30 11:37,f_f000013
f000013_900030,127.3158037,37.2195306,2023-04-30 11:38,f_f000013
f000013_900030,127.3219393,37.2134565,2023-04-30 11:39,f_f000013
f000013_900030,127.3252044,37.2009695,2023-04-30 11:40,f_f000013
f000013_900030,127.3222623,37.1931982,2023-04-30 11:41,f_f000013
f000013_900030,127.3146701,37.1925499,2023-04-30 11:42,f_f000013
f000013_900030,127.3146701,37.1925499,2023-04-30 11:43,f_f000013
f000013_900030,127.3146701,37.1925499,2023-04-30 11:44,f_f000013
f000013_900030,127.3146701,37.1925499,2023-04-30 11:45,f_f000013
f000013_900030,127.3146701,37.1925499,2023-04-30 11:45,f_f000013
f000013_900030,127.3146701,37.1925499,2023-04-30 11:47,f_f000013
f000013_900030,127.3146701,37.1925499,2023-04-30 11:48,f_f000013
f000013_900030,127.3146701,37.1925499,2023-04-30 11:49,f_f000013
f000013_900030,127.3146701,37.1925499,2023-04-30 11:50,f_f000013
f000013_900030,127.3146701,37.1925499,2023-04-30 11:51,f_f000013
f000013_900030,127.3146701,37.1925499,2023-04-30 11:51,f_f000013
f000013_900030,127.3146701,37.1925499,2023-04-30 11:52,f_f000013
f000013_900030,127.3146701,37.1925499,2023-04-30 11:53,f_f000013
f000013_900030,127.3146701,37.1925499,2023-04-30 11:54,f_f000013
f000013_900030,127.3146701,37.1925499,2023-04-30 11:55,f_f000013
f000013_900030,127.3146701,37.1925499,2023-04-30 11:55,f_f000013
f000013_900030,127.3146701,37.1925499,2023-04-30 11:57,f_f000013
f000013_900030,127.3146701,37.1925499,2023-04-30 11:57,f_f000013
f000013_900030,127.3146701,37.1925499,2023-04-30 11:58,f_f000013
f000013_900030,127.3146701,37.1925499,2023-04-30 11:59,f_f000013
f000013_900030,127.3146701,37.1925499,2023-04-30 12:00,f_f000013
f000013_900030,127.3146701,37.1925499,2023-04-30 12:01,f_f000013
f000013_900030,127.3146701,37.1925499,2023-04-30 12:02,f_f000013
f000013_900030,127.3146701,37.1925499,2023-04-30 12:03,f_f000013
f000013_900030,127.3146701,37.1925499,2023-04-30 12:04,f_f000013
f000013_900030,127.3146701,37.1925499,2023-04-30 12:05,f_f000013
f000013_900030,127.3146701,37.1925499,2023-04-30 12:06,f_f000013
f000013_900030,127.3146701,37.1925499,2023-04-30 12:07,f_f000013
f000013_900030,127.3146701,37.1925499,2023-04-30 12:08,f_f000013
f000013_900030,127.3146701,37.1925499,2023-04-30 12:09,f_f000013
f000013_900030,127.3146701,37.1925499,2023-04-30 12:10,f_f000013
f000013_900030,127.3146701,37.1925499,2023-04-30 12:11,f_f000013
f000013_900030,127.3146701,37.1925499,2023-04-30 12:12,f_f000013
f000013_900030,127.3146701,37.1925499,2023-04-30 12:13,f_f000013
f000013_900030,127.3146701,37.1925499,2023-04-30 12:14,f_f000013
f000013_900030,127.3146701,37.1925499,2023-04-30 12:15,f_f000013
f000013_900030,127.3146701,37.1925499,2023-04-30 12:16,f_f000013
f000013_900030,127.3146701,37.1925499,2023-04-30 12:17,f_f000013
f000013_900030,127.3146701,37.1925499,2023-04-30 12:18,f_f000013
f000013_900030,127.3146701,37.1925499,2023-04-30 12:18,f_f000013
f000013_900030,127.3146701,37.1925499,2023-04-30 12:19,f_f000013
f000013_900030,127.3146701,37.1925499,2023-04-30 12:19,f_f000013
f000013_900030,127.3146701,37.1925499,2023-04-30 12:20,f_f000013
f000013_900030,127.3146701,37.1925499,2023-04-30 12:21,f_f000013
f000013_900030,127.3146701,37.1925499,2023-04-30 12:22,f_f000013
f000013_900030,127.3146701,37.1925499,2023-04-30 12:23,f_f000013
f000013_900030,127.3146701,37.1925499,2023-04-30 12:24,f_f000013
f000013_900030,127.3146701,37.1925499,2023-04-30 12:25,f_f000013
f000013_900030,127.3146701,37.1925499,2023-04-30 12:26,f_f000013
f000013_900030,127.3146701,37.1925499,2023-04-30 12:27,f_f000013
f000013_900030,127.3146701,37.1925499,2023-04-30 12:28,f_f000013
f000013_900030,127.3146701,37.1925499,2023-04-30 12:29,f_f000013
f000013_900030,127.3146701,37.1925499,2023-04-30 12:30,f_f000013
f000013_900030,127.3146701,37.1925499,2023-04-30 12:31,f_f000013
f000013_900030,127.3146701,37.1925499,2023-04-30 12:32,f_f000013
f000013_900030,127.3146701,37.1925499,2023-04-30 12:32,f_f000013
f000013_900030,127.3146701,37.1925499,2023-04-30 12:33,f_f000013
f000013_900030,127.3146701,37.1925499,2023-04-30 12:34,f_f000013
f000013_900030,127.3146701,37.1925499,2023-04-30 12:35,f_f000013
f000013_900030,127.3146701,37.1925499,2023-04-30 12:36,f_f000013
f000013_900030,127.3146701,37.1925499,2023-04-30 12:36,f_f000013
f000013_900030,127.3146701,37.1925499,2023-04-30 12:37,f_f000013
f000013_900030,127.3146701,37.1925499,2023-04-30 12:38,f_f000013
f000013_900030,127.3146701,37.1925499,2023-04-30 12:39,f_f000013
f000013_900030,127.3146701,37.1925499,2023-04-30 12:40,f_f000013
f000013_900030,127.3146701,37.1925499,2023-04-30 12:41,f_f000013
f000013_900030,127.3098776,37.1921709,2023-04-30 12:42,f_f000013
f000013_900030,127.3098776,37.1921709,2023-04-30 12:43,f_f000013
f000013_900030,127.3098776,37.1921709,2023-04-30 12:43,f_f000013
f000013_900030,127.3098776,37.1921709,2023-04-30 12:44,f_f000013
f000013_900030,127.3098776,37.1921709,2023-04-30 12:45,f_f000013
f000013_900030,127.3098776,37.1921709,2023-04-30 12:46,f_f000013
f000013_900030,127.3098776,37.1921709,2023-04-30 12:47,f_f000013
f000013_900030,127.3098776,37.1921709,2023-04-30 12:48,f_f000013
f000013_900030,127.3098776,37.1921709,2023-04-30 12:49,f_f000013
f000013_900030,127.3098776,37.1921709,2023-04-30 12:50,f_f000013
f000013_900030,127.3098776,37.1921709,2023-04-30 12:51,f_f000013
f000013_900030,127.3098776,37.1921709,2023-04-30 12:52,f_f000013
f000013_900030,127.3098776,37.1921709,2023-04-30 12:52,f_f000013
f000013_900030,127.3098776,37.1921709,2023-04-30 12:53,f_f000013
f000013_900030,127.3098776,37.1921709,2023-04-30 12:53,f_f000013
f000013_900030,127.3098776,37.1921709,2023-04-30 12:54,f_f000013
f000013_900030,127.3098776,37.1921709,2023-04-30 12:54,f_f000013
f000013_900030,127.3098776,37.1921709,2023-04-30 12:55,f_f000013
f000013_900030,127.3096459,37.1928762,2023-04-30 12:55,f_f000013
f000013_900030,127.3123453,37.1921984,2023-04-30 12:56,f_f000013
f000013_900030,127.315542,37.1924377,2023-04-30 12:56,f_f000013
f000013_900030,127.3175668,37.1929684,2023-04-30 12:56,f_f000013
f000013_900030,127.3201423,37.1928477,2023-04-30 12:57,f_f000013
f000013_900030,127.3238467,37.1935288,2023-04-30 12:57,f_f000013
f000013_900030,127.324482,37.1936419,2023-04-30 12:58,f_f000013
f000013_900030,127.3258849,37.191643,2023-04-30 12:58,f_f000013
f000013_900030,127.3286645,37.1874764,2023-04-30 12:59,f_f000013
f000013_900030,127.3327013,37.1836963,2023-04-30 12:59,f_f000013
f000013_900030,127.3357895,37.180636,2023-04-30 13:00,f_f000013
f000013_900030,127.3334932,37.177339,2023-04-30 13:00,f_f000013
f000013_900030,127.3311053,37.1740871,2023-04-30 13:01,f_f000013
f000013_900030,127.329025,37.1713699,2023-04-30 13:01,f_f000013
f000013_900030,127.3269011,37.168272,2023-04-30 13:01,f_f000013
f000013_900030,127.3244841,37.1652292,2023-04-30 13:02,f_f000013
f000013_900030,127.3201196,37.1639074,2023-04-30 13:02,f_f000013
f000013_900030,127.3178934,37.1617796,2023-04-30 13:03,f_f000013
f000013_900030,127.3161678,37.160669,2023-04-30 13:03,f_f000013
f000013_900030,127.3154561,37.1603172,2023-04-30 13:04,f_f000013
f000013_900030,127.3123554,37.156505,2023-04-30 13:04,f_f000013
f000013_900030,127.3123239,37.1529099,2023-04-30 13:05,f_f000013
f000013_900030,127.3123628,37.1498769,2023-04-30 13:05,f_f000013
f000013_900030,127.3117518,37.1472018,2023-04-30 13:06,f_f000013
f000013_900030,127.3105177,37.1443858,2023-04-30 13:06,f_f000013
f000013_900030,127.30927,37.14206,2023-04-30 13:06,f_f000013
f000013_900030,127.3086201,37.1397431,2023-04-30 13:07,f_f000013
f000013_900030,127.3073286,37.1379161,2023-04-30 13:07,f_f000013
f000013_900030,127.3073532,37.1357832,2023-04-30 13:08,f_f000013
f000013_900030,127.3092868,37.1335829,2023-04-30 13:08,f_f000013
f000013_900030,127.310557,37.1309877,2023-04-30 13:09,f_f000013
f000013_900030,127.3111294,37.12828,2023-04-30 13:09,f_f000013
f000013_900030,127.3099674,37.1258515,2023-04-30 13:10,f_f000013
f000013_900030,127.3087574,37.1218256,2023-04-30 13:10,f_f000013
f000013_900030,127.309662,37.1185164,2023-04-30 13:11,f_f000013
f000013_900030,127.3106989,37.1155417,2023-04-30 13:11,f_f000013
f000013_900030,127.3125775,37.1122429,2023-04-30 13:11,f_f000013
f000013_900030,127.3130404,37.1085567,2023-04-30 13:12,f_f000013
f000013_900030,127.3124508,37.1064048,2023-04-30 13:12,f_f000013
f000013_900030,127.3124508,37.1064048,2023-04-30 13:13,f_f000013
f000013_900030,127.3124508,37.1064048,2023-04-30 13:13,f_f000013
f000013_900030,127.3119045,37.1048941,2023-04-30 13:14,f_f000013
f000013_900030,127.3102528,37.1018433,2023-04-30 13:14,f_f000013
f000013_900030,127.3097329,37.0990943,2023-04-30 13:15,f_f000013
f000013_900030,127.3049068,37.100439,2023-04-30 13:15,f_f000013
f000013_900030,127.3013317,37.1006502,2023-04-30 13:15,f_f000013
f000013_900030,127.2963173,37.1004578,2023-04-30 13:16,f_f000013
f000013_900030,127.2920453,37.0998155,2023-04-30 13:16,f_f000013
f000013_900030,127.2895163,37.0971254,2023-04-30 13:17,f_f000013
f000013_900030,127.2876159,37.0945305,2023-04-30 13:17,f_f000013
f000013_900030,127.2846438,37.0923729,2023-04-30 13:18,f_f000013
f000013_900030,127.2816568,37.0911303,2023-04-30 13:18,f_f000013
f000013_900030,127.2783032,37.0900784,2023-04-30 13:19,f_f000013
f000013_900030,127.2760434,37.0887282,2023-04-30 13:19,f_f000013
f000013_900030,127.2737042,37.0875097,2023-04-30 13:20,f_f000013
f000013_900030,127.2717698,37.0863572,2023-04-30 13:20,f_f000013
f000013_900030,127.2708714,37.084378,2023-04-30 13:20,f_f000013
f000013_900030,127.2693694,37.0820899,2023-04-30 13:21,f_f000013
f000013_900030,127.2662087,37.0816978,2023-04-30 13:21,f_f000013
f000013_900030,127.2640986,37.0818297,2023-04-30 13:22,f_f000013
f000013_900030,127.2624091,37.0826275,2023-04-30 13:22,f_f000013
f000013_900030,127.261245,37.0834236,2023-04-30 13:23,f_f000013
f000013_900030,127.2601845,37.08326,2023-04-30 13:23,f_f000013
f000013_900030,127.259103,37.0858754,2023-04-30 13:24,f_f000013
f000013_900030,127.2586931,37.0929142,2023-04-30 13:24,f_f000013
f000013_900030,127.2562222,37.0996019,2023-04-30 13:25,f_f000013
f000013_900030,127.2518327,37.1050673,2023-04-30 13:25,f_f000013
f000013_900030,127.2424173,37.106347,2023-04-30 13:25,f_f000013
f000013_900030,127.2329219,37.1050996,2023-04-30 13:26,f_f000013
f000013_900030,127.2241288,37.1069806,2023-04-30 13:26,f_f000013
f000013_900030,127.2190643,37.1078969,2023-04-30 13:27,f_f000013
f000013_900030,127.2185581,37.105101,2023-04-30 13:27,f_f000013
f000013_900030,127.2174748,37.0997195,2023-04-30 13:28,f_f000013
f000013_900030,127.2137113,37.094341,2023-04-30 13:28,f_f000013
f000013_900030,127.2103895,37.0894564,2023-04-30 13:29,f_f000013
f000013_900030,127.2102487,37.0829357,2023-04-30 13:29,f_f000013
f000013_900030,127.2107802,37.0755328,2023-04-30 13:30,f_f000013
f000013_900030,127.204325,37.0716096,2023-04-30 13:30,f_f000013
f000013_900030,127.1954622,37.0709236,2023-04-30 13:30,f_f000013
f000013_900030,127.1867801,37.0699921,2023-04-30 13:31,f_f000013
f000013_900030,127.1797305,37.0683241,2023-04-30 13:31,f_f000013
f000013_900030,127.1719714,37.0645124,2023-04-30 13:32,f_f000013
f000013_900030,127.1674852,37.0587589,2023-04-30 13:32,f_f000013
f000013_900030,127.1629703,37.0519671,2023-04-30 13:33,f_f000013
f000013_900030,127.1595949,37.0473283,2023-04-30 13:33,f_f000013
f000013_900030,127.1549905,37.0422753,2023-04-30 13:34,f_f000013
f000013_900030,127.149626,37.0373766,2023-04-30 13:34,f_f000013
f000013_900030,127.1419313,37.0343,2023-04-30 13:35,f_f000013
f000013_900030,127.1341469,37.0323239,2023-04-30 13:35,f_f000013
f000013_900030,127.1262718,37.0307875,2023-04-30 13:35,f_f000013
f000013_900030,127.1184595,37.0273228,2023-04-30 13:36,f_f000013
f000013_900030,127.1103996,37.0235957,2023-04-30 13:36,f_f000013
f000013_900030,127.1036731,37.0228807,2023-04-30 13:37,f_f000013
f000013_900030,127.0946249,37.0231516,2023-04-30 13:37,f_f000013
f000013_900030,127.0854544,37.0241305,2023-04-30 13:38,f_f000013
f000013_900030,127.0779809,37.0244018,2023-04-30 13:38,f_f000013
f000013_900030,127.0718148,37.0244322,2023-04-30 13:39,f_f000013
f000013_900030,127.0642396,37.0245059,2023-04-30 13:39,f_f000013
f000013_900030,127.0580404,37.0238668,2023-04-30 13:40,f_f000013
f000013_900030,127.054674,37.0239094,2023-04-30 13:40,f_f000013
f000013_900030,127.05411,37.0269926,2023-04-30 13:40,f_f000013
f000013_900030,127.05411,37.0269926,2023-04-30 13:41,f_f000013
f000013_900030,127.0502673,37.0273954,2023-04-30 13:42,f_f000013
f000013_900030,127.0410666,37.0278888,2023-04-30 13:44,f_f000013
f000013_900030,127.041043,37.0304793,2023-04-30 13:44,f_f000013
f000013_900030,127.041043,37.0304793,2023-04-30 13:45,f_f000013
f000013_900030,127.0407666,37.0336316,2023-04-30 13:45,f_f000013
f000013_900030,127.0403938,37.0351982,2023-04-30 13:46,f_f000013
f000013_900030,127.0403938,37.0351982,2023-04-30 13:47,f_f000013
f000013_900030,127.0403938,37.0351982,2023-04-30 13:48,f_f000013
f000013_900030,127.0403938,37.0351982,2023-04-30 13:49,f_f000013
f000013_900030,127.0403938,37.0351982,2023-04-30 13:50,f_f000013
f000013_900030,127.0403938,37.0351982,2023-04-30 13:52,f_f000013
f000013_900030,127.0403938,37.0351982,2023-04-30 13:53,f_f000013
f000013_900030,127.0403938,37.0351982,2023-04-30 13:54,f_f000013
f000013_900030,127.0403938,37.0351982,2023-04-30 13:55,f_f000013
f000013_900030,127.0403938,37.0351982,2023-04-30 13:56,f_f000013
f000013_900030,127.0403938,37.0351982,2023-04-30 13:57,f_f000013
f000013_900030,127.0403938,37.0351982,2023-04-30 13:58,f_f000013
f000013_900030,127.0403938,37.0351982,2023-04-30 13:59,f_f000013
f000013_900030,127.0403938,37.0351982,2023-04-30 14:01,f_f000013
f000013_900030,127.0403938,37.0351982,2023-04-30 14:02,f_f000013
f000013_900030,127.0403938,37.0351982,2023-04-30 14:03,f_f000013
f000013_900030,127.0403938,37.0351982,2023-04-30 14:04,f_f000013
f000013_900030,127.0403938,37.0351982,2023-04-30 14:05,f_f000013
f000013_900030,127.0403938,37.0351982,2023-04-30 14:07,f_f000013
f000013_900030,127.0403938,37.0351982,2023-04-30 14:08,f_f000013
f000013_900030,127.0403938,37.0351982,2023-04-30 14:09,f_f000013
f000013_900030,127.0403938,37.0351982,2023-04-30 14:10,f_f000013
f000013_900030,127.0403938,37.0351982,2023-04-30 14:12,f_f000013
f000013_900030,127.0403938,37.0351982,2023-04-30 14:13,f_f000013
f000013_900030,127.0403938,37.0351982,2023-04-30 14:14,f_f000013
f000013_900030,127.0403938,37.0351982,2023-04-30 14:15,f_f000013
f000013_900030,127.0403938,37.0351982,2023-04-30 14:17,f_f000013
f000013_900030,127.0403938,37.0351982,2023-04-30 14:19,f_f000013
f000013_900030,127.0403938,37.0351982,2023-04-30 14:20,f_f000013
f000013_900030,127.0403938,37.0351982,2023-04-30 14:21,f_f000013
f000013_900030,127.0403938,37.0351982,2023-04-30 14:23,f_f000013
f000013_900030,127.0403938,37.0351982,2023-04-30 14:25,f_f000013
f000013_900030,127.0403938,37.0351982,2023-04-30 14:27,f_f000013
f000013_900030,127.0403938,37.0351982,2023-04-30 14:28,f_f000013
f000013_900030,127.0403938,37.0351982,2023-04-30 14:30,f_f000013
f000013_900030,127.0403938,37.0351982,2023-04-30 14:32,f_f000013
f000013_900030,127.0403938,37.0351982,2023-04-30 14:34,f_f000013
f000013_900030,127.0403938,37.0351982,2023-04-30 14:34,f_f000013
f000013_900030,127.0403938,37.0351982,2023-04-30 14:36,f_f000013
f000013_900030,127.0403938,37.0351982,2023-04-30 14:38,f_f000013
f000013_900030,127.0403938,37.0351982,2023-04-30 14:40,f_f000013
f000013_900030,127.0403938,37.0351982,2023-04-30 14:40,f_f000013
f000013_900030,127.0403938,37.0351982,2023-04-30 14:42,f_f000013
f000013_900030,127.0403938,37.0351982,2023-04-30 14:44,f_f000013
f000013_900030,127.0403938,37.0351982,2023-04-30 14:46,f_f000013
f000013_900030,127.0403938,37.0351982,2023-04-30 14:47,f_f000013
f000013_900030,127.0403938,37.0351982,2023-04-30 14:49,f_f000013
f000013_900030,127.0403938,37.0351982,2023-04-30 14:51,f_f000013
f000013_900030,127.0403938,37.0351982,2023-04-30 14:53,f_f000013
f000013_900030,127.0403938,37.0351982,2023-04-30 14:53,f_f000013
f000013_900030,127.0403938,37.0351982,2023-04-30 14:55,f_f000013
f000013_900030,127.0403938,37.0351982,2023-04-30 14:56,f_f000013
f000013_900030,127.0403938,37.0351982,2023-04-30 15:21,f_f000013
f000013_900030,127.0403938,37.0351982,2023-04-30 15:33,f_f000013
f000013_900030,127.0403938,37.0351982,2023-04-30 15:56,f_f000013
f000013_900030,127.0403938,37.0351982,2023-04-30 15:58,f_f000013
f000013_900030,127.0403938,37.0351982,2023-04-30 15:59,f_f000013
f000013_900030,127.0403938,37.0351982,2023-04-30 16:01,f_f000013
f000013_900030,127.0403938,37.0351982,2023-04-30 16:03,f_f000013
f000013_900030,127.0403938,37.0351982,2023-04-30 16:04,f_f000013
f000013_900030,127.0403938,37.0351982,2023-04-30 16:06,f_f000013
f000013_900030,127.0385243,37.0349959,2023-04-30 16:08,f_f000013
f000013_900030,127.0385243,37.0349959,2023-04-30 16:09,f_f000013
f000013_900030,127.0385243,37.0349959,2023-04-30 16:11,f_f000013
f000013_900030,127.0385243,37.0349959,2023-04-30 16:12,f_f000013
f000013_900030,127.0385243,37.0349959,2023-04-30 16:14,f_f000013
f000013_900030,127.0385243,37.0349959,2023-04-30 16:15,f_f000013
f000013_900030,127.0385243,37.0349959,2023-04-30 16:16,f_f000013
f000013_900030,127.0385243,37.0349959,2023-04-30 16:18,f_f000013
f000013_900030,127.0385243,37.0349959,2023-04-30 16:20,f_f000013
f000013_900030,127.0385243,37.0349959,2023-04-30 16:21,f_f000013
f000013_900030,127.0385243,37.0349959,2023-04-30 16:23,f_f000013
f000013_900030,127.0385243,37.0349959,2023-04-30 16:24,f_f000013
f000013_900030,127.0385243,37.0349959,2023-04-30 16:26,f_f000013
f000013_900030,127.0385243,37.0349959,2023-04-30 16:28,f_f000013
f000013_900030,127.0385243,37.0349959,2023-04-30 16:29,f_f000013
f000013_900030,127.0385243,37.0349959,2023-04-30 16:31,f_f000013
f000013_900030,127.0385243,37.0349959,2023-04-30 16:33,f_f000013
f000013_900030,127.0385243,37.0349959,2023-04-30 16:34,f_f000013
f000013_900030,127.0385243,37.0349959,2023-04-30 16:35,f_f000013
f000013_900030,127.0385243,37.0349959,2023-04-30 16:35,f_f000013
f000013_900030,127.0385243,37.0349959,2023-04-30 16:36,f_f000013
f000013_900030,127.0385243,37.0349959,2023-04-30 16:37,f_f000013
f000013_900030,127.0385243,37.0349959,2023-04-30 16:39,f_f000013
f000013_900030,127.0385243,37.0349959,2023-04-30 16:40,f_f000013
f000013_900030,127.0385243,37.0349959,2023-04-30 16:42,f_f000013
f000013_900030,127.0385243,37.0349959,2023-04-30 16:43,f_f000013
f000013_900030,127.0385243,37.0349959,2023-04-30 16:45,f_f000013
f000013_900030,127.0385243,37.0349959,2023-04-30 16:46,f_f000013
f000013_900030,127.0385243,37.0349959,2023-04-30 16:48,f_f000013
f000013_900030,127.0385243,37.0349959,2023-04-30 16:49,f_f000013
f000013_900030,127.0385243,37.0349959,2023-04-30 16:51,f_f000013
f000013_900030,127.0385243,37.0349959,2023-04-30 16:53,f_f000013
f000013_900030,127.0385243,37.0349959,2023-04-30 16:55,f_f000013
f000013_900030,127.0385243,37.0349959,2023-04-30 16:55,f_f000013
f000013_900030,127.0385243,37.0349959,2023-04-30 16:57,f_f000013
f000013_900030,127.0385243,37.0349959,2023-04-30 16:59,f_f000013
f000013_900030,127.0385243,37.0349959,2023-04-30 17:00,f_f000013
f000013_900030,127.0385243,37.0349959,2023-04-30 17:02,f_f000013
f000013_900030,127.0385243,37.0349959,2023-04-30 17:04,f_f000013
f000013_900030,127.0385243,37.0349959,2023-04-30 17:06,f_f000013
f000013_900030,127.0385243,37.0349959,2023-04-30 17:08,f_f000013
f000013_900030,127.0385243,37.0349959,2023-04-30 17:09,f_f000013
f000013_900030,127.0385243,37.0349959,2023-04-30 17:11,f_f000013
f000013_900030,127.0385243,37.0349959,2023-04-30 17:13,f_f000013
f000013_900030,127.0385243,37.0349959,2023-04-30 17:14,f_f000013
f000013_900030,127.0385243,37.0349959,2023-04-30 17:16,f_f000013
f000013_900030,127.0385243,37.0349959,2023-04-30 17:18,f_f000013
f000013_900030,127.0385243,37.0349959,2023-04-30 17:20,f_f000013
f000013_900030,127.0385243,37.0349959,2023-04-30 17:21,f_f000013
f000013_900030,127.0385243,37.0349959,2023-04-30 17:23,f_f000013
f000013_900030,127.0385243,37.0349959,2023-04-30 17:25,f_f000013
f000013_900030,127.0385243,37.0349959,2023-04-30 17:27,f_f000013
f000013_900030,127.0385243,37.0349959,2023-04-30 17:29,f_f000013
f000013_900030,127.0385243,37.0349959,2023-04-30 17:31,f_f000013
f000013_900030,127.0385243,37.0349959,2023-04-30 17:31,f_f000013
f000013_900030,127.0385243,37.0349959,2023-04-30 17:54,f_f000013
f000013_900030,127.0385243,37.0349959,2023-04-30 18:12,f_f000013
f000013_900030,127.0385243,37.0349959,2023-04-30 18:27,f_f000013
f000013_900030,127.0385243,37.0349959,2023-04-30 18:32,f_f000013
f000013_900030,127.0385243,37.0349959,2023-04-30 18:48,f_f000013
f000013_900030,127.0385243,37.0349959,2023-04-30 19:07,f_f000013
f000013_900030,127.0385243,37.0349959,2023-04-30 19:17,f_f000013
f000013_900030,127.0385243,37.0349959,2023-04-30 19:18,f_f000013
f000013_900030,127.0385243,37.0349959,2023-04-30 19:18,f_f000013
f000013_900030,127.0385243,37.0349959,2023-04-30 19:19,f_f000013
f000013_900030,127.0385243,37.0349959,2023-04-30 19:21,f_f000013
f000013_900030,127.0385243,37.0349959,2023-04-30 19:23,f_f000013
f000013_900030,127.0385243,37.0349959,2023-04-30 19:24,f_f000013
f000013_900030,127.0385243,37.0349959,2023-04-30 19:26,f_f000013
f000013_900030,127.0385243,37.0349959,2023-04-30 19:28,f_f000013
f000013_900030,127.0385243,37.0349959,2023-04-30 19:30,f_f000013
f000013_900030,127.0385243,37.0349959,2023-04-30 19:32,f_f000013
f000013_900030,127.0385243,37.0349959,2023-04-30 19:33,f_f000013
f000013_900030,127.0385243,37.0349959,2023-04-30 19:35,f_f000013
f000013_900030,127.0385243,37.0349959,2023-04-30 19:36,f_f000013
f000013_900030,127.0385243,37.0349959,2023-04-30 19:37,f_f000013
f000013_900030,127.0385243,37.0349959,2023-04-30 19:39,f_f000013
f000013_900030,127.0385243,37.0349959,2023-04-30 19:40,f_f000013
f000013_900030,127.0385243,37.0349959,2023-04-30 19:42,f_f000013
f000013_900030,127.0385243,37.0349959,2023-04-30 19:43,f_f000013
f000013_900030,127.0385243,37.0349959,2023-04-30 19:45,f_f000013
f000013_900030,127.0385243,37.0349959,2023-04-30 19:47,f_f000013
f000013_900030,127.0385243,37.0349959,2023-04-30 19:48,f_f000013
f000013_900030,127.0385243,37.0349959,2023-04-30 19:50,f_f000013
f000013_900030,127.0385243,37.0349959,2023-04-30 19:52,f_f000013
f000013_900030,127.0385243,37.0349959,2023-04-30 19:54,f_f000013
f000013_900030,127.0385243,37.0349959,2023-04-30 19:56,f_f000013
f000013_900030,127.0385243,37.0349959,2023-04-30 19:58,f_f000013
f000013_900030,127.0385243,37.0349959,2023-04-30 20:00,f_f000013
f000013_900030,127.0385243,37.0349959,2023-04-30 20:02,f_f000013
f000013_900030,127.0385243,37.0349959,2023-04-30 20:03,f_f000013
f000013_900030,127.0385243,37.0349959,2023-04-30 20:05,f_f000013
f000013_900030,127.0385243,37.0349959,2023-04-30 20:07,f_f000013
f000013_900030,127.0385243,37.0349959,2023-04-30 20:09,f_f000013
f000013_900030,127.0385243,37.0349959,2023-04-30 20:10,f_f000013
f000013_900030,127.0385243,37.0349959,2023-04-30 20:12,f_f000013
f000013_900030,127.0385243,37.0349959,2023-04-30 20:14,f_f000013
f000013_900030,127.0385243,37.0349959,2023-04-30 20:16,f_f000013
f000013_900030,127.0385243,37.0349959,2023-04-30 20:17,f_f000013
f000013_900030,127.0385243,37.0349959,2023-04-30 20:19,f_f000013
f000013_900030,127.0378534,37.0343684,2023-04-30 20:21,f_f000013
f000013_900030,127.0378534,37.0343684,2023-04-30 20:23,f_f000013
f000013_900030,127.0378534,37.0343684,2023-04-30 20:23,f_f000013
f000013_900030,127.0378534,37.0343684,2023-04-30 20:25,f_f000013
f000013_900030,127.0378534,37.0343684,2023-04-30 20:27,f_f000013
f000013_900030,127.0378534,37.0343684,2023-04-30 20:28,f_f000013
f000013_900030,127.0378534,37.0343684,2023-04-30 20:28,f_f000013
f000013_900030,127.0378534,37.0343684,2023-04-30 20:29,f_f000013
f000013_900030,127.0378534,37.0343684,2023-04-30 20:31,f_f000013
f000013_900030,127.0378534,37.0343684,2023-04-30 20:33,f_f000013
f000013_900030,127.0378534,37.0343684,2023-04-30 20:34,f_f000013
f000013_900030,127.0378534,37.0343684,2023-04-30 20:36,f_f000013
f000013_900030,127.0378534,37.0343684,2023-04-30 20:37,f_f000013
f000013_900030,127.0378534,37.0343684,2023-04-30 20:38,f_f000013
f000013_900030,127.0378534,37.0343684,2023-04-30 20:40,f_f000013
f000013_900030,127.0378534,37.0343684,2023-04-30 20:42,f_f000013
f000013_900030,127.0378534,37.0343684,2023-04-30 20:43,f_f000013
f000013_900030,127.0378534,37.0343684,2023-04-30 20:45,f_f000013
f000013_900030,127.0324857,37.0397995,2023-04-30 20:47,f_f000013
f000013_900030,127.0324857,37.0397995,2023-04-30 20:49,f_f000013
f000013_900030,127.0324857,37.0397995,2023-04-30 20:49,f_f000013
f000013_900030,127.0324857,37.0397995,2023-04-30 20:51,f_f000013
f000013_900030,127.0324857,37.0397995,2023-04-30 20:53,f_f000013
f000013_900030,127.0324857,37.0397995,2023-04-30 20:55,f_f000013
f000013_900030,127.0324857,37.0397995,2023-04-30 20:56,f_f000013
f000013_900030,127.0324857,37.0397995,2023-04-30 20:57,f_f000013
f000013_900030,127.0324857,37.0397995,2023-04-30 20:59,f_f000013
f000013_900030,127.0324857,37.0397995,2023-04-30 21:01,f_f000013
f000013_900030,127.0324857,37.0397995,2023-04-30 21:02,f_f000013
f000013_900030,127.0324857,37.0397995,2023-04-30 21:03,f_f000013
f000013_900030,127.0324857,37.0397995,2023-04-30 21:04,f_f000013
f000013_900030,127.0324857,37.0397995,2023-04-30 21:05,f_f000013
f000013_900030,127.0324857,37.0397995,2023-04-30 21:06,f_f000013
f000013_900030,127.0324857,37.0397995,2023-04-30 21:07,f_f000013
f000013_900030,127.0324857,37.0397995,2023-04-30 21:07,f_f000013
f000013_900030,127.0324857,37.0397995,2023-04-30 21:08,f_f000013
f000013_900030,127.0324857,37.0397995,2023-04-30 21:09,f_f000013
f000013_900030,127.0324857,37.0397995,2023-04-30 21:10,f_f000013
f000013_900030,127.0324857,37.0397995,2023-04-30 21:10,f_f000013
f000013_900030,127.0324857,37.0397995,2023-04-30 21:11,f_f000013
f000013_900030,127.0324857,37.0397995,2023-04-30 21:12,f_f000013
f000013_900030,127.0324857,37.0397995,2023-04-30 21:12,f_f000013
f000013_900030,127.0324857,37.0397995,2023-04-30 21:14,f_f000013
f000013_900030,127.0324857,37.0397995,2023-04-30 21:14,f_f000013
f000013_900030,127.0324857,37.0397995,2023-04-30 21:15,f_f000013
f000013_900030,127.0324857,37.0397995,2023-04-30 21:17,f_f000013
f000013_900030,127.0324857,37.0397995,2023-04-30 21:19,f_f000013
f000013_900030,127.0324857,37.0397995,2023-04-30 21:21,f_f000013
f000013_900030,127.0324857,37.0397995,2023-04-30 21:22,f_f000013
f000013_900030,127.0324857,37.0397995,2023-04-30 21:24,f_f000013
f000013_900030,127.0324857,37.0397995,2023-04-30 21:26,f_f000013
f000013_900030,127.0324857,37.0397995,2023-04-30 21:27,f_f000013
f000013_900030,127.0324857,37.0397995,2023-04-30 21:29,f_f000013
f000013_900030,127.0314793,37.0401645,2023-04-30 21:30,f_f000013
f000013_900030,127.0314793,37.0401645,2023-04-30 21:32,f_f000013
f000013_900030,127.0314793,37.0401645,2023-04-30 21:34,f_f000013
f000013_900030,127.0314793,37.0401645,2023-04-30 21:36,f_f000013
f000013_900030,127.0314793,37.0401645,2023-04-30 21:36,f_f000013
f000013_900030,127.0314793,37.0401645,2023-04-30 21:38,f_f000013
f000013_900030,127.0314793,37.0401645,2023-04-30 21:40,f_f000013
f000013_900030,127.0314793,37.0401645,2023-04-30 21:41,f_f000013
f000013_900030,127.0314793,37.0401645,2023-04-30 21:43,f_f000013
f000013_900030,127.0314793,37.0401645,2023-04-30 21:43,f_f000013
f000013_900030,127.0314793,37.0401645,2023-04-30 21:45,f_f000013
f000013_900030,127.0314793,37.0401645,2023-04-30 21:47,f_f000013
f000013_900030,127.0314793,37.0401645,2023-04-30 21:49,f_f000013
f000013_900030,127.0314793,37.0401645,2023-04-30 21:51,f_f000013
f000013_900030,127.0314793,37.0401645,2023-04-30 21:52,f_f000013
f000013_900030,127.0314793,37.0401645,2023-04-30 21:53,f_f000013
f000013_900030,127.0314793,37.0401645,2023-04-30 21:55,f_f000013
f000013_900030,127.0314793,37.0401645,2023-04-30 21:57,f_f000013
f000013_900030,127.0314793,37.0401645,2023-04-30 21:58,f_f000013
f000013_900030,127.0314793,37.0401645,2023-04-30 22:00,f_f000013
f000013_900030,127.0314793,37.0401645,2023-04-30 22:01,f_f000013
f000013_900030,127.0314793,37.0401645,2023-04-30 22:03,f_f000013
f000013_900030,127.0264363,37.0397249,2023-04-30 22:04,f_f000013
f000013_900030,127.0264363,37.0397249,2023-04-30 22:06,f_f000013
f000013_900030,127.0264363,37.0397249,2023-04-30 22:08,f_f000013
f000013_900030,127.0264363,37.0397249,2023-04-30 22:10,f_f000013
f000013_900030,127.0264363,37.0397249,2023-04-30 22:11,f_f000013
f000013_900030,127.0264363,37.0397249,2023-04-30 22:12,f_f000013
f000013_900030,127.0264363,37.0397249,2023-04-30 22:14,f_f000013
f000013_900030,127.0264363,37.0397249,2023-04-30 22:21,f_f000013
f000013_900030,127.0264363,37.0397249,2023-04-30 22:23,f_f000013
f000013_900030,127.0264363,37.0397249,2023-04-30 22:24,f_f000013
f000013_900030,127.0264363,37.0397249,2023-04-30 22:26,f_f000013
f000013_900030,127.0264363,37.0397249,2023-04-30 22:28,f_f000013
