TRAVEL_ID,VISIT_AREA_ID,ACTIVITY_TYPE_CD,ACTIVITY_TYPE_SEQ,ACTIVITY_ETC,ACTIVITY_DTL,RSVT_YN,EXPND_SE,ADMISSION_SE
e_e005633,2307260003,1,0,,돼지김치구이(소)+공기밥2개,N,1,
e_e005633,2307260005,1,0,,한강 라면,N,1,
e_e005633,2307270001,1,0,,도미노피자 슈퍼디럭스 오리지널M,N,1,
e_e005633,2307270003,1,0,,감자탕(소)+공기밥 2개,Y,1,
e_e005633,2307280001,1,0,,쉑버거 한 개;치킨 쉑버거 한 개;프라이 한 개;초코쉐이크 한 개;딸기쉐이크 한 개,N,1,
e_e005633,2307280005,1,0,,돈까스덮밥;회덮밥,N,1,
e_e005633,2307270001,1,2,,츄로빅 클래식아이스초코 음료 2잔,N,1,
e_e005633,2307270001,1,3,,폴 바셋 초콜릿 혼합 아이스크림 컵 두 개,N,1,
e_e005633,2307260002,2,0,,아침 구매(파리바게트 롱롱소세지빵),N,1,
e_e005633,2307260002,2,1,,생수 구매,N,1,
e_e005633,2307260004,3,0,,강아지&고양이 구경,Y,1,2
e_e005633,2307280003,3,0,,토기 퍼즐 완성하기 체험;청화백자 및 청동기 문화 관람,N,5,1
e_e005633,2307270001,3,1,,놀이기구 체험 및 퍼레이드 관람,N,1,1
e_e005633,2307260005,4,1,,,,,
e_e005633,2307280003,4,1,,,,,
e_e005633,2307260006,5,0,,,,,
e_e005633,2307270002,5,0,,,,,
e_e005633,2307280002,6,1,,물품보관,N,5,
e_e005633,2307260003,6,2,,잠실새내역 물품보관함 기본 4시간,Y,1,
f_f000011,2304290002,1,0,,감자전,N,4,
f_f000011,2304290003,1,0,,모둠순대국밥 소머리국밥,N,1,
f_f000011,2304300001,1,0,,카페라떼2잔,N,1,
f_f000011,2304300008,1,0,,모듬회,Y,2,
f_f000011,2305010003,1,0,,밀크 팥빙수,N,1,
f_f000011,2305010005,1,0,,불고기핫도그 머쉬룸앤베이컨핫도그,N,1,
f_f000011,2305010006,1,0,,짜장밥,N,1,
f_f000011,2304300003,1,1,,치즈독 하와이완독 콜라,N,1,
f_f000011,2304300005,1,5,,감자전 오징어 순대 왕새우튀김 식혜,Y,2,
f_f000011,2304290004,2,0,,감자전,N,5,
f_f000011,2304290005,2,0,,참치김밥 2줄 포장,Y,1,
f_f000011,2304300007,2,0,,모듬회 소,Y,5,
f_f000011,2304300009,2,0,,오징어순대 감자전 식혜 왕새우튀김,N,5,
f_f000011,2304300004,4,0,,,,,
f_f000011,2305010004,4,0,,,,,
f_f000011,2304300002,4,1,,,,,
f_f000011,2304300002,5,0,,,,,
f_f000011,2304300006,5,0,,,,,
f_f000011,2305010002,5,0,,,,,
f_f000011,2304290002,5,1,,,,,
f_f000011,2304300004,5,1,,,,,
f_f000011,2304300008,5,1,,,,,
f_f000011,2305010004,5,1,,,,,
f_f000011,2304300005,5,3,,,,,
f_f000011,2304300006,7,1,,,,,
f_f000013,2304290002,1,0,,우동;라면,N,1,
f_f000013,2304290005,1,0,,물회;생선구이;곰치국,N,1,
f_f000013,2304290006,1,0,,커피;조각케익;과일주스,N,1,
f_f000013,2304300002,1,0,,커피와 쥬스;빵,N,1,
f_f000013,2304290001,2,0,,우유;밀크티;사이다,Y,1,
f_f000013,2304290008,2,0,,생신케이크 구매,N,1,
f_f000013,2304300001,2,2,,주유 및 아이쇼핑,N,1,
f_f000013,2304290003,3,0,,전망대에 올라가서  풍경 관람 후 산책로 내려옴,N,1,2
f_f000013,2304290004,3,0,,바다 관람,Y,5,2
f_f000013,2304290007,4,0,,,,,
f_f000027,2304280003,1,0,,커피 샌드위치,N,1,
f_f000027,2304280004,1,0,,짬뽕 짜장 탕수육,N,1,
f_f000027,2304280007,1,0,,밀면;만두,N,1,
f_f000027,2304290001,1,0,,돼지국밥,N,1,
f_f000027,2304290003,1,0,,밀면 자장면,N,1,
f_f000027,2304290004,1,0,,커피 케잌,N,1,
f_f000027,2304290005,1,0,,치킨 맥주 탄산수,N,1,
f_f000027,2304300003,1,0,,딤섬 오리훈제국수,N,1,
f_f000027,2304300006,1,0,,뒷고기,N,1,
f_f000027,2304300007,1,0,,아메리카노,N,1,
f_f000027,2304300005,1,1,,산딸기파르페,N,1,
f_f000027,2304300004,2,1,,다양한 어묵,N,1,
f_f000027,2304290002,3,0,,박물관 내 대형수족관 및 해양관련 글,Y,5,2
f_f000027,2304300005,3,2,,와인동굴,N,1,2
f_f000027,2304280002,4,0,,,,,
f_f000027,2304280005,4,0,,,,,
f_f000027,2304290006,4,0,,,,,
f_f000027,2304300001,4,0,,,,,
f_f000027,2304300002,4,0,,,,,
f_f000027,2304280006,4,1,,,,,
f_f000027,2304280008,4,1,,,,,
f_f000027,2304280006,5,0,,,,,
f_f000027,2304280008,5,0,,,,,
f_f000027,2304290007,5,0,,,,,
f_f000027,2304280003,5,1,,,,,
f_f000027,2304280009,5,1,,,,,
f_f000027,2304290004,5,1,,,,,
f_f000040,2304280001,1,0,,씨앗호떡,N,1,
f_f000040,2304280002,1,0,,바베큐,Y,1;2,
f_f000040,2304280008,1,0,,편의점,N,1,
f_f000040,2304290001,1,0,,짬뽕순두부;모두부,N,1,
f_f000040,2304290002,1,0,,음료;빵,N,1,
f_f000040,2304280001,2,1,,회;조개,N,5,
f_f000040,2304290003,4,0,,,,,
f_f000040,2304290002,4,1,,,,,
f_f000040,2304280001,4,2,,,,,
f_f000040,2304280008,5,1,,,,,
f_f000267,2305190004,1,0,,비빔콧등치기국수;생곤드레밥;통메밀부침;녹두빈대떡,N,1,
f_f000267,2305190005,1,0,,오곡라떼;오미자에이드,N,1,
f_f000267,2305190008,1,0,,마르게리따 피자;블러드오렌지에이드,N,1,
f_f000267,2305200002,1,0,,한우불고기버섯전골,N,1,
f_f000267,2305200001,3,0,,가리왕산 케이블카,N,1,2
f_f000267,2305190008,3,3,,듀오볼 테라피 클래스,Y,5,1
f_f000267,2305190008,3,4,,스파;사우나,N,5,1
f_f000267,2305190008,3,5,,명상 클래스,Y,5,1
f_f000267,2305190006,4,1,,,,,
f_f000267,2305200001,4,1,,,,,
f_f000267,2305200003,5,0,,,,,
f_f000267,2305190005,5,1,,,,,
f_f000267,2305190008,5,1,,,,,
f_f000267,2305190003,7,0,,,,,
f_f000267,2305190002,99,0,,,,,
f_f000291,2305190003,1,0,,커피와 샌드위치,Y,1,
f_f000291,2305190005,1,0,,자몽에이드,N,1,
f_f000291,2305190004,1,2,,꼬막비빔밥,N,1,
f_f000291,2305190005,3,1,,1.많은 사람들 2.슬픈 나의 젊은 날,N,5,2
f_f000291,2305190004,4,0,,,,,
f_f000291,2305190004,5,1,,,,,
f_f000291,2305190003,7,1,,,,,
f_f000338,2305200003,1,0,,등심돈가스;떡만두라면,N,1,
f_f000338,2305200006,1,0,,보리커피;멜크림,N,1,
f_f000338,2305210003,1,0,,멸치쌈밥;갈릭파전,N,1,
f_f000338,2305210004,1,0,,아이스 아메리카노 2잔,N,1,
f_f000338,2305200002,1,1,,모듬회,N,2,
f_f000338,2305200005,3,0,,양 먹이 주기,N,1,2
f_f000338,2305200004,3,2,,남해각 역사 전시,N,5,2
f_f000338,2305200004,4,1,,,,,
f_f000338,2305200005,4,1,,,,,
f_f000338,2305200007,4,1,,,,,
f_f000338,2305210002,4,1,,,,,
f_f000338,2305200002,4,2,,,,,
f_f000338,2305200007,5,0,,,,,
f_f000338,2305210002,5,0,,,,,
f_f000338,2305200003,5,1,,,,,
f_f000338,2305200006,5,1,,,,,
f_f000338,2305210005,5,2,,,,,
f_f000338,2305200002,5,3,,,,,
f_f000338,2305200004,5,3,,,,,
f_f000338,2305210005,7,1,,,,,
f_f000338,2305200003,7,2,,,,,
f_f000382,2305190003,1,0,,수제햄버거,Y,1,
f_f000382,2305190004,1,0,,아이스크림2개. 탄산음료1잔,N,1,
f_f000382,2305190006,1,0,,컵라면. 젤리,N,2,
f_f000382,2305190004,2,1,,색칠놀이 종이. 이젤용 종이롤. 수성색연필. 물감,N,1,
f_f000382,2305190003,4,2,,,,,
f_f000382,2305190006,5,1,,,,,
f_f000382,2305190002,6,0,,플로깅,N,5,
f_f000384,2305190002,1,0,,동치미국수;비빔국수,N,1,
f_f000384,2305190004,1,0,,벌집 아이스크림,N,1,
f_f000384,2305200004,1,0,,아몬드크림라떼;마들렌;티,N,1,
f_f000384,2305200002,1,1,,물회;전복물회;회덮밥,N,1,
f_f000384,2305190003,2,1,,닭강정,N,1,
f_f000384,2305190010,2,1,,꽈배기;핫도그;찹쌀팥도넛,N,1,
f_f000384,2305200001,3,0,,케이블카 탑승(왕복),N,1,1
f_f000384,2305200002,3,0,,투명카누 체험,N,1,1
f_f000384,2305200003,4,0,,,,,
f_f000384,2305200001,4,1,,,,,
f_f000384,2305200004,4,1,,,,,
f_f000384,2305190003,4,2,,,,,
f_f000384,2305200003,5,1,,,,,
f_f000384,2305200001,5,2,,,,,
f_f000384,2305200004,5,2,,,,,
f_f000384,2305190010,6,2,,바베큐;불멍 추가금,N,1,
f_f000429,2305190005,1,0,,리코타 치즈샐러드;이재모 크러스트;탄산음료,N,1,
f_f000429,2305190008,1,0,,살얼음 수제맥주;먹태구이;씨그램 라임,Y,1,
f_f000429,2305200004,1,0,,모듬회;소주,N,1,
f_f000429,2305200006,1,0,,커피;요구르트;과일쥬스,N,1,
f_f000429,2305210001,1,0,,커피;키위,Y,1,
f_f000429,2305210004,1,0,,돌솥제육볶음;돌솥매콤낙지,N,1,
f_f000429,2305200001,2,0,,캡슐액자,Y,1,
f_f000429,2305200002,2,0,,커피,Y,1,
f_f000429,2305190009,2,1,,숙박비 결제,Y,5,
f_f000429,2305210003,3,0,,요트탑승,Y,1,1
f_f000429,2305200001,3,1,,스카이캡슐탑승,Y,1,1
f_f000429,2305190006,4,0,,,,,
f_f000429,2305200003,4,0,,,,,
f_f000429,2305200007,4,0,,,,,
f_f000429,2305200008,4,0,,,,,
f_f000429,2305210002,4,0,,,,,
f_f000429,2305190005,4,1,,,,,
f_f000429,2305200005,4,1,,,,,
f_f000429,2305200001,4,2,,,Y,,
f_f000429,2305190007,5,0,,,,,
f_f000429,2305190009,5,0,,,,,
f_f000429,2305200009,5,0,,,,,
f_f000429,2305190006,5,1,,,,,
f_f000429,2305200007,5,1,,,,,
f_f000429,2305200005,5,2,,,,,
f_f000429,2305190002,7,0,,,,,
f_f000429,2305190003,7,0,,,,,
f_f000429,2305190004,7,0,,,,,
f_f000429,2305210005,7,0,,,,,
f_f000429,2305210006,7,0,,,,,
f_f000433,2306020002,1,0,,목살스테이크;새우필라프,N,1,
f_f000433,2306020003,1,0,,망고빙수,N,1,
f_f000433,2306030003,1,0,,초코라떼;카페라떼;생크림케익,N,1,
f_f000433,2306040001,1,0,,콘치즈닭갈비,N,1,
f_f000433,2306040003,1,0,,흑임자라떼;아이스티,N,1,
f_f000433,2306030001,1,1,,샤브샤브;칼국수;볶음밥,N,1,
f_f000433,2306030005,1,1,,햄버거 세트,N,1,
f_f000433,2306030004,2,0,,벨트;흰티,N,1,
f_f000433,2306030004,2,2,,화장품,N,1,
f_f000433,2306030004,2,3,,생활용품,N,1,
f_f000433,2306030004,2,4,,키링,N,1,
f_f000433,2306030002,3,0,,자연경관 감상;웰니스,N,5,2
f_f000433,2306040002,3,0,,등기산스카이워크 관람;갓바위 관람;출렁다리 체험,N,5,1
f_f000433,2306030002,4,1,,,,,
f_f000433,2306030004,4,1,,,,,
f_f000433,2306030006,4,1,,,,,
f_f000433,2306040002,4,1,,,,,
f_f000433,2306020003,5,1,,,,,
f_f000433,2306030001,5,2,,,,,
f_f000433,2306030002,5,2,,,,,
f_f000433,2306040002,5,2,,,,,
f_f000437,2305160004,1,0,,헛제사밥,Y,4,
f_f000437,2305160007,1,0,,커피와 케익 빵,N,1,
f_f000437,2305160010,1,0,,갈비,N,1,
f_f000437,2305170004,1,0,,간고등어 찜닭,Y,1,
f_f000437,2305170006,1,0,,선지국,N,1,
f_f000437,2305160003,3,0,,만휴정관람,N,5,2
f_f000437,2305160011,3,0,,문보트탑승,N,1,1
f_f000437,2305160008,4,0,,,,,
f_f000437,2305170002,4,0,,,,,
f_f000437,2305170003,4,0,,,,,
f_f000437,2305170005,4,0,,탈춤 구경,N,5,2
f_f000437,2305160003,4,1,,,,,
f_f000437,2305160005,4,1,,,,,
f_f000437,2305160006,4,1,,,,,
f_f000437,2305160002,5,0,,,,,
f_f000437,2305160009,5,0,,,,,
f_f000437,2305160006,5,2,,,,,
f_f000437,2305170007,7,0,,,,,
f_f000461,2306020002,1,0,,편의점 김밥;과자,N,1,
f_f000461,2306020005,1,0,,밀푀유나베;치킨;술,N,1,
f_f000461,2306030002,1,0,,아이스바닐라라떼,N,1,
f_f000461,2306030005,1,0,,라멘2개;음료수;만두,N,1,
f_f000461,2306030008,1,0,,소고기말이찜;술;짜파게티,N,1,
f_f000461,2306040002,1,0,,물냉면;비빔냉면,N,1,
f_f000461,2306020006,1,1,,탕후루,N,2,
f_f000461,2306030004,2,0,,엽서;작은소품,N,1,
f_f000461,2306030006,2,0,,물,N,1,
f_f000461,2306030007,2,0,,동전지갑,N,1,
f_f000461,2306040003,2,0,,문구류,N,1,
f_f000461,2306020002,2,1,,여행물품;옷,N,1,
f_f000461,2306030001,2,2,,물;음료수,Y,1,
f_f000461,2306030003,2,2,,아이쇼핑,N,5,
f_f000461,2306040003,2,2,,팔찌;기념자석;엽서,N,1,
f_f000461,2306040003,2,3,,음료수,N,1,
f_f000461,2306020006,3,0,,천마총;대릉원 등 유적 관람,N,5,2
f_f000461,2306020007,3,0,,첨성대 관람,N,5,2
f_f000461,2306030001,3,0,,아쿠아리움 관람,Y,1,2
f_f000461,2306030006,3,1,,해동 용궁사 관람,N,5,2
f_f000461,2306030007,3,1,,루지 체험,N,1,1
f_f000461,2306040001,4,0,,,,,
f_f000461,2306020007,4,1,,,,,
f_f000461,2306030003,4,1,,,,,
f_f000461,2306030009,4,1,,,,,
f_f000461,2306030006,4,2,,,,,
f_f000461,2306020010,5,0,,,,,
f_f000461,2306030009,5,0,,,,,
f_f000461,2306030010,5,0,,,,,
f_f000461,2306030002,5,1,,,,,
f_f000461,2306030008,5,1,,,,,
f_f000461,2306040001,5,1,,,,,
f_f000461,2306040003,5,1,,,,,
f_f000461,2306020002,5,6,,,,,
f_f000461,2306020003,7,0,,,,,
f_f000461,2306020004,7,0,,,,,
f_f000461,2306020008,7,0,,,,,
f_f000461,2306020009,7,0,,,,,
f_f000461,2306040004,7,0,,,,,
f_f000461,2306040005,7,0,,,,,
f_f000461,2306040007,7,0,,,,,
f_f000473,2305270003,1,0,,점심 공양(산채 비빔밥),N,4,
f_f000473,2305280001,1,0,,점심 공양,N,4,
f_f000473,2305280004,1,0,,삼겹살,Y,1,
f_f000473,2305280006,1,0,,닭목살 구이;소주;맥주,Y,1,
f_f000473,2305270002,2,0,,시계;가방;옷;등산화 아이쇼핑,Y,5,
f_f000473,2305290001,2,0,,삼겹살;목살,N,1,
f_f000473,2305270005,3,0,,함안 낙화놀이 체험,Y,5,1
f_f000473,2305280002,3,0,,분노의질주 영화관람,Y,5,2
f_f000473,2305280003,4,0,,,,,
f_f000473,2305280001,4,1,,,,,
f_f000473,2305270004,6,0,,사진촬영 사전미팅,Y,5,
f_f000473,2305280001,6,2,,소리길 등산,N,5,
f_f000473,2305290002,99,0,,,,,
f_f000484,2305230002,1,0,,코바코치즈돈가스;화덕고등어구이,N,1,
f_f000484,2305230004,1,0,,피자;스테이크;파스타;필라프;맥주;에이드,Y,1,
f_f000484,2305230005,1,0,,인절미설빙;망고설빙;딸기설빙,N,1,
f_f000484,2305240002,1,0,,설렁탕;만두국,N,1,
f_f000484,2305240005,1,0,,파스타;스테이크;음료,N,1,
f_f000484,2305250001,1,0,,핫도그;만두;소떡소떡,N,1,
f_f000484,2305260001,1,0,,스낵과자;요쿠르트,N,2,
f_f000484,2305270003,1,0,,스테이크;파스타;피자;맥주 등,Y,1,
f_f000484,2305270006,1,0,,활어회,Y,1;2,
f_f000484,2305280001,1,0,,갈미조개샤브샤브;갈삼구이,Y,1,
f_f000484,2305280002,1,0,,육회;불고기;매운갈비찜;비빔밥;떡볶이,N,1,
f_f000484,2305290003,1,0,,돼지갈비;LA갈비;막국수 등,N,1,
f_f000484,2305290004,1,0,,순대국,N,1,
f_f000484,2305290002,1,1,,아이스크림,N,2,
f_f000484,2305240005,1,2,,케이크;빵,N,2,
f_f000484,2305260002,1,2,,밀면;만두,N,1,
f_f000484,2305290004,1,2,,커피;소떡소떡,N,2,
f_f000484,2305250001,1,4,,굴떡국;불고기육회비빔밥,N,1,
f_f000484,2305260001,1,4,,회,N,2,
f_f000484,2305240003,2,0,,장난감;머리고무줄;옷걸이,N,1,
f_f000484,2305270004,3,0,,돌고래쇼 및 파충류 관람,N,1,2
f_f000484,2305290002,3,0,,바운스트램펄린,N,1,2
f_f000484,2305260001,3,1,,풀앤사우나 워터파크,N,1,2
f_f000484,2305270001,3,1,,바운스트램펄린,Y,1,2
f_f000484,2305250001,3,2,,풀앤사우나 워터파크,N,1,2
f_f000484,2305250002,4,0,,,,,
f_f000484,2305250001,4,1,,,,,
f_f000484,2305260001,4,2,,,,,
f_f000484,2305280002,5,1,,,,,
f_f000484,2305250001,5,3,,,,,
f_f000484,2305260001,5,3,,,,,
f_f000484,2305230002,6,1,,주유,N,1,
f_f000484,2305260002,6,3,,김해공항 배우자 픽업,N,5,
f_f000484,2305290004,6,3,,주유,N,1,
f_f000484,2305290004,7,1,,,,,
f_f000489,2306060005,1,0,,물막국수;비빔국수;메밀찐만두,N,1,
f_f000489,2306060008,1,0,,익은지통삼겹김치찜;공기밥,N,1,
f_f000489,2306060009,1,0,,드라이마티니;캄파리;롱아일랜드아이스티;스크류드라이버,N,1,
f_f000489,2306070004,1,0,,잔치국수,N,1,
f_f000489,2306070005,1,0,,아이스아메리카노,N,1,
f_f000489,2306060007,2,0,,염주팔찌,N,1,
f_f000489,2306070002,3,0,,서핑강습,Y,1,1
f_f000489,2306070002,3,1,,슈트렌탈,Y,1,1
f_f000489,2306060006,4,1,,,,,
f_f000489,2306060007,4,1,,,,,
f_f000489,2306060010,5,0,,,,,
f_f000489,2306060009,5,1,,,,,
f_f000489,2306070005,5,1,,,,,
f_f000489,2306060007,5,2,,,,,
f_f000489,2306060004,6,0,,체크인,Y,5,
f_f000489,2306070003,6,0,,병원진료,N,1,
f_f000489,2306060003,7,0,,,,,
f_f000489,2306070006,7,0,,,,,
f_f000489,2306060002,7,2,,,,,
f_f000492,2305150002,1,0,,피자,N,1,
f_f000492,2305150004,1,0,,소떡소떡;소세지,Y,1,
f_f000492,2305150005,1,0,,탕수육;짬뽕;볶음밥,N,1,
f_f000492,2305160003,1,0,,소고기,N,1,
f_f000492,2305170002,1,0,,햄버거;감자튀김;음료,N,1,
f_f000492,2305170004,1,0,,나물밥정식,N,1,
f_f000492,2305180001,1,0,,치킨,N,1,
f_f000492,2305160002,1,1,,돈가스함박콤보;주스,Y,1,
f_f000492,2305170003,1,1,,아이스크림,N,1,
f_f000492,2305180001,1,3,,아이스크림,N,1,
f_f000492,2305150004,2,1,,과자;음료수,N,1,
f_f000492,2305160001,2,1,,간식,N,1,
f_f000492,2305180001,2,1,,장난감칼,N,1,
f_f000492,2305170002,2,2,,커피;과자;음료수,N,1,
f_f000492,2305150002,2,5,,간식;맥주,N,1,
f_f000492,2305150003,3,0,,건초먹이주기,N,1,1
f_f000492,2305160002,3,0,,수영,Y,1,2
f_f000492,2305170003,3,0,,레일바이크 탑승,N,1,1
f_f000492,2305150002,3,1,,루지,N,1,1
f_f000492,2305180001,3,2,,레고랜드입장및놀이기구탑승,Y,1,1
f_f000492,2305150002,3,4,,VR체험,N,1,1
f_f000492,2305150003,4,1,,,,,
f_f000492,2305150002,4,2,,,,,
f_f000492,2305160001,5,0,,,,,
f_f000492,2305150004,5,2,,,,,
f_f000492,2305170001,5,2,,,,,
f_f000492,2305150002,5,3,,,,,
f_f000492,2305170005,7,1,,,,,
f_f000493,2305190004,1,0,,옹심이;감자전,N,1,
f_f000493,2305200003,1,0,,옹심이 감자전,N,1,
f_f000493,2305200004,1,0,,내부 카페에서 요거트;커피,N,1,
f_f000493,2305200007,1,0,,양념고기,Y,1,
f_f000493,2305200001,2,0,,맥주 커피,N,1,
f_f000493,2305190002,2,1,,김밥;떡볶이;튀김;우동,N,1,
f_f000493,2305190003,2,1,,커피;주유,N,1,
f_f000493,2305190002,2,2,,음료수 막걸리 과자,N,1,
f_f000493,2305190003,3,0,,안전체험,N,1,1
f_f000493,2305190005,3,0,,케이블카;4d체험,N,5,1
f_f000493,2305200002,3,0,,유리공예체험,N,1,1
f_f000493,2305210002,3,0,,레일바이크,Y,1,1
f_f000493,2305210003,3,0,,박물관 관람,N,1,2
f_f000493,2305200004,3,1,,유리 블로잉체험,Y,5,1
f_f000493,2305200006,3,1,,창의놀이터에서 놀이,N,5,1
f_f000493,2305210002,3,1,,스위치백트레인,N,1,1
f_f000493,2305200005,4,0,,,,,
f_f000493,2305200006,4,2,,,,,
f_f000493,2305190002,5,0,,,,,
f_f000516,2305200002,1,0,,햄버거,N,1,
f_f000516,2305200003,1,0,,행버거,N,4,
f_f000516,2305200004,1,0,,커피,N,1,
f_f000516,2305200006,1,0,,조개구이,N,1,
f_f000516,2305200008,1,1,,맥주,N,1,
f_f000516,2305190004,2,0,,광어;우럭;도다리 활어회,N,1,
f_f000516,2305200001,2,2,,생활용품,N,1,
f_f000516,2305200001,3,0,,물고기 먹이주기,Y,1,1
f_f000516,2305190003,4,0,,,,,
f_f000516,2305200007,4,0,,,,,
f_f000516,2305190002,5,0,,,,,
f_f000516,2305190005,5,0,,,,,
f_f000516,2305200005,5,0,,,,,
f_f000516,2305200009,5,0,,,,,
f_f000516,2305200003,5,1,,,,,
f_f000530,2305190002,1,0,,소떡소떡.통감자구이 나눠먹었다,N,4,
f_f000530,2305200001,1,0,,짬뽕.짜장면.탕수육.순두부짬뽕,N,4,
f_f000530,2305200003,1,0,,마늘쫑크림치즈소금빵.크룽지.바닐라라떼.아이스아메리카노.엘더플라워민트티에이드.피스타치오크림라떼,Y,4,
f_f000530,2305200004,1,2,,아이스크림호떡,N,4,
f_f000530,2305190003,2,0,,중앙닭강정,N,5,
f_f000530,2305200002,4,0,,,,,
f_f000530,2305190004,5,0,,,,,
f_f000530,2305190005,5,0,,,,,
f_f000532,2306020003,1,0,,우동2개;해물순두부1개,N,1,
f_f000532,2306020007,1,0,,다찌큰상,N,1,
f_f000532,2306020009,1,0,,조식,N,1,
f_f000532,2306030003,1,0,,생선구이정식3개;멸치쌈밥 3개 (친구일행을 만나 같이 식사),N,1,
f_f000532,2306040001,2,0,,회. 초밥;소불고기;돈육불고기;멍개;수박;쌀과자 (방문한 곳의 부모님과 함께 식사),N,1,
f_f000532,2306020005,3,0,,통영시립박문관에서 담당자(문화재청)를 만나 프로그램(이순신을 찾아서) 상세 설명을 듣고 박물관 관람 후 케이블카를 타고 전망을 즐겼음,N,5,2
f_f000532,2306020006,3,0,,충무김밥을 먹고;미소꿀빵을 사서 여객선을 타고 한산도로 가서 제승당을 둘러 보았음,N,1,2
f_f000532,2306020008,3,0,,통영 디피랑 체험 및 관람,N,5,1
f_f000532,2306030001,3,0,,통영 충렬사 탐방,N,5,2
f_f000532,2306030002,3,0,,삼도수군통제영을 탐방후 나전칠기와 수군군사 훈련 체험,Y,5,1
f_f000532,2306020009,5,1,,,,,
f_f000532,2306020004,6,0,,입안 궤양 치료,N,1,
f_f000538,2306030002,1,0,,통감자;식혜;호두과자,N,1,
f_f000538,2306030004,1,0,,돼지고기볶음;된장찌게,Y,1,
f_f000538,2306030009,1,0,,치킨,N,1,
f_f000538,2306030010,1,0,,물회,N,1,
f_f000538,2306040004,1,0,,생선구이;소머리국밥,N,1,
f_f000538,2306050002,1,0,,커피;에이드;아이스초코,N,1,
f_f000538,2306050003,1,0,,갈비;막국수;육게장,N,1,
f_f000538,2306030006,1,1,,쥐포,Y,1,
f_f000538,2306040003,3,0,,레일바이크,N,1,1
f_f000538,2306030005,4,0,,,,,
f_f000538,2306030006,4,0,,,,,
f_f000538,2306040001,4,0,,,,,
f_f000538,2306040005,4,1,,,,,
f_f000538,2306030003,5,0,,,,,
f_f000538,2306030011,5,0,,,,,
f_f000538,2306040006,5,0,,,,,
f_f000538,2306050004,5,0,,,,,
f_f000538,2306030007,6,0,,체크인,Y,5,
f_f000538,2306040002,6,0,,바다수영,N,5,
f_f000538,2306050001,6,1,,물놀이,N,1,
f_f000538,2306030008,6,2,,조개잡이,N,5,
f_f000538,2306050001,6,2,,식사,N,1,
f_f000543,2305160007,1,0,,초옥이오트밀,Y,1,
f_f000543,2305160009,1,0,,원조짬순(짬뽕순두부),N,1,
f_f000543,2305160010,1,0,,순두부젤라또,N,1,
f_f000543,2305170001,1,0,,초당두부크림치즈베이글;꿀;아이스아메리카노,N,1,
f_f000543,2305170002,1,0,,함흥냉면(비빔냉면),N,1,
f_f000543,2305170013,1,0,,오징어물회,N,1,
f_f000543,2305170014,1,0,,히비스커스티,N,1,
f_f000543,2305180002,1,0,,우동(조식으로 나오는),Y,4,
f_f000543,2305180004,1,0,,흑임자커피(아이스),Y,1,
f_f000543,2305180006,1,0,,쫄면순두부,N,1,
f_f000543,2305180007,1,0,,찹쌀붕어빵,N,1,
f_f000543,2305180009,1,0,,시칠리아 레몬 그라니따,N,1,
f_f000543,2305180010,1,0,,고등어구이;나베,N,1,
f_f000543,2305160006,1,1,,장칼국수,N,1,
f_f000543,2305160006,2,0,,손수건,N,1,
f_f000543,2305170003,2,0,,인테리어 소품 아이쇼핑 및 두부푸딩 구입,N,1,
f_f000543,2305170007,2,0,,책 구입,N,1,
f_f000543,2305170008,2,0,,미니노트;풍경 스티커;바다사진 테이프,N,1,
f_f000543,2305170009,2,0,,껌;제로펩시,N,1,
f_f000543,2305170015,2,0,,맥주;젤리;사탕,N,1,
f_f000543,2305180011,2,0,,묵호역 락커 짐 찾음,N,1,
f_f000543,2305160009,2,1,,오는 길에 편의점 방문해서 물 구입,N,1,
f_f000543,2305170002,2,1,,오어즈 포스터;엽서,N,1,
f_f000543,2305170006,2,1,,묵호역 사물함 짐 보관,N,1,
f_f000543,2305180008,2,2,,아이스 커피,N,1,
f_f000543,2305160007,2,6,,카페 방문 전 쏘카(렌트카) 대여,Y,5,
f_f000543,2305170012,4,0,,,,,
f_f000543,2305180008,4,0,,,,,
f_f000543,2305160008,4,1,,,,,
f_f000543,2305180001,4,1,,,,,
f_f000543,2305180007,4,2,,,,,
f_f000543,2305160008,5,0,,,,,
f_f000543,2305160011,5,0,,,,,
f_f000543,2305170004,5,0,,,,,
f_f000543,2305180005,5,0,,,,,
f_f000543,2305170009,5,1,,,,,
f_f000543,2305170014,5,1,,,,,
f_f000543,2305170015,5,1,,,,,
f_f000543,2305180002,5,1,,,,,
f_f000543,2305180004,5,1,,,,,
f_f000543,2305180008,5,1,,,,,
f_f000543,2305180009,5,1,,,,,
f_f000543,2305180011,5,1,,,,,
f_f000543,2305180012,5,1,,,,,
f_f000543,2305180003,5,2,,,,,
f_f000543,2305160005,6,0,,숙소에 짐 맡기러 들림,N,5,
f_f000543,2305170010,6,0,,짐 맡긴 것 찾음,N,1,
f_f000543,2305170004,6,1,,맡겨둔 짐 찾기,N,5,
f_f000543,2305170011,6,1,,체크인,N,5,
f_f000543,2305180003,6,1,,묵호역 락커에 짐 맡기기,N,1,
f_f000543,2305170009,6,2,,독서,N,5,
f_f000543,2305160002,7,0,,,,,
f_f000543,2305160003,7,0,,,,,
f_f000543,2305160004,7,0,,,,,
f_f000543,2305170005,7,0,,,,,
f_f000543,2305170006,7,0,,,,,
f_f000543,2305180012,7,0,,,,,
f_f000543,2305180013,7,0,,,,,
f_f000543,2305180011,7,2,,,,,
f_f000568,2305200002,1,0,,순두부전골,N,1,
f_f000568,2305200005,1,0,,모듬물회;오징어물회,Y,1,
f_f000568,2305200006,1,0,,아이스라떼;옥수수크림라떼,Y,1,
f_f000568,2305200009,1,0,,장칼국수,N,1,
f_f000568,2305200010,1,1,,놀랄호떡(아이스크림호떡),N,1,
f_f000568,2305200010,2,0,,오징어순대;닭강정,N,5,
f_f000568,2305200008,3,0,,오죽헌 관람,N,1,2
f_f000568,2305200004,4,0,,,,,
f_f000568,2305200007,4,0,,,,,
f_f000568,2305190002,5,0,,,,,
f_f000568,2305200003,5,0,,,,,
f_f000586,2305310005,1,0,,중앙닭강정  보통맛,N,1,
f_f000586,2305310006,1,0,,아이스아메리카노,N,1,
f_f000586,2306010001,1,0,,아이스크림;믹스커피 구입,N,1,
f_f000586,2306010003,1,0,,아이스커피,N,1,
f_f000586,2306010004,2,0,,횟집 .건어물 시장. 아이쇼핑,N,5,
f_f000586,2305310003,4,0,,,,,
f_f000586,2305310004,4,0,,,,,
f_f000586,2306010002,4,0,,,,,
f_f000586,2306020002,4,0,,,,,
f_f000586,2306010001,4,2,,,,,
f_f000586,2306010005,4,2,,,,,
f_f000586,2305310002,5,1,,,,,
f_f000586,2305310007,5,3,,,,,
f_f000586,2306010002,6,1,,친환경전기차타고 청초호에서 전기차 충전하는모습,N,1,
f_f000586,2305310007,7,2,,,,,
f_f000586,2306010006,99,0,,,,,
f_f000591,2305270001,1,0,,잔치국수;스폐셜떡볶이세트;등심돈가스,Y,1,
f_f000591,2305270005,1,0,,생막창;오도독살;물냉면,N,1,
f_f000591,2305280003,1,0,,로와버거;고르곤졸라피자;감자튀김;공룡알&양파링;콜라,N,1,
f_f000591,2305280001,3,0,,첫방문이어서 제일먼저 산책했습니다,N,5,1
f_f000591,2305280002,3,0,,생태체험관람과 물고기밥주기체험,N,5,1
f_f000591,2305270003,4,0,,,,,
f_f000591,2305270007,4,1,,,,,
f_f000591,2305270004,5,0,,,,,
f_f000591,2305270008,6,0,,아이아이스크림과/ 생일케이크구매,N,1,
f_f000609,2305190003,1,0,,생선구이정식,N,1,
f_f000609,2305200003,1,0,,아이들 점심 ㅡ 치킨마요 덮밥 ,N,1,
f_f000609,2305200006,1,0,,바우커피 ㅡ 흑임자라떼,N,1,
f_f000609,2305200010,1,0,,돈까스;회;만두(이전 방문지들에서 구매한 것),N,4,
f_f000609,2305210002,1,0,,우럭미역국;생태탕,N,1,
f_f000609,2305210003,1,0,,순두부젤라또;딸기젤라또,Y,1,
f_f000609,2305200004,1,1,,도시락(치킨마요),N,4,
f_f000609,2305190005,2,0,,얼음;간식(과자);커피;주류 등,N,1,
f_f000609,2305200007,2,0,,호떡,N,1,
f_f000609,2305200002,2,1,,건어물 ㅡ 구운 오징어,N,1,
f_f000609,2305200007,2,1,,아이스크림,N,1,
f_f000609,2305200008,2,1,,아이들 저녁 ㅡ 돈까스 포장,N,1,
f_f000609,2305200007,2,2,,굴림만두,N,1,
f_f000609,2305200009,2,2,,회 포장,Y,1,
f_f000609,2305190004,3,0,,국가안보 및 통일 관련 관람(6.25 전쟁 / 거북선과 이순신 장군 등),N,5,2
f_f000609,2305200001,3,0,,동물 먹이주기 체험,N,1,1
f_f000609,2305210001,3,0,,오죽헌 내외부 관람 ㅡ 신사임당과 율곡 이가 태어난 집 등,N,1,2
f_f000609,2305190007,4,0,,,,,
f_f000609,2305210004,4,3,,,,,
f_f000609,2305190006,5,0,,,,,
f_f000609,2305190008,5,0,,,,,
f_f000609,2305200010,5,1,,,,,
f_f000609,2305190002,6,0,,화장실 이용,N,5,
f_f000609,2305200005,6,1,,아이들과 모래놀이 / 플로깅,N,5,
f_f000609,2305190006,6,2,,자녀 2인 조식 현장 결제,Y,1,
f_f000609,2305210004,6,2,,아이들과 모래놀이,N,5,
f_f000611,2305280002,1,0,,돈까스;멸치국수;막국수;육계장;설렁탕,N,1,
f_f000611,2305280003,1,2,,호텔조식,Y,4,
f_f000611,2305280002,2,1,,하츄핑 풍선,N,1,
f_f000611,2305290002,3,0,,키즈그라운드. 동물안경만들기,Y,5,1
f_f000611,2305280003,5,1,,,,,
f_f000611,2305280004,6,0,,방문전 메뉴 전화주문 및 포장,Y,1,
f_f000627,2306030003,1,0,,한식뷔페,N,1,
f_f000627,2306040004,1,0,,팥빙수;스노우커피;모카롤케익;아이스아메리카노,N,1,
f_f000627,2306030004,1,1,,아이스커피,N,1,
f_f000627,2306030004,3,0,,수국관람;산책,N,1,2
f_f000627,2306040002,3,0,,상족암 오토캠핑장에서  산책겸 고성공룡박물관 도착;실내 관람;3d영화 관람,N,5,2
f_f000627,2306030002,3,1,,물놀이;고성공룡박물관 관람;상족암 산책,Y,5,2
f_f000627,2306030005,4,0,,,,,
f_f000627,2306040003,4,0,,,,,
f_f000627,2306040002,4,1,,,,,
f_f000627,2306030002,4,3,,,,,
f_f000627,2306030002,5,2,,,,,
f_f000627,2306040003,6,1,,포토스팟 사진 찍기;수영,N,5,
f_f000627,2306040003,6,2,,물놀이,N,1,
f_f000650,2306060006,1,0,,새우소바;탄산음료,N,1,
f_f000650,2306060008,1,0,,커피;빵,N,1,
f_f000650,2306070007,1,0,,물회,N,1,
f_f000650,2306070013,1,0,,파스타;음료,N,1,
f_f000650,2306080004,1,0,,콩국수;호떡,N,4,
f_f000650,2306080005,1,0,,커피,N,1,
f_f000650,2306090002,1,0,,딸기요거트스무디,N,1,
f_f000650,2306090003,1,0,,초당쫄면순두부;음료,N,1,
f_f000650,2306070003,2,0,,염주팔찌,Y,1,
f_f000650,2306070009,2,0,,브라우니,N,1,
f_f000650,2306070010,2,0,,메모지;엽서,N,1,
f_f000650,2306080003,2,0,,대게빵,N,1,
f_f000650,2306070005,3,0,,1년 뒤 발송되는 느린 우체통 편지 쓰기,N,5,1
f_f000650,2306060009,3,1,,절 문화 체험,N,5,1
f_f000650,2306060002,3,2,,불교문화체험(예불;공양;차담;탑돌이 등),Y,5,1
f_f000650,2306060007,4,0,,,,,
f_f000650,2306060010,4,0,,,,,
f_f000650,2306070002,4,0,,,,,
f_f000650,2306070004,4,0,,,,,
f_f000650,2306070006,4,0,,,,,
f_f000650,2306070008,4,0,,,,,
f_f000650,2306070012,4,0,,,,,
f_f000650,2306080002,4,0,,,,,
f_f000650,2306070005,4,1,,,,,
f_f000650,2306060009,4,2,,,,,
f_f000650,2306060002,5,0,,,,,
f_f000650,2306070001,5,0,,,,,
f_f000650,2306070011,5,0,,,,,
f_f000650,2306080001,5,0,,,,,
f_f000650,2306060004,7,0,,,,,
f_f000650,2306060005,7,0,,,,,
f_f000650,2306090004,7,0,,,,,
f_f000650,2306090005,7,0,,,,,
f_f000650,2306090006,7,0,,,,,
f_f000650,2306060003,7,1,,,,,
f_f000655,2306040004,1,0,,소고기해장국,N,1,
f_f000655,2306040007,1,0,,고등어정식,N,1,
f_f000655,2306050001,1,0,,커피와 인절미 카스테라 등,N,1,
f_f000655,2306050002,1,0,,안동찜닭,N,1,
f_f000655,2306050003,1,0,,아이스아메리카노와 크림치즈빵,N,1,
f_f000655,2306060002,1,0,,소불고기;공기밥,N,1,
f_f000655,2306050004,1,1,,cu 편의점에서 물 컵라면 등 구매,Y,2,
f_f000655,2306060004,1,3,,아이스아메리카노 (역사 내 카페),N,1,
f_f000655,2306050003,2,2,,올리브영 눈썹칼,N,1,
f_f000655,2306040008,3,0,,부석사 입장,Y,5,2
f_f000655,2306040009,3,0,,소수서원 관람,N,1,2
f_f000655,2306050005,3,0,,하회마을 입증,N,1,2
f_f000655,2306060001,4,0,,,,,
f_f000655,2306060003,4,0,,,,,
f_f000655,2306040008,4,1,,,,,
f_f000655,2306050005,4,1,,,,,
f_f000655,2306040006,4,2,,,,,
f_f000655,2306040005,5,0,,,,,
f_f000655,2306050004,5,0,,,,,
f_f000655,2306050006,5,0,,,,,
f_f000655,2306050003,5,1,,,,,
f_f000655,2306040002,7,0,,,,,
f_f000655,2306040006,7,1,,,,,
f_f000655,2306040011,7,1,,,,,
f_f000655,2306060004,7,4,,,,,
f_f000655,2306040010,99,0,,,,,
f_f000655,2306040012,99,0,,,,,
f_f000655,2306050007,99,0,,,,,
f_f000655,2306060006,99,0,,,,,
f_f000657,2305270003,1,0,,짜장면,N,1,
f_f000657,2305270005,1,0,,아이스 카페라떼,N,4,
f_f000657,2305270004,4,0,,,,,
f_f000657,2305270005,4,1,,,,,
f_f000657,2305270005,5,2,,,,,
f_f000657,2305270002,7,0,,,,,
f_f000657,2305270006,7,0,,,,,
f_f000669,2306040002,1,0,,핫도그,N,1,
f_f000669,2306050003,1,0,,밀면 및 찐만두,N,1,
f_f000669,2306030002,3,0,,빛과 전자기;지구와 생명;열과 역학관련하여 다양한 체험;빛상자만들기와 vr체험,Y,5,1
f_f000669,2306030003,3,0,,바다생물 구경 및 바다를 보면서 독서,N,5,2
f_f000669,2306060001,3,0,,경주타워;천마의 궁전;살롱헤리티지;자연사박물관;솔거미술관;또봇스토리뮤지엄  관람;첨성대영화관(엄마까투리)상영,N,1,2
f_f000669,2306050001,3,1,,불국사;석가탑 다보탑;청운교 백운교;대웅전 관람,N,5,2
f_f000669,2306050002,3,1,,석굴암 관람;입구에서 종치기,N,5,2
f_f000669,2306050001,4,0,,,,,
f_f000669,2306040001,4,1,,,,,
f_f000669,2306040001,5,0,,,,,
f_f000669,2306050004,5,0,,,,,
f_f000669,2306060002,99,1,,,,,
f_f000689,2305150003,2,0,,방문중 이동중 구매 (농협 장보기) 숙소에서 먹을 고기;과자;음료 구매,N,1,
f_f000689,2305150003,2,1,,알로하와이 포장 구매 칠리새우;갈릭마요 새우 메뉴,N,1,
f_f000689,2305160001,2,1,,페페로니 피자 포장 구매,N,1,
f_f000689,2305150002,4,0,,,,,
f_f000689,2305150004,4,0,,,,,
f_f000689,2305160003,4,0,,,,,
f_f000689,2305160002,4,1,,,,,
f_f000689,2305150005,5,0,,,,,
f_f000689,2305150002,5,1,,,,,
f_f000689,2305160003,5,1,,,,,
f_f000690,2305180003,1,0,,만두,N,1,
f_f000690,2305180003,2,2,,수구레국밥,N,1,
f_f000690,2305180003,4,1,,,,,
f_f000710,2305280003,1,0,,막국수;수육,N,1,
f_f000710,2305290002,1,0,,황태국밥,N,1,
f_f000710,2305270003,1,2,,육개장;커피,N,1;2,
f_f000710,2305280005,2,0,,닭강정;순개,N,1,
f_f000710,2305270003,2,1,,소고기;막걸리;전병,Y,1,
f_f000710,2305280002,3,0,,문화재 관람,N,5,2
f_f000710,2305280004,4,0,,,,,
f_f000710,2305280001,5,5,,,,,
f_f000710,2305270002,99,1,,,,,
f_f000730,2305200002,1,0,,김밥;등심깐풍소스구이;오징어볶음;요구르트;얼음물,Y,2;3,
f_f000730,2305200004,1,0,,팥빙수;자몽에이드;레몬에이드;청포도에이드;오란다,N,1,
f_f000730,2305200005,1,0,,등심깐풍구이;오징어볶음;부추전,N,4,
f_f000730,2305210002,1,0,,아이스크림(설레임;월드콘)얼음물;구론산바몬드;아이스아메리카노3잔,N,1,
f_f000730,2305200002,2,1,,주유,Y,5,
f_f000730,2305200004,3,2,,수승대 출렁다리건너기체험,N,5,1
f_f000730,2305200003,4,0,,,,,
f_f000730,2305210001,4,0,,,,,
f_f000730,2305200004,4,1,,,,,
f_f000730,2305200005,5,1,,,,,
f_f000730,2305200002,5,2,,,Y,,
f_f000740,2305260002,1,0,,떡라면,N,1,
f_f000740,2305260005,1,0,,떡볶이,N,1,
f_f000740,2305280002,1,0,,음료,N,1,
f_f000740,2305280003,1,1,,조식,Y,4,
f_f000740,2305270001,1,3,,돈까스,Y,1,
f_f000740,2305270004,2,1,,과자 음료,N,1,
f_f000740,2305270001,2,4,,레고,Y,5,
f_f000740,2305280002,3,1,,전시 관람,N,5,2
f_f000740,2305260004,4,0,,,,,
f_f000740,2305280004,5,0,,,,,
f_f000740,2305260002,5,1,,,,,
f_f000740,2305260005,5,1,,,,,
f_f000740,2305270004,5,2,,,,,
f_f000740,2305260003,5,3,,,,,
f_f000740,2305270001,6,2,,놀이공원 경험,Y,1,
f_f000740,2305270002,7,0,,,,,
f_f000740,2305270003,7,0,,,,,
f_f000767,2306030004,1,0,,딸기 쥬스;초코 쥬스,Y,1;3,
f_f000767,2306030005,1,0,,순두부;얼큰순두부;감자전,N,1,
f_f000767,2306040002,1,0,,아이스크림,N,1,
f_f000767,2306040004,1,0,,물회 대게 비빔밥,N,1,
f_f000767,2306050002,1,0,,물막국수 보쌈,Y,1,
f_f000767,2306030006,2,0,,새우튀김;오징어튀김,N,1,
f_f000767,2306040003,3,0,,김일성 별장 관람;화진포해수욕장 발담그기;생태헤양박물관 견학(모두 함께 있음),N,1,2
f_f000767,2306030004,3,1,,어린이 쿠키 만들기 체험.,Y,5,1
f_f000767,2306040002,3,1,,라벤더 향주머니 만들기;라벤더 화분 만들기,N,1,1
f_f000767,2306050001,3,1,,신흥사 입장 및 관람,Y,1,2
f_f000767,2306030003,3,2,,낙산사입장하여 낙산사의 주요 문화 유산을 살펴 보았고 부처님께 소원을 빌었습니다. 또한 아름답기로 우명한 낙산사에서 주변 경관을 보며 자연과 조상님들의 건축미를 함께 느낄 수 있었습니다.,N,1,2
f_f000767,2306040005,4,0,,,,,
f_f000767,2306050001,4,0,,,,,
f_f000767,2306040001,5,0,,,,,
f_f000767,2306030002,5,1,,,,,
f_f000782,2305200002,1,0,,간식 와플,N,1,
f_f000782,2305200003,1,0,,황태해장국;키즈반상;들기름막국수;/돈가스;쟁반짜장  총 2끼 앞쪽은 20일 아점 뒤는 20일 저녁,N,1,
f_f000782,2305200003,2,1,,아이쇼핑-캐릭터상품;물놀이용품;장난감;팬시용품 등,N,5,
f_f000782,2305200002,3,1,,워터파크 물놀이 및 스파,N,1,1
f_f000782,2305200003,3,2,,놀이기구 체험 및 사진전시 관람,N,5,1
f_f000782,2305200003,4,3,,,,,
f_f000782,2305200003,5,4,,,,,
f_f000790,2305190002,1,0,,비빔막국수;곰국시;수육(중),Y,1,
f_f000790,2305190003,1,0,,아이스아메리카노;여지홍;오리지널 티라미수;인절미 티라미수;아인슈페너,Y,1,
f_f000790,2305200002,1,0,,어탕수제비;어탕 해장국;어탕 밥,N,1,
f_f000790,2305200003,1,0,,아이스아메리카노;말차딸기라떼;레몬얼그레이스콘;초코칩 브라우니,N,1,
f_f000790,2305200006,1,0,,안심카츠;료무라이스;료끼누들,N,1,
f_f000790,2305200007,1,0,,구슬아이스크림 소,N,1,
f_f000790,2305210003,1,0,,소금 베이글;잠봉뵈르;블루베리 베이글;아이스 아메리카노;레몬 에이드,N,1,
f_f000790,2305210006,1,0,,석쇠불고기;된장찌개,Y,1,
f_f000790,2305210007,1,0,,아이스 아메리카노;아이스티;빅토리아 블루베리 케이크,N,1,
f_f000790,2305190005,1,1,,경주 십원빵,N,1,
f_f000790,2305190005,2,0,,소품;악세사리;문구류,N,5,
f_f000790,2305210002,2,0,,황남샌드,N,1,
f_f000790,2305190004,3,0,,금장대에 산책 및 경주 풍경 구경,N,5,2
f_f000790,2305200001,3,0,,루지 탑승,Y,1,1
f_f000790,2305200004,3,0,,솔거미술관 관람,Y,5,2
f_f000790,2305210005,4,0,,,,,
f_f000790,2305190004,4,1,,,,,
f_f000790,2305200004,4,1,,,,,
f_f000790,2305200005,4,1,,,,,
f_f000790,2305190005,4,2,,,,,
f_f000790,2305190006,5,0,,,,,
f_f000790,2305200005,5,0,,,,,
f_f000790,2305200008,5,0,,,,,
f_f000790,2305210004,5,0,,,,,
f_f000790,2305190003,5,1,,,,,
f_f000790,2305200003,5,1,,,,,
f_f000796,2305270004,1,0,,연담돈까스;크림파스타;연담치즈돈까스;콜러,N,1,
f_f000796,2305270005,1,0,,유자파운드케이크;아인슈페너;유자스무디;아메리카노,Y,1,
f_f000796,2305270003,4,0,,,,,
f_f000796,2305270006,4,1,,,,,
f_f000831,2305260003,1,0,,콰트로포르마지오 블루크랩파스타 안심스테이크,N,1,
f_f000831,2305260004,1,0,,민트초코프라페 모리믹스커피,N,1,
f_f000831,2305270001,1,0,,초밥세트 점심특선,Y,1,
f_f000831,2305270002,1,1,,커피;밀크쉐이크,Y,2,
f_f000831,2305280001,2,1,,물밀면 돈쌈밀면 섞어밀면 고기만두,Y,1,
f_f000831,2305260002,3,0,,통도사 대웅전;불이문 관람 및 부처님오신날 연등행사 참석,N,1,2
f_f000831,2305260002,4,1,,,,,
f_f000835,2305200001,1,0,,돼지국밥;소주,N,1,
f_f000835,2305200008,1,0,,씨앗호떡;치즈호떡;군밤;탕후루,N,1,
f_f000835,2305210002,1,0,,전복솥밥;갈비솥밥;고추튀김,Y,1,
f_f000835,2305210004,1,0,,아메리카노,Y,1,
f_f000835,2305210005,1,0,,조개구이;새우;맥주;소주,N,1,
f_f000835,2305190003,1,1,,피자;핫도그;음료,Y,1,
f_f000835,2305200006,1,1,,꼼장어구이,N,1,
f_f000835,2305200005,1,2,,비빔당면;충무김밥;도너츠,Y,1,
f_f000835,2305200009,1,3,,라면;어묵바;호떡;스낵;맥주,Y,2,
f_f000835,2305190003,2,0,,tv;세탁기,Y,5,
f_f000835,2305190004,2,0,,단팥빵;크림치즈빵,N,1,
f_f000835,2305200002,2,0,,어묵바 세트,Y,1,
f_f000835,2305210003,2,0,,캐릭터상품,N,5,
f_f000835,2305190002,2,1,,맥주;라면;핫도그,N,1,
f_f000835,2305200005,2,1,,옷;모자 등,N,5,
f_f000835,2305200007,2,1,,음료;주류,N,1,
f_f000835,2305210002,2,1,,생활소품;악세서리,N,5,
f_f000835,2305210002,2,2,,캐릭터상품;스티커;문구 등,N,5,
f_f000835,2305210004,3,1,,모래축제 입장 및 관람,N,5,2
f_f000835,2305210005,3,1,,광안리 해변입장;길거리 공연관람 등,N,5,2
f_f000835,2305190002,3,2,,찜질;목욕;취침,Y,1,1
f_f000835,2305200003,4,0,,,,,
f_f000835,2305200004,4,0,,,,,
f_f000835,2305200005,4,0,,,,,
f_f000835,2305200006,4,0,,,,,
f_f000835,2305200007,4,0,,,,,
f_f000835,2305210004,4,2,,,,,
f_f000835,2305210005,4,2,,,,,
f_f000835,2305190005,5,0,,,,,
f_f000835,2305200009,5,0,,,,,
f_f000835,2305200003,5,1,,,,,
f_f000835,2305190002,5,3,,,,,
f_f000835,2305210004,5,3,,,,,
f_f000835,2305210005,5,3,,,,,
f_f000835,2305190005,7,1,,,,,
f_f000835,2305190002,7,4,,,,,
f_f000844,2305200002,3,0,,태화강 국가정원 봄꽃축제,N,5,2
f_f000844,2305210002,3,0,,전시관람,Y,1,2
f_f000844,2305200004,4,0,,,,,
f_f000844,2305200006,4,0,,,,,
f_f000844,2305200002,4,1,,,,,
f_f000844,2305200003,4,1,,,,,
f_f000844,2305200001,5,1,,,,,
f_f000844,2305200004,5,1,,,,,
f_f000844,2305200006,5,1,,,,,
f_f000844,2305200002,5,2,,,,,
f_f000844,2305200003,5,2,,,,,
f_f000844,2305200005,5,2,,,,,
f_f000844,2305210001,6,0,,점심식사,N,1,
f_f000844,2305200005,6,1,,저녁식사,N,1,
f_f000844,2305200001,6,2,,점심식사,N,1,
f_f000844,2305200004,7,2,,,,,
f_f000869,2305200002,1,0,,메밀전병;메밀비빔회막국수,N,1,
f_f000869,2305200006,1,0,,라면;술,Y,2,
f_f000869,2305210001,1,0,,아이스아메리카노,N,1,
f_f000869,2305210002,1,1,,바닐라빈 라떼,Y,1,
f_f000869,2305200004,1,2,,막회;회;튀김,N,1,
f_f000869,2305200003,1,3,,아이스아메리카노,N,1,
f_f000869,2305200004,2,1,,케이크,N,1,
f_f000869,2305200002,2,2,,타코야끼;매직 핫도그,N,1,
f_f000869,2305200006,3,2,,스파,Y,5,1
f_f000869,2305210002,4,0,,,,,
f_f000869,2305200003,4,1,,,,,
f_f000869,2305210001,4,2,,,,,
f_f000869,2305200006,4,3,,,,,
f_f000869,2305210001,5,1,,,,,
f_f000869,2305200003,5,2,,,,,
f_f000869,2305200006,5,4,,,,,
f_f000879,2306030005,1,0,,수육백반 2개,N,1,
f_f000879,2306030008,1,0,,아이스 아메리카노;피자두에이드,N,1,
f_f000879,2306030009,1,0,,이재모크러스트피자;오븐스파게티;탄산음료;갈릭디핑소스,N,1,
f_f000879,2306030010,1,0,,물 맥주 과자,N,1,
f_f000879,2306040002,1,0,,낙곱새;라면사리,N,1,
f_f000879,2306040003,1,0,,씨앗호떡,N,1,
f_f000879,2306040005,1,0,,떡볶이;튀김,N,1,
f_f000879,2306040007,1,0,,회;술;매운탕,N,1,
f_f000879,2306050003,1,0,,햄버거;치즈스틱;카페,Y,1,
f_f000879,2306050004,1,0,,양대창;곱창전골,N,1,
f_f000879,2306060003,1,0,,돼지국밥,N,1,
f_f000879,2306060005,1,0,,어묵;고로케,N,1,
f_f000879,2306060007,1,0,,닭꼬치;닭볶음탕,N,1,
f_f000879,2306040001,1,2,,탕후루,N,2,
f_f000879,2306030003,1,3,,햄버거;커피,N,1,
f_f000879,2306040001,1,3,,맥너겟;감자튀김,N,2,
f_f000879,2306040001,1,4,,맥주;물,N,2,
f_f000879,2306040004,2,0,,기념자석,N,1,
f_f000879,2306040006,2,0,,빵,N,1,
f_f000879,2306040003,2,1,,실내화 4개,N,1,
f_f000879,2306040006,2,1,,옷,N,1,
f_f000879,2306040006,2,2,,약,N,1,
f_f000879,2306050003,2,2,,우비,Y,1,
f_f000879,2306030007,3,0,,게임참여;시음;쏘맥자격증 만들기,N,5,2
f_f000879,2306060002,3,0,,아쿠아리움 입장 및 관람,N,1,2
f_f000879,2306060004,3,0,,사진 찍기,N,1,1
f_f000879,2306030010,3,1,,광안리 드론쇼,N,5,2
f_f000879,2306040004,3,1,,해운대 모래사장 조각작품 관람,N,5,2
f_f000879,2306050003,3,1,,놀이기구 탑승,Y,1,1
f_f000879,2306030006,4,1,,,,,
f_f000879,2306030008,4,2,,,,,
f_f000879,2306030002,5,0,,,,,
f_f000879,2306050001,5,2,,,,,
f_f000879,2306050002,6,0,,병원진료,N,1,
f_f000879,2306030004,99,0,,,,,
f_f000879,2306060006,99,0,,,,,
f_f000889,2305280002,2,0,,도다리회,N,1,
f_f000889,2305280002,2,1,,오징어회,N,1,
f_f000889,2305280002,2,2,,생물골뱅이,N,5,
f_f000889,2305260005,3,0,,포항국제불빛축제 페스티벌과 불빛노래방 관람,N,5,2
f_f000889,2305270004,3,0,,스페이스워크 걷기,N,5,1
f_f000889,2305270005,3,0,,미술전시 감상,N,5,2
f_f000889,2305260006,4,0,,,,,
f_f000889,2305270002,4,0,,,,,
f_f000889,2305270003,4,0,,,,,
f_f000889,2305280003,4,0,,,,,
f_f000889,2305260003,7,0,,,,,
f_f000889,2305260004,7,0,,,,,
f_f000889,2305290002,7,0,,,,,
f_f000889,2305290003,7,0,,,,,
f_f000925,2305190004,1,0,,모듬국밥,N,1,
f_f000925,2305210002,1,0,,떡볶이,N,2,
f_f000925,2305220001,1,0,,청포도 요거트 스무디,N,1,
f_f000925,2305200001,1,1,,삼겹샇,N,1,
f_f000925,2305190005,2,0,,생필품 쇼핑,N,1,
f_f000925,2305220002,4,0,,,,,
f_f000925,2305210002,5,1,,,,,
f_f000925,2305210003,5,1,,,,,
f_f000925,2305210001,6,0,,낚시,N,5,
f_f000925,2305190003,6,2,,낚시,N,5,
f_f000935,2305270002,1,0,,해물순두부;장터국밥;핫도그,N,1,
f_f000935,2305270003,1,0,,핫바;십원빵,N,1,
f_f000935,2305270009,1,0,,해물찜;해물라면;음료,N,1,
f_f000935,2305280003,1,0,,게장정식;알밥;새우장;공기밥,N,1,
f_f000935,2305280001,1,1,,어묵;떡볶이,N,1,
f_f000935,2305270008,2,0,,아이쇼핑(건어물;해산물),N,5,
f_f000935,2305280005,2,0,,경유,N,1,
f_f000935,2305280002,2,1,,마그네틱,N,1,
f_f000935,2305280004,2,1,,커피;오징어;젤리,N,1,
f_f000935,2305270002,2,3,,경유,N,1,
f_f000935,2305280001,3,0,,케이블카 탑승,N,1,1
f_f000935,2305270007,3,1,,동피랑 벽화마을 관람,N,5,2
f_f000935,2305270006,3,3,,주차,N,1,2
f_f000935,2305280002,4,0,,,,,
f_f000935,2305270008,4,1,,,,,
f_f000935,2305270004,5,0,,,,,
f_f000940,2306050005,1,0,,순대국밥;오징어불고기,N,1,
f_f000940,2306050007,1,0,,복숭아컵,N,1,
f_f000940,2306050009,1,0,,눈꽃팥빙수,N,1,
f_f000940,2306060002,1,0,,왕새우 칠리 파스타;고르곤졸라 피자;치킨 머쉬룸 리조또,N,1,
f_f000940,2306060004,1,0,,아이스 아메리카노;아이스 카페 라떼;생크림 카스텔라ㅔ,Y,1,
f_f000940,2306050003,1,2,,유부초밥(집에서 싸옴),N,4,
f_f000940,2306050004,1,4,,과자,Y,4,
f_f000940,2306050003,3,0,,왕릉 관람,N,1,2
f_f000940,2306050006,3,0,,첨성대 관람,N,5,2
f_f000940,2306050008,3,0,,대릉원 관람,N,5,2
f_f000940,2306060003,3,0,,박물관 관람,N,5,2
f_f000940,2306060001,3,1,,교촌한옥마을 관람,N,5,2
f_f000940,2306060001,4,0,,,,,
f_f000940,2306050003,4,1,,,,,
f_f000940,2306050006,4,1,,,,,
f_f000940,2306050008,4,1,,,,,
f_f000940,2306060003,4,2,,,,,
f_f000940,2306050002,5,0,,,,,
f_f000940,2306050004,5,0,,,,,
f_f000940,2306050007,5,1,,,,,
f_f000940,2306050009,5,1,,,,,
f_f000940,2306060003,5,1,,,,,
f_f000940,2306050004,6,2,,물놀이,Y,5,
f_f000952,2305220002,1,0,,유부우동 김치찌개,N,1,
f_f000952,2305220003,1,0,,컵라면;음료;삼각김밥,N,1,
f_f000952,2305220005,1,0,,연탄돼지고기,N,1,
f_f000952,2305230005,1,0,,떡볶이 오뎅 소떡소떡,N,1,
f_f000952,2305230007,1,0,,짜장면 짬뽕 탕수육,N,1,
f_f000952,2305230008,1,0,,쫀드기;맥주,N,1,
f_f000952,2305240001,1,0,,10원빵;순두부아이스크림,Y,1,
f_f000952,2305240003,1,0,,동죽칼국수;새우해물파전,N,1,
f_f000952,2305240004,1,0,,아몬드초코;드링크,N,1,
f_f000952,2305230003,1,1,,경주빵,N,1,
f_f000952,2305220003,2,1,,기념품,N,5,
f_f000952,2305240001,2,1,,경주빵,N,1,
f_f000952,2305230004,2,2,,슈;커피,N,1,
f_f000952,2305220006,3,0,,동궁과 월지 관람 및 해설듣기,N,1,2
f_f000952,2305220007,3,0,,첨성대 주변 걷기 및 첨성대 문화해설사 해설듣기,N,5,2
f_f000952,2305230001,3,0,,불국사 석가탑 다보탑 극락전등 관람 및 해설사 설명듣기,N,1,2
f_f000952,2305230002,3,0,,석굴암 관람,Y,5,2
f_f000952,2305230006,3,0,,금관총 내부구조 및 이사지왕에 대한 추측,N,5,2
f_f000952,2305230009,3,0,,대릉원 미디어아트 전시 관람,N,5,2
f_f000952,2305240002,3,0,,도예체험 물레돌려 그릇만들기,Y,1,1
f_f000952,2305220003,3,2,,박물관에서 천마총전시와 신라유물들 미술품등,N,5,2
f_f000952,2305230010,4,0,,,,,
f_f000952,2305220007,4,1,,,,,
f_f000952,2305230004,4,1,,,,,
f_f000952,2305230005,4,1,,,,,
f_f000952,2305230009,4,1,,,,,
f_f000952,2305240001,4,2,,,,,
f_f000952,2305220004,5,0,,,,,
f_f000952,2305220008,5,0,,,,,
f_f000952,2305220002,5,1,,,,,
f_f000952,2305230011,5,1,,,,,
f_f000952,2305240004,6,1,,주유,N,1,
f_f000959,2305210003,1,0,,파티플래터 (퀘사디아;타코;버팔로윙;치즈 프라이즈;타키토스;나쵸와 시금치크림딥;에이드),N,1,
f_f000959,2305210004,1,0,,팬케이크;망고바나나주스;딸기라떼,Y,1,
f_f000959,2305220001,1,0,,조식,Y,1,
f_f000959,2305220006,1,0,,낙곱새;함박스테이크,N,1,
f_f000959,2305210013,1,1,,동죽칼국수,N,2,
f_f000959,2305210002,2,0,,빵;우유,N,1,
f_f000959,2305210006,2,0,,물;바나나,N,1,
f_f000959,2305220004,2,2,,초코타로밀크티;초코아이스슈,N,1,
f_f000959,2305220002,3,0,,물놀이,Y,5,2
f_f000959,2305210006,3,1,,첨성대 관람;양귀비밭 관람 및 사진촬영;산책,N,5,2
f_f000959,2305220005,3,1,,불국사 관람,N,1,2
f_f000959,2305220004,4,0,,,,,
f_f000959,2305210007,4,1,,,,,
f_f000959,2305210006,4,2,,,,,
f_f000959,2305220005,4,2,,,,,
f_f000959,2305210005,5,0,,,,,
f_f000959,2305210013,5,0,,,,,
f_f000959,2305210004,5,1,,,,,
f_f000959,2305220004,5,1,,,,,
f_f000959,2305210002,6,1,,종교 활동,N,5,
f_f000973,2305270005,1,0,,홍찜닭,Y,2,
f_f000973,2305280001,1,0,,다온정식;고등어,Y,1,
f_f000973,2305280002,1,0,,아메리카노2잔;사과쥬스1잔,Y,1,
f_f000973,2305280004,1,0,,초계한우한마리;블랙에디션,N,1,
f_f000973,2305290001,1,0,,어메리카노;은성광업소;오자에이드;바스크치즈케익;에그타르트;앙버터프레첼,Y,1,
f_f000973,2305290003,1,0,,족살찌개;계란말이,Y,1,
f_f000973,2305290004,1,0,,아메리카노;사과에이드,Y,1,
f_f000973,2305270002,1,1,,광부의행복밥상,Y,1,
f_f000973,2305270004,1,3,,홍찜닭,Y,4,
f_f000973,2305290002,2,1,,오미자청,N,5,
f_f000973,2305290004,2,1,,애플파이;쿠키;페스추리,Y,5,
f_f000973,2305270002,3,0,,꼬마열차,N,5,1
f_f000973,2305270003,3,0,,오픈세트장,N,1,2
f_f000973,2305290002,3,0,,터널,Y,1,2
f_f000973,2305270004,3,1,,수영장,Y,1,2
f_f000973,2305280003,3,1,,광부터널;기차;상상체험,N,1,1
f_f000973,2305270005,3,2,,수영장,N,5,1
f_f000973,2305270003,4,1,,,,,
f_f000973,2305280005,5,0,,,,,
f_f000973,2305270005,5,1,,,,,
f_f000979,2305270004,1,0,,순대국밥;돼지국밥;모듬(순대;오소리감투 등);강정,N,1,
f_f000979,2305270004,1,2,,닭강정,Y,1,
f_f000979,2305270004,2,1,,맥주;라면;치솔;생수;아이스크림,Y,1,
f_f000979,2305280001,2,2,,음료;김밥,N,1,
f_f000979,2305270003,3,0,,전기카트,N,1,1
f_f000979,2305280001,3,0,,동굴관람,N,1,2
f_f000979,2305280002,4,0,,,,,
f_f000979,2305270002,4,1,,,,,
f_f000979,2305270005,5,0,,,,,
f_f000979,2305270002,5,2,,,,,
f_f001026,2305260003,1,0,,설렁탕(특);영양갈비탕;장수소고기국밥,N,1,
f_f001026,2305280001,1,0,,닭숯불구이;파전;콜라;사이다;하동막걸리,N,1,
f_f001026,2305280002,1,0,,회오리감자,N,1,
f_f001026,2305280003,1,0,,아인슈페너;하동샌드;아메리카노;하동 지리산 크림 라떼;지리산 크림라떼,Y,1,
f_f001026,2305290001,1,0,,밤파이;아몬드크리스피,Y,1,
f_f001026,2305290003,1,0,,직각목살;온겹살;맥주;콜라;라면된장전골;갓 지은 밥,Y,1,
f_f001026,2305290007,1,0,,미숫가루;흑임자팥빙구,N,1,
f_f001026,2305270002,1,2,,슬러시,N,1,
f_f001026,2305270003,1,2,,돼지 모듬구이;소고기 된장찌개;공깃밥;물냉면;콜라;소주,N,1,
f_f001026,2305290002,2,0,,아이쇼핑(찰보리빵;도자기;쑥떡;재첩국;송이버섯),N,5,
f_f001026,2305290006,2,0,,인형;우산;차량용방향제;키보드;무드등;필기구;캠핑용품;텀블러,N,5,
f_f001026,2305280003,2,1,,스티커,N,5,
f_f001026,2305270002,3,0,,양귀비;유채꽃;수레국화 등 관람,N,5,2
f_f001026,2305270004,3,0,,무진정 낙화놀이 관람,N,5,2
f_f001026,2305290004,3,0,,한옥마을 거리,N,5,2
f_f001026,2305290005,3,0,,전동성당 외부 구경(내부 입장 불가),N,5,2
f_f001026,2305270002,3,3,,인생네컷 사진 촬영,N,1,1
f_f001026,2305280002,3,3,,키링만들기,N,5,1
f_f001026,2305280002,3,4,,차 엑스포 관람,Y,1,2
f_f001026,2305270001,4,0,,,,,
f_f001026,2305270002,4,1,,,,,
f_f001026,2305270004,4,1,,,,,
f_f001026,2305290005,4,1,,,,,
f_f001026,2305280002,4,2,,,,,
f_f001026,2305290004,5,1,,,,,
f_f001026,2305270004,5,2,,,,,
f_f001059,2305210005,1,0,,숙주돈까스 명란돈까스 오므라이스 오늘의파스타,N,1,
f_f001059,2305210002,2,0,,뽀로로 음료수;모구모구 음료수,N,1,
f_f001059,2305210004,3,0,,미술관 박수근 블랙에디션 전시 관람 및 야외 정원 구경,N,5,2
f_f001059,2305210006,4,0,,,,,
f_f001059,2305210004,4,1,,,,,
f_f001059,2305210006,5,1,,,,,
f_f001059,2305210006,6,2,,플로깅,N,1,
f_f001074,2306050002,1,0,,떡볶이;핫바,N,1,
f_f001074,2306050007,1,0,,짬뽕;덮밥,Y,4,
f_f001074,2306060001,1,0,,햄버거 세트,N,1,
f_f001074,2306060006,1,0,,생선;고기 한상,N,1,
f_f001074,2306060008,1,0,,아이스 딸기 탕후루,N,1,
f_f001074,2306070001,1,0,,국수;비빔밥,N,1,
f_f001074,2306070002,1,0,,커피,N,1,
f_f001074,2306050010,1,2,,편의점 야식,N,2,
f_f001074,2306050006,2,0,,슬러시;아이쇼핑,N,1,
f_f001074,2306060009,2,0,,편의점 야식,N,1,
f_f001074,2306050004,2,1,,아이스크림,N,1,
f_f001074,2306070001,2,1,,힐튼 호텔 미니바 사용,Y,1,
f_f001074,2306070002,2,1,,찰보리빵,N,1,
f_f001074,2306050005,3,0,,천마총 내부 관람,N,1,2
f_f001074,2306050009,3,0,,루미나 나이트,N,1,1
f_f001074,2306060002,3,0,,불국사 전체 관람,N,1,2
f_f001074,2306060003,3,1,,석굴암 전체 관람,N,1,2
f_f001074,2306050004,4,0,,,,,
f_f001074,2306060003,4,0,,,,,
f_f001074,2306060005,4,0,,,,,
f_f001074,2306060007,4,0,,,,,
f_f001074,2306060002,4,1,,,,,
f_f001074,2306060008,4,2,,,,,
f_f001074,2306050008,5,0,,,,,
f_f001074,2306060004,5,0,,,,,
f_f001074,2306050002,5,1,,,,,
f_f001074,2306060009,5,1,,,,,
f_f001074,2306070002,5,2,,,,,
f_f001074,2306070004,6,0,,주유,N,1,
f_f001074,2306050003,99,1,,,,,
f_f001081,2305220005,1,0,,꾹저구탕. 은어튀김,N,1,
f_f001081,2305220007,1,0,,아이스커피,N,4,
f_f001081,2305220010,1,0,,순두부짬뽕,N,1,
f_f001081,2305230001,1,0,,조식,Y,4,
f_f001081,2305230002,1,0,,순옹심이,N,1,
f_f001081,2305230004,1,0,,김밥,Y,1,
f_f001081,2305230005,1,0,,커피,N,1,
f_f001081,2305230007,1,0,,음료수,N,4,
f_f001081,2305230008,1,0,,김치찌게,N,1,
f_f001081,2305240003,1,0,,돌솥비빔밥,N,1,
f_f001081,2305240004,1,0,,커피,N,1,
f_f001081,2305230003,2,0,,각종 튀김,N,5,
f_f001081,2305230002,2,1,,물. 초콜릿,N,1,
f_f001081,2305240003,2,1,,버섯,N,1,
f_f001081,2305220003,3,0,,오죽헌내부 관람 및 주변 산책,N,1,2
f_f001081,2305240002,3,0,,전마무숲,N,1,2
f_f001081,2305230004,3,1,,장미공원 관람,N,5,2
f_f001081,2305220003,3,2,,안목해변 커피거리,N,5,1
f_f001081,2305230006,3,2,,베틀바위등반,N,1,2
f_f001081,2305220003,3,3,,경포호수둘레길체험,N,5,1
f_f001081,2305220003,3,4,,경포해수욕장,N,5,2
f_f001081,2305220003,3,5,,경포호연꽃습지방문,N,5,2
f_f001081,2305220006,4,0,,,,,
f_f001081,2305220008,4,0,,,,,
f_f001081,2305220009,4,0,,,,,
f_f001081,2305230006,4,0,,,,,
f_f001081,2305220003,4,1,,,,,
f_f001081,2305220004,4,2,,,,,
f_f001081,2305220006,5,1,,,,,
f_f001081,2305220008,5,1,,,,,
f_f001081,2305220009,5,1,,,,,
f_f001081,2305230001,5,1,,,,,
f_f001081,2305230005,5,1,,,,,
f_f001081,2305220002,5,3,,,,,
f_f001092,2306020005,1,0,,쭈꾸미우삼겹볶음 라면 과자 (집에 있던 것),Y,4,
f_f001092,2306030001,1,0,,아비꼬카레,N,1,
f_f001092,2306030002,1,0,,키위라임블렌디드 딸기요거트블렌디드 돌체라떼,N,1,
f_f001092,2306040002,1,0,,카페라네 유자스무디 케이크 빵,N,1,
f_f001092,2306040003,1,0,,스테이크 파스타 리조또 샐러드,N,1,
f_f001092,2306040001,1,2,,물비빔냉면,N,1,
f_f001092,2306030001,1,3,,닭강정,N,1,
f_f001092,2306030001,2,1,,티셔츠,N,1,
f_f001092,2306030004,4,0,,,,,
f_f001092,2306020005,4,1,,,,,
f_f001092,2306030001,4,2,,,,,
f_f001092,2306030004,5,1,,,,,
f_f001092,2306020005,5,2,,,,,
f_f001092,2306040001,6,0,,주유,N,1,
f_f001092,2306020005,6,3,,반려동물과 차박캠핑,Y,5,
f_f001092,2306040001,6,4,,얼음구매,N,1,
f_f001092,2306030005,99,0,,,,,
f_f001112,2306030005,1,0,,비빔밀면;물밀면,N,1,
f_f001112,2306030008,1,0,,양곱창세트,N,1,
f_f001112,2306040001,1,0,,비빔막국수;물막국수,N,1,
f_f001112,2306040003,1,0,,조개구이,N,1,
f_f001112,2306050001,1,0,,은복국,N,1,
f_f001112,2306050003,1,0,,막창구이;특양구이;간장비빔국수,N,1,
f_f001112,2306030002,2,0,,티셔츠,N,5,
f_f001112,2306030007,2,0,,간식류,N,5,
f_f001112,2306060001,2,0,,캐릭터상품,N,5,
f_f001112,2306040002,3,0,,야구경기,Y,1,2
f_f001112,2306050002,3,0,,놀이기구체험,Y,1,1
f_f001112,2306040004,4,0,,,,,
f_f001112,2306050004,4,0,,,,,
f_f001112,2306030006,4,1,,,,,
f_f001112,2306030003,4,2,,,,,
f_f001112,2306030009,5,0,,,,,
f_f001112,2306040005,5,0,,,,,
f_f001112,2306050005,5,0,,,,,
f_f001112,2306030004,5,1,,,,,
f_f001112,2306060003,7,0,,,,,
f_f001112,2306060004,7,0,,,,,
f_f001112,2306030003,7,1,,,,,
f_f001116,2305260002,1,0,,부산미도어묵에서 프리미엄 꼬치어묵을 먹음,Y,1,
f_f001116,2305280001,1,0,,추어탕,N,1,
f_f001116,2305280002,1,0,,빵 쿠키 커피,N,1,
f_f001116,2305280004,1,0,,밥버거,N,1,
f_f001116,2305290001,1,0,,피자,N,4,
f_f001116,2305280004,1,1,,오징어회 음료 오뎅탕,N,2,
f_f001116,2305260006,1,2,,미소야(치즈돈까스) 마트에서 장본거(술 음료) 네이버쇼핑(조조칼국수),N,4,
f_f001116,2305290003,1,2,,치킨,N,4,
f_f001116,2305270001,1,5,,쿠팡(오코노미야끼 밀키트;부대찌개 밀키트) 마트장본거(파인애플 토스트;술;음료;LA갈비) 인터넷(양갈비),N,4,
f_f001116,2305290003,2,3,,치킨,N,1,
f_f001116,2305270001,3,6,,애견 수영장 입장 및 체험,N,1,1
f_f001116,2305260006,4,1,,,,,
f_f001116,2305280002,4,2,,,,,
f_f001116,2305260006,5,0,,,,,
f_f001116,2305260003,7,1,,,,,
f_f001116,2305290001,7,1,,,,,
f_f001116,2305290003,7,1,,,,,
f_f001117,2305270001,1,0,,삿포로 맥주 4캔 소세지 2개  육즙팡팡 치즈소세지 1개 입니다!,N,1,
f_f001117,2305270006,1,0,,친구들을 만나  자장면과 탕수육을 먹었습니다,Y,1,
f_f001117,2305280001,1,0,,친구들은 육개장을 먹고 저는 하얀육수 육개장을 먹었습니다,N,4,
f_f001117,2305280002,1,0,,갈비 만두와  고기만두  롯데리아 햄버거 세우버거세트 더블 델리버거 세트 먹었습니다,N,1,
f_f001117,2305270002,1,3,,GS편의점에서  먹고 남은 맥주 와 소세지,Y,4,
f_f001117,2305270006,1,4,,5입 과자세트  커피2캔 갈아만든배  환타  빵 을먹었습니다,Y,4,
f_f001117,2305270005,2,0,,낚시할때 마실 커피와 갈아만든배 탄산도 필요해서 환타 5개 묵음 과자들  들과 빵과,Y,1,
f_f001117,2305270006,2,1,,바이크 탈때 헬멧의 고글과 낚시에서 입을 바지와 낚시에 필요한 묶음추와 바늘,Y,1,
f_f001117,2305280002,2,1,,옷 각종 채소들  분식즐 빨간오뎅이 맛있다고 온건데  늦게가서 상점들이 닫았음,N,5,
f_f001117,2305260002,5,0,,,,,
f_f001117,2305270003,5,0,,,,,
f_f001117,2305270004,5,0,,,,,
f_f001117,2305270007,5,0,,,,,
f_f001117,2305260003,5,1,,,,,
f_f001117,2305270001,5,1,,,,,
f_f001117,2305270002,5,2,,,,,
f_f001117,2305270006,5,2,,,Y,,
f_f001117,2305280002,5,2,,,,,
f_f001117,2305270002,6,1,,샤워하고 티비보고 맥주 마셨습니다 온돌로 된 바닥이라서 바이크 타고온 나의 육체를 아주 시원하게 풀수 있었습니다!,Y,1,
f_f001117,2305270003,6,1,,화장실가고 자연풍경을 구경했습니다 그리고 바이크 타시는 분들이라면  죽령휴계소를 올라올때 고블고블한 길이 라이딩하기 너무 재미있고  안전 장치들이 많고 차들도 별로 없어서 안전하게 탈수 있는 라이딩 코스 입니다 ( 어느 방향으로 가든 다 재미있음),N,5,
f_f001117,2305270001,6,2,,무인 편의점인데  사장님이 지키고 계시구 성인인증만하면 자유롭게 술 담배를 살수 있어서 좋았습니다 다른 무인편의점은 술담배 사기가 많이 어려움,N,5,
f_f001117,2305270006,6,3,,바로 옆 겟바위에 올라가 낚시를 하였고 바다를 보면서 낚시했고 그리고 텐트를 치고 놀았습니다,Y,5,
f_f001124,2305250003,1,0,,한우,Y,1,
f_f001124,2305250004,2,0,,과일과 술;안주,N,1,
f_f001124,2305250007,2,0,,회,N,1,
f_f001124,2305250005,2,1,,껌과 커피,N,1,
f_f001124,2305250006,3,2,,레일바이크 타기위해 공원에 도착,Y,1,2
f_f001124,2305260003,3,2,,수로부인 헌화공원에 입장하여 산책후 정상에 있는 카페에 들려 커피 마심,N,1,2
f_f001124,2305250006,4,0,,,,,
f_f001124,2305260002,4,0,,,,,
f_f001124,2305260003,4,1,,,,,
f_f001124,2305250008,5,0,,,,,
f_f001124,2305260003,5,0,,,,,
f_f001124,2305250002,5,1,,,,,
f_f001124,2305250006,5,1,,,,,
f_f001131,2306040002,1,0,,집에서 준비한 밥과 밑반찬,Y,4,
f_f001131,2306040004,1,0,,회;대게,N,1,
f_f001131,2306050002,1,0,,피자 음료수 과자,N,2,
f_f001131,2306050006,1,0,,돌솥밥 해물전,Y,1,
f_f001131,2306060002,1,0,,충무김밥 라면 돈가스정식 아이스크림 사탕,N,1,
f_f001131,2306040005,1,2,,커피,N,2,
f_f001131,2306050001,2,0,,아이스크림 음료수,N,1,
f_f001131,2306040004,3,1,,해산물 구경;갈매기 먹이주기 체험,N,5,1
f_f001131,2306050003,3,1,,칠보산자연휴양림 입장 관람,N,1,2
f_f001131,2306050001,3,3,,조개줍기 꽃게잡기 모래놀이,N,5,1
f_f001131,2306040003,4,0,,,,,
f_f001131,2306050003,4,0,,,,,
f_f001131,2306050005,4,0,,,,,
f_f001131,2306040005,4,1,,,,,
f_f001131,2306050004,4,1,,,,,
f_f001131,2306060001,4,1,,,,,
f_f001131,2306050001,4,2,,,,,
f_f001131,2306040005,5,0,,,,,
f_f001131,2306050007,5,0,,,,,
f_f001131,2306060001,5,0,,,,,
f_f001131,2306040002,5,1,,,,,
f_f001131,2306050001,5,1,,,,,
f_f001131,2306050002,5,1,,,,,
f_f001131,2306050002,6,2,,아기 낮잠 휴식,N,5,
f_f001134,2305270003,1,0,,닭볶음탕,N,1,
f_f001134,2305270004,1,0,,커피,N,1,
f_f001134,2305280002,1,0,,점심 브런치 및 커피,N,1,
f_f001134,2305270002,1,1,,커피,N,1,
f_f001134,2305270002,2,0,,커피구입 및 텀블러 아이쇼핑,N,5,
f_f001134,2305270008,2,2,,저녁식사 음식 및 바베큐용 고기,N,1,
f_f001134,2305270005,4,0,,,,,
f_f001134,2305280001,4,0,,,,,
f_f001134,2305270008,5,1,,,,,
f_f001134,2305280002,5,1,,,,,
f_f001181,2306020002,1,0,,파리바게트 커피;핫도그,N,1,
f_f001181,2306030001,1,0,,아이스라떼,N,1,
f_f001181,2306030002,1,0,,막국수,N,1,
f_f001181,2306030003,1,0,,커피;팥빙수,N,1,
f_f001181,2306030005,1,0,,소고기,N,1,
f_f001181,2306040002,1,0,,막국수;빈대떡,N,1,
f_f001181,2306020003,5,0,,,,,
f_f001181,2306030004,5,0,,,,,
f_f001181,2306030006,5,0,,,,,
f_f001181,2306020002,5,1,,,,,
f_f001184,2306020004,1,0,,냉면 문어숙회,N,1,
f_f001184,2306020008,1,0,,돼지갈비,N,1,
f_f001184,2306020011,1,0,,버거,Y,1,
f_f001184,2306030001,1,0,,떡볶이 만두 냉면,N,1,
f_f001184,2306030005,1,0,,피자 파스타 리조또,N,1,
f_f001184,2306040001,1,0,,브런치,Y,1,
f_f001184,2306050001,1,0,,김밥 볶음밥 라면,N,1,
f_f001184,2306020002,1,1,,소세지;핫도그 등,N,1,
f_f001184,2306020005,1,1,,아이그크림 십원빵,N,1,
f_f001184,2306040004,1,1,,음료,N,1,
f_f001184,2306030006,2,0,,편의점 간식,N,1,
f_f001184,2306040003,2,0,,주전부리,N,1,
f_f001184,2306040006,2,0,,호텔로 와서 먹을 저녁겸 야식을 야시장에서 구매 / 카드결제가 안되어서 모두 계좌이체,N,5,
f_f001184,2306030001,2,1,,십원빵,N,1,
f_f001184,2306050001,2,1,,황남빵,N,1,
f_f001184,2306020003,3,0,,박물관 관람,N,5,2
f_f001184,2306020006,3,0,,역사관 3D 애니메이션 관람,N,1,2
f_f001184,2306020009,3,0,,대릉원 미디어아트 관람 / 천마총 관람,Y,5,2
f_f001184,2306030002,3,0,,불국사 해설들으며 관란,Y,5,2
f_f001184,2306030003,3,0,,석굴암 관람,N,5,2
f_f001184,2306040005,3,0,,입장 및 산책 / 야경 명소,N,1,2
f_f001184,2306040002,3,2,,분황사 해설들으며 관람,Y,5,2
f_f001184,2306020009,4,1,,,,,
f_f001184,2306040005,4,1,,,,,
f_f001184,2306020002,5,0,,,,,
f_f001184,2306020007,5,0,,,,,
f_f001184,2306020012,5,0,,,,,
f_f001184,2306040004,5,0,,,,,
f_f001184,2306040007,5,0,,,,,
f_f001184,2306030004,6,1,,체크인,Y,5,
f_f001184,2306020006,6,3,,나오면서 음료 먹으면서 쉼,N,1,
f_f001184,2306020010,99,0,,,,,
f_f001226,2305270002,1,0,,수유리 우동,N,1,
f_f001226,2305270003,1,0,,동치미메밀국수;비빔메밀국수;추가 사리,N,1,
f_f001226,2305270006,1,0,,고구마라떼;말차라떼;아메리카노,N,1,
f_f001226,2305270008,1,0,,참치모나카;관자;우니파스타;홍새우파스타;채끝스테이크;시메이골드;레몬머랭케이크;제로콜라,Y,1,
f_f001226,2305280001,1,0,,황태구이;황태해장국;맑은순두부,N,1,
f_f001226,2305280003,1,0,,뚱감겹살말이;새우튀김모듬,N,1,
f_f001226,2305280004,1,0,,장사항비치에이드;아메리카노;아이스티,N,1,
f_f001226,2305280009,1,0,,해물모듬장;문어솥밥,N,1,
f_f001226,2305290001,1,0,,해전물회;섭국;성게알미역국,N,1,
f_f001226,2305290002,1,0,,순살 갈릭새우;순살 핫새우;애플쥬스;코카콜라,N,1,
f_f001226,2305290004,1,0,,파도라떼;카페라떼;오렌지에이드,N,1,
f_f001226,2305290006,1,0,,팍스버거세트;쉬림프버거단품;스프라이트,N,1,
f_f001226,2305280008,2,0,,크록스액세서리;머리핀,N,1,
f_f001226,2305280010,2,0,,화이트쇼콜라;화이트엔젤,N,1,
f_f001226,2305280003,2,1,,오징어;대게,N,5,
f_f001226,2305280002,3,0,,부엉이;올빼미의 기본정보에 대해 배우고;세계각국의 부엉이 작품에 대한 관람;해당 전시관 작가의 부엉이 브로치 등의 작품 활동을 관람하였음.,N,1,2
f_f001226,2305280006,3,1,,15층높이의 엑스포타워에 올라가 속초시내 및 설악산을 구경하였으며;망원경체험을 해보았음.,N,5,1
f_f001226,2305290005,3,2,,군소;게;물고기 등을 관찰하고 채집해보았음.(종료후 방생),N,5,1
f_f001226,2305270004,4,0,,,,,
f_f001226,2305270005,4,0,,,,,
f_f001226,2305280005,4,0,,,,,
f_f001226,2305290003,4,1,,,,,
f_f001226,2305290005,4,1,,,,,
f_f001226,2305280003,4,2,,,,,
f_f001226,2305270007,5,0,,,,,
f_f001226,2305270009,5,0,,,,,
f_f001226,2305280007,5,0,,,,,
f_f001226,2305280011,5,0,,,,,
f_f001226,2305290003,5,0,,,,,
f_f001226,2305270002,5,1,,,,,
f_f001226,2305270005,5,1,,,,,
f_f001226,2305270006,5,1,,,,,
f_f001226,2305280004,5,1,,,,,
f_f001233,2305270004,1,0,,가자미조림 및 생대구탕,N,1,
f_f001233,2305280002,1,0,,막국수와 수육,N,1,
f_f001233,2305280003,1,0,,빵과 커피,N,1,
f_f001233,2305280004,1,0,,우동과 설렁탕,N,1,
f_f001233,2305290001,1,0,,메밀묵밥과 채묵비빔밥,N,1,
f_f001233,2305270005,2,0,,문어 및 가리비,N,1,
f_f001233,2305280001,2,0,,북한;중국 전통술,N,1,
f_f001233,2305270003,3,0,,별장관람 및 체험,N,1,1
f_f001233,2305290002,3,0,,박물관 체험,N,1,1
f_f001233,2305270002,4,0,,,,,
f_f001233,2305270003,4,1,,,,,
f_f001245,2305270004,1,0,,돌짜장2+짬뽕국물+탕수육세트,N,1,
f_f001245,2305270008,1,0,,크룽지,N,1,
f_f001245,2305270012,1,0,,돼지갈비찜;소주;볶음밥,N,1,
f_f001245,2305280001,1,0,,커피,N,1,
f_f001245,2305290001,1,0,,엑설런트 라떼;아메리카노,N,1,
f_f001245,2305290002,1,0,,교리김밥;잔치국수,N,1,
f_f001245,2305290003,1,0,,아이스티;딸기요거트,Y,1,
f_f001245,2305280004,1,1,,매운소갈비찜,N,2,
f_f001245,2305280003,1,2,,모듬회,Y,1,
f_f001245,2305280005,1,2,,갈비,N,4,
f_f001245,2305270008,1,3,,물;음료수,Y,2,
f_f001245,2305270005,2,0,,우럭회;갑오징어회,N,1,
f_f001245,2305270006,2,0,,아포가토;수제 오미자 차,Y,1,
f_f001245,2305270011,2,0,,마그네틱,N,1,
f_f001245,2305270008,2,1,,책,N,1,
f_f001245,2305270013,2,1,,물;주류;간식,N,1,
f_f001245,2305270009,3,0,,대릉원녹턴미디어아트관람,N,5,2
f_f001245,2305270010,3,0,,동궁과월지 야경 구경,Y,1,2
f_f001245,2305280004,4,0,,,,,
f_f001245,2305270010,4,1,,,,,
f_f001245,2305270008,4,2,,,,,
f_f001245,2305270007,5,0,,,,,
f_f001245,2305270013,5,0,,,,,
f_f001245,2305270006,5,1,,,,,
f_f001245,2305280005,5,1,,,,,
f_f001245,2305270002,7,0,,,,,
f_f001245,2305270003,7,0,,,,,
f_f001245,2305290003,7,1,,,,,
f_f001321,2305270006,1,0,,찜닭외,N,1,
f_f001321,2305270007,1,0,,만두,N,1,
f_f001321,2305280002,1,0,,쫄면;어린이쫄면;우동;돈까스,N,1,
f_f001321,2305280001,2,0,,빵,N,1,
f_f001321,2305280004,3,0,,도산서원둘러보기,N,1,2
f_f001321,2305270003,4,0,,,,,
f_f001321,2305270004,4,4,,,,,
f_f001321,2305270005,5,0,,,,,
f_f001321,2305270002,6,0,,화장실;편의점,N,1,
f_f001336,2305260002,1,0,,분식(김치볶음밥;오무라이스;돌솥콘치즈닭갈비,N,1,
f_f001336,2305270001,1,0,,일식(텐동;사케동;냉모밀),N,1,
f_f001336,2305270003,1,0,,이탈리안음식(만조샐러드;콰트로 포르마지 피자;채끝등심세트(채끝등심스테이크+새우로제파스타),N,1,
f_f001336,2305280002,1,0,,샌드위치(이탈리안 비엠티;쉬림프;더블초코칩쿠키;초코칩쿠키;콜라),Y,1,
f_f001336,2305280003,1,0,,생딸기 설빙;인절미 설빙,Y,1,
f_f001336,2305280005,1,0,,고기(한우육회;조선프리미엄세트;솥밥 등),Y,1,
f_f001336,2305290002,1,1,,칠게빵,N,1,
f_f001336,2305270002,1,3,,카페(수제 머랭;커피콩빵),N,1,
f_f001336,2305260006,2,0,,굿즈(일본 애니메이션 굿즈),N,1,
f_f001336,2305260007,2,0,,굿즈(일본 애니 가챠),N,1,
f_f001336,2305280001,2,0,,굿즈(일본 만화 및 애니메이션 굿즈) 및 도서류,N,1,
f_f001336,2305260007,2,1,,굿즈(일본 만화 및 애니메이션 굿즈),Y,1,
f_f001336,2305280001,2,1,,굿즈(일본 만화 및 애니 굿즈),N,1,
f_f001336,2305260007,2,2,,빵,N,1,
f_f001336,2305280003,2,2,,화장품(쿠션;틴트;타르트),N,1,
f_f001336,2305260007,2,3,,김밥,Y,1,
f_f001336,2305260007,2,4,,배달(마라탕),Y,1,
f_f001336,2305270002,3,0,,다누비 열차 탑승,N,1,1
f_f001336,2305270002,4,1,,,,,
f_f001336,2305280006,4,1,,,,,
f_f001336,2305280004,5,0,,,,,
f_f001336,2305270002,5,2,,,,,
f_f001336,2305280006,5,2,,,,,
f_f001336,2305260003,7,0,,,,,
f_f001336,2305290001,7,0,,,,,
f_f001336,2305290002,7,0,,,,,
f_f001336,2305290003,7,0,,,,,
f_f001336,2305260004,7,2,,,,,
f_f001363,2306020003,1,0,,오징어회;오징어 통 구이;소주,N,4,
f_f001363,2306030001,1,0,,순대국,N,1,
f_f001363,2306030004,1,0,,마제소바;후토마끼;맥주,Y,1,
f_f001363,2306030006,1,0,,대게 무침,Y,1,
f_f001363,2306030007,1,0,,고갈비;애호박전;소주,N,1,
f_f001363,2306040001,1,0,,물회;성게 미역국,N,1,
f_f001363,2306040003,1,0,,도토리묵;전통 막걸리,N,1,
f_f001363,2306030003,1,1,,오미자차;아이스아메리카노,N,1,
f_f001363,2306040002,1,1,,아메리카노 2잔,N,1,
f_f001363,2306020004,2,0,,속초 전통 떡,N,1,
f_f001363,2306030002,4,0,,,,,
f_f001363,2306030005,4,2,,,,,
f_f001363,2306020002,5,0,,,,,
f_f001363,2306020005,5,0,,,,,
f_f001363,2306020006,5,0,,,,,
f_f001363,2306030003,5,0,,,,,
f_f001363,2306030008,5,0,,,,,
f_f001363,2306040002,5,0,,,,,
f_f001363,2306030005,5,1,,,,,
f_f001363,2306040003,5,1,,,,,
f_f001380,2306030004,1,0,,루안A코스,Y,1,
f_f001380,2306040001,1,0,,도시락,N,4,
f_f001380,2306050001,1,0,,돈가스;김치찌개,Y,1,
f_f001380,2306040004,1,1,,아이스크림,N,1,
f_f001380,2306040005,1,2,,숯불고기,N,2,
f_f001380,2306030003,2,0,,3박4일간 식사거리 및 간식,N,1,
f_f001380,2306040002,3,0,,하늘자전거;카트,Y,1,1
f_f001380,2306040003,3,0,,승마체험,N,5,1
f_f001380,2306040004,3,0,,상주박물관내 어린이체험실,N,5,1
f_f001380,2306040001,3,1,,열기구탑승,N,1,1
f_f001380,2306050001,3,1,,에코월드 내 상상체험키즈월드;물놀이터,Y,1,1
f_f001380,2306030002,4,0,,,,,
f_f001380,2306040005,4,1,,,,,
f_f001380,2306040001,4,2,,,,,
f_f001380,2306050001,4,2,,,Y,,
f_f001380,2306040005,5,0,,,,,
f_f001380,2306040001,5,3,,,,,
f_f001380,2306050001,5,4,,,Y,,
f_f001408,2306040004,1,0,,크림고구마떠먹는피자;매운해물토마토스파게티;프라이드포테이토;맥주;콜라,N,1,
f_f001408,2306040005,1,1,,아이스크림,N,4,
f_f001408,2306040003,3,0,,사우나,N,5,1
f_f001408,2306040005,3,0,,관람,N,5,2
f_f001412,2306030002,1,0,,바베큐플레터(돼지바베큐. 치킨통구이. 립. 새우구이. 채소구이);컵라면;빵,Y,4,
f_f001412,2306040002,1,0,,햄버거세트;팥빙수;산청딸기라떼,N,1,
f_f001412,2306040004,1,0,,육전물냉면;만두,N,1,
f_f001412,2306040003,3,0,,과학원리를 이용한 여러가지 체험놀이시설을 이용함. 예를 들면 위치에너지를 운동에너지로 바꾸는 원리를 바탕으로 공을 조작하며 체험함,N,5,1
f_f001412,2306040001,3,2,,마당극 오작교아리랑,N,5,2
f_f001412,2306040001,4,0,,,,,
f_f001412,2306030002,4,1,,,,,
f_f001412,2306030002,5,2,,,,,
f_f001412,2306030002,6,3,,배드민턴;수영;자전거타기,Y,5,
f_f001421,2305270004,1,0,,고기 술 음료 버섯,Y,2,
f_f001421,2305280002,1,0,,물회 음료수,N,1,
f_f001421,2305280005,1,0,,흑임자카페라떼 아이스아메리카노,N,1,
f_f001421,2305280006,1,0,,소세지,N,1,
f_f001421,2305270002,2,0,,술;물;음료수;버섯;과자;커피;삼겹살;참기름,N,5,
f_f001421,2305270003,4,0,,,,,
f_f001421,2305280001,4,0,,,,,
f_f001421,2305280003,4,0,,,,,
f_f001421,2305270004,5,1,,,,,
f_f001421,2305280004,6,0,,낚시,N,5,
f_f001440,2305250004,1,0,,젤라또아이스크림,N,1,
f_f001440,2305250006,1,0,,삼겹살;목살;된장찌개,N,1,
f_f001440,2305260002,1,0,,빵;커피,N,1,
f_f001440,2305260004,1,0,,순두부찌개,N,1,
f_f001440,2305250003,1,1,,칼국수;충무김밥;야채김밥,N,1,
f_f001440,2305260004,1,2,,직접 타주시는 커피2잔,N,1,
f_f001440,2305250003,1,4,,식혜,Y,1,
f_f001440,2305250003,1,5,,커피,N,1,
f_f001440,2305250003,2,0,,과일;야채류;의류,N,5,
f_f001440,2305260006,2,0,,도나스세트(선물용);만쥬,N,1,
f_f001440,2305260002,2,1,,감천마을 마그네틱,N,1,
f_f001440,2305260004,2,1,,가방;의류,N,5,
f_f001440,2305250004,2,3,,케이블카;공기총 인형뽑기,N,5,
f_f001440,2305260005,3,0,,근현대역사관련 도서,N,5,2
f_f001440,2305250004,3,2,,구름다리입장,N,1,2
f_f001440,2305250002,4,0,,,,,
f_f001440,2305260003,4,0,,,,,
f_f001440,2305250004,4,1,,,,,
f_f001440,2305250003,4,2,,,,,
f_f001440,2305260002,4,2,,,,,
f_f001440,2305250002,5,1,,,,,
f_f001440,2305250003,5,3,,,,,
f_f001442,2305270003,1,0,,장어구이,N,1,
f_f001442,2305270004,1,0,,딸기파이;뱅오쇼콜라;코코넛바나나식빵;아이스 카라멜마끼아또;블루베리 스무디;망고스무디;아메리카노;아이스아메리카노,N,1,
f_f001442,2305270002,4,0,,,,,
f_f001446,2305260002,1,0,,키리모찌와 커피,N,1,
f_f001446,2305260004,1,0,,일식 라멘,N,1,
f_f001446,2305270001,1,0,,피자와 칵테일,N,1,
f_f001446,2305270003,1,0,,젤라떡,N,1,
f_f001446,2305270004,1,0,,조개와 회,N,1,
f_f001446,2305260003,2,0,,날씨가 쌀쌀해서 담요,N,1,
f_f001446,2305260005,3,0,,연등축제 구경,N,5,2
f_f001446,2305270002,4,0,,,,,
f_f001446,2305270005,4,0,,,,,
f_f001446,2305260005,4,1,,,,,
f_f001446,2305260006,5,0,,,,,
f_f001446,2305260002,5,1,,,,,
f_f001446,2305270002,5,1,,,,,
f_f001446,2305260005,5,3,,,,,
f_f001487,2306100002,1,0,,고르곤졸라피자;닭똥집튀김(비가와서 숙소에서 배달의민족으로 시켜서 리조크 로비에서 받아서 숙소에서 먹었습니다.),N,2,
f_f001487,2306100003,1,0,,핫바;소시지;닭꼬치;구슬아이스크림;떡볶이;맥주(355ml),N,1,
f_f001487,2306110001,1,0,,한우 무한리필(성인2명;미취학1명);공기밥 2;비빔냉면,N,1,
f_f001487,2306110003,1,0,,달고나커피;딸기요거트스무디;샤인머스캣 케익;츄러스,N,1,
f_f001487,2306100003,3,1,,워터파크(2023년 워터파크 시즌권 구매로 이날은 입장비용이 발생되지 않았습니다.),Y,5,2
f_f001487,2306100002,4,2,,,,,
f_f001487,2306100002,5,1,,,,,
f_f001487,2306110002,6,1,,루지체험 하려고 인터넷 놀이대전을 통해 티켓 구매하고 티켓 교환하고 버스타고 루지탑승장까지 갔는데 비가와서 10분간 대기하다 비가 더 많이 내려 버스타고 다시 내려왔습니다,Y,5,
f_f001514,2305260002,1,0,,김치제육볶음 유뷰우동,N,1,
f_f001514,2305260003,1,0,,양대창 모둠구이,N,1,
f_f001514,2305260004,1,0,,폴드포크 나초 및 칵테일,N,1,
f_f001514,2305260005,1,0,,타파스,N,1,
f_f001514,2305270001,1,0,,카이센동,N,1,
f_f001514,2305270002,1,0,,커피와 빵,Y,1,
f_f001514,2305270003,1,0,,스페인 음식,N,1,
f_f001514,2305280001,1,0,,라멘,N,1,
f_f001514,2305280003,1,0,,돼지갈비 튀김,N,1,
f_f001514,2305280002,1,2,,커피 쿠키,N,1,
f_f001514,2305270006,3,0,,요트체험,Y,1,1
f_f001514,2305270005,4,0,,,,,
f_f001514,2305270008,4,1,,,,,
f_f001514,2305280002,4,1,,,,,
f_f001514,2305270004,4,2,,,,,
f_f001514,2305270007,5,0,,,,,
f_f001514,2305260006,6,0,,잠,Y,1,
f_f001514,2305260002,6,1,,주유,N,1,
f_f001516,2306050003,3,0,,아쿠아리움입장,Y,1,2
f_f001516,2306050003,4,1,,,,,
f_f001516,2306050003,6,2,,간식구매,Y,5,
f_f001544,2306050001,1,0,,아이스아메리카노,N,1,
f_f001544,2306050004,1,0,,티에이드(어반 브리즈;트로피칼 아일),N,1,
f_f001544,2306050005,1,0,,족발;열무김치말이국수,N,1,
f_f001544,2306060001,1,0,,새우소바,Y,1,
f_f001544,2306060002,1,0,,월송라떼(시그니처 커피),N,1,
f_f001544,2306040004,2,0,,맥주;젤리;과자;아이스크림,N,1,
f_f001544,2306050006,2,0,,빈티지(구제) 셔츠 2장,N,1,
f_f001544,2306040004,2,1,,차량 LPG가스 충전,N,1,
f_f001544,2306060003,3,0,,소금산 출렁다리;울렁다리를 건너기 위해 입구까지 걷고 산중턱까지 올랐습니다.,N,1,2
f_f001544,2306060005,3,1,,소금산 울렁다리 건너기,N,5,2
f_f001544,2306060004,3,2,,출렁다리 건너기 및 주변경관 관람,N,5,2
f_f001544,2306050003,4,0,,,,,
f_f001544,2306050007,4,0,,,,,
f_f001544,2306060004,4,0,,,,,
f_f001544,2306060005,4,0,,,,,
f_f001544,2306050003,5,1,,,,,
f_f001544,2306060002,5,1,,,,,
f_f001544,2306050007,5,2,,,,,
f_f001544,2306050001,5,3,,,,,
f_f001544,2306040002,7,0,,,,,
f_f001550,2306050003,1,0,,삽겹살;청국장,N,1,
f_f001550,2306040003,1,2,,김밥;국수;떡볶이,N,1,
f_f001550,2306050001,3,0,,하늘길 카트투어,Y,1,2
f_f001550,2306050002,3,0,,워터월드 체험,Y,1,1
f_f001550,2306040003,3,1,,스위치백트레인 체험;주변 경관 관람,Y,1,1
f_f001550,2306050001,4,1,,,,,
f_f001550,2306050004,5,1,,,,,
f_f001550,2306040002,5,4,,,,,
f_f001643,2305280002,1,0,,산채비빔밥,N,1,
f_f001643,2305290003,1,0,,산채비빔밥,N,1,
f_f001643,2305280004,2,0,,편의점에서 간식 구입,N,1,
f_f001643,2305290001,2,0,,찐빵;감자떡,N,1,
f_f001643,2305280003,3,0,,키즈월드의 다양한 시설 및 교구 체험,N,1,1
f_f001643,2305290002,4,0,,,,,
f_f001643,2305280004,5,1,,,,,
f_f001658,2305270003,1,0,,한우갈비살;한우꽃등심;곤드레밥;된장찌개,Y,1,
f_f001658,2305270004,1,0,,쭈꾸미제육볶음;막걸리,Y,4,
f_f001658,2305270004,1,3,,커피,Y,1,
f_f001658,2305270004,3,1,,골프 18홀,Y,1,1
f_f001658,2305270004,4,2,,,,,
f_f001658,2305270004,5,4,,,,,
f_f001707,2305270003,1,0,,메밀전병;야채빵,N,1,
f_f001707,2305270005,1,0,,돼지부속구이;주류,N,1;2,
f_f001707,2305270007,1,0,,모둠튀김꼬치;주류,N,1,
f_f001707,2305270002,1,2,,커피,N,2,
f_f001707,2305270003,2,1,,전통시장 먹거리들,N,5,
f_f001707,2305270004,3,0,,성당 건물및 주변 경관 관람,N,5,2
f_f001707,2305270002,4,0,,,,,
f_f001707,2305270004,4,1,,,,,
f_f001707,2305270002,5,1,,,,,
f_f001726,2305270002,1,0,,핫도그,N,1,
f_f001726,2305270004,1,0,,닭꼬치,N,1,
f_f001726,2305270005,1,0,,낙지젓갈비빔밥;김치짜글이;삼각김밥;짜파게티범벅,N,1,
f_f001726,2305270003,1,3,,컵라면;커피,Y,4,
f_f001726,2305270006,2,0,,플레인요구르트;찢어먹는치즈;조지아오리지널커피,N,1,
f_f001726,2305270003,3,0,,힐링바이크,N,1,1
f_f001726,2305270003,3,2,,무빙보트,N,5,1
f_f001726,2305270003,4,1,,,,,
f_f001726,2305270004,4,1,,,,,
f_f001726,2305270002,5,2,,,,,
f_f001762,2306030006,1,0,,커피;케익;음료,N,1,
f_f001762,2306040002,1,0,,아이스크림,N,1,
f_f001762,2306030003,1,1,,아이스크림,N,1,
f_f001762,2306030002,1,2,,치킨,Y,1,
f_f001762,2306030004,1,2,,육칼밥;물막국수,N,1,
f_f001762,2306030002,1,4,,음료수;빵;핫바,N,1,
f_f001762,2306030005,2,0,,합장주,N,1,
f_f001762,2306040002,2,1,,라면;맥주;과자,N,1,
f_f001762,2306030003,3,0,,알파인코스터 탑승,N,1,1
f_f001762,2306030005,3,2,,월정사 입장료,N,1,2
f_f001762,2306040002,3,2,,삼양목장 입장,Y,1,2
f_f001762,2306030005,4,1,,,,,
f_f001762,2306030002,5,1,,,,,
f_f001762,2306030006,5,1,,,,,
f_f001843,2306030002,1,0,,삼겹살,N,4,
f_f001843,2306040003,1,0,,막국수,N,1,
f_f001843,2306030003,2,1,,삼겹살,N,1,
f_f001843,2306040002,3,2,,산악바이크타기 체험,Y,1,1
f_f001843,2306030002,5,1,,,,,
f_f001843,2306030003,5,2,,,,,
f_f001843,2306040004,6,0,,축구게임,N,5,
f_f001843,2306030003,6,3,,산책;공놀이;휴식;게임,N,5,
f_f001848,2305290002,1,0,,해물뚝배기,N,1,
f_f001848,2305280004,2,0,,닭강정 옛날통닭,N,1,
f_f001848,2305280004,2,2,,홍게,N,1,
f_f001848,2305280004,2,3,,깻잎 쌈장 얼음 마늘,N,1,
f_f001848,2305280002,2,10,,과자 파인애플,N,1,
f_f001848,2305280003,3,0,,배낚시 선상낚시,Y,1,1
f_f001848,2305280004,4,1,,,,,
f_f001848,2305280003,5,1,,,,,
f_f001848,2305280002,5,7,,,,,
f_f001848,2305280002,6,8,,휴식 바다 구경,Y,5,
f_f001901,2306010003,1,0,,통감자,Y,1,
f_f001901,2306010004,1,0,,갈비칼국수;육회,N,1,
f_f001901,2306010005,1,0,,커피,N,1,
f_f001901,2306020003,1,0,,비빔국수;김치찌개,Y,1,
f_f001901,2306010001,1,1,,고기;닭꼬치;떡볶이,N,4,
f_f001901,2306020002,4,0,,,,,
f_f001901,2306010007,4,1,,,,,
f_f001901,2306010001,5,0,,,,,
f_f001901,2306010006,5,0,,,,,
f_f001901,2306010003,5,1,,,,,
f_f001902,2305300006,1,0,,진로2병;테라1병,Y,1,
f_f001902,2305310007,1,0,,gambas picantes(매운 감바스);bacalao en salsa verde con almejas(대구 바지락 요리);gratinado(새우크림오븐);빵 2개;sangria 2잔;제로콜라 1잔,N,1,
f_f001902,2305300006,1,1,,깐풍기+짬뽕탕 세트,Y,4,
f_f001902,2305310009,1,1,,스타벅스 자몽허니 블랙티 2잔,N,1,
f_f001902,2305310002,2,0,,도시락 떡케이크,Y,1,
f_f001902,2305310005,2,2,,꽃(물망초),N,1,
f_f001902,2305310006,4,0,,,,,
f_f001902,2305310008,4,0,,,,,
f_f001902,2305310005,4,1,,,,,
f_f001902,2305310009,5,0,,,,,
f_f001902,2305310004,6,0,,주차,Y,1,
f_f001902,2305310010,6,1,,주차,N,1,
f_f001902,2305300003,7,0,,,,,
f_f001902,2305300004,7,0,,,,,
f_f001902,2305310012,7,0,,,,,
f_f001902,2305310013,7,0,,,,,
f_f001906,2305280002,1,0,,불갈비맛 소시지와 아이시스 생수 구입후 취식,Y,1,
f_f001906,2305280003,1,0,,파라다이스 웨딩 뷔페,N,4,
f_f001906,2305280007,1,0,,삼겹살;갈매기살;꼼장어;주류,N,1,
f_f001906,2305280009,1,0,,패키지 포함된 무료 조식 이용,Y,4,
f_f001906,2305290001,1,0,,휴식 겸 공차 카페 방문 후 밀크티 구입 후 취식,N,1,
f_f001906,2305290002,1,0,,유미당의 시그니처 메뉴인 매워주까스와 특등심 돈카츠 주문 후 식사했다.,Y,1,
f_f001906,2305280004,2,0,,우천으로 인해 우비 3개 구매,N,1,
f_f001906,2305290001,3,1,,대구 국립과학관 입장 후 자연과학 관람 및 상설 전시장 관람 하였다,N,1,2
f_f001906,2305290003,3,1,,키즈카페 놀이시설 입장 및 놀이시설(오락기구;볼풀장)체험,Y,1,1
f_f001906,2305280005,3,4,,이월드 놀이공원 입장 후 공원 산책 및 미니 체험장;파충류 체험관 관람,Y,1,1
f_f001906,2305280006,5,0,,,,,
f_f001906,2305290003,5,0,,,,,
f_f001906,2305280002,5,1,,,,,
f_f001906,2305280009,5,1,,,,,
f_f001906,2305290002,5,1,,,,,
f_f001906,2305280003,6,1,,지인의 결혼식 참석 및 뷔페에서 점심 식사,Y,5,
f_f001912,2305290004,1,0,,ㅍ자.맥주,N,1,
f_f001912,2305290005,1,0,,오뎅탕;떡볶이,N,1,
f_f001912,2305290006,1,0,,카푸치노;유자에이드. 아이스카페라떼. 옥수수래요케이크,N,1,
f_f001912,2305290003,1,1,,커피,N,1,
f_f001912,2305290006,1,1,,강원감자빵,N,4,
f_f001912,2305290004,3,1,,전시장관람,Y,1,2
f_f001912,2305290005,4,1,,,,,
f_f001912,2305290003,7,0,,,,,
f_f001912,2305290007,99,0,,,,,
f_f001925,2305290004,1,0,,스끼야끼정식,N,1,
f_f001925,2305290006,1,0,,로투도넛.라떼.딸기라떼,N,1,
f_f001925,2305290006,2,1,,사진,N,1,
f_f001925,2305290003,4,0,,,,,
f_f001925,2305290005,4,0,,,,,
f_f001925,2305290006,4,2,,,,,
f_f002098,2306030004,1,0,,물,Y,1;3,
f_f002098,2306040003,1,2,,<카멜리아 in 구룡포>란 카페에서 음료와 와플 취식,N,1,
f_f002098,2306030003,2,0,,물회 테이크아웃,N,1,
f_f002098,2306040001,2,0,,건어물 아이쇼핑,N,5,
f_f002098,2306040002,4,0,,,,,
f_f002098,2306030002,4,1,,,,,
f_f002098,2306040003,4,1,,,,,
f_f002098,2306030004,5,1,,,,,
f_f002098,2306030002,5,2,,,,,
f_f002429,2306030002,1,0,,샌드위치와 음료,N,1,
f_f002429,2306030003,1,0,,소떡소떡,N,1,
f_f002429,2306030004,1,0,,수육국밥;국수사리,N,1,
f_f002429,2306030005,1,0,,아이스아메리카노;아이스샌드라떼,N,1,
f_f002429,2306030008,1,0,,파스타;유부초밥;샐러드;케이크;과일;라면,N,4,
f_f002429,2306040001,1,0,,팥빙수,N,1,
f_f002429,2306040004,1,0,,어묵,N,1,
f_f002429,2306040005,1,0,,고기만두;마라만두;오이무침,N,1,
f_f002429,2306040009,1,0,,스낵랩. 감자튀김. 한라봉칠어.,N,1,
f_f002429,2306040010,1,0,,아이스크림,N,1,
f_f002429,2306030007,2,0,,파스타소스;과일;샐러드;햇반;물;콜라;치즈;유부초밥;새우;베이컨;우유,N,1,
f_f002429,2306040004,2,1,,어묵,N,1,
f_f002429,2306030006,4,0,,,,,
f_f002429,2306040003,4,0,,,,,
f_f002429,2306030005,5,1,,,,,
f_f002429,2306030008,5,1,,,,,
f_f002429,2306030003,5,2,,,,,
f_f002429,2306040001,5,2,,,,,
f_f002429,2306040002,6,0,,사진촬영,Y,1,
f_f002444,2306070002,1,0,,생선구이;물회,N,1,
f_f002444,2306080001,1,0,,김치찌개;뚝불,Y,1,
f_f002444,2306080004,1,0,,수제버거,N,1,
f_f002444,2306080002,3,0,,컬링;아이스하키슛팅;올림픽수상식,N,5,1
f_f002444,2306080003,3,0,,기념관입장,N,5,2
f_f002444,2306080001,3,1,,박물관입장,Y,1,2
f_f002444,2306070003,4,0,,,,,
f_f002444,2306070002,4,1,,,,,
f_f002444,2306080004,4,1,,,,,
f_f002444,2306080003,4,2,,,,,
f_f002444,2306070004,5,2,,,,,
f_f002486,2306030002,1,0,,바베큐,N,4,
f_f002486,2306040001,1,0,,한정식,N,1,
f_f002486,2306040002,1,0,,베이커리;음료,N,1,
f_f002486,2306030002,5,3,,,,,
f_f002486,2306030002,6,4,,반려견 동반 체험,Y,5,
f_f002600,2306090004,1,0,,멍게전복비빔밥;광어덮밥,N,1,
f_f002600,2306090006,1,0,,커피,Y,1,
f_f002600,2306090009,1,0,,장갈국수;콩국수,N,1,
f_f002600,2306100002,1,0,,원조짬순이;초두부정식,N,1,
f_f002600,2306100003,1,0,,커피,N,1,
f_f002600,2306100005,1,0,,소머리국밥,N,1,
f_f002600,2306100006,1,0,,어제 커피가 맛있어서 재방문,N,1,
f_f002600,2306100004,2,0,,떡 구입,N,1,
f_f002600,2306100007,2,0,,만동제과 빵 구매;시장구경;시장근처 월화거리 산책,N,1,
f_f002600,2306090008,3,1,,오죽헌 구경,N,5,2
f_f002600,2306090005,4,0,,,,,
f_f002600,2306090008,4,0,,,,,
f_f002600,2306090010,4,0,,,,,
f_f002600,2306090007,4,1,,,,,
f_f002600,2306100007,4,1,,,,,
f_f002600,2306090003,5,0,,,,,
f_f002600,2306090005,5,1,,,,,
f_f002600,2306090002,5,7,,,,,
f_f002600,2306090007,6,2,,플로깅;산책하면서 쓰레기 줍기,Y,5,
f_f002626,2306020003,1,0,,고기메뉴,N,1,
f_f002626,2306020005,1,0,,부추전.라면.소주.음료,N,4,
f_f002626,2306020006,1,0,,하이볼,Y,1,
f_f002626,2306030001,1,0,,십원빵;슬러쉬,N,2,
f_f002626,2306030002,1,0,,해물;전복죽,N,1,
f_f002626,2306030003,1,0,,아이스크림,N,4,
f_f002626,2306030004,1,0,,팝콘세트,Y,1,
f_f002626,2306020007,1,1,,아침조식,Y,4,
f_f002626,2306030003,3,1,,루지,N,5,1
f_f002626,2306020004,4,0,,,,,
f_f002626,2306020007,5,0,,,,,
f_f002626,2306020004,5,1,,,,,
f_f002627,2306060002,1,0,,메밀면,N,1,
f_f002627,2306060003,1,0,,소고기곱창전골,N,1,
f_f002627,2306060003,2,1,,악세서리,N,5,
f_f002627,2306060003,2,3,,엽서;기념품샵,N,5,
f_f002627,2306060003,2,4,,옷,N,5,
f_f002627,2306060002,3,1,,놀이기구 6가지 이용 및 편의시설에서 취식,Y,1,2
f_f002627,2306060004,4,0,,,,,
f_f002627,2306060003,4,2,,,,,
f_f002627,2306060004,5,1,,,,,
f_f002696,2306020002,1,0,,육회비빔밥,N,1,
f_f002696,2306020005,3,0,,6.25전쟁에 관한 역사적 사실,N,5,2
f_f002696,2306020003,4,0,,,,,
f_f002696,2306020004,4,0,,,,,
f_f002696,2306020005,4,1,,,,,
f_f002696,2306020002,5,1,,,,,
f_f002696,2306020003,5,1,,,,,
f_f002696,2306020005,5,2,,,,,
f_f002730,2306070006,1,0,,십원빵;아이스아메리카노;옥수수아이스크림,N,1,
f_f002730,2306070006,2,2,,여름티셔츠;검정슬랙스;집게핀,Y,1,
f_f002730,2306070004,3,0,,입장 및 황룡사 관련 3D영상 시청,Y,1,2
f_f002730,2306070003,4,0,,,,,
f_f002730,2306070005,4,0,,,,,
f_f002730,2306070006,4,3,,,,,
f_f002730,2306070006,5,1,,,,,
f_f002750,2306060003,1,0,,카이막;커피;자몽에이드,N,1,
f_f002750,2306050002,1,2,,회,N,4,
f_f002750,2306050002,1,3,,라면,N,4,
f_f002750,2306050003,2,0,,밀키트;술;음료,N,1,
f_f002750,2306050004,2,0,,회(모듬회;오징어회),N,1,
f_f002750,2306050002,4,0,,,,,
f_f002750,2306060001,4,0,,,,,
f_f002750,2306060002,4,0,,,,,
f_f002750,2306050002,5,1,,,,,
f_f002755,2306030004,1,0,,황치즈머쉬룸버거;치킨버거;오지치즈세트,Y,1,
f_f002755,2306030004,1,2,,편의점 간식(음료;과자),N,1,
f_f002755,2306030006,2,0,,도서구입(나는 블로그로 월급보다 많이 번다),N,1,
f_f002755,2306030003,3,0,,영남알프스숲페스타 유채;청보리밭 걷기,N,5,2
f_f002755,2306030005,3,0,,범죄도시3 영화관람,Y,1,2
f_f002755,2306030003,4,1,,,,,
f_f002762,2306030005,1,0,,육개장,N,1,
f_f002762,2306030009,1,0,,유자패션피지오,N,1,
f_f002762,2306030003,3,0,,무열왕릉 비석 관람 및 산책,N,1,2
f_f002762,2306030008,3,1,,대릉원 미디어아트 관람,N,5,2
f_f002762,2306030004,4,0,,,,,
f_f002762,2306030006,4,0,,,,,
f_f002762,2306030008,4,0,,,,,
f_f002762,2306030007,4,1,,,,,
f_f002762,2306030009,5,1,,,,,
f_f002762,2306030002,6,2,,주차,N,5,
f_f002762,2306030010,7,0,,,,,
f_f002762,2306030002,7,1,,,,,
f_f002771,2306030006,1,0,,생고기(뭉티기) 중,N,1,
f_f002771,2306030008,1,0,,고기밥;돼지국밥,N,1,
f_f002771,2306030010,1,0,,아이스 어메리카노,N,1,
f_f002771,2306030012,1,0,,마들렌,N,1,
f_f002771,2306030013,1,0,,단팥빵,N,1,
f_f002771,2306030014,1,0,,대구 막창과 양념막창인 반반막창,N,1,
f_f002771,2306040003,1,0,,아이스 아메리카노,N,1,
f_f002771,2306040004,1,0,,모듬수육 (중) - 돼지 수육;갈비 수육;막창 순대;암뽕 수윧,N,1,
f_f002771,2306040006,1,0,,옥수수빵;소보루 단팥빵,N,1,
f_f002771,2306040008,1,0,,돼지갈비찜,N,1,
f_f002771,2306040010,1,0,,떡볶이를 주문했고;김말이를 서비스로 받았습니다,N,1,
f_f002771,2306030014,1,3,,카베츠 야끼(일본식 양배추 전),N,1,
f_f002771,2306030005,1,5,,젤리상점에 들려 젤리 쇼핑 후 취식,N,1,
f_f002771,2306040005,2,0,,맨투맨,N,1,
f_f002771,2306030005,2,4,,동물 먹이,N,1,
f_f002771,2306030005,2,6,,편의점에서 생수2개 구매,N,1,
f_f002771,2306030005,2,7,,편의점에서 음료(맥콜 제로) 구매,N,1,
f_f002771,2306030005,2,8,,이월드 락커 사용,N,5,
f_f002771,2306030005,3,3,,놀이기구 탑승;동물농장 관람 및 동물 먹이주기 체험;수국 축제 관람 및 산책;83빌딩 관광,N,1,1
f_f002771,2306030007,4,0,,,,,
f_f002771,2306030015,4,0,,,,,
f_f002771,2306040007,4,0,,,,,
f_f002771,2306030009,4,1,,,,,
f_f002771,2306030010,4,1,,,,,
f_f002771,2306030011,4,1,,,,,
f_f002771,2306040005,4,1,,,,,
f_f002771,2306030005,4,2,,,,,
f_f002771,2306030014,4,2,,,,,
f_f002771,2306030002,5,0,,,,,
f_f002771,2306030005,5,1,,,,,
f_f002771,2306030007,5,1,,,,,
f_f002771,2306040007,5,1,,,,,
f_f002771,2306030010,5,2,,,,,
f_f002771,2306030013,5,2,,,,,
f_f002771,2306030003,7,0,,,,,
f_f002771,2306030004,7,0,,,,,
f_f002771,2306040002,7,0,,,,,
f_f002830,2306060002,1,0,,핫도그,N,1,
f_f002830,2306060003,1,0,,대게,N,1,
f_f002830,2306060009,1,0,,바베큐 4인세트,Y,1,
f_f002830,2306070002,1,0,,대게라면,N,1,
f_f002830,2306070001,1,2,,라벤더 아이스크림,N,1,
f_f002830,2306060004,2,0,,물 과자 오렌지주스 김치 라면 등,Y,1,
f_f002830,2306060005,2,0,,불꽃놀이 파우치,Y,1,
f_f002830,2306070002,2,1,,닭강정,N,1,
f_f002830,2306070001,3,1,,라벤더팜 입장,N,1,2
f_f002830,2306060008,5,0,,,,,
f_f002830,2306060010,5,0,,,,,
f_f002830,2306060006,5,1,,,,,
f_f002830,2306060007,5,1,,,,,
f_f002830,2306060011,6,0,,세탁 샤워 수면,N,5,
f_f002830,2306060002,6,1,,화장실이용,N,5,
f_f002860,2306030002,1,0,,생선구이,N,1,
f_f002860,2306030005,1,0,,조개구이,N,1,
f_f002860,2306040001,1,0,,막국수 메밀전병,N,1,
f_f002860,2306040006,1,0,,연유라떼,N,1,
f_f002860,2306040007,1,0,,생선구이,N,1,
f_f002860,2306030003,2,0,,주유,N,1,
f_f002860,2306030006,2,0,,라면;술,Y,1,
f_f002860,2306040003,2,0,,푸딩;라떼,N,1,
f_f002860,2306040005,2,0,,강릉샌드,N,1,
f_f002860,2306040008,2,0,,지역특산품,N,1,
f_f002860,2306040004,3,1,,기념관 구경 및 산책,N,5,2
f_f002860,2306040002,4,0,,,,,
f_f002860,2306030007,5,0,,,,,
f_f002894,2306030003,1,0,,야채 꼬마김밥;참치 꼬마김밥;닭강정(중);코카콜라제로;식후비법더블,N,1,
f_f002894,2306040002,1,0,,김치순두부;청국순두부,N,4,
f_f002894,2306040004,1,0,,아메리카노 ice;동궁의밤(초콜릿),N,1,
f_f002894,2306040006,1,0,,또띠아,N,1,
f_f002894,2306040007,1,0,,1인떡튀순세트;참치김밥,N,1,
f_f002894,2306030002,1,1,,허니버터칩;꿀꽈배기;제주삼다수;훈제란 2입;제로 0.00캔;타이거자몽;기린이치방;삿포로;칭따오맥주,N,2,
f_f002894,2306030005,3,0,,동궁과 월지 입장 및 관람,N,1,2
f_f002894,2306040003,4,0,,,,,
f_f002894,2306040005,4,0,,,,,
f_f002894,2306030002,5,0,,,,,
f_f002894,2306030004,99,1,,,,,
f_f002958,2306050003,1,0,,카페라떼;토마토주스,N,1,
f_f002958,2306050006,1,0,,해물칼국수,N,1,
f_f002958,2306050002,4,0,,,,,
f_f002958,2306050005,4,1,,,,,
f_f002958,2306050004,5,0,,,,,
f_f003256,2306230003,1,0,,감태계란김밥;수육까스,N,1,
f_f003256,2306230006,1,0,,아이스아메리카노,Y,1,
f_f003256,2306230007,1,2,,새우새우1개;계란빵2개;반반똥집볶음,Y,1,
f_f003256,2306230005,3,0,,전체적으로 전시 작품들이 실험적이고 창의적이였다.  작가의 의도가 뭔지 알 수 없어 작품설명이 필요한 작품들이 대부분이였지만;설명을 읽어도 뭐지? 이런 느낌이였다.  나한테 인상적인 작품이 있었는데;마테오 마테 작가의 <세계풍경>이라는 작품였다. 신문지로 산을 만든 엄청난 규모의 작품으로;그 사이를 카메라가 달린 기차가 지나가고;그 장면을 스크린 화면으로 영상으로 보여주고 있어;마치 기차 여행을 하는 듯한 기분이 들었다.  다음은 어린이 기획 전시로 '꿈꾸는 아이들의 세계'라는 전시였는데;영화가 만들어지기 이전의 장치들을 재해석한 작품이라고 했다.  카메라 렌즈에 하얀판을 가져다대면 그림자 형태의 이미지를 볼 수 있었다.  다양한 이미지를 렌즈를 통해 볼 수 있어서 신기하기도 하고 재미있었다.,N,1,2
f_f003256,2306230007,3,0,,최근 울산의 큰애기야시장이 재개장했다는 소식을 듣고 방문했다.  먹거리만 있는 줄 알았는데;태화강마두희축제도 06. 23(금)부터 시작해서 중간 중간 공연장이 마련되있었고 개막식 퍼포먼스와 생활예술인 경연대회;주민참여 버스킹 공연까지 볼거리들이 가득했다.  스테이크;계란빵;가리비치즈구이;삼겹살김밥;닭똥집 등으로 가득해서 거리에서 흘러나오는 음악들으며  볼거리와 먹거리가 가득한 풍성한 야시장이였다.,N,5,2
f_f003256,2306230004,4,0,,,,,
f_f003380,2306240002,1,0,,꽃게찜 소,N,1,
f_f003380,2306240004,1,0,,그린에이드;얼그레이레몬에이드,Y,1,
f_f003380,2306240003,4,0,,,,,
f_f003380,2306240005,4,0,,,,,
f_f003380,2306240004,5,1,,,,,
f_f003380,2306240005,5,1,,,,,
f_f003440,2306150003,1,0,,황남금고 칼조네;매콤 차돌 파스타;치즈프라이;콜라,N,1,
f_f003440,2306150007,2,0,,포카리스웨트,N,1,
f_f003440,2306150007,2,3,,탕후루,N,1,
f_f003440,2306150004,3,0,,한복 체험,Y,1,1
f_f003440,2306150005,3,0,,경주 엑스포 대공원 입장,N,1,2
f_f003440,2306150006,4,0,,,,,
f_f003440,2306150005,4,1,,,,,
f_f003440,2306150007,4,1,,,,,
f_f003440,2306150007,5,2,,,,,
f_f003440,2306150008,6,0,,컷,Y,1,
f_f003469,2306170002,1,0,,샌드위치;아이스 아메리카노;밀크쉐이크 라떼,N,1,
f_f003469,2306170004,1,0,,돌체콜드브루;바닐라크림콜드브루,N,2,
f_f003469,2306170003,1,1,,연어유부초밥;우삼겹유부초밥;참치마요유부초밥,Y,1,
f_f003469,2306170003,2,0,,가방;반팔티;샌들,N,5,
f_f003469,2306170005,3,0,,공연관람 및 팝업 구경,Y,5,2
f_f003469,2306170004,4,1,,,,,
f_f003469,2306170003,5,2,,,,,
f_f003469,2306170004,5,2,,,,,
f_f003469,2306170005,5,2,,,,,
f_f003469,2306170006,7,0,,,,,
f_f003469,2306170003,7,3,,,,,
f_f003509,2306180002,1,0,,황실라떼;엑설런트라떼,N,1,
f_f003509,2306180003,1,0,,잠봉뵈르;감자치즈베이글+페퍼로니할라피뇨크림치즈;소시지당근라페샌드위치,N,1,
f_f003509,2306180006,2,1,,스프라이트 음료수,N,1,
f_f003509,2306180004,3,0,,봉황동 유적 구경;봉황대공원 산책,N,1,2
f_f003509,2306180005,3,0,,수로왕릉 구경 및 산책,N,5,2
f_f003509,2306180006,3,0,,박물관 관람,N,5,2
f_f003509,2306180008,4,0,,,,,
f_f003509,2306180004,4,1,,,,,
f_f003509,2306180005,4,1,,,,,
f_f003509,2306180007,4,1,,,,,
f_f003509,2306180008,5,1,,,,,
f_f003519,2306190005,1,0,,엘까르니따스(멕시코요리),N,1,
f_f003519,2306190004,1,3,,라떼,N,4,
f_f003519,2306190005,1,3,,팔공막창 취식후 대구역으로 도보로 이동,Y,1,
f_f003519,2306190003,3,0,,동달동도대구역 -달성공원  동물원구경(무료);달성서씨유허비;산책;달성토성걷기,N,5,2
f_f003519,2306190004,3,0,,김광석거리 걷기;음악듣기,N,5,2
f_f003519,2306190003,4,1,,,,,
f_f003519,2306190004,4,1,,,,,
f_f003519,2306190005,4,2,,,,,
f_f003519,2306190003,5,2,,,,,
f_f003538,2306300002,4,0,,,,,
f_f003538,2306300004,5,0,,,,,
f_f003538,2306300002,5,1,,,,,
f_f003538,2306300003,5,1,,,,,
f_f003538,2306300003,6,0,,식사,Y,1,
f_f003538,2306300004,6,1,,바다구경,Y,1,
f_f003543,2306240004,1,0,,빵;쉐이크;팥빙수,N,1,
f_f003543,2306240008,1,0,,장어구이,N,1,
f_f003543,2306240003,1,1,,꼬마김밥,N,2,
f_f003543,2306240003,1,3,,아이스바닐라라떼,N,2,
f_f003543,2306240006,2,0,,머리띠;캔디,N,1,
f_f003543,2306240009,4,0,,,,,
f_f003543,2306240007,4,1,,,,,
f_f003543,2306240003,4,2,,,,,
f_f003543,2306240004,5,2,,,,,
f_f003543,2306240005,6,0,,사진찍기,N,1,
f_f003613,2306230002,1,0,,꽈배기,Y,1,
f_f003613,2306230005,1,0,,소바세트,Y,1,
f_f003613,2306230007,1,0,,퍼플버블티 돌체라떼 디저트,Y,1,
f_f003613,2306230003,4,0,,,,,
f_f003613,2306230004,4,0,,,,,
f_f003613,2306230006,4,0,,,,,
f_f003631,2307010002,1,0,,프리미엄등심카츠;누들떡볶이&튀김,N,1,
f_f003631,2307010003,1,0,,물막국수;메밀묵사발;감자부침,N,1,
f_f003631,2307010003,2,1,,초콜릿;젤리,N,1,
f_f003631,2307010002,2,2,,자가용 주유,N,1,
f_f003631,2307010002,6,1,,워터파크 이용,Y,5,
f_f003747,2307040004,1,0,,토네이도감자;츄러스;떡볶이;우동;라면,Y,4,
f_f003747,2307040005,1,0,,영양돌솥밥;곤드레돌솥밥,N,1,
f_f003747,2307040006,2,0,,껌;빵;땅콩;어묵;치킨,Y,1,
f_f003747,2307040004,2,1,,워터파크 내 물놀이용품,Y,5,
f_f003747,2307040004,3,2,,워터파크 입장;아쿠아드롭 등 체험,Y,1,1
f_f003747,2307040004,5,3,,,Y,,
f_f003757,2307040003,1,0,,롯데리아 불고기버거팩;새우버거팩,N,1,
f_f003757,2307040004,1,0,,소금구이 닭고기 스테이크 2개;미트볼;음료 컵,N,1,
f_f003757,2307040004,1,2,,아이스크림,N,1,
f_f003757,2307040004,2,3,,네트 백,N,1,
f_f003757,2307040003,3,1,,롯데워터파크 종일권,Y,1,2
f_f003757,2307040005,4,2,,,,,
f_f003783,2307060005,1,0,,스트로베리크림라떼;돌체 히말라야 솔트 라떼;초코 소금빵;우유생크림 케이크,N,1,
f_f003783,2307060003,1,2,,치킨.,N,1,
f_f003783,2307060003,1,6,,치토스;불닭볶음면;삼다수;,N,2,
f_f003783,2307060003,1,7,,곱창 대창,N,4,
f_f003783,2307060004,4,0,,,,,
f_f003783,2307060003,4,4,,,,,
f_f003783,2307060004,5,1,,,,,
f_f003783,2307060005,5,1,,,,,
f_f003783,2307060003,5,3,,,,,
f_f003783,2307060003,6,5,,물놀이;취식;힐링,N,1,
f_f003828,2307010003,1,0,,화덕피자,N,1,
f_f003828,2307010005,1,0,,디너세트(샐러드;회;모츠나베;도미솥밥;가라아게;녹차아이스크림)와 생맥주,N,1,
f_f003828,2307010004,2,0,,남성바지1 티셔츠1,N,1,
f_f003828,2307010006,2,0,,복숭아,N,1,
f_f003828,2307010004,2,1,,스퀴지,N,1,
f_f003828,2307010006,2,1,,체리,N,1,
f_f003828,2307010004,2,2,,알루미늄폴대,N,1,
f_f003828,2307010002,3,0,,스크린 사격,N,1,1
f_f003828,2307010002,3,1,,공기소총사격,N,1,1
f_f003828,2307010002,3,2,,레이저사격,N,1,1
f_f003828,2307010003,4,2,,,,,
f_f003828,2307010003,5,3,,,,,
f_f004013,2307150003,1,0,,얼큰이 칼국수에서 얼큰이칼국수와 얼큰이칼제비를 먹음,N,1,
f_f004013,2307150004,1,0,,아임파인망고빙수와 팥인절미 빙수를 먹었음,N,1,
f_f004013,2307150006,1,0,,걸리버막창에서 막창3인분;버섯된장찌개;공기밥;콜라를 먹음,N,1,
f_f004013,2307150007,1,0,,다음날 조식을 먹음,Y,4,
f_f004013,2307160001,1,1,,핫바와 커피를 사먹음,N,1,
f_f004013,2307150007,1,3,,편의점에서 음료수를 사먹음,Y,1,
f_f004013,2307150007,1,4,,숙소 패키지에 포함된 치킨과 맥주를 먹음,Y,4,
f_f004013,2307150003,2,1,,아이쇼핑으로 옷;식기 등을 구경함,Y,5,
f_f004013,2307150005,4,1,,,,,
f_f004013,2307150007,4,1,,,,,
f_f004013,2307150003,4,2,,,,,
f_f004013,2307150004,5,1,,,,,
f_f004013,2307150007,5,2,,,,,
f_f004013,2307160001,5,2,,,,,
f_f004013,2307150002,7,1,,,,,
f_f004078,2307150002,1,0,,닭발1;돼지석쇠구이1;보리밥2;잔치국수1,N,1,
f_f004078,2307160005,1,0,,커피;빵,N,1,
f_f004078,2307150003,2,0,,과자;음료구입,N,1,
f_f004078,2307150004,2,0,,빵;음료;과자;라면;우유;주류;과일,Y,1,
f_f004078,2307150004,2,1,,돼지고기 한근,Y,1,
f_f004078,2307150005,3,0,,지진과 화산활동;공룡 화석;연대기 관람,Y,5,2
f_f004078,2307160002,3,0,,고대동물 뼈발굴,Y,1,2
f_f004078,2307160004,3,0,,인류의변화 관람,Y,5,2
f_f004078,2307160006,3,0,,경덕왕릉 고분 관람,Y,5,2
f_f004078,2307150005,3,1,,산운마을 가옥관람,Y,5,2
f_f004078,2307160004,4,1,,,,,
f_f004078,2307150006,5,3,,,,,
f_f004078,2307160003,6,0,,물놀이시설이용,Y,1,
f_f004103,2307170004,1,0,,슈니첼;굴라쉬;슈니첼브뢰첸,N,1,
f_f004103,2307170008,1,0,,톳멍게비빔밥;해물칼국수,N,1,
f_f004103,2307180002,1,0,,제육볶음,N,1,
f_f004103,2307180003,1,0,,쑥라떼;바나나크레페,N,1,
f_f004103,2307180005,1,0,,타코;라이스볼,N,1,
f_f004103,2307170003,2,0,,독일과자 아이쇼핑,N,5,
f_f004103,2307170005,4,0,,,,,
f_f004103,2307170007,4,0,,,,,
f_f004103,2307170009,4,0,,,,,
f_f004103,2307170003,4,1,,,,,
f_f004103,2307180001,4,1,,,,,
f_f004103,2307180003,4,2,,,,,
f_f004103,2307170002,5,0,,,,,
f_f004103,2307180001,5,0,,,,,
f_f004103,2307170005,5,1,,,,,
f_f004103,2307170006,5,1,,,,,
f_f004103,2307180003,5,1,,,,,
f_f004103,2307170006,7,0,,,,,
f_f004112,2307080003,1,0,,돈까스 초밥 물회,N,1,
f_f004112,2307080004,1,0,,아보카도 프라푸치노;퍼플 리프레셔,N,1,
f_f004112,2307090002,1,0,,간장게장 및 꽃게탕,Y,1,
f_f004112,2307090003,1,0,,블루베리 빙수;팥빙수,Y,1,
f_f004112,2307080005,2,0,,부모님옷;비지니스 캐주얼,N,5,
f_f004112,2307080006,3,1,,닌텐도;넷플릭스 등 ott 관람,N,1,2
f_f004112,2307090004,4,0,,,,,
f_f004112,2307090003,4,1,,,,,
f_f004112,2307080006,5,0,,,,,
f_f004112,2307080004,5,1,,,,,
f_f004112,2307090003,5,2,,,,,
f_f004131,2307080003,1,0,,소고기 햄버거/감자튀김/제로콜라,N,1,
f_f004131,2307090002,1,0,,전통팥빙수(감말랭이빙수) / 아이스홍시 (샤베트),N,1,
f_f004131,2307090003,1,0,,떡볶이/튀김,N,1,
f_f004131,2307080006,1,4,,바베큐용숯,Y,1,
f_f004131,2307080005,2,0,,바베큐용 소고기/돼지고기 구매,N,1,
f_f004131,2307090003,2,1,,아이쇼핑,N,5,
f_f004131,2307080006,2,5,,바베큐파티(소고기/돼지고기/라면/술) 아침에 라면,N,1,
f_f004131,2307080002,3,0,,와인 조형물 관람 및 사진촬영,N,5,2
f_f004131,2307080004,3,0,,소싸움구경,N,5,2
f_f004131,2307090001,4,0,,,,,
f_f004131,2307080002,4,1,,,,,
f_f004131,2307090003,4,2,,,,,
f_f004131,2307090002,5,1,,,,,
f_f004131,2307080006,5,2,,,,,
f_f004131,2307090001,5,2,,,,,
f_f004305,2307300002,1,0,,스테이크덮밥;청귤냉소바;후토마키,N,1,
f_f004305,2307300005,1,0,,커피;케이크,N,1,
f_f004305,2307300003,2,0,,악세사리,Y,1,
f_f004305,2307300002,2,1,,커피;생수,N,1,
f_f004305,2307300002,2,2,,생수;젤리;우유,N,1,
f_f004305,2307300004,3,0,,열차탑승,Y,1,1
f_f004305,2307300003,4,1,,,,,
f_f004305,2307300005,5,1,,,,,
f_f004470,2307150004,1,0,,랭쌥;팟타이;레드커리,N,1,
f_f004470,2307150006,1,3,,커피,N,1,
f_f004470,2307150006,2,2,,옷;신발 등,N,5,
f_f004470,2307150005,4,0,,,,,
f_f004470,2307150003,4,1,,,,,
f_f004470,2307150006,5,1,,,,,
f_f004470,2307150003,5,2,,,,,
f_f004552,2307160004,1,0,,해물 칼국수;오뎅;홍합부추전,N,1,
f_f004552,2307160003,2,0,,사이드테이블;접시;그릇;시계;욕실 매트,Y,1,
f_f004552,2307160005,3,0,,해동용궁사 관람 및 산책,Y,1,2
f_f004552,2307160005,4,1,,,,,
f_f004552,2307160006,5,0,,,,,
f_f004618,2307230003,1,0,,운전을 하지않는 와이프가 산딸기 와인을 한잔 마셨습니다,N,1,
f_f004618,2307230004,1,0,,떡볶이 뷔페,N,1,
f_f004618,2307230005,1,0,,커피;청포도에이드;오레오케잌,N,1,
f_f004618,2307230004,2,1,,아기들 신발,N,1,
f_f004618,2307230002,3,0,,레일바이크를 탔습니다,N,1,1
f_f004618,2307230003,3,1,,와인동굴 입장 및 관람,N,5,2
f_f004618,2307230002,4,1,,,,,
f_f004618,2307230003,4,2,,,,,
f_f004618,2307230005,5,1,,,,,
f_f004618,2307230002,5,2,,,,,
f_f004657,2308050006,1,0,,가오리찜,N,1,
f_f004657,2308060002,1,0,,막걸리빵1. 막걸리빵2. 꽈배기. 에그타르트,N,1,
f_f004657,2308050005,3,0,,영금정 및 바다 자연 감상,Y,5,2
f_f004657,2308050008,3,0,,온천 및 스파,Y,1,2
f_f004657,2308050007,3,1,,수영 등 수상레저,N,5,1
f_f004657,2308050003,5,1,,,,,
f_f004657,2308050002,5,12,,,,,
f_f004657,2308060003,7,0,,,,,
f_f004657,2308060004,7,0,,,,,
f_f004657,2308050004,7,2,,,,,
f_f004703,2307250002,1,0,,장칼국수,N,1,
f_f004703,2307250003,1,0,,코코넛 스무디 커피,N,1,
f_f004703,2307250004,1,0,,수박;애플시나몬라떼,Y,4,
f_f004703,2307250006,1,0,,물회,N,1,
f_f004703,2307250007,1,0,,옥수수커피,N,1,
f_f004703,2307250004,3,1,,독립영화 감상,Y,5,2
f_f004703,2307250005,4,0,,,,,
f_f004703,2307250008,4,0,,,,,
f_f004703,2307250007,5,1,,,,,
f_f004703,2307250003,5,2,,,,,
f_f004703,2307250009,6,2,,ktx기다리기,N,5,
f_f004717,2308050003,1,0,,엄마떡볶이 납작만두 복숭아빙수,N,1,
f_f004717,2308050005,1,0,,주말 석식뷔페,Y,1,
f_f004717,2308060002,1,0,,품격상 2인,N,1,
f_f004717,2308050002,2,1,,이온음료 면도기,N,1,
f_f004717,2308060003,2,2,,음성휴게소 내 편의점과 매점 식당 구경,N,5,
f_f004717,2308060003,2,3,,파블로바,N,1,
f_f004717,2308050004,3,3,,내부 관람 및 독서,N,5,2
f_f004717,2308050006,4,0,,,,,
f_f004717,2308050004,4,1,,,,,
f_f004717,2308050005,4,2,,,,,
f_f004717,2308060003,5,1,,,,,
f_f004717,2308050004,5,2,,,,,
f_f004740,2307290002,1,0,,고추장소갈비찜;사이다,N,1,
f_f004740,2307290003,1,0,,쫀드기,N,1,
f_f004740,2307290004,1,0,,옥수수아이스크림,N,1,
f_f004740,2307290010,1,0,,볶음칼국수;명란마요;소주;맥주,N,1,
f_f004740,2307300001,1,0,,돼지국밥,N,1,
f_f004740,2307300003,1,0,,교리김밥 2줄,N,1,
f_f004740,2307300002,1,1,,퍼플더스크에이드;레드글로우에이드,N,1,
f_f004740,2307290007,3,0,,신라 문화유산 박물관 관람,N,5,2
f_f004740,2307290009,3,1,,식물원 구경,N,1,2
f_f004740,2307290005,4,0,,,,,
f_f004740,2307290006,4,0,,,,,
f_f004740,2307290008,4,0,,,,,
f_f004740,2307300002,4,0,,,,,
f_f004740,2307290011,5,0,,,,,
f_f004760,2307270002,1,0,,테라로사 치즈바게트와 디카페인커피;일리커피,Y,2,
f_f004760,2307270003,1,0,,돈까스;기름떡볶이;치킨꼬치,N,1,
f_f004760,2307270006,1,0,,교동대게 한상;회등 해산물 스키다시,N,1,
f_f004760,2307280003,1,0,,장어소바와 새우소바,N,1,
f_f004760,2307280005,1,0,,강릉맥주;슬러시,N,1,
f_f004760,2307280008,1,0,,김치볶음밥과 짜글이,N,1,
f_f004760,2307270007,1,1,,아이스크림 레몬카스맥주,N,1,
f_f004760,2307280007,1,2,,빵 샌드위치 아메리카노,N,1,
f_f004760,2307280005,1,3,,망고슬러시,N,1,
f_f004760,2307270007,2,0,,과자 와인 아이쇼핑;,N,5,
f_f004760,2307280001,2,0,,빵과 커피,N,5,
f_f004760,2307270003,2,3,,휴게소 음식 아이쇼핑;모자 아이쇼핑,N,5,
f_f004760,2307280005,2,4,,건어물;간식 아이쇼핑,N,5,
f_f004760,2307280004,3,0,,조각 전시관람 ,N,5,2
f_f004760,2307270004,4,0,,,,,
f_f004760,2307280006,4,1,,,,,
f_f004760,2307280001,4,2,,,,,
f_f004760,2307280004,4,2,,,,,
f_f004760,2307270005,5,0,,,,,
f_f004760,2307280002,5,0,,,,,
f_f004760,2307280006,5,0,,,,,
f_f004760,2307270002,5,1,,,,,
f_f004760,2307270003,5,1,,,,,
f_f004760,2307270004,5,1,,,,,
f_f004760,2307280001,5,1,,,,,
f_f004760,2307280003,5,1,,,,,
f_f004760,2307280004,5,1,,,,,
f_f004760,2307270005,6,1,,낮잠 휴식,Y,5,
f_f004760,2307270002,6,2,,사진촬영,Y,5,
f_f004760,2307270004,6,2,,해변걷기;해수욕,N,5,
f_f004760,2307280002,6,2,,사진 촬영 과 간식 먹기,Y,5,
f_f004760,2307280002,7,1,,,,,
f_f004760,2307270003,7,2,,,,,
f_f004764,2307230003,1,0,,찜갈비 소고기찌개 공기밥 막걸리 볶음밥,Y,1;2,
f_f004764,2307230004,1,0,,아메리카노 옥수수빵 대파크림치즈,N,1,
f_f004764,2307230007,1,0,,막창 술 된장찌개 밥,N,1,
f_f004764,2307240001,1,0,,고기밥,N,1,
f_f004764,2307240002,1,0,,아이스아메리카노,N,1,
f_f004764,2307240005,1,0,,옥수수빵 ,N,1,
f_f004764,2307240003,2,0,,편지지,N,1,
f_f004764,2307240004,2,0,,주류 강아지간식,N,1,
f_f004764,2307230008,3,0,,오락 및 관람차 탑승,N,1,1
f_f004764,2307230008,3,1,,오락기(틀린그림찾기 농구게임),N,1,1
f_f004764,2307230006,3,2,,오리배를 탔다,N,1,1
f_f004764,2307230009,5,1,,,,,
f_f004764,2307240002,5,1,,,,,
f_f004764,2307230005,6,0,,사진,N,1,
f_f004764,2307230002,7,0,,,,,
f_f004764,2307240006,7,0,,,,,
f_f004768,2307220004,1,0,,한우 갈비살;살치살 / 모둠야채 / 된짱찌개 / 공기밥 / 소주 2병,N,1,
f_f004768,2307230001,1,0,,비빔국수 / 간장국수,N,1,
f_f004768,2307230003,1,0,,탕수육 대,Y,1,
f_f004768,2307220002,1,1,,산채돌솥비빔밥 2개,N,1,
f_f004768,2307230002,3,0,,탐험복(안전모;장화;장갑)착용하고 동굴 탐험,Y,1,1
f_f004768,2307230005,3,0,,12가지 테마의 빛 뮤지엄 관람,N,1,2
f_f004768,2307220003,3,1,,천년주목숲길 산책을 위해 케이블카 이용,N,1,2
f_f004768,2307220003,4,0,,,,,
f_f004768,2307230004,4,0,,,,,
f_f004768,2307230001,4,2,,,,,
f_f004768,2307220005,5,0,,,,,
f_f004768,2307220006,5,0,,,,,
f_f004947,2307310005,1,0,,라자냐;루꼴라바질피자;유자하이볼;위스키;제로콜라,Y,1,
f_f004947,2308010001,1,0,,돼지국밥;맛보기수육,Y,1,
f_f004947,2308010002,1,0,,츄러스;맥반석달걀;식혜,N,1,
f_f004947,2308010003,1,0,,아부라소바;소유라멘,N,1,
f_f004947,2308010004,1,0,,군만두,N,1,
f_f004947,2307310004,1,4,,카페 노티드 도넛,N,2,
f_f004947,2307310004,2,0,,다이소 스마트폰 방수팩,N,1,
f_f004947,2308010006,2,0,,연태고량주 250ml,N,1,
f_f004947,2308010002,3,3,,클럽디오아시스 워터파크+스파+찜질방 통합이용권. 인피니티풀;파도풀;유수풀;워터슬라이드(워터파크) / 청수당(스파) / 소금방;면역공방(찜질방),N,1,2
f_f004947,2308010004,3,3,,초량차이나타운,N,5,2
f_f004947,2307310006,4,0,,,,,
f_f004947,2308010004,4,1,,,,,
f_f004947,2307310004,4,3,,,,,
f_f004947,2308010002,4,4,,,,,
f_f004947,2307310007,5,0,,,,,
f_f004947,2307310006,5,1,,,,,
f_f004947,2308010002,5,2,,,,,
f_f004947,2307310004,6,2,,플로깅,N,5,
f_f004947,2307310002,7,0,,,,,
f_f004947,2307310003,7,0,,,,,
f_f004947,2308010007,7,0,,,,,
f_f004975,2308030003,1,0,,막걸리빵,N,1,
f_f004975,2308030004,1,0,,감자옹심이,N,1,
f_f004975,2308030007,1,0,,아이스 아메리카노,N,1,
f_f004975,2308030010,1,0,,밤푸딩,N,1,
f_f004975,2308030013,1,0,,메밀막국수,N,1,
f_f004975,2308030015,1,0,,오징어순대,N,1,
f_f004975,2308030005,2,0,,에그타르트;휘낭시에,N,1,
f_f004975,2308030006,2,0,,원준이엉덩이빵,N,1,
f_f004975,2308030008,2,0,,엽서,N,1,
f_f004975,2308030016,2,0,,블랙닭강정;매운닭강정,N,1,
f_f004975,2308030004,2,2,,인공눈물,N,1,
f_f004975,2308030011,4,0,,,,,
f_f004975,2308030012,4,0,,,,,
f_f004975,2308030014,4,0,,,,,
f_f004975,2308030017,4,0,,,,,
f_f004975,2308030018,4,0,,,,,
f_f004975,2308030012,5,1,,,,,
f_f004975,2308030017,5,1,,,,,
f_f005042,2308060004,1,0,,녹차,N,1,
f_f005042,2308070002,1,0,,케일&사과 쥬스,N,1,
f_f005042,2308060006,1,1,,컵과일,N,2,
f_f005042,2308060003,2,3,,부처빵 (베이커리),N,1,
f_f005042,2308060003,3,0,,대릉원 무덤 관람 및 산책,N,5,2
f_f005042,2308060006,3,0,,사진 촬영,N,1,1
f_f005042,2308070001,4,0,,,,,
f_f005042,2308060003,4,1,,,,,
f_f005042,2308060002,4,2,,,,,
f_f005042,2308060010,5,0,,,,,
f_f005042,2308060004,5,1,,,,,
f_f005042,2308070001,5,1,,,,,
f_f005042,2308060003,5,2,,,,,
f_f005042,2308060002,7,0,,,,,
f_f005042,2308070004,7,0,,,,,
f_f005062,2308060006,1,0,,감자옹심이;감자전;장칼국수,N,1,
f_f005062,2308060010,1,0,,모듬물회2;회덮밥1,N,1,
f_f005062,2308060011,1,0,,자몽 허니 블렌디드;씨솔트 콜드브루;아메리카노,N,1,
f_f005062,2308070001,1,0,,순두부전골3,N,1,
f_f005062,2308070003,1,0,,아메리키노;딸기티라미수;아이스티,N,1,
f_f005062,2308070005,1,0,,어묵듬뿍김밥;핫바;떡볶이,N,1,
f_f005062,2308060003,1,2,,옥수수수염차,N,1,
f_f005062,2308060005,2,0,,오징어순대,N,1,
f_f005062,2308060005,2,1,,커피콩빵,N,1,
f_f005062,2308060005,2,2,,강릉한잔맥주,N,1,
f_f005062,2308070004,2,2,,커피콩빵,N,1,
f_f005062,2308070002,3,1,,피노키오 같은 테마를 가진 전시물들 구경과 바다를 배경으로 사진찍기,Y,1,2
f_f005062,2308060007,4,0,,,,,
f_f005062,2308060008,4,0,,,,,
f_f005062,2308070002,4,2,,,,,
f_f005062,2308060002,5,0,,,,,
f_f005062,2308060009,5,0,,,,,
f_f005062,2308060008,5,1,,,,,
f_f005062,2308060011,5,1,,,,,
f_f005062,2308070003,5,1,,,,,
f_f005062,2308070004,5,1,,,,,
f_f005062,2308060004,7,0,,,,,
f_f005062,2308070004,7,0,,,,,
f_f005062,2308070006,7,0,,,,,
f_f005086,2308070002,1,0,,코다리조림정식,N,1,
f_f005086,2308080001,1,0,,옛날팥빙수,N,1,
f_f005086,2308080003,1,0,,모듬회;매운탕;밥,N,1,
f_f005086,2308080002,3,0,,돌고래쇼,N,5,2
f_f005086,2308080001,3,2,,장생포관람자유이용권,Y,1,2
f_f005086,2308070005,4,0,,,,,
f_f005086,2308070003,4,1,,,,,
f_f005086,2308080002,4,1,,,,,
f_f005086,2308080001,4,3,,,,,
f_f005086,2308070004,5,0,,,,,
f_f005086,2308070006,5,0,,,,,
f_f005086,2308070003,5,2,,,,,
f_f005086,2308080001,5,4,,,,,
f_f005096,2308060004,1,0,,치즈버거;하와이안버거;콜라;감자튀김,N,1,
f_f005096,2308060006,1,0,,웨일에이드;아이스크림,N,1,
f_f005096,2308070001,1,0,,오징어회덮밥;오징어가자미반반물회,N,1,
f_f005096,2308060005,1,1,,코끼리분식의 꽈배기;서민갑부똑이네튀김의 오징어순대와 아바이순대 그리고 맥주,N,1,
f_f005096,2308070004,1,1,,새우감바스,N,4,
f_f005096,2308060005,2,0,,멸치 2.5kg,N,1,
f_f005096,2308070002,2,0,,마그넷,N,5,
f_f005096,2308070004,2,0,,청어알낙지젓갈;명란젓,N,5,
f_f005096,2308070002,2,3,,속품가게의 마그넷;손거울,N,1,
f_f005096,2308060003,4,0,,,,,
f_f005096,2308070003,4,0,,,,,
f_f005096,2308060006,4,2,,,,,
f_f005096,2308060007,5,0,,,,,
f_f005096,2308060002,5,1,,,,,
f_f005096,2308060006,5,1,,,,,
f_f005096,2308060002,7,2,,,,,
f_f005096,2308070002,7,2,,,,,
f_f005133,2307300004,1,0,,대구탕,N,1,
f_f005133,2307300006,1,0,,청사포 파운드케이크;카카오라떼;청사포 선셋,N,1,
f_f005133,2307300010,1,0,,물회;국내산 모둠회(소),N,1,
f_f005133,2307310002,1,0,,이재모크러스트피자;콜라,N,1,
f_f005133,2307310007,1,0,,초코바른초코스무디;알로에 우롱티,N,1,
f_f005133,2307310006,1,1,,유뷰초밥;떡볶이;스프링롤,N,1,
f_f005133,2307300005,3,0,,스카이캡슐 탑승하여;청사포역으로 갔다.,Y,1,1
f_f005133,2307300007,3,0,,해운대블루라인파크 미포정거장까지 가는 해변열차 탑승,Y,5,1
f_f005133,2307300009,3,0,,부산 요트투어,Y,1,1
f_f005133,2307310005,3,0,,동물 먹이주기 체험 및 감상,N,1,1
f_f005133,2307300011,4,0,,,,,
f_f005133,2307310001,4,0,,,,,
f_f005133,2307300009,4,2,,,Y,,
f_f005133,2307300006,5,1,,,,,
f_f005133,2307300009,5,1,,,Y,,
f_f005133,2307300002,7,0,,,,,
f_f005133,2307300003,7,0,,,,,
f_f005133,2307310003,7,0,,,,,
f_f005133,2307310004,7,0,,,,,
f_f005161,2308020002,1,0,,두루치기 2인;공기밥3;콜라1,N,1,
f_f005161,2308020004,1,0,,애플망고빙수 1인;아이스아메리카노,N,1,
f_f005161,2308020005,2,0,,마늘바게트,N,1,
f_f005161,2308020003,4,0,,,,,
f_f005287,2308020003,1,0,,함흥식냉면.간장불고기,N,1,
f_f005287,2308020005,1,0,,망고빙수.아이스아메리카노,N,1,
f_f005287,2308020004,4,0,,,,,
f_f005289,2308260004,1,0,,우족보양탕;한우해장국;뚝배기불고기,N,1,
f_f005289,2308260006,1,0,,송어회;소주 콜라,N,1,
f_f005289,2308260007,1,0,,순살양념치킨;생맥주;콜라,N,1,
f_f005289,2308270002,1,0,,오삼불고기쌈밥,Y,1,
f_f005289,2308270005,1,0,,소로기샤브샤즈,N,1,
f_f005289,2308260002,2,0,,감자떡/모시떡;과도;양배추,N,1,
f_f005289,2308270004,2,0,,야생화꿀;건빵,N,1,
f_f005289,2308270004,2,3,,아으스크림,N,1,
f_f005289,2308270003,3,0,,사진촬영,Y,1,2
f_f005289,2308260003,4,0,,,,,
f_f005289,2308270001,4,1,,,,,
f_f005289,2308270004,4,1,,,,,
f_f005289,2308260005,5,0,,,,,
f_f005289,2308260008,5,2,,,,,
f_f005289,2308270001,5,2,,,,,
f_f005289,2308270004,5,2,,,,,
f_f005289,2308270006,6,0,,주유;화장실,N,1,
f_f005385,2308140003,1,0,,항정살감자솥밥;메밀김밥필무렵,N,1,
f_f005385,2308140004,1,0,,오징어순대,Y,1,
f_f005385,2308140007,1,0,,순두부젤라또,N,1,
f_f005385,2308140008,1,0,,짬뽕순두부;치즈얼큰쫄면순두부,N,1,
f_f005385,2308140009,1,0,,카페라떼,N,1,
f_f005385,2308140005,3,0,,vally라는 테마로 강원도와 강릉의 지역적 특성을 반영한 미디어 아트 전시,Y,1,2
f_f005385,2308140006,4,0,,,,,
f_f005403,2308040004,1,0,,제육쌈밥,N,1,
f_f005403,2308040005,1,0,,커피(아메리카노 1;아이스티 샷 추가 1),N,1,
f_f005403,2308040002,2,0,,연등에 다는 소원 카드,N,1,
f_f005403,2308040002,2,2,,음료수(포카리스웨트),N,1,
f_f005403,2308040003,3,0,,황룡사 역사문화관 입장,N,1,2
f_f005403,2308040002,3,1,,불국사 입장,N,5,2
f_f005403,2308040005,3,1,,박물관 관람,N,5,2
f_f005414,2308080003,1,0,,카라이 마제소바2 펩시제로  오리온 나마,Y,1,
f_f005414,2308080004,1,0,,구슬 아이스크림 L,Y,1,
f_f005414,2308080010,1,0,,황금올리브 콤보;모듬볼6,Y,1,
f_f005414,2308090001,1,0,,당면;공기밥;황후보양한누전골;생버섯회한접시;우화오색볶음밥;고기왕찐만두,Y,1,
f_f005414,2308080005,2,0,,짐볼하이볼;하이트논알콜;미네랄워터2ㅣ,N,1,
f_f005414,2308080007,2,0,,물티슈;애플워치 방탄필름;애플워치 자석스트랩;애플워치 무선충전기;애플워치 케이스,N,1,
f_f005414,2308090003,2,0,,아이스아메리카노,N,1,
f_f005414,2308090005,2,0,,콘치즈;햄치즈스페셜,N,1,
f_f005414,2308090006,2,0,,노브랜드 스파클링,N,1,
f_f005414,2308090002,2,1,,벤엔제리스 아이스크림,Y,1,
f_f005414,2308080008,2,2,,망고요거트스무디L,N,1,
f_f005414,2308090003,3,1,,영화관람( 콘크리트 유토피아 ),Y,1,2
f_f005414,2308080009,4,0,,,,,
f_f005414,2308080006,5,0,,,,,
f_f005414,2308080011,5,0,,,,,
f_f005414,2308080002,7,0,,,,,
f_f005414,2308090004,7,0,,,,,
f_f005444,2308060004,1,0,,어묵,N,1,
f_f005444,2308060007,1,1,,고기;술;라면;물;과자;소시지,Y,1;2,
f_f005444,2308060004,1,2,,커피,N,1,
f_f005444,2308060006,1,2,,아이스아메리카노,N,1,
f_f005444,2308060002,2,0,,알감자;커피,N,1,
f_f005444,2308060005,2,0,,고기;술;물;햇반;과자;라면;맥주잔;소시지,N,1,
f_f005444,2308070001,2,0,,가자미(반건조),N,1,
f_f005444,2308070003,2,0,,전복;대게;갈치,N,5,
f_f005444,2308060004,2,1,,갈치;복숭아;도넛,Y,5,
f_f005444,2308060003,3,0,,자수정보트;오리배;동굴내자수정관람,Y,1,2
f_f005444,2308070002,3,1,,대왕암 출렁다리,N,5,2
f_f005444,2308060006,3,3,,MBC서머페스티벌,N,5,2
f_f005444,2308070002,4,0,,,,,
f_f005444,2308060007,4,2,,,,,
f_f005444,2308060007,5,0,,,,,
f_f005444,2308060002,5,1,,,,,
f_f005445,2308250003,1,0,,광어+우럭회;매운탕;스키다시,N,1,
f_f005445,2308260003,1,0,,대구지구,N,1,
f_f005445,2308260005,1,0,,딸기스무디,N,1,
f_f005445,2308260006,1,0,,김치찌개,N,1,
f_f005445,2308250004,2,0,,생수;얼음;햇반등 저녁식사에 풀요한 물품 /식품 구매,Y,1,
f_f005445,2308260002,2,0,,편의점에서 컵라면 및 음료 구매,N,1,
f_f005445,2308260001,2,3,,음료;돗자리;먹거리등 구매,N,1,
f_f005445,2308260004,3,0,,물놀이 및 스노쿨링,N,5,1
f_f005445,2308260001,4,0,,,,,
f_f005445,2308250002,4,1,,,,,
f_f005445,2308260002,4,1,,,,,
f_f005445,2308260004,4,1,,,,,
f_f005445,2308250002,5,0,,,,,
f_f005445,2308250007,5,0,,,,,
f_f005445,2308260001,5,1,,,,,
f_f005445,2308260002,5,2,,,,,
f_f005445,2308260004,5,2,,,,,
f_f005445,2308250007,6,3,,오대양 횟집에서 포장한 회와 매운탕 저녁식사,N,5,
f_f005449,2308060002,1,0,,옥수수라떼;아이스아메리카노,N,1,
f_f005449,2308060005,1,0,,설렁탕;막국수,Y,1,
f_f005449,2308060003,4,0,,,,,
f_f005449,2308060004,4,1,,,,,
f_f005449,2308060004,6,0,,플로깅,N,5,
f_f005449,2308060006,99,0,,,,,
f_f005501,2308150004,1,0,,전복솥밥,Y,1,
f_f005501,2308150003,2,0,,버섯;과자,N,1,
f_f005501,2308150002,2,3,,커피;음료,N,1,
f_f005501,2308150002,3,0,,활쏘기;전통놀이,N,5,1
f_f005501,2308150002,4,2,,,,,
f_f005501,2308150002,5,1,,,,,
f_f005535,2308030006,1,0,,싸이버거 세트,N,1,
f_f005535,2308030007,1,0,,황남빵 1개,N,1,
f_f005535,2308030008,1,0,,황남옥수수,N,1,
f_f005535,2308030009,1,0,,아메리카노 아이스;딸기우유 아이스,N,1,
f_f005535,2308030002,2,1,,emart24 하양점 음료 코너 아이쇼핑,N,5,
f_f005535,2308030006,2,1,,닭꼬치 핫도그 츄러스 아이쇼핑,N,5,
f_f005535,2308030006,3,2,,엑스;웨이브캐넌;파도풀 시설 이용,Y,5,2
f_f005535,2308030006,4,3,,,,,
f_f005535,2308030010,5,0,,,,,
f_f005535,2308030006,5,4,,,,,
f_f005535,2308030002,7,0,,,,,
f_f005535,2308030003,7,0,,,,,
f_f005535,2308030010,7,1,,,,,
f_f005573,2308260004,1,0,,물비빔냉면;물냉면,N,1,
f_f005573,2308260006,1,0,,블루베리 빙수,N,1,
f_f005573,2308260008,1,0,,모둠고기 3인분;콜라한병,N,1,
f_f005573,2308270003,1,0,,쿠모탄텐동 2개;콜라한병,N,1,
f_f005573,2308270006,1,0,,막창2인분 삼겹살1인분 된장찌개,N,1,
f_f005573,2308260007,3,0,,5D체험;대장경 문화 탐방;가훈쓰기체험;전시관람;기록관람;미디어아트 전시 구경,Y,1,1
f_f005573,2308270004,3,0,,행오버 연극 관람,Y,1,2
f_f005573,2308270001,3,1,,거리구경;놈놈놈이벤트는 시간관계상 관람불가,Y,1,2
f_f005573,2308260005,4,0,,,,,
f_f005573,2308270005,4,0,,,,,
f_f005573,2308260007,4,1,,,,,
f_f005573,2308260004,4,2,,,,,
f_f005573,2308270001,4,2,,,,,
f_f005573,2308270002,4,2,,,,,
f_f005573,2308260009,5,0,,,,,
f_f005573,2308260004,5,1,,,,,
f_f005573,2308260003,6,0,,화장실방문,N,5,
f_f005573,2308260009,6,1,,,Y,1,
f_f005573,2308270007,6,1,,주유소방문,N,1,
f_f005573,2308270007,7,0,,,,,
f_f005602,2308050002,1,0,,모둠회,N,2,
f_f005602,2308050006,1,0,,초코케이크;수박주스;애플민트티,N,1,
f_f005602,2308060002,1,0,,고래 아포카토,Y,1,
f_f005602,2308050003,3,0,,관람차 탑승,N,1,1
f_f005602,2308050008,3,0,,미술관 관람,N,1,2
f_f005602,2308060001,3,0,,박물관,N,1,2
f_f005602,2308050007,3,1,,한뼘사이 관람,Y,1,2
f_f005602,2308050003,4,1,,,,,
f_f005602,2308050003,5,2,,,,,
f_f005602,2308050004,7,0,,,,,
f_f005661,2309090003,1,0,,치킨;딱새우라면,Y,1,
f_f005661,2309090006,1,0,,배말칼국수;배말톳김밥,N,1,
f_f005661,2309090002,4,0,,,,,
f_f005661,2309090004,4,0,,,,,
f_f005661,2309090005,4,0,,,,,
f_f005661,2309090007,4,0,,,,,
f_f005661,2309100001,4,0,,,,,
f_f005661,2309090010,5,0,,,,,
f_f005661,2309090004,5,1,,,,,
f_f005661,2309090005,5,1,,,,,
f_f005661,2309090007,5,1,,,,,
f_f005661,2309100001,5,1,,,,,
f_f005686,2308170005,1,0,,닭강정,N,1,
f_f005686,2308170008,1,0,,고씨네동해막국수,N,1,
f_f005686,2308170011,1,0,,칵테일(데킬라선라이즈;피치트리하이볼),N,1,
f_f005686,2308170012,1,0,,물과 제로콜라,N,1,
f_f005686,2308170014,1,0,,닭가슴살;물;라면;와사비훈제삼겹,N,1,
f_f005686,2308180001,1,0,,짬뽕순두부,Y,1,
f_f005686,2308180003,1,0,,순두부 젤라또;음료수,N,1,
f_f005686,2308180006,1,0,,아이스크림 호떡,N,1,
f_f005686,2308180008,1,0,,옛날핫도그,Y,1,
f_f005686,2308180009,1,0,,불고기버거세트;모짜렐라인더버거세트,N,4,
f_f005686,2308170005,2,1,,강릉 기념품 엽서(아이쇼핑),N,5,
f_f005686,2308180006,2,2,,엽서,N,1,
f_f005686,2308180006,2,3,,강릉샌드,Y,1,
f_f005686,2308170006,3,0,,아쿠아리움 구경,Y,1,2
f_f005686,2308170007,3,0,,전시관 관람,Y,1,2
f_f005686,2308170009,4,0,,,,,
f_f005686,2308170008,4,1,,,,,
f_f005686,2308180002,4,1,,,,,
f_f005686,2308170010,5,0,,,,,
f_f005686,2308170015,5,0,,,,,
f_f005686,2308170013,5,1,,,,,
f_f005686,2308170013,6,0,,스파,N,5,
f_f005686,2308170003,7,0,,,,,
f_f005686,2308170004,7,0,,,,,
f_f005686,2308180004,7,0,,,,,
f_f005686,2308180005,7,0,,,,,
f_f005686,2308180007,7,0,,,,,
f_f005686,2308170002,7,1,,,,,
f_f005823,2308110003,1,0,,닭갈비;막국수;볶음밥,N,1,
f_f005823,2308110004,1,0,,카라멜커피;밀크티,N,1,
f_f005823,2308110007,2,0,,감자빵,N,1,
f_f005823,2308110006,3,0,,애니메이션 역사관람 및 장난감 로봇 체험,N,1,1
f_f005823,2308110005,4,0,,,,,
f_f005823,2308110004,4,1,,,,,
f_f005823,2308110005,5,1,,,,,
f_f005914,2309100004,1,0,,유부어묵우동;떡볶이,N,1,
f_f005914,2309100007,1,0,,소고기 바베큐,Y,4,
f_f005914,2309110004,1,0,,디아볼라 피자;오렌지 얼라이브;골든 메달리스트,N,1;3,
f_f005914,2309110005,1,0,,레몬청에이드;오레오푸딩;콜드브루라떼,N,1,
f_f005914,2309110002,1,2,,이동 중 편의점에서 아침식사(샌드위치;푸딩),Y,1,
f_f005914,2309100003,2,0,,시장구경;아이쇼핑,N,5,
f_f005914,2309100007,2,2,,물;얼음,N,1,
f_f005914,2309100002,3,0,,방탈출(폴아웃 프로젝트 테마;여기어때 어플 티켓 결제로 이용),Y,1,1
f_f005914,2309100005,3,0,,셀프 사진관(촬영;인화 포함),Y,1,1
f_f005914,2309110002,3,0,,해운대 해변열차탑승(미포정거장까지 이동),Y,1,1
f_f005914,2309110003,3,0,,방탈출 (호쿠스 마술사의 방 테마;여기어때 어플에서 여자친구가 결제한 티켓 이용),Y,1,1
f_f005914,2309100006,4,0,,,,,
f_f005914,2309100008,4,0,,,,,
f_f005914,2309110002,4,1,,,Y,,
f_f005914,2309100009,5,0,,,,,
f_f005914,2309110001,5,0,,,,,
f_f005914,2309100007,5,1,,,,,
f_f006004,2308240003,1,0,,햄버거와 감자튀김 그리고 콜라,N,1,
f_f006004,2308240005,1,0,,육회 비빔밥과 차돌박이 삼합,Y,1,
f_f006004,2308240006,1,0,,자두 아이스티와 샤인머스캣 아이스티,N,1,
f_f006004,2308240009,1,0,,물회와 들기름 비빔,N,1,
f_f006004,2308250001,1,0,,3단 된장 샤브샤브,Y,1,
f_f006004,2308250004,1,0,,복숭아 에이드 로마노,N,1,
f_f006004,2308240007,2,0,,옥수수수염차,N,1,
f_f006004,2308250002,3,0,,대릉원안의 묘들을 관람,N,5,2
f_f006004,2308240010,3,1,,동궁과월지 입장,N,1,2
f_f006004,2308250003,3,2,,첨성대 구경,N,5,2
f_f006004,2308240011,4,0,,,,,
f_f006004,2308240008,5,0,,,,,
f_f006004,2308240012,5,0,,,,,
f_f006004,2308240004,7,0,,,,,
f_f006004,2308250005,7,0,,,,,
f_f006004,2308250006,7,0,,,,,
f_f006004,2308250007,7,0,,,,,
f_f006004,2308240002,7,1,,,,,
f_f006006,2308200005,1,0,,부라타치즈토마토파스타;레몬에이드;초코라떼;패션후르츠에이드,N,1,
f_f006006,2308200006,1,0,,딸기라떼;밀크티,N,1,
f_f006006,2308200008,1,0,,카라미소라멘;돈코츠라멘,N,1,
f_f006006,2308200003,2,0,,아이쇼핑-악세사리;가방;엽서;컵;인테리어 용품,N,5,
f_f006006,2308200004,2,0,,엽서,Y,1,
f_f006006,2308200002,3,1,,스페인 사진작가 요시고의 사진전 [따뜻한 휴일의 기록],Y,5,2
f_f006006,2308200007,4,0,,,,,
f_f006006,2308200002,4,2,,,,,
f_f006006,2308200005,5,1,,,,,
f_f006006,2308200006,5,1,,,,,
f_f006006,2308200007,5,1,,,,,
f_f006357,2308160004,1,1,,짜장밥;짬뽕밥;군만두,N,1,
f_f006357,2308160002,3,0,,로즈와일리전 관람,Y,5,2
f_f006357,2308160003,3,0,,신라 역사관 관람,N,5,2
f_f006357,2308160004,4,0,,,,,
f_f006380,2308140003,1,0,,가정식,N,4,
f_f006380,2308140005,1,0,,돼지갈비;식사 및 주류,Y,1,
f_f006380,2308140002,3,0,,영화 관람,Y,1,2
f_f006380,2308140004,3,2,,자녀 물놀이 체험,N,5,1
f_f006380,2308140004,4,0,,,,,
f_f006380,2308140004,5,1,,,,,
f_f006481,2308190003,1,0,,숯불닭갈비;물냉면;된장소면,N,1,
f_f006481,2308200001,1,0,,막국수편육세트;막국수왕만두세트,N,1,
f_f006481,2308200003,1,0,,과일빙수,N,1,
f_f006481,2308200004,1,0,,파스타;감자치킨너겟;고등어;떡볶이;모듬튀김,N,1,
f_f006481,2308190008,1,1,,생맥주 1L 2잔,Y,1,
f_f006481,2308190004,2,0,,잠옷;티셔츠,N,5,
f_f006481,2308190005,2,0,,친구 잠옷바지 구매,N,1,
f_f006481,2308190008,3,0,,춘천여름잠페스티벌,Y,5,2
f_f006481,2308200002,3,1,,스카이워크 체험,N,1,1
f_f006481,2308200004,3,1,,레고랜드 오후권 입장 및 관람,Y,5,2
f_f006481,2308200002,4,0,,,,,
f_f006481,2308190007,5,0,,,,,
f_f006481,2308190009,5,1,,,,,
f_f006481,2308190006,6,2,,여름잠페스티벌 티켓팅,Y,5,
f_f006481,2308200004,6,2,,놀이기구 탑승,Y,5,
f_f006481,2308190002,7,0,,,,,
f_f006481,2308190006,7,0,,,,,
f_f006481,2308200005,7,0,,,,,
f_f006520,2309100006,1,0,,베르가못 우롱,N,1,
f_f006520,2309100007,1,0,,비빔막국수;물막국수(서비스);수육,N,1,
f_f006520,2309100010,1,0,,양상국 2인세트,Y,1,
f_f006520,2309110002,1,0,,묵은지 뼈해장국;뼈해장국,N,1,
f_f006520,2309110004,1,0,,코코넛 커피,N,1,
f_f006520,2309100005,1,1,,블루베리스무디,N,1,
f_f006520,2309100008,2,0,,향수;주류(양주);남성의류;테슬라,N,5,
f_f006520,2309100011,4,0,,,,,
f_f006520,2309100012,4,0,,,,,
f_f006520,2309100013,4,0,,,,,
f_f006520,2309110003,4,0,,,,,
f_f006520,2309100002,5,0,,,,,
f_f006520,2309100005,5,0,,,,,
f_f006520,2309100009,5,0,,,,,
f_f006520,2309110003,5,1,,,,,
f_f006520,2309110004,5,1,,,,,
f_f006520,2309100014,6,1,,헤어살롱 원장님과 오랜만에 재회하여 근황토크,N,5,
f_f006520,2309100003,7,0,,,,,
f_f006520,2309100004,7,0,,,,,
f_f006520,2309110005,7,0,,,,,
f_f006520,2309110006,7,0,,,,,
f_f006526,2308130005,1,0,,보리밥 정식 2인,N,1,
f_f006526,2308130006,1,0,,아이스크림 (빵빠레2개;엔초;시모나),N,1,
f_f006526,2308140003,1,0,,기본상차림 2인+고등어 직화구이,N,1,
f_f006526,2308130004,3,0,,수영장,N,1,2
f_f006526,2308140002,3,1,,회전목마;미니 헬기 놀이기구 탑승,N,1,1
f_f006526,2308130003,4,1,,,,,
f_f006526,2308130003,5,0,,,,,
f_f006526,2308130002,5,1,,,,,
f_f006605,2308190003,1,0,,우삼겹덮밥,N,1,
f_f006605,2308190001,4,0,,,,,
f_f006605,2308190002,4,0,,,,,
f_f006605,2308190004,4,0,,,,,
f_f006655,2308120003,1,0,,핫바;떡볶이;핫도그,N,1,
f_f006655,2308120008,1,0,,바베큐;밥;소주;각종 술안주(패키지가격에  모두 포함되어있었습니다),Y,4,
f_f006655,2308130002,1,0,,막국수;만두,N,1,
f_f006655,2308130001,1,1,,소주;과자,N,1,
f_f006655,2308120005,1,5,,아이스아메리카노등,N,1,
f_f006655,2308130001,2,0,,소주;과자;종이컵,Y,5,
f_f006655,2308120003,2,1,,과자,N,1,
f_f006655,2308120005,2,4,,아메리카노;오미자에이드;양파빵;피자빵,Y,1,
f_f006655,2308120006,3,1,,숙박+저녁+서핑 패키지를 구매했다. 서핑에 대한 간단한 강습을 받은 후 서핑을 진행하였다.,Y,5,2
f_f006655,2308130003,4,2,,,,,
f_f006655,2308120005,4,3,,,,,
f_f006655,2308120004,5,0,,,,,
f_f006655,2308120007,5,0,,,,,
f_f006655,2308120009,5,0,,,,,
f_f006655,2308120008,5,1,,,,,
f_f006655,2308130003,5,1,,,,,
f_f006655,2308120003,5,2,,,,,
f_f006655,2308120005,5,2,,,,,
f_f006739,2308260002,1,0,,휴게소 음식;핫바;핫도그;닭꼬치,N,1,
f_f006739,2308260006,1,0,,치킨,Y,1,
f_f006739,2308270001,1,0,,대게비빔밥;성게알비빔밥,Y,1,
f_f006739,2308270002,1,0,,커피2잔;디저트구매,Y,2,
f_f006739,2308270005,1,0,,막국수3;전병,N,1,
f_f006739,2308270003,2,0,,대게,N,1,
f_f006739,2308260005,2,1,,속초새우아저씨 튀김 구매,N,1,
f_f006739,2308270002,2,1,,선물용디저트,Y,5,
f_f006739,2308260003,5,0,,,,,
f_f006739,2308260007,5,0,,,,,
f_f006739,2308260004,5,1,,,,,
f_f006888,2308160004,1,0,,횟밥(회덮밥;매운탕),N,1,
f_f006888,2308160006,1,0,,초코 아이스크림,N,1,
f_f006888,2308160007,1,0,,아이스카페모카;아이스 헤이즐넛라떼,N,1,
f_f006888,2308160008,1,0,,꼬치어묵우동;치즈돈까스;음료수;맥반석 오징어;호두과자;아이스 아메리카노,N,1,
f_f006888,2308160005,3,0,,장생포고래박물관(과거 고래 포획관련 정보 안내);고래생태체험관(돌고래쇼 관람 및 다양한 어류 생물 관람);울산함(울산함 내부 관람),Y,1,1
f_f006888,2308160003,4,0,,,,,
f_f006895,2308300003,1,0,,순대국(특);공기밥2개,N,1,
f_f006895,2308300007,1,0,,막국수,N,1,
f_f006895,2308300008,1,0,,카푸치노;골든레몬에이드,N,1,
f_f006895,2308310003,1,0,,꿀아메리카노,N,2,
f_f006895,2308310006,1,0,,양념돼지갈비;삼겹살;된장찌개;김치말이국수;콜라,N,1,
f_f006895,2308300003,1,1,,카페라떼,N,2,
f_f006895,2308310006,1,1,,몬스터에너지드링크,N,2,
f_f006895,2308300002,1,2,,피자;떡볶이;치킨,Y,2,
f_f006895,2308300004,2,0,,폰방수팩;차세정액;와이퍼;차방향제;케이블;캔디,N,1,
f_f006895,2308300006,2,0,,휘발유,N,1,
f_f006895,2308310003,2,1,,김밥;샌드위치2개,N,1,
f_f006895,2308310005,3,0,,서핑,N,1,1
f_f006895,2308310005,3,1,,서핑,N,1,1
f_f006895,2308300009,4,0,,,,,
f_f006895,2308310004,4,0,,,,,
f_f006895,2308300005,4,1,,,,,
f_f006895,2308310002,4,1,,,,,
f_f006895,2308300002,5,1,,,,,
f_f006895,2308300008,5,1,,,,,
f_f006895,2308300008,6,2,,사진촬영,N,5,
f_f006895,2308310002,6,3,,해수욕,N,5,
f_f006895,2308310004,7,1,,,,,
f_f006926,2308260005,1,0,,봉지라면;닭꼬치;찐만두;맥주,N,4,
f_f006926,2308270003,1,0,,막국수,N,1,
f_f006926,2308270004,1,0,,아이스커피;아이스티,N,1,
f_f006926,2308270002,1,1,,감자빵;감자라떼,N,1,
f_f006926,2308260006,1,2,,돼지고기;소고기;가리비;치즈;소세지;된장찌개;소주;맥주,Y,4,
f_f006926,2308260003,2,0,,다양한 먹거리와 지역 특산품 아이쇼핑;그리고 문막휴게소를 가는길에 용인휴게소에서 기름을 주유했음.,N,1,
f_f006926,2308260004,2,0,,캠핑과 물놀이때 먹거나 사용할 물품 구입. 맥주;과자;소고기;돼지고기;쌈무;음료수;소주;봉지라면;햇반;일회용품들;조리된 닭꼬치;만두;김치;모둠 버섯;키위;된장찌개 밀키트;가글;치즈;가리비;버터;생감자등,N,1,
f_f006926,2308270001,3,1,,자연경관구경,N,5,2
f_f006926,2308260005,3,4,,다슬기 잡기 체험;물고기 잡기 체험;그늘막과 텐트설치하여 캠핑체험,N,5,1
f_f006926,2308270001,4,0,,,,,
f_f006926,2308260005,4,2,,,,,
f_f006926,2308260006,5,0,,,,,
f_f006926,2308260011,5,0,,,,,
f_f006926,2308260003,5,1,,,,,
f_f006926,2308260005,5,1,,,,,
f_f006926,2308260006,6,1,,펜션 앞에서 불을 붙여서 캠핑 활동을 했으며;취식활동이후에 장작에 불을 붙여서 불멍을 했음,Y,5,
f_f006926,2308260005,6,3,,하천에서 물놀이와 휴식과 다슬기 잡기 체험,N,5,
f_f006932,2308260005,1,0,,태국 음식 (팟타이;국수;볶음밥),N,1,
f_f006932,2308270002,1,0,,부산은 밀면으로 유명해서;물밀면/비빔밀면/만두 를 먹었습니다.,N,4,
f_f006932,2308270003,1,0,,여름하면 팥빙수! 녹차팥빙수를 먹었습니다.,N,1,
f_f006932,2308270004,1,0,,만화방에서 커피를 마셨습니다.,N,1,
f_f006932,2308260003,2,0,,부산역 내 부산샌드라는 팝업스토어 방문;부산샌드 아이쇼핑,N,5,
f_f006932,2308260006,3,0,,싸이(가수)의 흠뻑쇼라는 콘서트가 부산에서 개최되어 참가;약 5시간동안의 콘서트를 관람하였습니다.,Y,1,2
f_f006932,2308270001,3,0,,에릭요한슨이라는 유명한 사진작가의 전시가 부산에서 열린다는 소식을 SNS를 통해 접하였고;SNS의 초대권 이벤트에 당첨되어 방문하게 되었습니다. 서울전시 당시 35만여명이 관람한 전시로 유명해;문화생활을 즐기고자 방문했습니다,Y,5,2
f_f006932,2308260003,4,2,,,,,
f_f006932,2308260004,5,0,,,,,
f_f006932,2308270004,5,1,,,,,
f_f006932,2308270004,6,2,,만화방인데 뷰가 좋아서(광안리 바다뷰) 유명한 곳입니다 휴식도 취하고;만화책도 보며 광안리 뷰를 감상했습니다,N,5,
f_f006932,2308260003,7,1,,,,,
f_f007107,2308130003,1,0,,커피음료,N,1,
f_f007107,2308130006,1,0,,돈까스와 피자,N,1,
f_f007107,2308130007,1,0,,팥빙수와 블루배리요거트,N,1,
f_f007107,2308130008,1,0,,소보로슈크림빵;아몬드꿀빵;소시지빵;카스테라,N,1,
f_f007107,2308130009,1,0,,돼지갈비2인;매운돼지갈비2인;사이다1;들깨수제비1,N,1,
f_f007107,2308130006,3,1,,와인동굴;와인숙성실;하미앙와인밸리전경,N,5,2
f_f007107,2308130005,4,0,,,,,
f_f007107,2308130007,4,1,,,,,
f_f007107,2308130006,4,2,,,,,
f_f007107,2308130004,5,1,,,,,
f_f007107,2308130004,6,0,,화장실,N,5,
f_f007188,2309040002,1,0,,팥빙수,N,1,
f_f007188,2309050001,1,0,,팥빙수,N,1,
f_f007188,2309050001,3,1,,영화 촬영장  관람,N,1,2
f_f007188,2309050001,3,2,,모노레일 탑승,N,1,1
f_f007188,2309050002,5,0,,,,,
f_f007188,2309040002,5,1,,,,,
f_f007228,2308220004,1,0,,수육;물냉면;비빔냉면,N,1,
f_f007228,2308220006,1,0,,뽈살;목토시살;된장찌개;소주;맥주,N,1,
f_f007228,2308230002,1,0,,프렌치토스트;버터크림라떼;아이스아메리카노,N,1,
f_f007228,2308230004,1,0,,돼지갈비;물냉면,Y,1,
f_f007228,2308230005,1,0,,흑당버블티;바빈스빙수;아메리카노;블루베리요거트,N,1,
f_f007228,2308220007,3,1,,당구,N,1,1
f_f007228,2308220003,4,0,,,,,
f_f007228,2308230001,4,0,,,,,
f_f007228,2308220003,5,1,,,,,
f_f007234,2308280003,1,0,,자몽에이드;수플레 팬케이크;트러플 소금빵,N,1,
f_f007234,2308280007,1,0,,가지튀김;마파두부;밥;타이완 라멘,Y,1,
f_f007234,2308290001,1,0,,로제치킨파이;고구마치즈파이;에비앙,Y,1,
f_f007234,2308290005,1,0,,아이스 아메리카노;패션 후르츠 에이드;옥수수 케이크,N,1,
f_f007234,2308290006,1,0,,이재모 크러스트,N,1,
f_f007234,2308280002,2,0,,요시고 필름 스티커;요시고 우표,Y,1,
f_f007234,2308280004,2,0,,아이쇼핑 (키링;목걸이;인형;가방),N,5,
f_f007234,2308280005,2,0,,최고심 키링;최고심 부적 2개,N,1,
f_f007234,2308290002,2,0,,아이쇼핑 (강아지 옷;강아지 키링;강아지 목줄),N,5,
f_f007234,2308290003,2,0,,아이쇼핑 (인형;피규어;옛날과자),N,5,
f_f007234,2308290004,2,0,,시오 베이글;초당콘버터크림,N,1,
f_f007234,2308280002,3,1,,요시고 사진전에서 순서대로 전시 그림을 감상함,Y,1,2
f_f007234,2308280008,4,0,,,,,
f_f007234,2308280009,4,1,,,,,
f_f007234,2308280006,5,0,,,,,
f_f007234,2308280008,5,1,,,,,
f_f007234,2308280010,5,1,,,,,
f_f007234,2308290008,7,0,,,,,
f_f007234,2308290007,7,1,,,,,
f_f007260,2308200002,1,0,,토스트. 커피 테이크 아웃,Y,1,
f_f007260,2308200003,1,0,,짬뽕순두부,Y,1,
f_f007260,2308200005,1,0,,젤라또도넛,N,1,
f_f007260,2308200006,1,0,,음료(아메리카노;자두에이드),N,1,
f_f007260,2308200007,1,0,,꽈배기,N,1,
f_f007260,2308200008,1,0,,들기름막국수;회막국수;수육,N,1,
f_f007260,2308200011,1,0,,감자크림탕수육 테이크아웃,N,1,
f_f007260,2308210001,1,0,,물회,Y,1,
f_f007260,2308210002,1,0,,바우커피,N,1,
f_f007260,2308210004,1,0,,순두부 젤라또,N,1,
f_f007260,2308210007,1,0,,꼬막무침;육사시미,N,1,
f_f007260,2308200011,1,1,,카페 테이크아웃 - 초코라떼;키위주스,Y,2,
f_f007260,2308200007,1,4,,인절미빙수,N,1,
f_f007260,2308200010,2,0,,오징어순대,N,1,
f_f007260,2308210006,2,0,,키링 - 13;000원,N,1,
f_f007260,2308210009,2,0,,팝콘 (이전방문지에서 이동중구매),N,1,
f_f007260,2308200007,2,1,,아이쇼핑 (소품샵 구경 - 관광지 기념품(강릉 엽서;마그넷 등);키링;헤어핀 같은 잡화류,N,5,
f_f007260,2308210008,2,1,,만석닭강정,N,1,
f_f007260,2308200010,2,2,,아이쇼핑 - 오란다 소품샵,N,5,
f_f007260,2308200012,2,2,,술(이전방문지에서 이동중 편의점),N,1,
f_f007260,2308210008,2,2,,커피콩빵,N,1,
f_f007260,2308210006,3,1,,크래프트링 만들기 체험 - 40;000원 / (일행은 컨디션 난조로 휴식),Y,5,1
f_f007260,2308200004,4,0,,,,,
f_f007260,2308200010,4,1,,,,,
f_f007260,2308210003,4,1,,,,,
f_f007260,2308210005,4,1,,,,,
f_f007260,2308200007,4,2,,,,,
f_f007260,2308200009,5,0,,,,,
f_f007260,2308200012,5,0,,,,,
f_f007260,2308200006,5,1,,,,,
f_f007260,2308200002,5,2,,,,,
f_f007260,2308200007,5,3,,,,,
f_f007260,2308210009,5,3,,,,,
f_f007260,2308200004,6,1,,사진촬영,N,5,
f_f007260,2308200006,6,2,,SNS 업로드 사진 촬영,N,5,
f_f007260,2308210009,6,2,,화장실 방문 ( 휴게소 급하게 화장실 방문한거라 사진이 없어 관계 없는 사진으로 대체합니다),N,5,
f_f007508,2308290002,1,0,,떡볶이;오뎅;옥수수수염차,N,1,
f_f007508,2308300001,1,1,,모듬곱창;술,N,1,
f_f007508,2308290003,2,0,,회,N,1,
f_f007508,2308290005,2,0,,고기;과자;술;라면;음료;물;과일,N,1,
f_f007508,2308290002,3,1,,워터파크 체험 (놀이기구 체험;유스풀;파도풀;온천 등),Y,5,1
f_f007508,2308290008,4,0,,,,,
f_f007508,2308290005,5,1,,,,,
f_f007508,2308290008,5,1,,,,,
f_f007508,2308300001,7,0,,,,,
f_f007571,2308180010,1,0,,원조짬순,Y,1,
f_f007571,2308180011,1,0,,아이스 아메리카노;복숭아 요거트 젤라또,N,1,
f_f007571,2308180014,1,0,,영양솥밥정식;오징어먹물솥밥정식,N,1,
f_f007571,2308190003,1,0,,아이스 아메리카노 2잔;소금빵;먹물 치아바타,N,1,
f_f007571,2308190005,1,0,,메밀김밥필무렵;포파누들,Y,1,
f_f007571,2308180009,1,1,,강냉이 아이스크림;옥수수 커피 아이스,Y,1,
f_f007571,2308190005,1,2,,아이스 아메리카노;감자칩(이네센스),N,1,
f_f007571,2308180004,2,0,,특산물,Y,5,
f_f007571,2308180006,2,0,,명품커피빵,N,1,
f_f007571,2308180002,2,1,,맥주;안주;과자,N,1,
f_f007571,2308180003,2,1,,삼각김밥;생수,Y,1,
f_f007571,2308190004,3,0,,오죽헌 및 박물관 관람,N,1,2
f_f007571,2308180012,4,0,,,,,
f_f007571,2308180015,4,0,,,,,
f_f007571,2308190006,4,0,,,,,
f_f007571,2308180007,4,1,,,,,
f_f007571,2308180008,4,1,,,,,
f_f007571,2308190002,4,1,,,,,
f_f007571,2308180006,4,2,,,,,
f_f007571,2308180002,5,0,,,,,
f_f007571,2308180009,5,0,,,,,
f_f007571,2308180013,5,0,,,,,
f_f007571,2308180011,5,1,,,,,
f_f007571,2308190003,5,1,,,,,
f_f007571,2308190005,5,1,,,,,
f_f007571,2308180008,5,2,,,,,
f_f007571,2308180003,7,0,,,,,
f_f007571,2308180005,7,0,,,,,
f_f007571,2308190007,7,0,,,,,
f_f007571,2308190008,7,0,,,,,
f_f007571,2308180004,7,1,,,,,
f_f007878,2308240001,1,0,,꼬막비빔밥,N,1,
f_f007878,2308240004,1,0,,팡파미유 마늘빵,N,1,
f_f007878,2308240005,1,0,,흑임자 라떼;아이스초코,N,1,
f_f007878,2308250002,1,0,,영양솥밥,N,1,
f_f007878,2308250003,1,1,,코코넛크림라떼;블루레몬사이다,Y,1,
f_f007878,2308240006,4,0,,,,,
f_f007878,2308250004,4,0,,,,,
f_f007878,2308240002,5,0,,,,,
f_f007878,2308250003,5,0,,,,,
f_f007878,2308240005,5,1,,,,,
f_f007878,2308240003,6,0,,주차,N,5,
f_f007889,2308180004,1,0,,옹심이 칼국수;보쌈;막국수;동동주,N,1,
f_f007889,2308180007,1,0,,아메리카노,N,1,
f_f007889,2308180009,1,0,,회,N,1,
f_f007889,2308190002,1,0,,아메리카노;당근케익;복숭아 티라미슈,N,1,
f_f007889,2308190004,1,0,,육사시미;꼬막비빔밥,Y,1,
f_f007889,2308180006,3,0,,박물관;오죽헌;기념품 구경;산책로 걷기,N,1,2
f_f007889,2308180005,4,0,,,,,
f_f007889,2308190003,4,0,,,,,
f_f007889,2308180006,4,1,,,,,
f_f007889,2308180008,5,0,,,,,
f_f007889,2308180011,5,0,,,,,
f_f007889,2308190001,6,0,,운동,N,5,
f_f007889,2308180011,6,1,,수영,N,5,
f_f007889,2308180005,6,2,,그네타기,N,5,
f_f007889,2308180002,7,0,,,,,
f_f007889,2308180003,7,0,,,,,
f_f007889,2308190005,7,0,,,,,
f_f007889,2308180005,7,1,,,,,
f_f007925,2308260003,1,0,,명태회냉면 2개,N,1,
f_f007925,2308270001,1,0,,베이클.케이크.아메리카노.라떼,N,1,
f_f007925,2308270002,1,0,,들기름막국수.곤드레막국수,N,1,
f_f007925,2308270003,1,0,,쑥맛.옥수수맛.메밀맛.딸기맛 젤라또,N,1,
f_f007925,2308270006,1,0,,과자.음료,N,2,
f_f007925,2308260005,1,4,,새우버거;든해버거;감자튀김;오징어튀김;사이다;콜라,N,1,
f_f007925,2308260010,2,0,,회포장함,N,1,
f_f007925,2308270004,2,0,,속초항 포장마차 오징어난전 구경,N,5,
f_f007925,2308260009,2,1,,크레페.튀김류.꼬치류.닭강정 구경,N,5,
f_f007925,2308260011,2,3,,맥주.과자,N,1,
f_f007925,2308260004,3,0,,스노클링,N,5,1
f_f007925,2308260007,4,0,,,,,
f_f007925,2308260008,4,0,,,,,
f_f007925,2308260011,4,2,,,,,
f_f007925,2308260002,5,0,,,,,
f_f007925,2308260006,7,1,,,,,
f_f007925,2308260012,7,1,,,,,
f_f007925,2308270006,7,2,,,,,
f_f008076,2308180003,1,0,,물막국수,N,1,
f_f008076,2308180006,1,0,,오리구이;명란들기름막국수,N,1,
f_f008076,2308180007,1,0,,와인 마리아주,N,1,
f_f008076,2308190001,1,0,,조식 뷔페,N,4,
f_f008076,2308180002,1,2,,호두과자,Y,1,
f_f008076,2308180004,4,1,,,,,
f_f008076,2308190002,4,1,,,,,
f_f008076,2308180002,5,0,,,,,
f_f008076,2308180005,5,0,,,,,
f_f008076,2308190002,5,0,,,,,
f_f008076,2308180007,5,1,,,,,
f_f008076,2308180004,6,2,,물놀이(파도가높아 스노쿨링은 불가했음),N,5,
f_f008076,2308180005,6,2,,,Y,5,
f_f008079,2308230004,1,0,,아이스 아메리카노 2잔;바닐라 식빵,N,1,
f_f008079,2308240002,1,0,,숯불돼지갈비 2인분;메밀비빔막국수;얼갈이해장국,N,1,
f_f008079,2308240003,1,0,,아이스 아메리카노 2잔,N,1,
f_f008079,2308230005,1,3,,삽겹살과 비빔면,Y,2,
f_f008079,2308230003,3,1,,비둘기낭폭포 길을 따라 내려가 폭포를 구경하며 사진을 찍음,N,5,2
f_f008079,2308230002,4,0,,,,,
f_f008079,2308230003,4,0,,,,,
f_f008079,2308230005,4,1,,,,,
f_f008079,2308240001,4,1,,,,,
f_f008079,2308230005,5,0,,,,,
f_f008079,2308230005,6,2,,수영장 이용,Y,5,
f_f008079,2308240001,6,2,,사진 찍기,N,5,
f_f008113,2308210004,1,0,,오일리버거 세트,N,1,
f_f008113,2308210005,1,0,,수박주스 파나나주스,N,1,
f_f008113,2308210009,1,0,,아이스아메리카노 애리스 라떼 레몬그라니따,N,1,
f_f008113,2308210013,1,0,,커피,N,1,
f_f008113,2308210014,1,0,,막창,N,1,
f_f008113,2308220001,1,0,,중화비빔밥 짬뽕,N,1,
f_f008113,2308220002,1,0,,페퍼민트티 복숭아아이스티,N,1,
f_f008113,2308220004,1,0,,코블러;아이스 아메리카노;플랫화이트,Y,1,
f_f008113,2308220007,1,0,,뼈다귀 해장국,N,1,
f_f008113,2308210007,2,0,,옷과 가방 아이쇼핑,N,5,
f_f008113,2308210008,2,0,,톤업크림;가글액,N,1,
f_f008113,2308210010,2,0,,여러 소품 아이쇼핑,N,5,
f_f008113,2308210011,2,0,,여러 리빙 용품 아이쇼핑,N,5,
f_f008113,2308210006,2,1,,옷과 모자 아이쇼핑,N,5,
f_f008113,2308220006,3,0,,오펜하이머 관람,Y,1,2
f_f008113,2308220003,3,1,,공원 내 동물원 구경,N,5,2
f_f008113,2308220003,4,0,,,,,
f_f008113,2308220005,4,1,,,,,
f_f008113,2308210012,5,0,,,,,
f_f008113,2308210016,5,0,,,,,
f_f008113,2308220009,7,1,,,,,
f_f008113,2308210003,7,4,,,,,
f_f008113,2308210002,99,0,,,,,
f_f008113,2308220008,99,0,,,,,
f_f008157,2308300005,1,0,,아이스 아메리카노,N,1,
f_f008157,2308300007,1,0,,특로스카츠,Y,1,
f_f008157,2308300010,1,0,,배스킨라빈스 아이스크림,N,2,
f_f008157,2308310002,1,0,,설렁탕,N,1,
f_f008157,2308310004,1,0,,아이스 아메리카노,N,1,
f_f008157,2308300004,2,0,,빵,N,1,
f_f008157,2308310001,2,0,,빵,N,1,
f_f008157,2308310003,2,0,,소품,N,5,
f_f008157,2308310005,2,0,,돼지후라이드,N,1,
f_f008157,2308300011,2,1,,물,N,1,
f_f008157,2308300008,2,2,,치약칫솔세트,N,1,
f_f008157,2308300008,4,0,,,,,
f_f008157,2308300010,4,1,,,,,
f_f008157,2308310004,4,1,,,,,
f_f008157,2308300011,5,0,,,,,
f_f008157,2308300005,5,1,,,,,
f_f008157,2308300008,5,1,,,,,
f_f008157,2308300006,6,0,,셀프사진촬용,N,1,
f_f008157,2308300002,7,0,,,,,
f_f008157,2308300003,7,0,,,,,
f_f008157,2308300009,7,0,,,,,
f_f008176,2308260002,1,0,,낙곱새;우동사리,N,1,
f_f008176,2308260003,1,0,,커피;빙수,N,1,
f_f008176,2308270001,1,0,,버섯해장국;물회,N,1,
f_f008176,2308260004,3,0,,실탄 사격 체험,Y,1,1
f_f008176,2308260006,3,0,,싸이 2023 흠뻑쇼,Y,1,2
f_f008176,2308270002,3,3,,바다수영,N,5,1
f_f008176,2308270002,4,1,,,,,
f_f008176,2308260005,5,0,,,,,
f_f008176,2308260002,5,1,,,,,
f_f008176,2308260003,5,1,,,,,
f_f008176,2308260007,5,1,,,,,
f_f008176,2308270002,5,2,,,,,
f_f008182,2308210003,1,0,,라면,N,1;3,
f_f008182,2308210005,1,0,,코로나 바틀 (6개),N,1,
f_f008182,2308220002,1,0,,클래식 시카고 피자 3판;바질토마토 시카고 피자 1판;코카콜라 1병;선샤인 골든에일 1잔;옥수수알튀김 1판;리얼 딸기에일 1잔;비치보이즈 라거 1잔;경포대 l.l.p.a 2잔,N,1,
f_f008182,2308220003,1,0,,코카콜라 2잔;분다버그 핑크자몽 쥬스 1잔;분다버그 트로피칼 망고 1잔;스파클링 애플쥬스 1잔;코코넛쉐이크 1잔,N,1,
f_f008182,2308220005,1,0,,아메리카노 1잔;딸기에이드 1잔;블루베리에이드 1잔,N,1,
f_f008182,2308220001,2,0,,티라미수케이크,N,1,
f_f008182,2308210002,2,1,,아이쇼핑;아이쇼핑한 품목:수영복,N,5,
f_f008182,2308210004,4,1,,,,,
f_f008182,2308210002,4,4,,,,,
f_f008182,2308210004,5,0,,,,,
f_f008182,2308210007,5,0,,,,,
f_f008182,2308210003,5,1,,,,,
f_f008182,2308210002,5,3,,,,,
f_f008182,2308220004,6,1,,운동,N,5,
f_f008182,2308210004,6,2,,해수욕,N,5,
f_f008259,2308180004,1,0,,초당순두부짬뽕  오징어순대,N,1,
f_f008259,2308180006,1,0,,초옥이커피 아이스크림,N,1,
f_f008259,2308180007,1,0,,마늘바게트 튀김 강릉샌드,N,1,
f_f008259,2308180008,2,0,,초코 두부 푸딩,N,1,
f_f008259,2308180009,2,0,,원조 매운돈까스 멸치 김밥,N,1,
f_f008259,2308180003,3,0,,아트월드 전시관람및 사진촬영,Y,1,2
f_f008259,2308180005,3,1,,수족관구경,Y,1,2
f_f008379,2308190004,1,2,,2인세트 삼겹살 + 목살,N,1,
f_f008379,2308190003,4,0,,,,,
f_f008379,2308190004,4,0,,,,,
f_f008379,2308190003,5,1,,,,,
f_f008379,2308190004,5,1,,,,,
f_f008379,2308190003,6,2,,절하기,N,5,
f_f008379,2308190003,6,3,,커피구입,Y,1,
f_f008380,2309100002,1,0,,안심카츠 반반카츠 새우튀김,N,1,
f_f008380,2309100005,1,0,,마르게리따피자 테이크아웃,N,2,
f_f008380,2309100006,1,0,,감자후라이즈 핑크퐁쥬스 자몽하이볼 얼구레이하이볼 아바이윗비어 뽀모도로파스타,N,1,
f_f008380,2309110002,1,0,,소금빵 옥수수빵 딸기라떼,N,1,
f_f008380,2309110004,1,0,,뷔페,N,1,
f_f008380,2309100003,3,0,,보트타기;잉어밥주기,N,1,1
f_f008380,2309110005,4,0,,,,,
f_f008380,2309100003,4,1,,,,,
f_f008380,2309110002,4,1,,,,,
f_f008380,2309100006,4,2,,,,,
f_f008380,2309100004,5,0,,,,,
f_f008380,2309100007,5,0,,,,,
f_f008380,2309100002,5,1,,,,,
f_f008380,2309100005,5,1,,,,,
f_f008380,2309100006,5,1,,,,,
f_f008380,2309100003,5,2,,,,,
f_f008380,2309110002,5,2,,,,,
f_f008380,2309110003,6,1,,키즈카페 놀이,N,1,
f_f008418,2308250004,1,0,,오징어 물회;섞어 회 덮밥(매일 다른 회라고 하셨는데 방문 당시에는 광어가 나왔음),N,1,
f_f008418,2308250005,1,0,,얼그레이 하이볼;하와이안 파나콜라나,N,1,
f_f008418,2308250007,1,0,,차슈 강릉 초당 두부 김치;소주;생맥주;환타,N,1,
f_f008418,2308250008,1,0,,모둠회,N,2,
f_f008418,2308260001,1,0,,짬뽕 순두부,N,1,
f_f008418,2308260004,1,0,,346 스페셜 아메리카노;복숭아 아이스티,N,1,
f_f008418,2308260005,1,0,,김치말이삼겹살;새우강정;육쪽 마늘빵,N,1,
f_f008418,2308260002,1,1,,cmd X 초당옥수수;아이스 아메리카노;카이막,N,1,
f_f008418,2308260003,4,1,,,,,
f_f008418,2308260004,4,1,,,,,
f_f008418,2308250009,4,2,,,,,
f_f008418,2308260005,4,2,,,,,
f_f008418,2308250006,5,0,,,,,
f_f008418,2308250009,5,0,,,,,
f_f008418,2308260002,5,0,,,,,
f_f008418,2308260003,5,0,,,,,
f_f008418,2308260006,5,0,,,,,
f_f008418,2308250008,5,1,,,,,
f_f008418,2308260004,5,2,,,,,
f_f008418,2308260005,5,3,,,,,
f_f008418,2308250002,7,0,,,,,
f_f008418,2308250003,7,0,,,,,
f_f008418,2308260007,7,0,,,,,
f_f008418,2308260006,7,1,,,,,
f_f008427,2308190002,1,0,,한우꽃등심;한우채끝등심;한우육회;냉면;된장찌개,Y,1,
f_f008427,2308190005,1,0,,누들떡볶이;튀김,N,1,
f_f008427,2308190006,1,0,,송어회,N,2,
f_f008427,2308200005,1,0,,메밀우유수제팥빙수;치즈감자베이글,N,1,
f_f008427,2308200006,1,0,,메밀국수;메밀간장국수;메밀비빔국수;메밀모둠;한방수육,N,1,
f_f008427,2308190006,1,2,,김치짜글이,N,2,
f_f008427,2308200007,2,0,,커피,N,1,
f_f008427,2308190005,2,1,,구명조끼대여,N,5,
f_f008427,2308190003,3,0,,양떼목장에서 양;염소;알파카보고 걸으며 먹이주기 체험,Y,1,1
f_f008427,2308200003,3,0,,루지체험,N,1,1
f_f008427,2308190005,3,2,,블루캐니언 워터파크 입장권 구매,Y,1,2
f_f008427,2308200001,4,1,,,,,
f_f008427,2308200004,4,1,,,,,
f_f008427,2308190003,4,2,,,,,
f_f008427,2308190004,5,0,,,,,
f_f008427,2308200001,5,0,,,,,
f_f008427,2308200002,5,0,,,,,
f_f008427,2308200004,5,0,,,,,
f_f008427,2308190003,5,1,,,,,
f_f008427,2308190006,5,1,,,,,
f_f008427,2308200005,5,1,,,,,
f_f008558,2308270003,1,0,,월남쌈 샤브샤브,N,1,
f_f008558,2308270002,3,0,,호국안조 체험 및 관람,N,5,1
f_f008567,2308270003,1,0,,스테이크;피자;리조또;샐러드,N,1,
f_f008567,2308270006,1,0,,돼지국밥;순대국밥;수육백반;순대1인분,Y,1,
f_f008567,2308270004,1,5,,츄러스;옛날핫도그;딸기스무디,N,1,
f_f008567,2308270004,1,6,,생수,N,1,
f_f008567,2308270002,3,0,,밀양아리랑대공원 유아놀이터 방문,N,5,2
f_f008567,2308270004,3,0,,트윈터널 방문,N,1,2
f_f008567,2308270005,3,0,,의열체험관 프로그램 참가,N,5,1
f_f008567,2308270002,3,2,,밀양시립박물관 방문,N,1,2
f_f008567,2308270002,4,1,,,,,
f_f008567,2308270003,5,1,,,,,
f_f008567,2308270004,5,1,,,,,
f_f008567,2308270008,6,0,,주유,Y,1,
f_f008567,2308270005,6,1,,의열체험관 연꽃거리 산책 및 플로깅,N,5,
f_f008608,2308210003,1,0,,해물솥단지,N,1,
f_f008608,2308210004,1,0,,단호박팥비수;커피,N,1,
f_f008608,2308210002,1,2,,커피,N,1,
f_f008608,2308210002,4,3,,,,,
f_f008608,2308210004,5,1,,,,,
f_f008814,2308260004,1,0,,물회;모듬회,N,1,
f_f008814,2308260005,1,0,,토마호크,Y,4,
f_f008814,2308270001,1,0,,돌솥빕정식,Y,1,
f_f008814,2308270002,1,0,,커피 소금빵,N,1,
f_f008814,2308260003,2,0,,포항샌드;인생4컷,N,1,
f_f008814,2308260005,4,1,,,,,
f_f008814,2308260002,5,1,,,,,
f_f008814,2308270002,5,1,,,,,
f_f008862,2308220003,1,0,,호두잣과자,N,1,
f_f008862,2308220004,1,0,,성게미역국;모둠물회,N,1,
f_f008862,2308230003,1,0,,아이스아메리카노,N,1,
f_f008862,2308220008,1,1,,막걸리술빵;대게;닭강정(이전 방문지:전통시장에서 작성),N,4,
f_f008862,2308220007,2,0,,막걸리술빵,N,1,
f_f008862,2308220007,2,2,,대게,N,1,
f_f008862,2308220007,2,3,,닭강정,N,1,
f_f008862,2308230002,4,0,,,,,
f_f008862,2308220005,4,1,,,,,
f_f008862,2308220007,4,1,,,,,
f_f008862,2308230003,4,2,,,,,
f_f008862,2308220006,5,0,,,,,
f_f008862,2308220008,5,0,,,,,
f_f008862,2308230004,5,0,,,,,
f_f008862,2308220003,5,1,,,,,
f_f008862,2308230003,5,1,,,,,
f_f008862,2308220002,6,0,,진료,N,5,
f_f009182,2308220004,1,0,,사찰음식,N,4,
f_f009182,2308220006,1,0,,전통차 쌍화차,N,4,
f_f009182,2308220004,3,2,,사찰 관람 및 종교 행사 참여,N,5,2
f_f009182,2308220006,3,2,,사찰 관람 및 전나무숲길 걷기,N,5,2
f_f009182,2308220005,4,0,,,,,
f_f009182,2308220006,4,1,,,,,
f_f009182,2308220004,5,1,,,,,
f_f009182,2308220002,7,0,,,,,
f_f009182,2308220003,7,0,,,,,
f_f009182,2308220007,7,0,,,,,
f_f009182,2308220008,7,0,,,,,
f_f009188,2308200003,1,0,,크림짱뽕;냉짬뽕;짜장면,N,1,
f_f009188,2308200002,3,0,,농촌어린이테마체험관에서 씨앗으로 나무키우기;벼키우기;우유짜기;입체영화관람 등을 하였습니다,Y,5,1
f_f009188,2308200004,3,0,,미디어아트 관람;촬영,Y,1,2
f_f009188,2308200005,3,0,,산책,N,5,2
f_f009188,2308200002,4,1,,,,,
f_f009188,2308200004,4,1,,,,,
f_f009188,2308200005,4,2,,,,,
f_f009188,2308200002,5,2,,,,,
f_f009188,2308200004,5,2,,,,,
f_f009201,2308270002,1,0,,칼제,N,1,
f_f009201,2308270006,1,0,,허니버터오징어,N,1,
f_f009201,2308270003,2,0,,동백꽃 소품;기념품,N,1,
f_f009201,2308270002,2,1,,울산 쫀드기,N,5,
f_f009201,2308270005,3,0,,워크스페이스 입장,N,5,2
f_f009201,2308270004,4,0,,,,,
f_f009201,2308270005,4,1,,,,,
f_f009201,2308270003,4,2,,,,,
f_f009201,2308270006,5,1,,,,,
f_f009201,2308270004,5,2,,,,,
f_f009255,2308260003,1,0,,반반피자 (페퍼로니 / 치즈);토마토베이컨푸실리;콜라,Y,1,
f_f009255,2308260005,1,0,,강된장보리밥 / 육개장 사발면,Y,4,
f_f009255,2308260007,1,0,,식혜;오뎅 4개;옛날 핫도그 2개,N,1,
f_f009255,2308260002,1,3,,강된장 보리밥 / 육개장 사발면,Y,4,
f_f009255,2308260009,2,0,,생크림,N,5,
f_f009255,2308260008,2,1,,생크림 아이쇼핑;슈가파우더;오레오,N,1,
f_f009255,2308260011,4,0,,,,,
f_f009255,2308260002,5,0,,,,,
f_f009255,2308260003,5,1,,,,,
f_f009255,2308260005,5,1,,,,,
f_f009255,2308260011,5,2,,,,,
f_f009255,2308260002,6,1,,휴식 및 넷플릭스 시청,Y,5,
f_f009255,2308260004,7,0,,,,,
f_f009255,2308260006,7,0,,,,,
f_f009255,2308260008,7,0,,,,,
f_f009257,2308240005,1,0,,꼬막무침비빔밥;경주육회물회,N,1,
f_f009257,2308240009,1,0,,대릉원젤라떼;젤라또(2가지맛 딸기;녹차2단계),N,1,
f_f009257,2308240010,1,0,,약과아이스크림,N,1,
f_f009257,2308240011,1,0,,프레첼;아이스아메라노;아이스크림라떼,N,1,
f_f009257,2308240012,1,0,,쫀드기,N,1,
f_f009257,2308240008,2,0,,편집샾에서 머리삔;반지;가방.옷,N,5,
f_f009257,2308240007,3,0,,천마총 내부 역사유적지 관람,N,1,2
f_f009257,2308240006,4,0,,,,,
f_f009257,2308240010,5,1,,,,,
f_f009257,2308240006,6,1,,대릉원에서 사진촬영,N,5,
f_f009257,2308240003,7,0,,,,,
f_f009257,2308240004,7,0,,,,,
f_f009257,2308240013,7,0,,,,,
f_f009311,2308270002,1,0,,장어덮밥과 카이센동(특),N,1,
f_f009311,2308270004,1,0,,피치앤블랙티에이드;청포도모히또블랜디드,Y,1,
f_f009311,2308270009,1,0,,모듬회(2인분),Y,1,
f_f009311,2308280003,1,0,,이재모피자;베이컨파스타,Y,1,
f_f009311,2308280002,1,1,,에이드;바나나크림브륄레;크리마트초코,N,1,
f_f009311,2308270003,2,0,,케이크,Y,1,
f_f009311,2308270005,3,0,,스카이캡슐 탑승,Y,1,1
f_f009311,2308270008,3,0,,요트탑승 및 불꽃놀이,Y,1,1
f_f009311,2308280001,3,2,,전시관 관람,N,1,2
f_f009311,2308270006,4,1,,,,,
f_f009311,2308280004,4,1,,,,,
f_f009311,2308270006,5,0,,,,,
f_f009311,2308270010,5,0,,,,,
f_f009311,2308280002,5,0,,,,,
f_f009311,2308280006,5,0,,,,,
f_f009311,2308270007,5,1,,,,,
f_f009311,2308280005,6,0,,노래방,N,1,
f_f009462,2308260003,1,0,,시부야동,N,1,
f_f009462,2308260008,1,0,,반월당닭강정 순한맛,N,1,
f_f009462,2308260007,1,1,,커피,N,1,
f_f009462,2308260004,2,0,,미용,Y,1,
f_f009462,2308260006,2,0,,마뗑킴 등 디자이너브랜드 구경,Y,5,
f_f009462,2308260005,2,2,,푸딩케이크,N,1,
f_f009462,2308260006,3,2,,더현대 매주 토요일 스트리트댄스 공연,N,5,2
f_f009462,2308260007,5,0,,,,,
f_f009462,2308260006,5,3,,,,,
f_f009462,2308260005,6,1,,Sns 인증샷 업로드,N,5,
f_f009462,2308260002,7,0,,,,,
f_f009530,2308290008,1,0,,물밀면+숯불고기(보통);비빔밀면+숯불고기(보통),N,1,
f_f009530,2308290014,1,0,,황토우렁강된장쌈밥(제육),N,1,
f_f009530,2308290015,1,0,,밀크아이스크림(초코칩 추가),N,1,
f_f009530,2308290018,1,0,,캐년오크까베네소비뇽;포카리스웨트;토레타;매운새우깡,N,1,
f_f009530,2308300002,1,0,,낙지칼국수;감자전,N,1,
f_f009530,2308300006,1,0,,엑설런트커피;아이스아메리카노,Y,1,
f_f009530,2308300007,1,0,,버터갈릭 감자튀김;맥주 두 잔,N,1,
f_f009530,2308300008,1,0,,대릉묘찌,N,1,
f_f009530,2308290003,1,2,,초코스콘;크림빵,N,1,
f_f009530,2308290006,1,4,,아이스바닐라라떼;아이스아메리카노,N,1,
f_f009530,2308290007,3,0,,석굴암 입장 및 석굴암 가는 길 산책;유적지 관람,N,1,2
f_f009530,2308290009,3,0,,불국사 역사 유적지 입장 및 내부 관람,N,1,2
f_f009530,2308290016,3,0,,동궁과 월지 입장 및 유적지 관람;야경 봄,N,5,2
f_f009530,2308290017,3,0,,입장 및 첨성대 관람,N,5,2
f_f009530,2308300005,3,1,,대릉원 입장,N,5,2
f_f009530,2308290010,3,2,,경북천년숲정원 입장 및 자연(나무;꽃) 관람,N,5,2
f_f009530,2308290010,4,0,,,,,
f_f009530,2308290012,4,0,,,,,
f_f009530,2308300003,4,0,,,,,
f_f009530,2308300004,4,0,,,,,
f_f009530,2308300005,4,0,,,,,
f_f009530,2308290006,4,1,,,,,
f_f009530,2308290007,4,1,,,,,
f_f009530,2308290009,4,1,,,,,
f_f009530,2308290016,4,1,,,,,
f_f009530,2308290002,5,0,,,,,
f_f009530,2308290013,5,0,,,,,
f_f009530,2308290003,5,1,,,,,
f_f009530,2308290010,5,1,,,,,
f_f009530,2308290006,5,2,,,,,
f_f009530,2308290011,6,2,,짐 맡기기,N,5,
f_f009530,2308290005,7,0,,,,,
f_f009530,2308300009,7,0,,,,,
f_f009530,2308290004,7,1,,,,,
f_f009562,2308270002,1,0,,순대전골(소) 순대국,Y,1,
f_f009562,2308270003,1,3,,마시멜로우;슬러쉬,N,1,
f_f009562,2308270003,3,2,,로봇랜드 입장 후 놀이기구 탑승 및 로봇활동 체험,N,1,1
f_f009750,2308270002,1,0,,떡만두라면,N,2,
f_f009750,2308270005,1,0,,비빔밥 낙지덮밥 호두과자 감자,N,2,
f_f009750,2308270002,1,1,,커피,N,2,
f_f009750,2308270003,99,0,,,,,
f_f009756,2309090005,1,0,,로제매운크림짬뽕;환타 뚱캔,N,1,
f_f009756,2309090008,1,0,,아이스콜드브루;블루문에이드,N,1,
f_f009756,2309090006,1,1,,아이스카페라떼;감자치즈빵;생크림빵,N,1,
f_f009756,2309090007,2,0,,도서(시집) 3권,N,1,
f_f009756,2309090005,2,1,,보조배터리,N,1,
f_f009756,2309090005,2,2,,충전기;약과쿠키;생수,N,1,
f_f009756,2309090003,3,0,,2023 올해의 청년작가전(김소라;배혜진;송석우;안민;윤보경);2023 올해의 중견작가전(김강록;김기주;류현욱;이우석;이재갑),N,5,2
f_f009756,2309090002,4,0,,,,,
f_f009756,2309090009,4,0,,,,,
f_f009756,2309090006,5,0,,,,,
f_f009756,2309090008,5,1,,,,,
f_f009756,2309090009,5,1,,,,,
f_f009756,2309090002,7,1,,,,,
f_f009828,2308260003,1,0,,육회비빔밥;한우물회,N,1,
f_f009828,2308260004,1,0,,아메리카노;한라봉감귤쥬스,N,1,
f_f009828,2308260004,3,2,,카페 앞 바닷가에서 스노쿨링,N,5,1
f_f009828,2308260005,4,0,,,,,
f_f009828,2308260006,4,1,,,,,
f_f009828,2308260004,5,1,,,,,
f_f009968,2309020002,1,0,,짬뽕순두부;초당순두부;매밀전병,Y,1,
f_f009968,2309020005,1,0,,물회 두접시를 먹었습니다,N,1,
f_f009968,2309020006,1,0,,감바스. 술.와인,Y,1,
f_f009968,2309030004,1,0,,햄버거,N,1,
f_f009968,2309030005,1,0,,타코 브리또,Y,1,
f_f009968,2309030002,2,1,,빵,N,1,
f_f009968,2309020003,3,0,,강릉 금진해변에서 서핑체험을 했습니다,Y,1,1
f_f009968,2309030003,3,0,,서핑체험,Y,1,1
f_f009968,2309020004,5,0,,,,,
f_f009968,2309020007,5,0,,,,,
f_f009968,2309020004,7,1,,,,,
f_f010067,2308220003,1,0,,스마일튀볶이;돈가스플레이트;음료(청포도봉봉),N,1,
f_f010067,2308220004,1,0,,버터크림도넛;초콜렛올드패션;망고요거트스무디;딸기요거트스무디,N,1,
f_f010067,2308220007,1,0,,모짜렐라치즈;아이스티,N,1,
f_f010067,2308220008,1,0,,망고코코넛,N,1,
f_f010067,2308220005,2,0,,광안리 해수욕장 가는 길에 포토이즘 광안리점에 가서 네컷사진을 찍었습니다,N,5,
f_f010067,2308220006,3,1,,노래부르기,Y,1,1
f_f010067,2308220005,4,1,,,,,
f_f010067,2308220006,5,0,,,,,
f_f010067,2308220007,5,1,,,,,
f_f010067,2308220005,5,2,,,,,
f_f010067,2308220008,7,3,,,,,
f_f010099,2308240003,1,0,,핸드드립커피와 멜론우유케이크,N,1,
f_f010099,2308240006,1,0,,흑임자 크림라떼,N,1,
f_f010099,2308250001,1,0,,시그니처 돈까스;콜라,N,1,
f_f010099,2308250002,1,0,,핸드드립커피와 에스프레소,N,1,
f_f010099,2308240004,2,0,,디저트 4가지,N,1,
f_f010099,2308240005,2,0,,원두 2가지,N,1,
f_f010099,2308240007,2,0,,회;전복;해삼,N,1,
f_f010099,2308250004,2,0,,빵,N,1,
f_f010099,2308250002,2,1,,드립백7개입;에콰도르 원두,N,1,
f_f010099,2308250005,2,1,,어묵4가지,N,1,
f_f010099,2308250003,3,0,,케이블카 편도,N,1,2
f_f010099,2308240002,5,0,,,,,
f_f010099,2308250005,7,0,,,,,
f_f010302,2308240002,1,0,,런치 오마카세2;장어덮밥,Y,1,
f_f010302,2308240003,1,0,,아메리카노;초콜릿라떼;그린애플 요거트,N,1,
f_f010302,2308240005,1,0,,조개구이;해물라면,N,1,
f_f010302,2308240004,2,0,,나이키 양말;뮬라웨어 양말;아레나 수영복 하의,N,1,
f_f010302,2308240003,4,1,,,,,
f_f010302,2308240004,4,1,,,,,
f_f010302,2308240003,5,2,,,,,
f_f010302,2308240004,5,2,,,,,
f_f010337,2308260003,1,0,,이가네 떡볶이의 떡볶이;튀김;어묵,N,1,
f_f010337,2308260004,1,0,,삼각김밥,N,1,
f_f010337,2308260007,1,0,,음료 4가지;디저트 1가지,N,1,
f_f010337,2308260010,1,0,,피자 2조각(레포트 센터에서 받은 무료 쿠폰 사용);콜라 2캔,N,1,
f_f010337,2308260012,1,0,,육회비빔면;칼국수;해물파전 세트;콜라;충무김밥,N,1,
f_f010337,2308260013,1,0,,모듬생선회,N,4,
f_f010337,2308260014,1,0,,술;라면;아이스크림 구매,Y,2,
f_f010337,2308270001,1,0,,밀면 4개;왕만두 5개,Y,1,
f_f010337,2308270004,1,0,,스콘1;브라우니1;아이스아메리카노3;카페라떼1;바닐라라떼1,N,1,
f_f010337,2308270006,1,0,,돼지국밥3 내장국밥1 섞어국밥1,N,1,
f_f010337,2308270007,1,1,,아메리카노,N,1,
f_f010337,2308260003,1,2,,크레페;망고슬러시;철판 아이스크림,Y,1,
f_f010337,2308260003,1,3,,납작만두,Y,1,
f_f010337,2308270003,2,0,,호두 초코칩 쿠키 5개 약과 쿠키 2개,Y,1,
f_f010337,2308270005,2,0,,인형;영화 포스터;다양한 소품;도자기;스티커 등,N,5,
f_f010337,2308260015,2,1,,네 컷 사진 촬영,Y,1,
f_f010337,2308270002,2,1,,네 컷 사진,N,5,
f_f010337,2308270004,2,1,,물품보관소 대여,Y,1,
f_f010337,2308260003,2,5,,물품보관소 대여,N,1,
f_f010337,2308260009,3,0,,밴드웨건 디스코보트 탑승;작성자 본인을 제외한 4인이 활동함;작성자 본인은 근처 해변에서 해수욕을 즐김,Y,1,1
f_f010337,2308260006,4,0,,,,,
f_f010337,2308270002,4,0,,,,,
f_f010337,2308260003,4,1,,,,,
f_f010337,2308260008,5,0,,,,,
f_f010337,2308260011,5,0,,,,,
f_f010337,2308260002,5,1,,,,,
f_f010337,2308260005,7,0,,,,,
f_f010337,2308270007,7,0,,,,,
f_f010337,2308260004,7,1,,,,,
f_f010443,2308270003,1,0,,닥터페퍼피자;마르게리타 피자;불고기피자;쉬림프피자;하와이안피자;하이네켄 맥주,N,1,
f_f010443,2308270004,1,0,,아메리카노,N,1,
f_f010443,2308270005,3,0,,동궁과 월지에 입장권을 구매하여 입장하고 정해진 관광로에 따라 산책하며 동궁을 감상하고 사진을 찍었습니다,N,1,2
f_f010443,2308270004,5,2,,,,,
f_f010522,2308270004,1,0,,피자;리조또;파스타,N,1,
f_f010522,2308270006,1,0,,커피;빵;당근주스,N,1,
f_f010522,2308270003,3,0,,해양동물 견학;해양 생태계 설명,N,5,2
f_f010522,2308270005,3,0,,태종대를 방문하여 다누비 열차를 타고 전망대;영도등대 등을 구경하고 시원한 바닷바람을 느끼며 산책도 했다.,N,1,2
f_f010522,2308270002,4,0,,,,,
f_f010522,2308270005,4,1,,,,,
f_f010522,2308270006,4,1,,,,,
f_f010522,2308270002,6,1,,아들에게 영도대교의 역사적 의미를 설명,N,5,
f_f010522,2308270003,6,1,,해양동물 구경;동물 이름 아들에게 설명;해양동물 인형구매,N,1,
f_f010564,2308220003,1,0,,돈까스,N,1,
f_f010564,2308220002,1,3,,치즈라면;밥,N,1,
f_f010564,2308220002,2,1,,아쿠아슈즈;방수팩등,N,5,
f_f010564,2308220003,2,1,,탑텐 옷가게,N,5,
f_f010564,2308220002,3,0,,워터파크입장;놀이기구탑승,Y,5,1
f_f010564,2308220003,4,2,,,,,
f_f010564,2308220003,5,3,,,,,
f_f010564,2308220002,7,2,,,,,
f_f010564,2308220003,7,4,,,,,
f_f010656,2308260003,1,0,,해물오일파스타;토마토리조또;제로펩시,N,1,
f_f010656,2308260004,1,0,,파인애플 탕후루;귤 탕후루,N,1,
f_f010656,2308260006,1,0,,현무암 크로아상;약과쿠키;퀸아망;츄러스;아이스아메리카노2잔,N,1,
f_f010656,2308260002,3,1,,만휴정내 구경,Y,1,2
f_f010656,2308260008,3,2,,선유줄불놀이관람,N,5,2
f_f010656,2308260002,4,0,,,,,
f_f010656,2308260005,4,0,,,,,
f_f010656,2308260007,4,0,,,,,
f_f010656,2308260008,4,4,,,,,
f_f010656,2308260003,5,1,,,,,
f_f010656,2308260005,5,1,,,,,
f_f010656,2308260006,5,1,,,,,
f_f010778,2308250003,1,0,,복숭아듬뿍라떼;솔티드초코라떼;에그타르트;쪽파크림치즈소금빵,Y,1,
f_f010778,2308250005,1,0,,우유눈꽃빙수,Y,1,
f_f010778,2308250009,1,0,,흑임자인절미케이크;묵실기름병밀크티,N,1,
f_f010778,2308250006,2,0,,오디푸딩,N,1,
f_f010778,2308250004,4,0,,,,,
f_f010778,2308250008,4,0,,,,,
f_f010778,2308250010,4,0,,,,,
f_f010778,2308250006,4,1,,,,,
f_f010778,2308250007,4,1,,,,,
f_f010778,2308250009,5,1,,,,,
f_f010784,2308280002,1,0,,고기;라면;밥;과자;음료수;술;아이스크림,Y,2,
f_f010784,2308290001,1,0,,빵;음료,Y,1,
f_f010784,2308280004,2,0,,주유,N,1,
f_f010784,2308280003,2,1,,김밥;고기;라면;술;물;음료수;채소;과자,N,1,
f_f010784,2308280005,4,0,,,,,
f_f010784,2308290001,4,1,,,,,
f_f010784,2308280002,4,2,,,,,
f_f010784,2308280004,4,5,,,,,
f_f010784,2308280004,5,1,,,,,
f_f010784,2308290001,5,2,,,,,
f_f010784,2308280002,5,4,,,,,
f_f010784,2308280004,6,2,,수영,Y,5,
f_f010785,2308270002,1,0,,사케동;연어소바;미니 닭튀김,N,1,
f_f010785,2308270004,1,0,,수박착즙주스;플랫바닐라;플레인바스크케익,N,1,
f_f010785,2308270006,1,0,,돈코츠라멘 곱배기;돈코츠라멘;크레미 날치알 오니기리,N,1,
f_f010785,2308270002,1,3,,푸딩;메론소다;피치소다,N,1,
f_f010785,2308270002,2,1,,인테리어 소품,N,5,
f_f010785,2308270005,3,0,,김해시의 민속;토속 관련 문화재 관람,N,5,2
f_f010785,2308270007,3,0,,천체관측;가상 별자리 체험,N,5,1
f_f010785,2308270003,3,3,,수로왕릉 입장및 유적 관람,N,5,2
f_f010785,2308270003,4,1,,,,,
f_f010785,2308270002,4,2,,,,,
f_f010875,2308280007,1,0,,장칼국수,N,1,
f_f010875,2308280011,1,1,,이응라떼,N,1,
f_f010875,2308280006,2,0,,비치테라피엽서;녹색지도엽서,N,1,
f_f010875,2308280009,2,0,,파도수집노트;강다방이야기공장 우표;익명 펜팔 작성,N,1,
f_f010875,2308280004,2,1,,레진공예 아트,N,5,
f_f010875,2308280004,2,5,,비가 와서 이동 중 편의점에 들러 MLB 우산 구매,Y,1,
f_f010875,2308280008,4,0,,,,,
f_f010875,2308280010,4,0,,,,,
f_f010914,2309020003,1,0,,막국수;감자부침,N,1,
f_f010914,2309020004,1,0,,감자빵;서리태라떼;사과주스,N,1,
f_f010914,2309020007,1,0,,닭갈비;닭내장,N,1,
f_f010914,2309020008,1,0,,아메리카노,N,1,
f_f010914,2309020003,2,1,,아이스아메리카노,N,1,
f_f010914,2309020005,3,0,,토끼 먹이주기;양 먹이주기,N,1,2
f_f010914,2309020006,3,0,,카누체험,Y,1,1
f_f010914,2309020004,4,2,,,,,
f_f010914,2309020008,4,2,,,,,
f_f010914,2309020008,5,1,,,,,
f_f010978,2308250009,1,0,,아이스아메리카노;츄러스,N,1,
f_f010978,2308260002,1,0,,약과쿠키;아이스아메리카노,N,1,
f_f010978,2308260003,1,0,,중화비빔밥,N,1,
f_f010978,2308260004,1,0,,바닐라라떼 아이스,N,1,
f_f010978,2308260006,1,0,,비빔만두,N,1,
f_f010978,2308260005,1,1,,아이스아메리카노,N,1,
f_f010978,2308250006,1,2,,고기밥 세트(고기와 국이 세트로 나옴),N,1,
f_f010978,2308250007,2,0,,온도계키링,N,1,
f_f010978,2308250008,2,0,,아이쇼핑,N,5,
f_f010978,2308250011,3,0,,대관람차 탑승,N,1,1
f_f010978,2308260007,3,0,,대관람차 탑승,N,1,1
f_f010978,2308250014,3,1,,케이블카 왕복,N,1,2
f_f010978,2308250012,4,0,,,,,
f_f010978,2308250013,4,0,,,,,
f_f010978,2308250014,4,0,,,,,
f_f010978,2308250006,4,1,,,,,
f_f010978,2308250010,5,0,,,,,
f_f010978,2308250015,5,0,,,,,
f_f010978,2308260005,5,0,,,,,
f_f010978,2308250004,5,1,,,,,
f_f010978,2308260002,5,1,,,,,
f_f010978,2308260004,5,1,,,,,
f_f010978,2308250003,7,0,,,,,
f_f010978,2308260008,7,0,,,,,
f_f010978,2308260009,7,0,,,,,
f_f010978,2308250005,99,0,,,,,
f_f011070,2308280003,1,0,,수구레국밥,N,1,
f_f011070,2308280005,1,0,,1인 정식 꼬박비빔밥,N,1,
f_f011070,2308280002,1,1,,아이스아메리카노,N,1,
f_f011070,2308280007,1,2,,아이스아메리카노,N,1,
f_f011070,2308280002,2,0,,아이쇼핑 (옷구경;소품샵;책),N,5,
f_f011070,2308280004,2,0,,옷;인생네컷,N,5,
f_f011070,2308280006,3,2,,야경명소 관람,N,5,2
f_f011070,2308280006,4,0,,,,,
f_f011070,2308280007,4,0,,,,,
f_f011070,2308280004,5,1,,,,,
f_f011070,2308280006,5,1,,,,,
f_f011070,2308280007,5,1,,,,,
f_f011070,2308280002,5,2,,,,,
f_f011070,2308280009,7,0,,,,,
f_f011070,2308280008,7,1,,,,,
f_f011221,2308230006,1,0,,쌈밥,Y,1,
f_f011221,2308230007,1,0,,복숭아 아이스티,N,1,
f_f011221,2308230004,1,2,,쫀드기;슬러시;옥수수크림;십원빵;,N,1,
f_f011221,2308230004,2,1,,엽서,N,1,
f_f011221,2308230004,4,0,,,,,
f_f011221,2308230005,6,0,,주차,N,1,
f_f011221,2308230003,6,1,,주유,N,1,
f_f011268,2308300004,1,0,,사이다(캔);소고기비빔밥;냉매밀면,N,1,
f_f011268,2308300008,1,0,,순살바삭클을 먹었습니다.,Y,1,
f_f011268,2308310001,1,0,,시즈닝 파스타;프라운 라이스,Y,4,
f_f011268,2308310003,1,0,,카라멜 마끼아또;딸기 우유,N,1,
f_f011268,2308300004,1,4,,쿠키앤크림 빙수,N,1,
f_f011268,2308310001,1,4,,동심컵 2개(코튼 캔디+레인보우 샤베트/딸기크림+더블 초코),Y,4,
f_f011268,2308300007,2,0,,오코노미야끼;삼겹살 김밥;떡갈비;랍스타;막창;빈대떡 등 다양한 음식들이 즐비했으며 6시 반부터 야시장이 오픈한다고 합니다.,N,5,
f_f011268,2308310001,2,1,,그립톡,Y,5,
f_f011268,2308310002,3,0,,대릉원 일대에서 금관총을 보며 신라의 돌무지덧널무덤 형식을 눈으로 확인하고;경주 쪽샘유적발굴관으로 이동하여 최초로 발굴 현장을 민간에 공개한 장소에 가서 발굴의 노고를 간접체험하였습니다. 그 후 천마총에서 천마도를 비롯한 신라의 유구한 역사 유물 전시를 살펴보고 황남대총과 미추왕릉을 보고 왔습니다. 천마총은 1인당 3천 원의 관람료가 있으며 나머지는 모두 무료였습니다.,Y,1,1
f_f011268,2308310004,3,0,,첨성대를 관람했습니다.,N,5,2
f_f011268,2308300004,3,1,,경주월드에서 다음과 같은 놀이기구를 체험했습니다. 세계에서 6번째로 지어진 수직 강하 어트랙션인 드라켄을 비롯해 360도 회전 바이킹인 크라크;썸머린스플래쉬;발키리;파에톤;메가드롭;그랜드캐년 대탐험;급류타기를 체험했으며 모든 어트랙션에서 대기 시간은 10분 이내였습니다. 각 어트랙션의 안전성도 굉장히 높았으며;모든 어트랙션을 각각 여러 번 탈 수 있을 정도로 여유로웠습니다. 그외에도 경주월드가 아이들이 좋아할 디자인으로 꾸며져 있어 가족단위로 방문하기도 좋을 것 같습니다.,Y,5,1
f_f011268,2308310001,3,5,,황리단길 산책했습니다.,Y,5,1
f_f011268,2308300007,4,1,,,,,
f_f011268,2308310002,4,1,,,,,
f_f011268,2308310004,4,1,,,,,
f_f011268,2308310001,4,3,,,,,
f_f011268,2308300009,5,0,,,,,
f_f011268,2308300005,6,0,,핸드폰 유실물 찾았습니다,N,5,
f_f011268,2308300002,7,0,,,,,
f_f011268,2308300003,7,0,,,,,
f_f011268,2308310005,7,0,,,,,
f_f011268,2308300006,99,0,,,,,
f_f011303,2308260005,1,0,,문어물회;문어숙회;문어비빔밥,N,1,
f_f011303,2308260007,1,0,,얼라떼 3잔;레몬에이드;휘낭시에;마들렌,Y,1,
f_f011303,2308270001,1,0,,비빔막국수 기본 2;곱배기2,N,1,
f_f011303,2308270003,1,0,,아이스아메리카노 4잔,N,1,
f_f011303,2308270006,1,0,,항정껍데기 4인분;삼겹살 2인분;목살 2인분;초밥 3판;콜라2개,Y,1,
f_f011303,2308260018,1,2,,광어;오징어회;치킨,Y,4,
f_f011303,2308260009,2,0,,모둠회세트 및 오징어회,N,1,
f_f011303,2308260010,2,0,,두마리 치킨 세트,Y,1,
f_f011303,2308270002,2,0,,푸딩파르페;옥수수타르트;보니밤,N,1,
f_f011303,2308260003,2,1,,모둠회,N,1,
f_f011303,2308260004,3,0,,스노우쿨링 및 평상 대여,N,1,1
f_f011303,2308270004,3,0,,오죽헌 관람,N,1,2
f_f011303,2308260009,3,1,,동해 골목이 피서지,N,5,2
f_f011303,2308260006,4,0,,,,,
f_f011303,2308270005,4,0,,,,,
f_f011303,2308260009,4,2,,,,,
f_f011303,2308260002,5,0,,,,,
f_f011303,2308260008,5,1,,,,,
f_f011303,2308260018,5,1,,,,,
f_f011314,2308270004,1,6,,팔팔순대국 순대국밥;아바이 순대,N,1,
f_f011314,2308270003,4,0,,,,,
f_f011314,2308270004,4,2,,,,,
f_f011314,2308270005,5,0,,,,,
f_f011314,2308270003,5,1,,,,,
f_f011314,2308270004,5,3,,,,,
f_f011314,2308270003,6,2,,수영,N,1,
f_f011314,2308270003,6,4,,수영 물놀이,N,5,
f_f011314,2308270003,6,5,,모래 sns 용 사진찍기,N,5,
f_f011314,2308270003,6,6,,목욕,N,1,
f_f011314,2308270003,6,7,,포토이즘 사진찍기,N,1,
f_f011314,2308270004,6,7,,와우 코인노래방,N,1,
f_f011314,2308270004,6,8,,도토리 캐리커쳐,N,1,
f_f011314,2308270003,6,9,,이동 택시,N,5,
f_f011548,2308230004,1,0,,이희성즉석빵에서 고로케 3개 (치즈고로케;사라다빵;식빵고로케),N,1,
f_f011548,2308230005,1,0,,오란다 강정,N,1,
f_f011548,2308230008,1,0,,메리고라운드 (에이드),N,1,
f_f011548,2308230009,1,0,,물회,N,1,
f_f011548,2308230003,1,1,,칼제비 (칼국수와 수제비가 섞인 국물요리),N,1,
f_f011548,2308230006,3,0,,환호공원 산책 및 스페이스워크 체험,N,5,1
f_f011548,2308230007,3,0,,미술관 전시작품 관람,N,5,2
f_f011548,2308230005,4,1,,,,,
f_f011548,2308230003,4,3,,,,,
f_f011548,2308230004,4,3,,,,,
f_f011548,2308230008,5,1,,,,,
f_f011548,2308230007,5,2,,,,,
f_f011548,2308230003,5,4,,,,,
f_f011548,2308230010,99,0,,,,,
f_f011719,2308260005,1,0,,선지국;돼지국밥,N,1,
f_f011719,2308260002,1,2,,콩나물밥;송고버섯비빔밥,N,2,
f_f011719,2308260003,2,0,,참외를 구입하려 했으나 끝물인지 상태가 안좋아 구매 않함,N,5,
f_f011719,2308260002,4,0,,,,,
f_f011719,2308260007,4,0,,,,,
f_f011719,2308260008,4,0,,,,,
f_f011719,2308260003,4,1,,,,,
f_f011719,2308260006,4,1,,,,,
f_f011719,2308260004,4,2,,,,,
f_f011719,2308260005,4,2,,,,,
f_f011719,2308260006,5,0,,,,,
f_f011719,2308260002,5,1,,,,,
f_f011719,2308260004,5,1,,,,,
f_f011719,2308260005,5,1,,,,,
f_f011719,2308260007,5,1,,,,,
f_f011719,2308260008,5,1,,,,,
f_f011719,2308260003,5,2,,,,,
f_f011863,2308260003,1,0,,에그베네딕트;파니니,Y,1,
f_f011863,2308260005,1,0,,참치김밥,N,2,
f_f011863,2308260006,1,0,,대하구이,Y,4,
f_f011863,2308270001,1,0,,American breakfast(무료제공),N,4,
f_f011863,2308270003,1,0,,산채돌솥비빔밥;황태구이정식,Y,1,
f_f011863,2308270004,1,0,,청포도슬러시,Y,1,
f_f011863,2308260004,1,1,,음료수,N,1,
f_f011863,2308270002,3,0,,오대산 국립공원 탐방로 산책,N,1,2
f_f011863,2308260005,3,1,,케이블카,Y,1,2
f_f011863,2308260006,3,2,,독채수영장,Y,5,1
f_f011863,2308260004,4,0,,,,,
f_f011863,2308270002,4,1,,,,,
f_f011863,2308260005,4,2,,,,,
f_f011863,2308260003,5,1,,,,,
f_f011863,2308260006,5,1,,,,,
f_f011863,2308260007,6,0,,주유,N,1,
f_f011949,2309020002,1,0,,양념갈비3인분;비빔냉면;물냉면;된장찌개;밥,Y,1,
f_f011949,2309020004,1,0,,산양유요거트 (딸기;블루베리) 아이스크림 생크림빵,N,1,
f_f011949,2309030002,1,0,,돌솥밥정식3인분,N,1,
f_f011949,2309030003,1,0,,아이스아메리카노;호두과자,Y,1,
f_f011949,2309030005,1,0,,회전초밥,N,1,
f_f011949,2309020006,1,1,,치킨;컵라면;김밥;토스트;커피;주스,Y,1;2,
f_f011949,2309020005,3,0,,옛 유적지및 전시장 관람,N,5,2
f_f011949,2309030001,3,0,,재난시대비(풍수해;산불;지진;대테러 등)훈련,Y,1,2
f_f011949,2309020004,3,1,,산양먹이주기체험,N,1,1
f_f011949,2309020003,4,1,,,,,
f_f011949,2309020004,4,3,,,,,
f_f011949,2309020003,5,0,,,,,
f_f011949,2309020006,5,0,,,,,
f_f011949,2309030003,5,1,,,,,
f_f011949,2309020004,5,2,,,,,
f_f011949,2309030004,6,0,,주유,N,1,
f_f012113,2308250004,1,0,,닭강정,N,1,
f_f012113,2308260002,1,0,,라면;김밥,N,1,
f_f012113,2308260004,1,0,,쟁반짜장;오징어 짬뽕;반반 탕수육;맥주;사이다,Y,1,
f_f012113,2308260006,1,0,,커피;홍차;에이드,N,1,
f_f012113,2308260008,1,0,,감자전;옹심이칼국수,N,1,
f_f012113,2308260001,1,1,,음료수,N,1,
f_f012113,2308250003,1,2,,회;문어 숙회 (배달 음식),Y,2,
f_f012113,2308250003,1,3,,소주;맥주;얼음컵,N,2,
f_f012113,2308260005,1,3,,시멘트아이스크림;아이스아메리카노,N,1,
f_f012113,2308260003,2,0,,오란다,Y,1,
f_f012113,2308250004,2,1,,물,N,1,
f_f012113,2308260002,2,1,,수영모 대여,N,1,
f_f012113,2308260005,3,0,,무릉별유천지 입장 및 관람;알파인코스터 체험,Y,1,1
f_f012113,2308260002,3,2,,실외 수영장;실내 수영장;온천 입장,N,1,2
f_f012113,2308260007,4,0,,,,,
f_f012113,2308260005,4,2,,,,,
f_f012113,2308260001,4,3,,,,,
f_f012113,2308250003,5,0,,,,,
f_f012113,2308260006,5,1,,,,,
f_f012113,2308260001,5,2,,,,,
f_f012113,2308260002,5,3,,,,,
f_f012140,2308310005,1,0,,커피;빵,N,1,
f_f012140,2308310006,1,0,,해물순두부,N,1,
f_f012140,2308310002,2,1,,사탕,N,1,
f_f012140,2308310007,2,1,,음료,N,1,
f_f012140,2308310004,4,0,,,,,
f_f012140,2308310004,5,1,,,,,
f_f012140,2308310007,7,0,,,,,
f_f012140,2308310008,7,0,,,,,
f_f012204,2308250005,1,1,,아메리카노A;반시슈페너;뺑오쇼콜라;감자페스츄리,N,1,
f_f012204,2308250003,3,0,,와인터널 안에서 와인숙성되는것을 구경함,N,5,2
f_f012204,2308250004,5,0,,,,,
f_f012204,2308250005,5,0,,,,,
f_f012222,2308250004,1,0,,막국수,N,1,
f_f012222,2308250007,1,0,,편의점에서 라면;삼각김밥,N,1,
f_f012222,2308250006,3,0,,서핑 안전을 배우고 서핑을 탔다,Y,1,1
f_f012222,2308250008,5,1,,,,,
f_f012222,2308250002,5,3,,,,,
f_f012222,2308250005,6,0,,해수욕,Y,5,
f_f012222,2308250003,7,0,,,,,
f_f012222,2308250008,7,0,,,,,
f_f012222,2308250007,7,1,,,,,
f_f012222,2308250002,7,2,,,,,
f_f012225,2308260003,1,0,,완당면;새우완당면,N,1,
f_f012225,2308260005,1,0,,아이스초코;레몬아이스티,N,1,
f_f012225,2308260006,1,0,,돼지갈비후라이드 (소);콜라,N,1,
f_f012225,2308260008,1,0,,제로콜라;칠리콘까르네;빵;립아이피자M,N,1,
f_f012225,2308260009,1,0,,스낵바 이용;커피;주스 등,N,1,
f_f012225,2308260004,2,0,,옷;과자;음식 등,N,5,
f_f012225,2308260007,3,0,,스카이캡슐 탑승;대기실 내 피카소 미술 작품 구경,Y,5,1
f_f012225,2308260010,3,0,,드론쇼 구경;해안길 걷기,N,5,2
f_f012225,2308260004,4,1,,,,,
f_f012225,2308260010,4,1,,,,,
f_f012225,2308260005,5,2,,,,,
f_f012225,2308260009,5,2,,,,,
f_f012225,2308260002,7,0,,,,,
f_f012426,2309110004,1,0,,소금구이 닭갈비;비빔막국수;콜라,N,1,
f_f012426,2309110005,1,0,,아이스 감자라떼;감자빵,N,1,
f_f012426,2309110006,1,0,,아이스아메리카노;아이스캐모마일티;축구공빵,N,1,
f_f012426,2309110007,2,0,,주유,N,1,
f_f012426,2309110003,3,0,,소양강 스카이워크를 덧신을 신고 걸으며 소양강 감상,N,1,2
f_f012426,2309110007,3,1,,정원관람(꽃과 나무 감상),N,1,2
f_f012536,2308280002,1,0,,잔치국수,N,1,
f_f012536,2308280008,1,0,,미숫가루라떼,N,1,
f_f012536,2308280009,1,0,,함흥냉면,N,1,
f_f012536,2308280005,1,1,,젤라또(초코;복숭아;더덕),N,1,
f_f012536,2308280003,2,1,,소금빵;플레인휘낭시에2개,N,1,
f_f012536,2308280010,2,1,,대관람차샌드,N,1,
f_f012536,2308280003,2,2,,물;음료,N,1,
f_f012536,2308280003,4,0,,,,,
f_f012536,2308280004,4,0,,,,,
f_f012536,2308280005,4,0,,,,,
f_f012536,2308280006,4,0,,,,,
f_f012536,2308280007,4,0,,,,,
f_f012536,2308280010,4,0,,,,,
f_f012595,2308260002,1,0,,꼬치;닭강정,N,1,
f_f012595,2308260004,1,0,,돼지국밥,N,1,
f_f012595,2308260005,1,0,,커피;라떼;빵,N,1,
f_f012595,2308270001,1,0,,돼지국밥,N,1,
f_f012595,2308270002,1,0,,커피;빵,N,1,
f_f012595,2308260010,1,2,,회;소바;명란구이;술,Y,4,
f_f012595,2308260007,2,0,,아이쇼핑-소품샵,N,5,
f_f012595,2308260008,2,0,,아이쇼핑-소품샵,N,5,
f_f012595,2308260009,2,0,,컵,N,1,
f_f012595,2308270003,2,1,,아이쇼핑-책,N,5,
f_f012595,2308260003,2,3,,핸드폰케이스;사진전 포토북;포토카드,Y,1,
f_f012595,2308260003,3,4,,요시고 작가 사진전 관람,Y,1,2
f_f012595,2308270003,4,0,,,,,
f_f012595,2308260006,4,1,,,,,
f_f012595,2308260007,4,1,,,,,
f_f012595,2308260008,4,1,,,,,
f_f012595,2308260009,4,1,,,,,
f_f012595,2308260011,5,0,,,,,
f_f012624,2308310003,1,0,,칼국수;샤브샤브,N,1,
f_f012624,2308310006,1,0,,수박주스;참외샤베트,N,1,
f_f012624,2308310007,1,0,,막창;밥;된장찌개,N,1,
f_f012624,2309010002,1,0,,옥수수빵,N,1,
f_f012624,2309010004,1,0,,비빔군만두;탕수만두,N,1,
f_f012624,2309010005,1,2,,아메리카노;오이모히또,N,1,
f_f012624,2309010003,2,0,,슈프림 의류;오둥이 팝업스토어,N,5,
f_f012624,2308310004,3,0,,오리배,N,1,1
f_f012624,2308310005,4,0,,,,,
f_f012624,2309010005,4,0,,,,,
f_f012624,2309010005,5,1,,,,,
f_f012624,2308310002,6,1,,,Y,1,
f_f012639,2309070003,1,0,,수제햄버거;감자튀김,N,1,
f_f012639,2309070006,1,0,,초콜릿 맛;쌀 맛 젤라또,N,1,
f_f012639,2309070004,2,0,,엽서 두장,N,1,
f_f012639,2309070005,2,0,,향수;화초;식물,N,5,
f_f012639,2309070007,2,1,,엽서,N,1,
f_f012639,2309070008,2,2,,엽서굿즈,Y,1,
f_f012639,2309070008,3,1,,요시고 사진전 관람,Y,5,2
f_f012639,2309070009,4,0,,,,,
f_f012639,2309070003,5,1,,,,,
f_f012639,2309070006,5,1,,,,,
f_f012639,2309070009,5,1,,,,,
f_f012639,2309070008,5,3,,,,,
f_f012649,2309020005,1,0,,카페라떼 오미자라떼,N,1,
f_f012649,2309020006,1,0,,풍물시장에서 산 음식,N,4,
f_f012649,2309020007,1,0,,맥주 안주,N,1,
f_f012649,2309020008,1,0,,맥주 안주,N,1,
f_f012649,2309020009,1,0,,맥주 안주,N,1,
f_f012649,2309020003,2,0,,명동/중앙시장 아이쇼핑,N,5,
f_f012649,2309020004,2,0,,메밀장떡 메밀부추전 메밀빈대떡,Y,1,
f_f012649,2309020004,4,1,,,,,
f_f012649,2309020006,4,2,,,,,
f_f012649,2309020005,5,1,,,,,
f_f012649,2309020006,5,1,,,,,
f_f012755,2308260002,1,0,,특로스카츠 정식;경양식카츠,N,1,
f_f012755,2308260004,1,0,,플랫화이트;크림밀크티;순우유메론 케이크,N,1,
f_f012755,2308260006,1,0,,치킨 포테이토 세트,N,1,
f_f012755,2308260006,1,2,,제로콜라,N,1,
f_f012755,2308260003,2,2,,치즈덕 중형 인형,N,1,
f_f012755,2308260003,2,4,,20cm baby duck 인형;new 팡이 인형,N,1,
f_f012755,2308260003,3,3,,Arches waterfall 관람,N,5,2
f_f012755,2308260003,3,5,,그라운디 댄스 퍼포먼스,N,5,2
f_f012755,2308260003,3,6,,New wave of paper 관람,N,5,2
f_f012755,2308260004,5,1,,,,,
f_f012755,2308260005,6,0,,즉석사진 촬영,N,1,
f_f012755,2308260006,6,1,,보드게임카페 이용,N,1,
f_f012889,2309100007,1,0,,물밀면 만두,N,1,
f_f012889,2309100008,1,0,,커피,N,1,
f_f012889,2309100015,1,0,,커피 샌드위치 떡볶이,N,1,
f_f012889,2309100005,3,0,,경주 신라투어패스 사용하여 천마총 발굴 현장과 유물 관람,N,5,2
f_f012889,2309100009,3,0,,경주 신라패스 사용하여황룡사지 터와 건축 모형 관람,N,5,2
f_f012889,2309100010,3,0,,경주 신라투어패스 사용해서 동궁과월지 연못 관람,N,5,2
f_f012889,2309100011,3,0,,경주의 유물 국보 등을 관람,N,5,2
f_f012889,2309100005,3,4,,대릉원 내 미추왕릉 관람,Y,5,2
f_f012889,2309100006,4,0,,,,,
f_f012889,2309100012,4,0,,,,,
f_f012889,2309100013,4,0,,,,,
f_f012889,2309100014,4,0,,,,,
f_f012889,2309100016,4,1,,,,,
f_f012889,2309100004,7,0,,,,,
f_f012889,2309100017,7,0,,,,,
f_f012889,2309100018,7,0,,,,,
f_f012946,2309100004,1,0,,커피,N,1,
f_f012946,2309100005,1,0,,육회물회;육회비빔밥,N,1,
f_f012946,2309100008,1,0,,빙수,N,1,
f_f012946,2309100007,1,1,,십원빵,N,1,
f_f012946,2309100007,2,0,,편집샵,N,5,
f_f012946,2309100010,3,0,,박물관 유물 관람,N,5,2
f_f012946,2309100003,4,0,,,,,
f_f012946,2309100009,4,0,,,,,
f_f012946,2309100011,4,0,,,,,
f_f012946,2309100007,4,2,,,,,
f_f012946,2309100003,5,1,,,,,
f_f012946,2309100004,5,1,,,,,
f_f012946,2309100008,5,1,,,,,
f_f012946,2309100006,6,0,,사진촬영,N,1,
f_f012957,2308290002,1,0,,부채살스테이크덮밥;동파육카레덮밥,N,1,
f_f012957,2308290005,1,0,,디카페인 아메리카노;피스타치오 와플,N,1,
f_f012957,2308290003,3,0,,요시고 사진전 관람,Y,5,2
f_f012957,2308290004,3,0,,런닝맨 체험,Y,5,1
f_f012957,2308290005,5,1,,,,,
f_f012976,2309090003,1,0,,한우불고기,N,1,
f_f012976,2309090004,1,0,,아이스아메리카노;체리케이크,N,1,
f_f012976,2309090006,1,0,,오봉이해물칼국수,N,1,
f_f012976,2309100001,1,0,,아이스아메리카노,Y,1,
f_f012976,2309100002,1,0,,짬뽕순두부,N,1,
f_f012976,2309090007,1,1,,과자;라면;술,Y,2,
f_f012976,2309100004,2,1,,불짬뽕빵;크림짬뽕빵;고추잡채소보로,N,1,
f_f012976,2309090005,4,0,,,,,
f_f012976,2309100003,4,0,,,,,
f_f012976,2309090007,5,0,,,,,
f_f012976,2309090008,5,0,,,,,
f_f012976,2309090002,7,0,,,,,
f_f012976,2309100005,7,0,,,,,
f_f012987,2308300002,1,0,,바베큐(돼지목살;소세지;라면),Y,2,
f_f012987,2308300003,1,0,,떡볶이;오뎅;알감자;콜팝,N,1,
f_f012987,2308300004,1,0,,물회,N,1,
f_f012987,2308310002,1,0,,차돌짬뽕순두부;순두부백반;모두부,N,4,
f_f012987,2308310003,1,0,,아이스아메리카노,N,1,
f_f012987,2308310002,1,1,,두부젤라또,N,1,
f_f012987,2308310004,1,1,,잣호두과자,N,1,
f_f012987,2308310004,2,0,,강아지인형,N,1,
f_f012987,2308310003,2,1,,베니닭강정,N,1,
f_f012987,2308310003,2,2,,튀각,Y,1,
f_f012987,2308300004,4,2,,,,,
f_f012987,2308300002,5,1,,,,,
f_f012987,2308300003,5,1,,,,,
f_f012987,2308300002,6,2,,수영장 물놀이,Y,5,
f_f013057,2308260002,1,0,,의성마늘라면,N,1,
f_f013057,2308260003,2,0,,식료품,N,1,
f_f013057,2308260007,2,0,,홍게,N,1,
f_f013057,2308260005,4,0,,,,,
f_f013057,2308260006,4,0,,,,,
f_f013057,2308260008,5,0,,,,,
f_f013057,2308260008,6,3,,바베큐,Y,5,
f_f013057,2308260004,99,4,,,,,
f_f013167,2308260003,1,0,,아이스 아메리카노;오미자에이드;아몬드크림치즈 베이글,N,1,
f_f013167,2308260005,1,0,,모듬회,N,1,
f_f013167,2308270001,1,0,,매운완탕면;가지튀김;딤섬;쟈스민티,N,1,
f_f013167,2308270002,1,0,,에스프레소;레몬크림샷,N,1,
f_f013167,2308270005,1,0,,항정국밥;항정수육백반;콜라,N,1,
f_f013167,2308270003,1,1,,아이스크림;커피,N,1,
f_f013167,2308260004,2,0,,폴로셔츠;바지,N,1,
f_f013167,2308270004,3,0,,해변열차 탑승체험,Y,1,1
f_f013167,2308260002,4,8,,,,,
f_f013167,2308260006,5,0,,,,,
f_f013167,2308270003,5,0,,,,,
f_f013167,2308270002,6,1,,인플루언서 따라 여행하기,N,5,
f_f013167,2308270004,6,1,,SNS 인생샷 및 인플루언서 따라하기 여행,Y,5,
f_f013167,2308260002,6,7,,SNS 인생샷 촬영 및 드라마 촬영지 방문,N,1,
f_f013202,2308260002,1,0,,커피,N,1,
f_f013202,2308260005,1,0,,콘라떼(커피),N,1,
f_f013202,2308260006,1,0,,텐동,N,1,
f_f013202,2308260006,2,1,,신발,N,1,
f_f013202,2308260003,3,0,,조각품;조형물;각종 그림 관람 / 드라마 촬영지 구경,N,1,2
f_f013202,2308260004,3,0,,종이의 역사에 대한 내용 관람,N,5,2
f_f013202,2308260002,3,2,,출렁다리;울렁다리;소금잔도 구경,N,1,2
f_f013202,2308260002,4,1,,,,,
f_f013202,2308260003,4,1,,,,,
f_f013202,2308260004,4,1,,,,,
f_f013202,2308260005,4,1,,,,,
f_f013202,2308260006,4,2,,,,,
f_f013202,2308260005,5,2,,,,,
f_f013320,2308270006,1,0,,치즈어묵고로케,N,1,
f_f013320,2308270007,1,0,,꼬막김밥,N,1,
f_f013320,2308280002,1,0,,흑임자라떼,Y,1,
f_f013320,2308280003,1,0,,짬뽕순두부,Y,1,
f_f013320,2308280004,1,0,,아이스아메리카노,N,1,
f_f013320,2308270002,1,3,,초당순두부,Y,4,
f_f013320,2308270006,1,3,,오징어순대,N,1,
f_f013320,2308270005,2,0,,마늘바게트,N,1,
f_f013320,2308270003,2,1,,커피,N,1,
f_f013320,2308270003,2,2,,호두과자,N,1,
f_f013320,2308270008,4,0,,,,,
f_f013320,2308270010,4,0,,,,,
f_f013320,2308280006,4,0,,,,,
f_f013320,2308280004,4,1,,,,,
f_f013320,2308270002,5,0,,,,,
f_f013320,2308270009,5,0,,,,,
f_f013320,2308280005,5,0,,,,,
f_f013320,2308270003,7,0,,,,,
f_f013320,2308270004,7,0,,,,,
f_f013320,2308280007,7,0,,,,,
f_f013320,2308280008,7,0,,,,,
f_f013422,2309090003,1,0,,물회;수육;전;소면;미역국;공기밥,N,1,
f_f013422,2309090004,1,0,,고래에이드;아메리카노,N,1,
f_f013422,2309090006,1,0,,조개모듬구이;새우버터구이;해물라면;새로;콜라;가리비구이,N,1,
f_f013422,2309100001,1,0,,한우물회;육회비빔밥;콘샐러드;김치;공기밥;사이다,N,1,
f_f013422,2309100003,1,0,,시크릿강원푸라푸치노;오렌지판타지유스베리티,N,1,
f_f013422,2309100007,1,0,,꼬막비빔밥;육회무침,N,1,
f_f013422,2309100006,1,1,,체리콕;플레인요거트스무디,N,1,
f_f013422,2309100004,2,0,,자석;책갈피,N,1,
f_f013422,2309090007,4,0,,,,,
f_f013422,2309100002,4,0,,,,,
f_f013422,2309100005,4,0,,,,,
f_f013422,2309090005,5,0,,,,,
f_f013422,2309090008,5,0,,,,,
f_f013422,2309100006,5,0,,,,,
f_f013422,2309090003,5,1,,,,,
f_f013422,2309090002,7,0,,,,,
f_f013422,2309100009,7,0,,,,,
f_f013460,2308310002,1,0,,새우튀김우동;도넛;커피,N,1,
f_f013460,2308310003,1,0,,떡볶이;순대;튀김;핫도그;와플;오뎅,N,4,
f_f013460,2308310004,1,0,,평창송어회;매운탕;소주,N,1,
f_f013460,2308310003,3,1,,물놀이,Y,5,2
f_f013460,2308310002,5,1,,,,,
f_f013460,2308310003,5,2,,,,,
f_f013460,2308310002,7,2,,,,,
f_f013493,2309020002,1,0,,가평잣소고기국밥,N,1,
f_f013493,2309020004,1,0,,비빔막국수,N,1,
f_f013493,2309020003,2,1,,입장권,N,1,
f_f013942,2308300004,1,0,,자몽허니블랙티,N,1,
f_f013942,2308300005,1,0,,모둠회(대);새우고금구이;뼈매운탕;소주두병,N,1,
f_f013942,2308310001,1,0,,헤이데이 브런치,N,1,
f_f013942,2308310002,1,0,,흑당카페라떼,N,1,
f_f013942,2308310003,1,0,,밀크티초코갸또,N,1,
f_f013942,2308310004,1,0,,어묵우동,N,1,
f_f013942,2308300007,2,1,,오레오 과자,N,1,
f_f013942,2308310002,2,1,,펭수키링;칼하트 의류;디스이즈네버댓 의류;나이키 신발;아디다스 바지,N,1,
f_f013942,2308300003,4,0,,,,,
f_f013942,2308300007,4,0,,,,,
f_f013942,2308300009,4,1,,,,,
f_f013942,2308300006,5,0,,,,,
f_f013942,2308300010,5,0,,,,,
f_f013942,2308310004,5,1,,,,,
f_f013942,2308300009,5,2,,,,,
f_f013942,2308310006,7,0,,,,,
f_f013942,2308300002,7,1,,,,,
f_f014045,2309050006,1,0,,아바이순대,N,1,
f_f014045,2309050008,1,0,,강원도막걸리빵,Y,1,
f_f014045,2309050009,1,0,,오징어회;오징어통찜,N,1,
f_f014045,2309050010,2,0,,대게;킹크랩,N,5,
f_f014045,2309050012,2,0,,만석닭강정 보통맛(순살),N,1,
f_f014045,2309050002,2,1,,속초행 고속버스표,N,1,
f_f014045,2309050008,2,1,,해산물;새우튀김;속초샌드;주전부리,N,5,
f_f014045,2309050010,2,2,,휴대폰 베터리충전,N,5,
f_f014045,2309050013,2,2,,서울행 고속버스,N,1,
f_f014045,2309050007,3,0,,갯배를 타고 강을 건너는 체험,Y,1,1
f_f014045,2309050011,3,2,,둘레길 및 전망,N,5,1
f_f014045,2309050004,4,0,,,,,
f_f014045,2309050005,4,0,,,,,
f_f014045,2309050011,4,1,,,,,
f_f014045,2309050011,5,0,,,,,
f_f014045,2309050004,5,1,,,,,
f_f014045,2309050009,5,1,,,,,
f_f014045,2309050010,5,1,,,,,
f_f014045,2309050013,5,1,,,,,
f_f014045,2309050002,7,0,,,,,
f_f014045,2309050003,7,0,,,,,
f_f014045,2309050013,7,0,,,,,
f_f014045,2309050014,7,1,,,,,
f_f014097,2309090003,1,0,,멸치쌈밥 정식 2인,N,1,
f_f014097,2309090005,1,0,,카페라떼;유자에이드,N,1,
f_f014097,2309100002,1,0,,프렌치 렉 스테이크;남해 시금치 크림 파스타,N,1,
f_f014097,2309100003,1,0,,이파리빵;아이스아메리카노;아이스라떼;토판염 브라우니,N,1,
f_f014097,2309100007,1,0,,쌀빵;아이스아메리카노;유자스무디,Y,1,
f_f014097,2309090004,2,0,,과일 아이쇼핑 하였습니다,N,5,
f_f014097,2309090006,2,0,,책 아이쇼핑 하였습니다,Y,5,
f_f014097,2309090007,2,0,,맥주;올리브과자;수제 소세지;독일 전통빵,N,1,
f_f014097,2309100004,2,0,,옷;잡화 아이쇼핑하였습니다,N,5,
f_f014097,2309090008,4,0,,,,,
f_f014097,2309100005,4,0,,,,,
f_f014097,2309100006,4,0,,,,,
f_f014097,2309090002,5,0,,,,,
f_f014097,2309090005,5,1,,,,,
f_f014104,2309020008,1,0,,어묵;소고기;목살과자;라면;밥,Y,4,
f_f014104,2309030002,1,0,,카페라떼;청포도스무디;소시지크로아상,N,1,
f_f014104,2309020002,2,1,,목살;소주;과자;야채,N,5,
f_f014104,2309020004,3,0,,산악인 엄홍길의 아시아최초 히말라야 14좌 등반 활동,N,5,1
f_f014104,2309020006,3,0,,소라게잡기;새우잡기;조개캐기,N,5,1
f_f014104,2309020007,3,0,,불꽃놀이 체험,Y,5,1
f_f014104,2309020003,3,1,,수영,N,5,1
f_f014104,2309030001,4,0,,,,,
f_f014104,2309020003,5,0,,,,,
f_f014104,2309020005,5,0,,,,,
f_f014104,2309020007,5,1,,,,,
f_f014104,2309020008,5,1,,,,,
f_f014131,2309020003,1,0,,감자전;도토리묵;더덕구이 정식,N,1,
f_f014131,2309020007,1,0,,삽겹살;오겹살;맥주;누룽지,Y,2,
f_f014131,2309030003,1,0,,비빔냉면;회냉면;만두,N,1,
f_f014131,2309020002,2,0,,손수건,N,1,
f_f014131,2309020005,2,0,,삼겹살;오겹살;맥수;생수;쌈장;상추;깻잎;환타;소세지;진미오징어채,N,1,
f_f014131,2309030002,2,3,,그릇,N,5,
f_f014131,2309020004,4,0,,,,,
f_f014131,2309030001,4,0,,,,,
f_f014131,2309020002,4,1,,,,,
f_f014131,2309020007,4,2,,,,,
f_f014131,2309030002,4,2,,,,,
f_f014131,2309020004,5,1,,,,,
f_f014131,2309020007,5,1,,,,,
f_f014131,2309030001,5,1,,,,,
f_f014131,2309030002,6,1,,화장실사용,N,5,
f_f014134,2308290007,1,1,,십원빵,N,1,
f_f014134,2308290004,1,2,,살코기국밥,N,1,
f_f014134,2308290006,2,0,,바다샌드 오리지널,N,1,
f_f014134,2308290008,2,0,,레몬에이드,N,1,
f_f014134,2308290005,3,0,,무료느린우체통으로 친구와 서로에게 편지를 썼다,N,5,1
f_f014134,2308290007,3,0,,사주를 봤다,N,1,1
f_f014134,2308290003,4,0,,,,,
f_f014134,2308290007,4,2,,,,,
f_f014134,2308290002,99,0,,,,,
f_f014140,2309010003,1,0,,순대떡볶이;김밥,N,1,
f_f014140,2309020001,1,0,,이재모크러스트,N,1,
f_f014140,2309020004,1,0,,해운대커피;딸기크리미,N,1,
f_f014140,2309020010,1,0,,고등어구이,Y,1,
f_f014140,2309020010,1,2,,동덮밥,N,1,
f_f014140,2309010004,2,0,,화장품,N,1,
f_f014140,2309020002,2,0,,의류,N,1,
f_f014140,2309020003,2,0,,이불,N,1,
f_f014140,2309020007,2,0,,의류아이쇼핑,N,5,
f_f014140,2309020008,2,0,,아이쇼핑,N,5,
f_f014140,2309020009,2,0,,의류,N,1,
f_f014140,2309020010,2,1,,의류아이쇼핑,N,5,
f_f014140,2309010002,4,0,,,,,
f_f014140,2309010006,5,1,,,,,
f_f014140,2309020005,7,0,,,,,
f_f014140,2309020006,7,0,,,,,
f_f014163,2308300010,1,0,,해물칼국수,N,1,
f_f014163,2308300011,1,0,,피스타치오 젤라또,N,1,
f_f014163,2308310003,1,0,,아이스코코넛크림라떼,Y,1,
f_f014163,2308310004,1,0,,어묵김밥,N,1,
f_f014163,2308300002,1,1,,스낵랩,N,1,
f_f014163,2308300009,2,0,,사진 촬영,N,1,
f_f014163,2308310001,2,0,,커피콩빵 10구,N,1,
f_f014163,2308300005,4,0,,,,,
f_f014163,2308300006,4,0,,,,,
f_f014163,2308300008,4,0,,,,,
f_f014163,2308310002,4,0,,,,,
f_f014163,2308300004,5,0,,,,,
f_f014163,2308300007,5,0,,,,,
f_f014163,2308300005,6,1,,플로깅 (쓰레기 주우며 걷기),N,5,
f_f014163,2308300002,7,0,,,,,
f_f014163,2308300003,7,0,,,,,
f_f014163,2308310004,7,1,,,,,
f_f014170,2308290003,1,0,,순두부아이스크림;누룽지아이스크림;복숭아아이스티,N,1,
f_f014170,2308290004,1,0,,원조짬순;초두부백반,N,1,
f_f014170,2308300002,1,2,,컵라면;젤리;바나나우유,N,1,
f_f014170,2308290005,4,0,,,,,
f_f014170,2308290006,5,0,,,,,
f_f014170,2308290002,7,0,,,,,
f_f014175,2308290005,1,0,,초당순두부 1인분;얼큰순두부 2인분;메밀꽃동동주 1개,N,1,
f_f014175,2308290011,1,0,,흑돼지 삼겹살 3인분(900g);병맥주 1병;공기밥 3그릇,N,1,
f_f014175,2308290009,1,1,,카라멜마끼야또 ice;아메리카노 ice;미숫가루;티라미수,N,1,
f_f014175,2308290012,2,0,,닭강정 보통맛(순살),N,1,
f_f014175,2308290014,2,0,,매운새우깡90g;별빛청하스파클 3병;필라이트후래쉬 3캔;참이슬F360ML,N,1,
f_f014175,2308290006,3,0,,속초아이 탑승;속초 자연경관(동해바다 및 설악) 감상,N,1,1
f_f014175,2308290007,4,0,,,,,
f_f014175,2308290008,4,0,,,,,
f_f014175,2308290009,4,3,,,,,
f_f014175,2308290010,5,0,,,,,
f_f014175,2308290015,5,0,,,,,
f_f014175,2308290009,5,2,,,,,
f_f014175,2308290013,6,2,,당구(4구),N,1,
f_f014175,2308290002,7,0,,,,,
f_f014175,2308290003,7,0,,,,,
f_f014175,2308290004,7,0,,,,,
f_f014452,2309080002,1,0,,닭갈비;감자전;어린이메뉴;우동사리,N,1,
f_f014452,2309080003,1,5,,아이스아메리카노;삼천동라떼,Y,2,
f_f014452,2309080003,1,8,,돈까스;흰밥;닭강정;조미김,Y,1,
f_f014452,2309080003,1,9,,아이스아메리카노;망고바;쿠우오렌지,Y,1,
f_f014452,2309080003,2,6,,레고;레고마커스펜,Y,1,
f_f014452,2309080003,3,2,,어트랙션 체험;레고시티;미니랜드;레고캐슬 등 레고랜드 전부 관람,Y,1,1
f_f014452,2309080003,4,7,,,Y,,
f_f014901,2309010004,1,0,,갈비솥밥 1개;연어솥밥 1개,N,1,
f_f014901,2309010005,1,0,,디카페인 라떼 2잔;찰떡 소보로빵,Y,1,
f_f014901,2309010003,2,0,,라코스테 운동화 두 켤레,N,1,
f_f014901,2309010006,2,0,,냄비뚜껑 정리대 1개;걸이식 진열대 1개;의자패드 2개,Y,1,
f_f014901,2309010003,2,1,,아디다스 바람막이 두 개,N,1,
f_f014901,2309010005,5,1,,,,,
f_f014972,2309030003,1,0,,간장게장,Y,1,
f_f014972,2309030004,1,0,,아이스아메리카노,Y,1,
f_f014972,2309030008,1,0,,닭구이,N,1,
f_f014972,2309030007,2,0,,의류 가디건,N,5,
f_f014972,2309030006,4,0,,,,,
f_f014972,2309030005,4,1,,,,,
f_f015247,2309090003,1,0,,막국수;꿩만둣국;수육,N,1,
f_f015247,2309090004,1,0,,아이스 아메리카노;카라멜 라떼 핫,N,1,
f_f015247,2309090002,2,2,,물;여행용휴지;에너지바;마이쮸;새콤달콤,N,1,
f_f015247,2309090002,4,1,,,,,
f_f015250,2309010002,1,0,,경양식 대왕 돈까스;삼진어묵 꼬치 우동;점보 소시지 골든 커리 덮밥;공기밥,N,1,
f_f015250,2309010003,2,0,,건담베이스에서 아이를 위해 건담을 구매하고;스와로브스키에서 귀고리를 구매하고자하였으나 구매하지 못했습니다.,N,1,
f_f015250,2309010002,3,1,,워터파크 내 파도풀;슬라이드;체온유지탕;몰놀이터 등 다양한 시설을 이용,Y,1,1
f_f015285,2309020002,1,0,,닭갈비 2인분;막국수;치즈 볶음밥,N,1,
f_f015285,2309020005,1,0,,축구공빵;잠봉 샌드위치;딸기애플 에이드;콘필드 아이스커피,N,1,
f_f015285,2309020007,1,0,,땡촌 무뼈닭발;땡촌 날개;계란찜,N,1,
f_f015285,2309020003,2,0,,찜통,N,1,
f_f015285,2309020004,2,0,,기념품 얼크레이 꿀카라멜,N,1,
f_f015285,2309020004,3,1,,산과 정원을 걸으며 식물원 관람,Y,1,2
f_f015285,2309020006,3,1,,다리를 건너며 소양강과 스카이 워크 다리를 구경함,N,1,2
f_f015319,2309090002,1,0,,칼국수2개;고기만두;부추전,N,1,
f_f015319,2309090005,1,0,,오렌지 생과일주스;아메리카노;헤이즐넛 초코 케이크;어니언 베이글,N,1,
f_f015319,2309090006,2,3,,케이크,N,1,
f_f015319,2309090003,3,0,,금장대 습지공원 입장,N,5,2
f_f015319,2309090004,3,0,,월정교 문화재 관람,N,5,2
f_f015319,2309090006,3,0,,전동스쿠터,N,1,1
f_f015319,2309090006,3,4,,경주 대릉원 관람,N,5,2
f_f015319,2309090003,4,1,,,,,
f_f015319,2309090004,4,1,,,,,
f_f015319,2309090006,4,2,,,,,
f_f015367,2309080002,1,0,,언니네김밥 꼬마김밥,N,2,
f_f015367,2309080003,1,0,,우유크림카스테라;아이스아메리카노,N,1,
f_f015367,2309080007,1,2,,랍스터비스크파스타;닭고기와치즈감자;뇨끼;맥주;음료,Y,1,
f_f015367,2309080004,2,0,,오할리데이 소품샵에서 머그컵;악세사리;키링 등 아이쇼핑,N,5,
f_f015367,2309080002,2,1,,피카츄 풍선,N,1,
f_f015367,2309080007,2,1,,출발 전 경주 십원빵 구매,N,1,
f_f015367,2309080004,2,2,,어서어서 서점에서 '지구에서 한아뿐' 책 구입,N,1,
f_f015367,2309080002,2,4,,놀이기구 탑승 시 필요한 우비,N,1,
f_f015367,2309080005,3,0,,대릉원 입장하여 천마총;황남대총 등 구경,N,5,2
f_f015367,2309080002,3,2,,놀이기구 탑승;산책;구경,Y,5,1
f_f015367,2309080004,4,1,,,,,
f_f015367,2309080005,4,1,,,,,
f_f015367,2309080006,4,2,,,,,
f_f015367,2309080002,4,3,,,,,
f_f015367,2309080003,5,1,,,,,
f_f015367,2309080006,5,3,,,,,
f_f015409,2309030002,1,0,,오징어물회,N,1,
f_f015409,2309030003,1,0,,전복물회 .성게알밥,N,1,
f_f015409,2309030010,1,0,,오징어순대,N,1,
f_f015409,2309030005,2,0,,마늘바게트.소금빵.꿀호두바게트.찹쌀도넛,Y,1,
f_f015409,2309030007,2,0,,에그타르트,N,1,
f_f015409,2309030011,2,0,,잣엿,N,1,
f_f015409,2309030006,2,4,,만석닭강정 보통맛,N,1,
f_f015409,2309030004,4,0,,,,,
f_f015409,2309030009,4,0,,,,,
f_f015409,2309030008,4,1,,,,,
f_f015409,2309030011,4,1,,,,,
f_f015409,2309030008,5,0,,,,,
f_f015409,2309030009,5,1,,,,,
f_f015410,2309230002,1,0,,더덕구이정식 2인분 / 도토리묵,Y,1,
f_f015410,2309230003,1,0,,아메리카노 / 오미자차,N,1,
f_f015410,2309230005,3,1,,통도사에서 오후6시에 저녁예불 드리는것을 감상하였습니다,N,5,2
f_f015410,2309230005,4,0,,,,,
f_f015410,2309230004,4,1,,,,,
f_f015410,2309230004,5,2,,,,,
f_f015410,2309230005,5,2,,,,,
f_f015448,2309100001,1,0,,숲밥(비빔밥),Y,4,
f_f015448,2309100004,1,0,,무침회;국수;곱창볶음.주류.음료,N,1,
f_f015448,2309100001,3,3,,숲해설가의 해설 체험,Y,5,1
f_f015448,2309100001,4,1,,,,,
f_f015448,2309100004,4,2,,,,,
f_f015448,2309100001,5,2,,,,,
f_f015448,2309100004,5,3,,,,,
f_f015477,2309020005,1,0,,예멘 모카 마타리;신선한 생유 아이스크림 초코를 먹었는데 가격에 비해 뛰어나진 않았습니다. 예몬 모카 마타리는 쓰지 않은 아메리카노 느낌이었습니다. 맛은 괜찮읐지만 가격에 비하면 그냥 그랬네요,N,1,
f_f015477,2309020006,1,0,,새우 투움바 함박과 카레우동을 먹었습니다. 둘 다 살짝 매콤함이 있었고 크림베이스 소스라 많이 먹고는 살짝 느끼함이 있었습니다. 카레우동은 예상한 느낌의 맛이지만 투움바 함박은 처음 먹어 보는 맛이었고 둘 다 맛있게 먹어 만족했습니다.,Y,1,
f_f015477,2309020003,3,0,,건축물 사진이 마치 무덤처럼 생겼는데 건축가 안도 타다오가 직접 설계를 한 것이고 명상을 하는 곳입니다. 프로그램은 2가지. 소리를 들으며 하는 명상과 스트레칭을 하며 듣는 명상이 있었는데 저희는 소리를 듣는 명상을 하였습니다. 돔 같이 생긴 건축물 안에서 하는 명상 체험이 색다르긴 했지만 가격을 생각했을 때는 아쉬운 느낌이었습니다.,N,1,1
f_f015477,2309020004,3,0,,뮤지엄산이라는 하나의 시설 안에 여러가지 즐길거리가 있었는데요. 우선 저희는 종이박물관에 갔습니다. 뮤지엄산 종이박물관은 종이의 역사를 즐길 수 있는 관입니다. 우리나라에 들어온 여러 종이들과 종이를 사용한 옛날 놀이 등 여러 종류의 종이 문화재들을 관람 할 수 있었습니다. 이 후 미술관으로 옮기던 도중 로봇 예술품이 있는 백남준관에서 잠시 구경을 하였고 저희가 보러 온 안도 타다오의 여러 건축물 모형들을 관람했습니다. 뮤지엄산의 입구에 큰 푸른 사과 모형이 있어 신기하게 봤고 무엇인가 궁금했는데 미술관 안에서 이를 ‘청춘의 사과’라고 하여 안도 타다오가 만든 청춘을 상징하는 건축물인 것을 알 수 있었습니다 또 다른 사진은은 안도 타다오의 대표 건축물 중 하나인 코묘지 절의 모형과 직접 그린 설계도입니다.,Y,1,2
f_f015477,2309020004,4,1,,,,,
f_f015477,2309020005,5,1,,,,,
f_f015477,2309020004,6,2,,종이박물관에 빛으로 쏘는 글씨를 종이로 받아 옮기는 체험과 위에 사진에 올린 스탬프를 찍는 체험을 할 수 있었습니다 지나가면서 가볍게 할 수 있는 체험입니다,Y,5,
f_f015529,2309170004,1,0,,마르게리따;알리오감베라;소고기필라프;사이다,N,1,
f_f015529,2309170005,3,0,,박물관 관람. 부부총;가야 유물 등 전시 중,N,5,2
f_f015529,2309170003,3,1,,통도사 관람,N,5,2
f_f015529,2309170003,4,0,,,,,
f_f015529,2309170006,4,0,,,,,
f_f015600,2309140004,1,0,,하와이안샐러드버거;베이컨치즈버거,N,1,
f_f015600,2309140005,4,0,,,,,
f_f015600,2309140003,4,1,,,,,
f_f015600,2309140006,4,3,,,,,
f_f015600,2309140006,5,4,,,,,
f_f015610,2309090004,1,0,,들깨칼국수 정식,N,1,
f_f015610,2309090005,1,0,,반반(오미자+사과)아이스크림;오미베리 슬러시,N,1,
f_f015610,2309090011,1,0,,여름라떼;명주라떼,N,1,
f_f015610,2309090013,1,0,,똥집(대;후라이드+양념),N,1;2,
f_f015610,2309090003,1,1,,커피(블랙글레이즈드라떼;바닐라크림콜드브루),Y,2,
f_f015610,2309090009,2,0,,(만복유통)오미자탁배기750ml;(이로하) 오미자차 120ml,N,1,
f_f015610,2309090012,2,1,,물;김치;껌,N,1,
f_f015610,2309090008,3,0,,드라마 촬영지 입장;관람,N,1,2
f_f015610,2309090006,3,1,,박물관 전시 관람,N,5,2
f_f015610,2309090007,3,1,,미로공원 입장,N,1,2
f_f015610,2309090008,3,2,,문경새재 생생둘레(물레 및 도자기 빚기 체험);문경새재 찻사발 배움터(국가무형문화재 사기장 가문 영남요에서 만든 찻사발에 나만의 그림 그리기),N,1,1
f_f015610,2309090008,3,3,,전동차 타고 원래위치로 복귀,N,1,2
f_f015610,2309090006,4,0,,,,,
f_f015610,2309090007,4,0,,,,,
f_f015610,2309090010,4,0,,,,,
f_f015610,2309090005,5,1,,,,,
f_f015610,2309090003,7,0,,,,,
f_f015615,2309150002,1,0,,매직핫도그,N,1,
f_f015615,2309150003,1,0,,해물짬뽕순두부전골,N,1,
f_f015615,2309150004,1,0,,옹심이감자빵;아이스아메리카노,Y,1,
f_f015615,2309150002,1,1,,아이스아메리카노,N,1,
f_f015615,2309150003,1,1,,순두부젤라또,N,1,
f_f015615,2309150007,2,1,,커피잼;강릉옥수수빵;안경닦이천,N,1,
f_f015615,2309150007,2,4,,강릉옥수수빵,N,1,
f_f015615,2309150007,2,5,,안경닦이천,N,1,
f_f015615,2309150006,3,0,,전시 관람,N,1,2
f_f015615,2309150005,3,1,,허균;허난설헌 기념관 관람,N,5,2
f_f015615,2309150005,4,0,,,,,
f_f015615,2309150007,4,2,,,,,
f_f015615,2309150007,5,3,,,,,
f_f015703,2309230002,1,0,,쌀국수.분딧사오(분짜),N,1,
f_f015703,2309230004,1,0,,맘모스빵.스콘.백향과주스.카푸치노,N,1,
f_f015703,2309230008,1,0,,동파육덮밥.연어새우장덮밥,N,1,
f_f015703,2309230005,4,0,,,,,
f_f015703,2309230006,4,0,,,,,
f_f015703,2309230004,4,1,,,,,
f_f015703,2309230003,4,2,,,,,
f_f015703,2309230007,4,2,,,,,
f_f015703,2309230003,5,0,,,,,
f_f015703,2309230007,5,0,,,,,
f_f015703,2309230004,5,2,,,,,
f_f015703,2309230006,7,1,,,,,
f_f015703,2309230007,7,1,,,,,
f_f015714,2309170003,1,0,,강원나물밥 (참취;곰취;곤드레;어수리로 정성스럽게 지은밥;어수리고추장;청국장찌개;한우불고기;수제떡갈비;전;기본12찬),N,1,
f_f015714,2309170006,1,0,,수피다라떼;자몽에이드;치즈번,N,1,
f_f015714,2309170007,1,0,,상하이버거 세트;베이컨토마토디럭스버거;콜라,N,1,
f_f015714,2309170007,2,1,,블루베리 맥주;노브렌드 짜장라면;노브랜드 주방세제;노브렌드 라면한그릇,N,1,
f_f015714,2309170004,3,0,,안도다다오 청춘에 대한 전시 관람 및 안도다다오가 뮤지엄산에 새롭게 설계한 ‘빛의공간’에 대한 건물적 답사,N,1,2
f_f015714,2309170005,4,1,,,,,
f_f015714,2309170005,5,0,,,,,
f_f015714,2309170006,5,1,,,,,
f_f015740,2309030007,1,0,,가래떡 떡볶이;돈까스;아이스어메리카노,N,1,
f_f015740,2309030008,2,0,,어묵,N,1,
f_f015740,2309030007,3,1,,워터파크체험;스파체험,Y,5,1
f_f015740,2309030007,5,2,,,,,
f_f015740,2309030002,7,0,,,,,
f_f015740,2309030003,7,0,,,,,
f_f015740,2309030004,7,0,,,,,
f_f015740,2309030005,7,0,,,,,
f_f015841,2309160004,1,0,,보릿고개 정식 2인분,N,1,
f_f015841,2309160005,1,0,,닭강정,Y,1,
f_f015841,2309160007,1,0,,소금빵;모카번;빨미에;크로크무슈;아메리카노 2EA,N,1,
f_f015841,2309160003,1,3,,슈모스( 슈크림 ),N,1,
f_f015841,2309160003,2,4,,향수 ( 헤브론 프로젝트 롤온 ),N,1,
f_f015841,2309160003,3,0,,수목원 입장,N,1,2
f_f015841,2309160006,3,0,,레일바이크 ( 김유정역 ),Y,5,1
f_f015841,2309160003,4,1,,,,,
f_f015841,2309160007,5,1,,,,,
f_f015841,2309160003,5,2,,,,,
f_f015841,2309160002,6,0,,주유,N,1,
f_f015842,2309160003,1,0,,칼국수 칼제비 호떡 도너츠 커피 매운김밥 떡갈비등을 먹었지만 시장이라 대부분 현금만 가능해서 아쉬웠음,Y,1,
f_f015842,2309160003,2,1,,수제강정,Y,1,
f_f015842,2309160002,3,2,,스페이스워크를 체험할려고 갔는데 비가와서 운영중단되었어요,N,5,1
f_f015842,2309160004,3,2,,헬로멜로 버스킹 공연관람,N,5,2
f_f015842,2309160004,4,0,,,,,
f_f015842,2309160006,4,0,,,,,
f_f015842,2309160002,4,1,,,,,
f_f015842,2309160006,5,1,,,,,
f_f015905,2309030003,1,0,,제주삼겹;막걸리;된장찌개,N,1,
f_f015905,2309030002,4,1,,,,,
f_f015905,2309030002,5,0,,,,,
f_f015954,2309110002,1,0,,직화짬뽕.미니탕수육.모듬만두,Y,1,
f_f015954,2309110004,1,0,,팥빙수.백향과에이드.버터바,N,1;2,
f_f015954,2309110005,1,0,,순두부.납작만두,N,1,
f_f015954,2309110003,4,0,,,,,
f_f015954,2309110003,5,1,,,,,
f_f015954,2309110004,5,2,,,,,
f_f015954,2309110004,7,1,,,,,
f_f015954,2309110005,7,1,,,,,
f_f015975,2309150007,1,0,,양다리구이;연태고량주;맥주;계란찜,N,1,
f_f015975,2309150008,1,0,,소주;치즈플래터,N,1,
f_f015975,2309150005,1,1,,츄러스;아이스아메리카노,N,1,
f_f015975,2309150006,2,0,,머그컵;인형키링,N,1,
f_f015975,2309150004,4,0,,,,,
f_f015975,2309150005,5,0,,,,,
f_f015975,2309150004,5,1,,,,,
f_f015975,2309150002,7,0,,,,,
f_f015975,2309150003,7,0,,,,,
f_f015975,2309150009,7,0,,,,,
f_f016036,2309050003,1,0,,워터파크 안 푸드코트에서 닭강정;회오리감자,N,4,
f_f016036,2309050005,1,0,,양송이 튀김;맥주;라자냐,N,1,
f_f016036,2309050003,1,4,,롯데리아(워터파크 입점)에서 치즈스틱,N,1,
f_f016036,2309050004,2,0,,젝시믹스 레깅스 2,N,1,
f_f016036,2309050004,2,1,,나이키 반팔 2;쇼핑백,N,1,
f_f016036,2309050003,3,1,,워터파크 물놀이;어트랙션 (입장권),N,1,2
f_f016036,2309050003,4,2,,,,,
f_f016036,2309050003,5,3,,,,,
f_f016094,2309130003,1,0,,뚝배기 매운탕,N,1,
f_f016094,2309130004,1,0,,커피 및 물,N,1,
f_f016094,2309130011,2,2,,자동차 주유비 (사진안찍어서 언양휴게소 사진으로 대체)),N,1,
f_f016094,2309130006,3,0,,경주양동마을관람,N,1,2
f_f016094,2309130009,3,1,,양동마을관람,N,5,2
f_f016094,2309130009,4,0,,,,,
f_f016094,2309130005,4,1,,,,,
f_f016094,2309130006,4,1,,,,,
f_f016094,2309130007,4,2,,,,,
f_f016094,2309130007,5,0,,,,,
f_f016094,2309130004,5,1,,,,,
f_f016094,2309130006,5,2,,,,,
f_f016094,2309130011,7,1,,,,,
f_f016094,2309130008,99,0,,,,,
f_f016094,2309130002,99,1,,,,,
f_f016105,2309050002,1,0,,탐앤탐스 아메리카노 1잔,N,1,
f_f016105,2309050004,1,0,,라구파스타;트리플A 안심스테이크 미디움레어;리코타 샐러드;유자 에이드;짐빔 하이볼,N,1,
f_f016105,2309050007,1,0,,라떼;과일음료,N,2,
f_f016105,2309050006,2,1,,요시고 작품 페브릭 포스터,N,1,
f_f016105,2309050006,3,0,,요시고 사진전 관람,N,1,2
f_f016105,2309050003,3,1,,‘미술관에서 피는 꽃’ 미술 전시 관람,N,1,2
f_f016105,2309050005,4,0,,,,,
f_f016105,2309050003,4,2,,,,,
f_f016105,2309050002,5,1,,,,,
f_f016105,2309050004,5,1,,,,,
f_f016105,2309050005,5,1,,,,,
f_f016105,2309050003,5,3,,,,,
f_f016105,2309050002,6,4,,휴게소 가는 도중 주유,N,1,
f_f016105,2309050002,7,2,,,,,
f_f016354,2309140005,1,0,,연어 스파이스크림 포케;연어 퐁당 포케,N,1,
f_f016354,2309140008,1,0,,케이크;아이스바닐라라떼;딸기라떼,N,1,
f_f016354,2309140009,1,0,,닭껍질튀김,N,1,
f_f016354,2309140004,2,0,,사진을 찍었습니다,N,1,
f_f016354,2309140006,2,0,,흰둥이삔,Y,1,
f_f016354,2309140007,2,0,,엽서3장,N,1,
f_f016354,2309140010,2,0,,주차비 정산,N,1,
f_f016354,2309140011,2,0,,스파게티소스로제;치킨;매콤양념소스;치킨무;케찹;신쫄이;펩시제로콜라,N,1,
f_f016354,2309140011,2,1,,엄마는 외계인,N,1,
f_f016354,2309140003,2,2,,오락실 게임을 하였습니다,N,1,
f_f016354,2309140007,3,2,,전시회 그림 관람,N,1,2
f_f016354,2309140007,5,1,,,,,
f_f016354,2309140002,7,3,,,,,
f_f016357,2309100005,1,0,,옥돔구이(중);전복해물뚝배기,N,1,
f_f016357,2309100009,1,0,,식혜,N,2,
f_f016357,2309100010,1,0,,콜드브루;더블치즈베이글칩,Y,1,
f_f016357,2309100015,1,0,,낙곱새;우동사라,N,1,
f_f016357,2309100014,2,0,,해운대씨앗샌드;카카오샌드쿠키,N,5,
f_f016357,2309100016,2,0,,부산바다샌드,N,1,
f_f016357,2309100018,2,0,,물만두;새우교자;군만두;고기만두,N,1,
f_f016357,2309100013,2,1,,엽서 3장,N,1,
f_f016357,2309100016,2,2,,키링,N,1,
f_f016357,2309100006,3,0,,해운대블루라인파크 미포정거장에서 송정정거장까지 해변열차 탑승,Y,5,1
f_f016357,2309100011,3,0,,해변열차 탑승,Y,5,1
f_f016357,2309100014,3,1,,문화시설 내부관람,N,5,2
f_f016357,2309100007,4,0,,,,,
f_f016357,2309100012,4,0,,,,,
f_f016357,2309100013,4,0,,,,,
f_f016357,2309100011,4,1,,,,,
f_f016357,2309100016,4,1,,,,,
f_f016357,2309100009,4,2,,,,,
f_f016357,2309100009,5,1,,,,,
f_f016357,2309100010,5,1,,,,,
f_f016357,2309100008,7,0,,,,,
f_f016357,2309100017,7,0,,,,,
f_f016357,2309100019,7,0,,,,,
f_f016357,2309100003,99,0,,,,,
f_f016357,2309100004,99,0,,,,,
f_f016391,2309080004,1,0,,규동;카츠동;새우튀김,N,1,
f_f016391,2309080006,3,0,,한복체험,N,1,1
f_f016391,2309080008,3,0,,박물관 전시 관람,N,5,2
f_f016391,2309080005,4,0,,,,,
f_f016391,2309080007,4,0,,,,,
f_f016391,2309080009,4,0,,,,,
f_f016391,2309080010,4,0,,,,,
f_f016391,2309080009,5,1,,,,,
f_f016391,2309080003,99,0,,,,,
f_f016391,2309080012,99,0,,,,,
f_f016391,2309080002,99,1,,,,,
f_f016456,2309150005,1,0,,라구 파스타;프렌치 토스트;캐모마일 차,N,1,
f_f016456,2309150009,1,0,,포크치미창가;핫치킨 퀘사디아;사이다 2캔,N,1,
f_f016456,2309150004,2,0,,그 해 여름 (청포도 타르트);포장용 보냉백,N,1,
f_f016456,2309150007,2,0,,인형;키링;소품,N,5,
f_f016456,2309150008,2,0,,장난감 인형 옷,N,5,
f_f016456,2309150010,2,0,,키링,N,1,
f_f016456,2309150006,4,0,,,,,
f_f016456,2309150002,7,0,,,,,
f_f016456,2309150003,7,0,,,,,
f_f016456,2309150011,7,0,,,,,
f_f016457,2309180002,1,0,,들깨차 한방차,N,1,
f_f016457,2309180003,3,0,,삼성궁 내부를 천천히 감상하면서 산책,N,1,2
f_f016457,2309180004,99,0,,,,,
f_f016470,2309080004,1,0,,샤브샤브 월남쌈 와플,N,1,
f_f016470,2309080003,2,0,,생선 조기 민어 침조기 돔 새우,N,1,
f_f016470,2309080005,2,0,,아이쇼핑 후 바지구매,N,1,
f_f016470,2309080003,4,1,,,,,
f_f016470,2309080006,6,0,,매일가는운동,Y,5,
f_f016495,2309090003,1,0,,돈가스;육개장,N,1,
f_f016495,2309090004,1,0,,칼국수;콧등치기;모듬전,N,1,
f_f016495,2309090004,1,3,,야채치킨,N,1,
f_f016495,2309090004,2,1,,곤드레나물,N,1,
f_f016495,2309090004,2,5,,다시마 부각,Y,1,
f_f016495,2309090003,3,1,,워터파크 물놀이 및 스파,Y,1,2
f_f016495,2309090004,4,2,,,,,
f_f016536,2309130004,1,0,,칠리새우라이스,N,1,
f_f016536,2309130012,1,0,,미도리샤워 칵테일,N,1,
f_f016536,2309130010,1,1,,파르페,N,1,
f_f016536,2309130005,2,0,,선글라스를 포함한 다양한 소품,N,5,
f_f016536,2309130006,2,0,,책2개;엽서 1장,N,1,
f_f016536,2309130007,2,0,,트롤 미니 피규어,N,1,
f_f016536,2309130011,2,0,,폰스트랩,N,1,
f_f016536,2309130004,2,1,,생리대,N,1,
f_f016536,2309130008,2,1,,쥬얼리 및 소품,N,5,
f_f016536,2309130009,3,0,,'하이퍼 임프레셔니즘'을 주제로 한 대구사람들의 표현을 보았다.,N,5,2
f_f016536,2309130002,7,0,,,,,
f_f016536,2309130003,7,0,,,,,
f_f016536,2309130013,7,0,,,,,
f_f016536,2309130014,7,0,,,,,
f_f016571,2309100004,1,0,,초밥,N,1,
f_f016571,2309100006,2,0,,의류;신발 등,N,5,
f_f016571,2309100007,2,0,,도서 및 길거리 공연 관람,N,5,
f_f016571,2309100003,2,3,,아이쇼핑,Y,5,
f_f016571,2309100005,3,0,,700석의 대규모 pc방체험,Y,1,1
f_f016571,2309100007,3,1,,길거리 공연,N,5,2
f_f016571,2309100003,4,1,,,,,
f_f016571,2309100004,5,1,,,,,
f_f016571,2309100005,5,1,,,,,
f_f016571,2309100005,6,2,,웹서핑,N,5,
f_f016571,2309100003,7,2,,,,,
f_f016634,2309170002,1,0,,립;파스타;샐러드;코코넛쉬림프,Y,1,
f_f016634,2309170003,1,0,,아메리카노,N,1,
f_f016634,2309170003,5,1,,,,,
f_f016699,2309170002,1,0,,호두과자,N,1,
f_f016699,2309170004,1,0,,갈치찌개,N,1,
f_f016699,2309170006,1,0,,호두과자;우동;돈까스,N,1,
f_f016699,2309170005,3,1,,우포늪 생태 관람 및 자전거 타기,N,1,2
f_f016699,2309170005,4,0,,,,,
f_f016699,2309170003,5,0,,,,,
f_f016699,2309170002,5,1,,,,,
f_f016699,2309170006,5,1,,,,,
f_f016699,2309170003,6,1,,스파,N,5,
f_f016739,2309170004,1,0,,추어탕,N,1,
f_f016739,2309170007,1,0,,파인애플스무디;아이스아메리카노,N,1,
f_f016739,2309170002,3,0,,풍력발전기 돌아가는 모습을 관람하고 보라색아스타국화 구경,N,5,2
f_f016739,2309170005,3,0,,대동여지도에 관한 역사공부;도기와 자기의 변천사에 대한 설명 관람,N,5,2
f_f016739,2309170006,3,1,,열대식물관람과 습지산책,N,5,2
f_f016739,2309170003,4,0,,,,,
f_f016739,2309170006,4,0,,,,,
f_f016739,2309170002,4,1,,,,,
f_f016739,2309170007,5,1,,,,,
f_f016739,2309170002,5,2,,,,,
f_f016818,2309160003,1,0,,뼈없는닭갈비와 막국수;막걸리,N,1,
f_f016818,2309160005,1,0,,빵 및 커피,N,1,
f_f016818,2309160002,3,0,,스카이워크를 걸으며 쏘가리 동상과 북한강 풍경을 관람,N,1,2
f_f016818,2309160006,3,0,,디스코를 주제로한 전시 작품 관람,N,5,2
f_f016818,2309160008,4,0,,,,,
f_f016818,2309160002,4,1,,,,,
f_f016818,2309160004,4,1,,,,,
f_f016818,2309160007,4,1,,,,,
f_f016818,2309160007,5,0,,,,,
f_f016818,2309160003,5,1,,,,,
f_f016818,2309160005,5,1,,,,,
f_f016818,2309160002,5,2,,,,,
f_f016818,2309160004,7,0,,,,,
