TRAVEL_ID,VISIT_AREA_ID,ACTIVITY_TYPE_CD,ACTIVITY_TYPE_SEQ,CONSUME_HIS_SEQ,CONSUME_HIS_SNO,PAYMENT_NUM,BRNO,STORE_NM,ROAD_NM_ADDR,LOTNO_ADDR,ROAD_NM_CD,LOTNO_CD,PAYMENT_DT,PAYMENT_MTHD_SE,PAYMENT_AMT_WON,PAYMENT_ETC,SGG_CD
f_f013942,2308300007,2,1,1,0,6,,이마트24 웨스틴조선부산호텔점,737,,,,,1,3000,,2635010500
f_f000935,2305280001,1,1,1,1,2,1268167791,거제케이블카,경남 거제시 동부면 거제중앙로 288,경남 거제시 동부면 구천리 953-2,3337005,4831032023,2023-05-28 12:27,1,11000,부산오뎅(국물);떡볶이,
f_f011863,2308260003,1,0,0,1,2,,롱브레드,강원특별자치도 강릉시 창해로14번길 10,강원특별자치도 강릉시 견소동 287-18,4460931,5115011500,2023-08-26 09:29,1,35000,에그베네딕트;롱브레드 파니니;카레라떼 ice;더치 아메리카노-디카페인,
f_f000835,2305190002,3,2,2,0,1,,아쿠아발리,26-1,,,,,1,18000,,2617010100
f_f000835,2305200001,1,0,0,1,1,6051784365,본전돼지국밥,부산 동구 중앙대로214번길 3-8,부산 동구 초량동 1200-6,4181416,2617010100,2023-05-20 09:35,1,20000,,
f_f001245,2305280003,1,2,2,0,2,,가정횟집,읍천리261,,,,,1,89000,,4713032000
f_f007571,2308190005,1,2,2,2,2,8240302365,감자유원지,강원특별자치도 강릉시 경강로2115번길 7,강원특별자치도 강릉시 임당동 103-12,4460111,5115010500,2023-08-19 14:53,1,2500,커피할인,
f_f008379,2308190003,6,3,3,1,2,1430702740,컴포즈커피,부산 연제구 아시아드대로 86,부산 연제구 거제동 1477-5,2006012,2647010100,2023-08-19 10:01,1,3000,아메리카노(ICE),
f_f015285,2309020004,2,0,0,1,2,2148557846,한화솔루션(주)인사이트 제이드,강원특별자치도 춘천시 남산면 햇골길 80,,4454759,5111040028,2023-09-02 17:29,1,3000,F023_로컬웍스_얼그레이 꿀카라멜,
f_f005042,2308070002,1,0,0,1,1,2018121515,스타벅스,경북 경주시 첨성로 125,경북 경주시 황남동 140-2,3305057,4713011000,2023-08-07 12:25,1,4000,케일사과주스,
f_f000543,2305160006,2,0,0,1,1,7511201226,레드망치,강원 강릉시 율곡로 2890-1,강원 강릉시 교동 183-234,3220032,4215011000,2023-05-16 12:01,1,4500,레드망치 미니천,
f_f000543,2305160010,1,0,0,1,1,6838601813,순두부젤라또,강원 강릉시 경강로 2642,강원 강릉시 견소동 190-82,3000145,4215011500,2023-05-16 18:39,1,4500,젤라또,
f_f000543,2305170003,2,0,0,1,1,6111137638,두딩,강원 강릉시 강릉대로 197,강원 강릉시 교동 162-178,2220001,4215011000,2023-05-17 13:21,1,4500,,
f_f004740,2307290004,1,0,0,0,2,,황남옥수수,276-4,,,,,1,5000,,4713011000
f_f009530,2308300008,1,0,0,1,2,4362301769,대릉묘찌,경북 경주시 포석로 1085,경북 경주시 황남동 276-4,3305063,4713011000,2023-08-30 18:25,1,6000,쑥묘찌,
f_f012976,2309100001,1,0,0,1,2,1826000534,이디야,강원특별자치도 강릉시 경포로463번길 23,강원특별자치도 강릉시 안현동 861-8,4460151,5115013800,2023-09-10 11:25,1,6400,(L)ICED 아메리카노,
f_f010099,2308240006,1,0,0,1,2,1225053326,해빙모먼트,부산 영도구 절영로 196,부산 영도구 영선동4가 612,3128020,2620011100,2023-08-24 18:43,1,6500,흑임자 크림라떼 ,
f_f000979,2305280001,3,0,0,1,4,2258218099,영월군시설관리공단(고씨굴),강원 영월군 김삿갓면 영월동로 1117,강원 영월군 김삿갓면 진별리 506-1,3227016,4275032521,2023-05-28 11:15,1,12000,입장권,
f_f004947,2308010002,1,0,0,1,2,1338602980,클럽디 오아시스,부산 해운대구 달맞이길 30,,4199011,2635010600,2023-08-01 16:43,1,12000,치즈 츄러스;맥반석 계란;식혜,
f_f008113,2308220006,3,0,0,2,2,7578500331,메가박스,대구 동구 동부로 149,대구 동구 신천동 1506,3142009,2714010200,2023-08-22 16:00,1,18800,러브콤보;더블카라멜+갈릭L,
f_f012426,2309110006,1,0,0,1,2,7173101208,인필드,강원특별자치도 춘천시 동면 가락재로 40,,3013015,5111031024,2023-09-11 14:11,1,16300,아메리카노;캐모마일 티;축구공빵,
f_f013422,2309100006,1,1,1,1,2,8430202277,통툰만화카페,강원특별자치도 강릉시 신대학길 17,,4460616,5115010600,2023-09-10 18:34,1,16400,1시간(A세트);체리콕(콜라);플레인요거트스무디,
f_f004760,2307280008,1,0,0,1,1,2148608930,양평(여주)휴게소,경기 양평군 양동면 송석2길 52,,4451730,4183038028,2023-07-28 19:08,1,20000,김치볶음밥;충청도식돼지짜글이비빔밥,
f_f006004,2308240009,1,0,0,1,1,5220602271,청온차,경북 경주시 포석로1079번길 8-5,경북 경주시 사정동 29-1,4716230,4713010900,2023-08-24 19:36,1,23000,물회;들기름 비빔,
f_f003631,2307010003,1,0,0,1,4,4330802072,봉평막국수,강원특별자치도 평창군 봉평면 문학숲길 9,강원특별자치도 평창군 봉평면 창동리 601,4484136,5176034021,2023-07-01 17:41,1,25000,물막국수;메밀묵사발;감자부침,
f_f002486,2306040002,1,0,0,1,2,3788102138,카페웨더,경기 하남시 검단산로 228-8,경기 하남시 창우동 287-1,3202009,4145010300,2023-06-04 12:42,1,30000,콘크럼블치즈 케이크;잠보아 오픈토스트;아메리카노;레드자몽에이드,
f_f006888,2308160004,1,0,0,1,2,6100240161,고향해물횟집,울산 울주군 서생면 진하해변길 2,울산 울주군 서생면 진하리 68-1,4319994,3171031028,2023-08-16 12:16,1,30000,,
f_f001245,2305270004,1,0,0,1,2,2862501794,구룡포 돌짜장.짬뽕,경북 포항시 남구 구룡포읍 호미로 16,경북 포항시 남구 구룡포읍 병포리 364,3303064,4711125028,2023-05-27 12:09,1,40000,,
f_f001184,2306050001,2,1,1,1,4,5050394362,황남빵,경북 경주시 태종로 783,경북 경주시 황오동 347-1,3305061,4713010500,2023-06-05 12:04,1,40000,,
f_f001380,2306030004,1,0,0,1,3,7750200618,루안,경북 상주시 중앙로 177-7,경북 상주시 서문동 130-1,3303047,4725010800,2023-06-03 18:48,1,50000,루안A코스,
f_f002600,2306090004,1,0,0,1,3,2261124274,제주해인,강원특별자치도 강릉시 사천면 진리해변길 68-9,강원특별자치도 강릉시 사천면 사천진리 2-94,4460926,5115036025,2023-06-09 12:48,1,50000,멍게비빔밥;광어덮밥,
f_f011949,2309020002,1,0,0,1,3,2220964529,기와집갈비,강원특별자치도 태백시 짐대배기2길 4,강원특별자치도 태백시 황지동 187,4466185,5119010100,2023-09-02 13:04,1,70000,양념고기;21곡밥;비;물꼽;우거지된장찌개+밥,
e_e005633,2307280005,1,0,0,0,2,,송다찌동,259-26,,,,,1,21800,,2714010100
e_e005633,2307260003,1,0,0,1,2,2074000970,짱고집,서울 송파구 백제고분로7길 56,서울 송파구 잠실동 185-12,4169204,1171010100,2023-07-26 16:20,1,27000,돼지김치구이/소;공기밥,
e_e005633,2307260005,1,0,0,1,2,6146100402,GS25,서울 송파구 한가람로 65,서울 송파구 잠실동 1-1,3123020,1171010100,2023-07-26 19:31,1,6900,판)진라면매운;Y)얼음컵L;Y)블루레몬,
e_e005633,2307270001,1,0,0,1,2,2198500014,(주)호텔롯데 롯데월드,서울 송파구 올림픽로 240,서울 송파구 잠실동 40-1,3123023,1171010100,2023-07-27 14:23,1,21500,도.피)슈퍼디럭스 오리지널M,
e_e005633,2307270003,1,0,0,1,2,6928601928,이성원쉐프의청년감자탕,서울 송파구 오금로19길 5,서울 송파구 방이동 110-12,4169380,1171011100,2023-07-27 21:31,1,30000,공기밥;감자탕(소) ,
e_e005633,2307280001,1,0,0,1,2,6788502282,쉐이크쉑,서울 송파구 올림픽로 269,서울 송파구 신천동 7-18,3123023,1171010200,2023-07-28 13:06,1,34200,SHACK;Chick'n Shack;FR Fries;Choc shake;Str shake,
e_e005633,2307260002,2,0,0,1,2,6130888278,파리바게뜨,경남 진주시 가좌길74번길 4,경남 진주시 가좌동 1436-1,4796013,4817013100,2023-07-26 10:13,1,3900,롱롱소시지빵,
e_e005633,2307260004,3,0,0,1,2,4393600018,도그존,서울 송파구 올림픽로12길 28,서울 송파구 잠실동 204-8,4169427,1171010100,2023-07-02 16:28,1,18000,입장권,
e_e005633,2307260005,1,0,0,2,2,6146100402,GS25,서울 송파구 한가람로 65,서울 송파구 잠실동 1-1,3123020,1171010100,2023-07-26 19:30,1,5500,판)너구리얼큰;초코에몽,
e_e005633,2307260002,2,1,1,0,2,,CU 진주가좌점,1439-1,,,,,4,700,,4817013100
e_e005633,2307270001,3,1,1,0,2,,롯데월드,40-1,,,,,1,62000,,1171010100
e_e005633,2307260003,6,2,2,0,2,,잠실새내역 2호선,33,,,,,1,6000,,1171010100
e_e005633,2307270001,1,2,2,1,2,2198500014,(주)호텔롯데 롯데월드,서울 송파구 올림픽로 240,서울 송파구 잠실동 40-1,3123023,1171010100,2023-07-27 14:33,1,13000,츄로빅-주;빅)클래식아이스초코,
e_e005633,2307270001,1,3,3,1,2,2118895935,폴바셋,서울 송파구 올림픽로 240,서울 송파구 잠실동 40-1,3123023,1171010100,2023-07-27 16:00,1,9000,초콜릿 혼합 IC (컵) ,
f_f000011,2304300008,1,0,0,0,2,,해마루회포장,1520-7,,,,,5,35000,,4221010800
f_f000011,2304290003,1,0,0,1,2,3442000252,본점장터순대국,강원 속초시 중앙로129번길 35-16,강원 속초시 금호동 492-17,4469219,4221010400,2023-04-29 20:33,1,26000,,
f_f000011,2304300001,1,0,0,1,2,6463600687,투썸플레이스 양양정암해변점,강원 양양군 강현면 동해대로 3343,강원 양양군 강현면 정암리 156-3,2000023,4283035036,2023-04-30 10:16,1,11000,라떼(L);아이스라떼(L),
f_f000011,2305010003,1,0,0,1,2,2250962568,닌베,강원 양양군 현남면 인구항길 6,강원 양양군 현남면 인구리 630-7,4505164,4283034021,2023-05-01 13:10,3,12000,밀크팥빙수,
f_f000011,2305010005,1,0,0,1,2,8585800491,서프독,강원 양양군 현남면 인구중앙길 79,,4505163,4283034024,2023-05-01 14:09,1,16000,불고기핫도그;머슈룸앤베이컨,
f_f000011,2305010006,1,0,0,1,2,4048114549,문막(인천)휴_참바다,강원 원주시 문막읍 개나루길 13,,4457024,4213025028,2023-05-01 17:13,1,8000,짜면밥(짜장면+밥),
f_f000011,2304290005,2,0,0,1,2,1032700801,가치김밥,경기 용인시 기흥구 갈곡로13번길 7,경기 용인시 기흥구 구갈동 583,4412002,4146310200,2023-04-29 16:16,1,10000,참치김밥,
f_f000011,2304300003,1,1,1,1,2,8585800491,서프독,강원 양양군 현남면 인구중앙길 79,,4505163,4283034024,2023-04-30 15:04,1,15000,치즈독;하와이안독;콜라(캔),
f_f000011,2304300005,1,5,5,1,2,1844900307,인생역전,강원 속초시 중앙시장로6길 32,,4469248,4221010300,2023-04-30 21:15,1,26000,,
f_f000011,2304300005,1,5,5,2,2,1844900307,인생역전,강원 속초시 중앙시장로6길 32,,4469248,4221010300,2023-04-30 21:16,1,10000,,
f_f000013,2304290002,1,0,0,1,3,1268105325,평창(강릉)휴게소 ,강원 평창군 용평면 경강로 2159-58,강원 평창군 용평면 이목정리 778,3000145,4276035022,2023-04-29 09:27,1,31000,야채튀김우동;꼬치어묵우동;김치라면(진);공기밥,
f_f000013,2304290005,1,0,0,1,3,2222500388,청풍회집,강원 동해시 녹등길 14-1,강원 동해시 묵호진동 2-20,4463039,4217012300,2023-04-29 12:44,1,104000,,
f_f000013,2304290006,1,0,0,1,3,2803200024,투썸플레이스,강원 동해시 일출로 297,강원 동해시 어달동 141-14,3221030,4217012700,2023-04-29 13:05,1,42400,스페니쉬연유라떼(R);떠먹는스트로베리초콜릿;떠먹는딸기레어치즈;아메리카노아로마노트(R);올-타임콜드브루(L);신촌커피(R),
f_f000013,2304300002,1,0,0,1,3,7258801824,라미르,경기 용인시 처인구 원삼면 원양로 426,경기 용인시 처인구 원삼면 사암리 34-30,3203099,4146134022,2023-04-30 11:54,1,32200,아이스카페라떼;아이스 윤슬;뽀로로주스;치즈프레첼;크룽지,
f_f000013,2304290001,2,0,0,1,3,2241281766,CU 면온IC점,강원 평창군 봉평면 태기로 561,강원 평창군 봉평면 면온리 485-3,3228037,4276034025,2023-04-29 00:00,1,8050,서울)흰우유1L;아쌈솔트밀크티,
f_f000013,2304290008,2,0,0,1,3,2260270795,뚜레쥬르 진부중앙,강원 평창군 진부면 경강로 3605,강원 평창군 진부면 하진부리 105-3,3000145,4276036021,2023-04-29 15:24,1,32900,뚜레쥬르올스타케이크;숫자초(별),
f_f000013,2304290003,3,0,0,1,3,,도째비골 스카이밸리,강원 동해시 덕장1길 19-15,강원 동해시 묵호진동 1-23,4463061,4217012300,2023-04-29 11:07,1,2000,입장권,
f_f000013,2304290002,1,0,0,2,3,1268105325,평창(강릉)휴게소,강원 평창군 용평면 경강로 2159-58,강원 평창군 용평면 이목정리 778,3000145,4276035022,2023-04-29 09:47,1,5600,동서보리차-경인;박카스젤리-삼육,
f_f000013,2304290006,1,0,0,2,3,2803200024,동해어달해변점,강원 동해시 일출로 297,강원 동해시 어달동 141-14,3221030,4217012700,2023-04-29 13:15,1,5800,키위바나나주스(L),
f_f000013,2304290001,2,0,0,2,3,2241281766,CU,강원 평창군 봉평면 태기로 561,강원 평창군 봉평면 면온리 485-3,3228037,4276034025,2023-04-29 00:00,1,3800,칠성사이다,
f_f000027,2304280003,1,0,0,1,1,2018121515,스타벅스,경남 창원시 성산구 삼귀로 159,경남 창원시 성산구 귀곡동 717,3328019,4812312100,2023-04-28 11:11,1,13900,I-T)아메리카노;I-G)아메리카노;에그에그 SW,
f_f000027,2304280004,1,0,0,1,1,8750201014,마차이짬뽕 창원점,경남 창원시 의창구 의창대로266번길 5,경남 창원시 의창구 중동 754-3,4781532,4812110200,2023-04-28 12:22,1,40000,고기짬뽕;짜장;탕수육(미니),
f_f000027,2304280007,1,0,0,1,1,6170891547,남천가야밀면,부산 수영구 남천동로 106,부산 수영구 남천동 6-11,3138008,2650010500,2023-04-28 18:03,1,21500,물밀면;비빔밀면;만두(1인),
f_f000027,2304290001,1,0,0,1,1,6210871633,양산돼지국밥,경남 양산시 서일동로 17,경남 양산시 중부동 603-9,3338042,4833010300,2023-04-29 10:33,1,17500,,
f_f000027,2304290003,1,0,0,1,1,5272301051,동방밀면,부산 영도구 꿈나무길 239,부산 영도구 영선동2가 222-1,4184016,2620010900,2023-04-29 13:00,1,10500,짜장면;밀면,
f_f000027,2304290004,1,0,0,1,1,6872900813,카페만디,부산 사하구 오작로 104-7,부산 사하구 괴정동 377-70,3134020,2638010100,2023-04-29 14:51,1,19000,아메리카노ICE;딸기생크림케이크,
f_f000027,2304290005,1,0,0,1,1,2132601304,김해통닭괴정점,부산 사하구 사하로166번길 5,부산 사하구 괴정동 475-14,4202310,2638010100,2023-04-29 19:25,1,29500,,
f_f000027,2304300003,1,0,0,1,1,2668500780,딤딤섬,부산 해운대구 센텀남대로 35,부산 해운대구 우동 1495,2133001,2635010500,2023-04-30 13:42,1,45500,딤딤섬 ,
f_f000027,2304300006,1,0,0,1,1,6151946697,옥이네뒷고기,경남 김해시 금관대로1204번길 24,경남 김해시 외동 1222-8,4805125,4825010900,2023-04-30 19:08,1,29000,,
f_f000027,2304300007,1,0,0,1,1,8025200593,산운 브루잉하우스,경남 김해시 전하로176번길 93-1,경남 김해시 전하동 43-12,4805711,4825011500,2023-04-30 19:21,1,7000,핸드드립;ICE,
f_f000027,2304290005,1,0,0,2,1,4885500156,GS25,부산 사하구 오작로 145,부산 사하구 괴정동 350-38,3134020,2638010100,2023-04-29 16:15,1,7800,필굿엑스트라;트레비레몬,
f_f000027,2304300005,1,1,1,1,1,6328700434,(주)산딸기닷컴터널(카페),경남 김해시 생림면 마사로473번길 41,,4805342,4825035025,2023-04-30 17:00,1,6800,베리파르페,
f_f000027,2304300004,2,1,1,1,1,6738100466,부산어묵고래사,부산 부산진구 중앙대로 769,부산 부산진구 부전동 341-62,2000010,2623010300,2023-04-30 15:19,1,28300,"프리미엄(순,매);모듬스프;게다리어묵;맛살/통깻잎/떡밀;수제볼;소세지말이;보냉가방",
f_f000027,2304300005,3,2,2,1,1,8248102515,주식회사 인터파크,,,,,2023-04-30 00:00,1,4000,김해낙동강레일파크(와인동굴),
f_f000040,2304280001,1,0,0,1,8,5053494221,호떡,강원 속초시 중앙로129번길 62,,4469219,4221010300,2023-04-28 19:15,1,6000,,
f_f000040,2304280002,1,0,0,1,8,3290802114,포크닉테이블,강원 속초시 장성천길 149,강원 속초시 장사동 67,4013017,4221011300,2023-04-28 20:20,1,323800,오뚜기밥;마시멜로;음료PET(대);맥주(큰캔);맥주(병),
f_f000040,2304280008,1,0,0,1,8,1391701270,GS25,강원 속초시 미시령로2983번길 111,강원 속초시 장사동 24-1,4469063,4221011300,2023-04-28 00:00,1,68400,백산수2L(6입);테라페트1.9L;새로병360ML;촉촉버터오징어;꼬북칩크런치즈,
f_f000040,2304290001,1,0,0,1,8,7495400302,강릉짬뽕순두부동화가든,강원 속초시 청초호반로 174,강원 속초시 교동 1021-8,3223018,4221010600,2023-04-29 10:51,1,146000,짬뽕순두부;모두부반모;모두부한모,
f_f000040,2304290002,1,0,0,1,8,1768801997,(주)칠성조선소,강원 속초시 중앙로46번길 45,,4469234,4221010600,2023-04-29 00:00,1,94500,ICED 타오;콜드바닐라빈라테;HOT포트;HOT카페라테;ICED카페라테,
f_f000040,2304280002,1,0,0,2,8,2279841641,동해조개,강원 속초시 중앙로147번길 16,강원 속초시 중앙동 471-4,4469221,4221010300,2023-04-28 19:01,1,58000,,
f_f000040,2304280002,1,0,0,3,8,6012070272,은희네대게회집,강원 속초시 중앙로147번길 16,강원 속초시 중앙동 471-4,4469221,4221010300,2023-04-28 19:06,1,100000,,
f_f000267,2305200002,1,0,0,0,1,,와우대관령한우,까치골길 7,,,,,1,32000,,4276036000
f_f000267,2305190004,1,0,0,1,1,5010546052,회동집,강원 정선군 정선읍 5일장길 37-10,강원 정선군 정선읍 봉양리 344-3,4487001,4277025021,2023-05-19 12:33,1,18000,,
f_f000267,2305190005,1,0,0,1,1,6991601417,카페온스,강원 정선군 정선읍 정선로 1370,,3229023,4277025021,2023-05-19 12:45,1,10000,오미자에이드;H오곡라떼,
f_f000267,2305190008,1,0,0,1,1,5968500906,파크로쉬,강원 정선군 북평면 중봉길 9-12,,4487337,4277034026,2023-05-19 17:55,1,29000,마르게리타;갈바니나 블,
f_f000267,2305200001,3,0,0,1,1,1138610017,가리왕산케이블,강원 정선군 북평면 중봉길 41-35,,4487337,4277034026,2023-05-20 11:11,1,10000,탑승권구입,
f_f000291,2305190003,1,0,0,1,1,2018121515,스타벅스,부산 동구 중앙대로196번길 10,,4181413,2617010100,2023-05-19 12:03,1,10800,바비큐 치킨SW;I-G)아메리카노,
f_f000291,2305190005,1,0,0,5,1,7210601414,아첸투스(accentus),부산 해운대구 APEC로 58,,3133044,2635010500,2023-05-19 16:33,1,5500,자몽에이드,
f_f000291,2305190004,1,2,2,0,1,,풍원장꼬막,1408,,,,,1,20000,,2635010500
f_f000338,2305200003,1,0,0,1,2,6138507451,산청(통영)휴게소,경남 산청군 단성면 통영대전고속도로 77,경남 산청군 단성면 방목리 366-3,1000016,4886037023,2023-05-20 11:44,1,15500,등심돈가스(표준레시피);떡만두라면,
f_f000338,2305200006,1,0,0,1,2,1503001524,남해제과 브레드멜,경남 남해군 남면 남서대로 788,경남 남해군 남면 당항리 1493-3,2343001,4884035021,2023-05-20 15:28,1,12500,보리커피(ICE);멜크림,
f_f000338,2305210003,1,0,0,1,2,6132346140,재두식당,경남 남해군 상주면 남해대로 918-13,경남 남해군 상주면 상주리 산 261-1,2343003,4884032022,2023-05-21 11:34,1,37000,,
f_f000338,2305210004,1,0,0,1,2,6132294247,솟대,경남 남해군 상주면 남해대로1299번길 35-20,경남 남해군 상주면 양아리 1853-2,4829113,4884032021,2023-05-21 11:46,1,11000,,
f_f000338,2305200005,3,0,0,1,2,6132257956,양모리학교,경남 남해군 설천면 설천로775번길 256-17,경남 남해군 설천면 문의리 산 181-2,4829324,4884038026,2023-05-20 13:49,1,10000,,
f_f000338,2305200002,1,1,1,1,2,3420301898,유서방 회 떠가시다,경남 남해군 미조면 미조로 318,경남 남해군 미조면 미조리 184-50,3343017,4884034022,2023-05-20 17:36,1,40000,모듬회4,
f_f000382,2305190004,1,0,0,0,4,,이케아 동부산점,동부산관광3로 17,,,,,4,3200,,2671025000
f_f000382,2305190006,1,0,0,0,4,,Cu기장연화리점,377,,,,,4,3000,,2671025029
f_f000382,2305190003,1,0,0,1,4,5870802141,엔쵸비 블루스,부산 기장군 기장읍 두호1길 2-7,부산 기장군 기장읍 죽성리 202-1,4220084,2671025024,2023-05-19 10:55,1,59200,더블치즈버거SET;엔쵸비버거SET;카페라떼;바닐라빈라떼;노아쥬스,
f_f000382,2305190004,2,1,1,1,4,1068682871,이케아코리아,부산 기장군 기장읍 동부산관광3로 17,,3350896,2671025032,2023-05-19 18:52,1,26600,롤도화지;블로빙아드 컬러링페이퍼롤;색연필 혼합 색상;포스터 물감,
f_f000384,2305190002,1,0,0,1,2,2220676188,신다리,강원 삼척시 진주로 30-49,강원 삼척시 남양동 33-19,3224029,4223012000,2023-05-19 12:13,1,12000,,
f_f000384,2305190004,1,0,0,1,2,2261155194,물방울 이야기,강원 동해시 촛대바위길 8,강원 동해시 추암동 1-3,4463203,4217011400,2023-05-19 13:52,1,12000,,
f_f000384,2305200004,1,0,0,1,2,8834000416,얼(EARL),강원 삼척시 테마타운길 59,강원 삼척시 갈천동 14,4472329,4223010700,2023-05-20 14:51,1,15300,아몬드크림라떼;화이트 템플;더티초코마들렌,
f_f000384,2305200001,3,0,0,1,2,2228304365,삼척케이블카,강원 삼척시 근덕면 삼척로 2154-31,,3224019,4223031033,2023-05-20 10:12,1,20000,탑승권구입,
f_f000384,2305200002,3,0,0,1,2,8038702451,장호1리 어촌계영어조합법인,강원 삼척시 근덕면 장호길 122,,4472278,4223031034,2023-05-20 11:46,1,25000,카누 이용권,
f_f000384,2305200002,1,1,1,1,2,6691901080,마카올래,강원 삼척시 근덕면 장호항길 120,,4472282,4223031034,2023-05-20 12:51,1,59000,물회;회덮밥;전복물회,
f_f000384,2305190003,2,1,1,1,2,4301500883,부영닭강정,강원 삼척시 진주로 12-21,,3224029,4223012000,2023-05-19 12:31,1,20000,,
f_f000384,2305190010,2,1,1,1,2,4560801284,삼척꽈배기,강원 삼척시 근덕면 삼척로 3657,강원 삼척시 근덕면 교가리 651-11,3224019,4223031024,2023-05-19 14:39,1,8000,,
f_f000384,2305190010,6,2,2,0,2,,어썸비치,초곡길 380,,,,,5,30000,,4223031000
f_f000429,2305190005,1,0,0,1,3,6728601619,이재모피자 광복점,부산 중구 광복중앙로 31,,3125002,2611012700,2023-05-19 14:08,1,45000,"이재모크러스트(L, 전부 치즈 크러스트);탄산음료",
f_f000429,2305190008,1,0,0,1,3,1198685156,브롱스,부산 수영구 광안해변로 217,부산 수영구 광안동 193-1,3138005,2650010400,2023-05-19 19:32,1,29800,먹태 구이;살얼음 수제맥주(라거);씨그램 라임,
f_f000429,2305200004,1,0,0,1,3,6173616712,자갈치횟집,부산 수영구 수영로702번길 28,부산 수영구 광안동 75-2,4214298,2650010400,2023-05-20 14:15,1,95000,모듬회(중)3인;소주,
f_f000429,2305200006,1,0,0,1,3,2018121515,스타벅스,부산 사하구 다대로 714,부산 사하구 다대동 1548-42,3134007,2638010600,2023-05-20 18:13,1,13000,I-T)DCF아메리카노;그릭요거트플레인;케일사과주스,
f_f000429,2305210001,1,0,0,1,3,2018121515,스타벅스,부산 수영구 광안해변로 247,부산 수영구 민락동 178-19,3138005,2650010300,2023-05-21 11:38,3,15300,T)L키위라임B;I-T)아메리카노;T)아메리카노,
f_f000429,2305210004,1,0,0,1,3,4564200770,본죽&비빔밥 ,부산 해운대구 마린시티2로 47,부산 해운대구 우동 1410,3133004,2635010500,2023-05-21 17:29,1,23000,돌솥 제육볶음;돌솥 매콤낙지,
f_f000429,2305200001,2,0,0,1,3,7328101987,Taps,부산 해운대구 중동2로34번길 15,,4199241,2635010600,2023-05-20 10:25,1,20000,캡슐액자,
f_f000429,2305200002,2,0,0,1,3,2018121515,그랜드조선,부산 해운대구 해운대해변로 292,부산 해운대구 중동 1405-16,3133043,2635010600,2023-05-20 11:37,3,18800,T)카페라떼하;T)바닐라C콜드브루;(T)망고패션티B;루한컵레드,
f_f000429,2305210003,3,0,0,2,3,4011238075,해운대 요트투어 요트가이,부산 해운대구 해운대해변로 52,부산 해운대구 우동 1393,3133043,2635010500,2023-05-16 08:40,1,39000,부산요트투어 해운대 광안리 요트 체험 대여 더베이101 요트가이,
f_f000429,2305210003,3,0,0,3,3,4011238075,해운대 요트투어 요트가이,부산 해운대구 해운대해변로 52,부산 해운대구 우동 1393,3133043,2635010500,2023-05-16 08:41,1,20000,부산요트투어 해운대 광안리 요트체험 대여 더베이101요트가이,
f_f000429,2305200001,3,1,1,2,3,2598700262,해운대블루라인(주),부산 해운대구 청사포로 116,,3133042,2635010600,2023-05-08 19:18,1,45000,스카이캡슐미포출발청사포도착,
f_f000433,2306020002,1,0,0,1,1,1318556178,서가앤쿡(침산점),대구 북구 호암로 51,대구 북구 침산동 1757,3145054,2723010600,2023-06-02 20:17,1,37500,,
f_f000433,2306020003,1,0,0,1,1,6291901345,핸즈커피수성못점,대구 수성구 용학로 106-5,대구 수성구 두산동 853-1,3146020,2726011100,2023-06-02 20:50,1,19800,생망고눈꽃빙수,
f_f000433,2306030003,1,0,0,1,1,2871501240,큐,,,,,2023-06-03 16:15,1,17000,초코라떼(ICE);카페라떼(ICE);생크림케익,
f_f000433,2306040001,1,0,0,1,1,5042742076,유가네닭갈비 경북대점,대구 북구 대학로17길 8,대구 북구 산격동 1327-7,4235144,2723011100,2023-06-04 13:17,1,25000,콘치즈닭갈비;우동면사리;라면사리,
f_f000433,2306040003,1,0,0,1,1,3045600383,물치상회,경북 울진군 후포면 울진대게로 289-1,경북 울진군 후포면 후포리 559-29,3325021,4793038021,2023-06-04 17:22,1,11000,흑임자 라떼;아이스티,
f_f000433,2306030004,2,0,0,1,1,5028617068,(주)신세계 동대구 복합환승센터,대구 동구 동부로 149,대구 동구 신천동 1506,3142009,2714010200,2023-06-03 20:19,3,44800,팩토리(잡화);팩토리(남성/스포츠),
f_f000433,2306030001,1,1,1,1,1,4205300739,등촌샤브칼국수,대구 북구 침산남로 56,대구 북구 노원동1가 9-1,3145043,2723010700,2023-06-03 14:46,1,40000,버섯칼국수;소고기샤브,
f_f000433,2306030005,1,1,1,1,1,2018189723,KFC,대구 수성구 동대구로 155,대구 수성구 황금동 782,3007004,2726010700,2023-06-03 20:59,1,18900,헬짱버거팩,
f_f000433,2306030004,2,2,2,1,1,8098101574,CJ올리브영(주),대구 동구 동부로 149,대구 동구 신천동 1506,3142009,2714010200,2023-06-03 18:59,3,108300,종이쇼핑백(소);싸이닉 엔조이 슈퍼 마일드 선 매가행사;에스트라 아토베리어365 하이 매가행사;에스트라 아토베리어365 로션 매가행사;라운드어라운드 그린티 약산성 매가행사 ,
f_f000433,2306030004,2,3,3,1,1,2138152063,(주)아성다이소,대구 남구 중앙대로 255,대구 남구 대명동 1791-1,2007001,2720010300,2023-06-03 18:05,1,10000,에센셜마스크시트(알로에);실리콘배수구거름망;사각스펀지비누받침;베니베키 액티비티 컬러선패;에센셜마스크시트(그린티),
f_f000433,2306030004,2,4,4,1,1,5142365739,알파(중앙점),대구 남구 중앙대로 253-2,,2007001,2720010300,2023-06-03 17:51,1,3000,올림포스/산리오키링/개,
f_f000437,2305160010,1,0,0,0,3,,동부한우갈비,강남14길81,,,,,3,138000,,4717013900
f_f000437,2305170004,1,0,0,0,3,,하회솔밭식당,하회리 276,,,,,3,50000,,4717034000
f_f000437,2305160007,1,0,0,1,3,7858502595,까치와호랑이,경북 안동시 북후면 물한길 16-11,,4721416,4717032026,2023-05-16 15:13,1,24500,카페라떼(ICE);아메리카노(ICE;아메리카노(HOT;소금빵;조각케이크,
f_f000437,2305170006,1,0,0,1,3,2854400546,옥야식당,경북 안동시 중앙시장2길 46,,4722072,4717011900,2023-05-17 17:53,1,30000,,
f_f000437,2305160011,3,0,0,1,3,7348501870,(주)글로벌코리아안동지점,경북 안동시 민속촌길 26,경북 안동시 성곡동 815-1,4721427,4717013000,2023-05-16 19:51,1,28000,문보트,
f_f000461,2306030002,1,0,0,0,2,,스마트띠아모,1로 58,,,,,1,5000,,2635010500
f_f000461,2306020002,1,0,0,1,2,1078657147,스토리웨이,경기 수원시 팔달구 덕영대로 924,,3012001,4111513400,2023-06-02 14:39,3,6000,해태)구운감자;영우)롱단양식불고기;동아)포카리스웨트,
f_f000461,2306020005,1,0,0,1,2,8032101117,정밤,경북 경주시 사정로50번길 5-1,경북 경주시 사정동 123-13,4715586,4713010900,2023-06-02 19:52,1,50000,도나스나베;수제 닭가라아게;얼그레이하이볼,
f_f000461,2306030005,1,0,0,1,2,1776100198,나가하마만게츠(장면만월),부산 해운대구 우동1로 57,부산 해운대구 우동 397-22,3133030,2635010500,2023-06-03 15:28,1,32000,라멘교자세트;나가하마라멘;아지타마고;차슈추가;산가리아 우롱차,
f_f000461,2306030008,1,0,0,1,2,8591400898,광안리 끄티집,부산 수영구 민락로13번길 21,부산 수영구 민락동 175-19,4214205,2650010300,2023-06-03 22:41,1,46000,소고기말이찜;하이볼(산토리);해파게티,
f_f000461,2306040002,1,0,0,1,2,6376500515,고메밀면,부산 해운대구 구남로 13-1,,3132002,2635010500,2023-06-04 11:42,1,18500,물;비빔,
f_f000461,2306030004,2,0,0,1,2,,히피몬드,부산 해운대구 우동1로38번가길 1,부산 해운대구 우동 517-3,4199131,2635010500,2023-06-03 14:31,1,8000,기타;엽서2천원;엽서세트,
f_f000461,2306030006,2,0,0,1,2,6173693382,CU,부산 해운대구 해운대로 550,,2006010,2635010500,2023-06-03 16:37,1,1950,제주삼다수P2L,
f_f000461,2306030007,2,0,0,1,2,3058800859,스카이라인루지 부산,부산 기장군 기장읍 기장해안로 205,부산 기장군 기장읍 시랑리 산 46,3140057,2671025033,2023-06-03 19:39,1,22000,,
f_f000461,2306040003,2,0,0,1,2,2148106825,아트박스,부산 해운대구 구남로 16,부산 해운대구 우동 541-2,3132002,2635010500,2023-06-04 12:44,1,16900,델가드(GR/그립)블루;전자동연필;HIP한냥이키링;비매종이쇼,
f_f000461,2306030001,3,0,0,1,2,1138521083,NHN한국사이버결제 주식회사 ,서울 구로구 디지털로26길 72,서울 구로구 구로동 222-22,4148327,1153010200,2023-05-27 00:00,1,39000,SEA LIFE Busan 해피타임 입장권,
f_f000461,2306020006,1,1,1,1,2,7925800605,왕가탕후루 경주점,경북 경주시 포석로1068번길 15,경북 경주시 황남동 74-15,4716229,4713011000,2023-06-02 20:06,1,3000,딸기,
f_f000461,2306020002,2,1,1,1,2,1078657147,(주)아성다이소,경기 수원시 팔달구 덕영대로 924,,3012001,4111513400,2023-06-02 12:49,1,7000,짱구_투명파우치(중);짱구_투명파우치(소);3단블랙 다이얼자물쇠;크리넥스 데일리 KF94블랙;늘어나는키홀더(카라비너),
f_f000461,2306030007,3,1,1,1,2,3058800859,스카이라인루지 부산,부산 기장군 기장읍 기장해안로 205,부산 기장군 기장읍 시랑리 산 46,3140057,2671025033,2023-06-03 18:57,1,45900,,
f_f000461,2306020002,2,1,1,2,2,1248128579,수원애경역사(주) 수원점,경기 수원시 팔달구 덕영대로 924,,3012001,4111513400,2023-06-02 13:01,1,7900,원더플레이스 의류,
f_f000461,2306020002,2,1,1,3,2,1248567250,(주)이랜드월드패션 수원애경점,경기 수원시 팔달구 덕영대로 924,경기 수원시 팔달구 매산로1가 18,3012001,4111513400,2023-06-02 13:52,1,119900,스파오 의류,
f_f000461,2306030001,2,2,2,1,2,6173693382,CU,부산 해운대구 해운대로 550,부산 해운대구 우동 777,2006010,2635010500,2023-06-03 10:22,1,3200,포카리스웨트;HEYROO미네랄워터,
f_f000461,2306040003,2,2,2,1,2,2758502292,해운대 선물가게,부산 해운대구 해운대해변로 264,부산 해운대구 우동 620-3,3133043,2635010500,2023-06-04 13:16,1,42800,코스마일]행운팔찌_겨울_억새;넓은뿌리]넓은뿌사각자석_통합;카페385]부산MBTI,
f_f000461,2306040003,2,3,3,1,2,6892201371,컴포즈커피,부산 해운대구 해운대해변로 271,부산 해운대구 중동 1417-2,3133043,2635010600,2023-06-04 14:59,1,3500,블루레몬에이드(ICE),
f_f000473,2305280006,1,0,0,0,2,,감성포차,673-4,,,,,4,100000,,4889025021
f_f000473,2305280004,1,0,0,1,2,,고기굽는빵구네,경남 합천군 합천읍 대야로 935,경남 합천군 합천읍 합천리 1507,3348043,4889025021,2023-05-28 18:46,1,33000,삼겹살,
f_f000473,2305290001,2,0,0,2,2,5469200103,합천소문난고기집,경남 합천군 합천읍 옥산로 62,경남 합천군 합천읍 합천리 413-3,3348048,4889025021,2023-05-29 12:18,1,36000,,
f_f000484,2305240005,1,0,0,0,3,,브런치빈(부산명지점),명지오션시티4로 94  7층 1호,,,,,1,58800,,2644010400
f_f000484,2305290004,1,0,0,0,3,,새문순대국,충정로5길 2,,,,,1,27000,,1141010200
f_f000484,2305270004,3,0,0,0,3,,거제씨월드,지세포해안로 15 거제씨월드,,,,,1,91600,,4831031000
f_f000484,2305290002,3,0,0,0,3,,바운스트램폴린파크,거제북로 2501-40 벨버디어 내,,,,,1,28800,,4831039000
f_f000484,2305230002,1,0,0,1,3,3038525552,괴산(하)휴게소,충북 괴산군 장연면 중부내륙고속도로 205,충북 괴산군 장연면 오가리 103,1000020,4376032021,2023-05-23 13:27,1,21000,코바코치즈돈가스;화덕고등어구이,
f_f000484,2305230004,1,0,0,1,3,7896300559,브런치빈(부산명지점),부산 강서구 명지오션시티4로 94,부산 강서구 명지동 3237-12,3136045,2644010400,2023-05-23 18:26,1,120300,올엑스트라;오리엔탈쉬림프필라프;프라임큐브스테이크;쉬림프알리오올리오;스파이시쉬림프파스타;페퍼로니피자,
f_f000484,2305230005,1,0,0,1,3,6721600150,설빙,부산 강서구 명지오션시티12로 64,부산 강서구 명지동 3237,3136071,2644010400,2023-05-23 20:57,1,35300,인절미설빙;애플망고치즈설빙;생딸기설빙(딸기),
f_f000484,2305240002,1,0,0,1,3,2765700090,금호설렁탕,부산 강서구 명지오션시티4로 100,부산 강서구 명지동 3237-10,3136045,2644010400,2023-05-24 14:09,1,30000,,
f_f000484,2305250001,1,0,0,1,3,1018130747,한화호텔앤드리조트,경남 거제시 장목면 거제북로 2501-40,경남 거제시 장목면 농소리 25,3337004,4831039023,2023-05-25 14:24,1,13700,바람의 핫도그;고기만두;소떡소떡,
f_f000484,2305260001,1,0,0,1,3,2128125544,이마트 에브리데이,부산 강서구 명지오션시티4로 68,부산 강서구 명지동 3238-13,3136045,2644010400,2023-05-26 14:37,3,51740,해태 구운감자;해태 홈런볼초코스낵다다익선;매일엔요10입 기획;하이네켄캔,
f_f000484,2305270003,1,0,0,1,3,3790802176,블루밀(BLUEMEAL),경남 거제시 일운면 지세포해안로 88,,3337055,4831031024,2023-05-27 14:39,1,171000,부채살스테이크;오늘의 파스타;버섯크림파스타;계절샐러드;마르게리따 피자,
f_f000484,2305270006,1,0,0,1,3,6032530344,동백초장,부산 사하구 다대동로8번길 81,부산 사하구 다대동 355-36,4202172,2638010600,2023-05-27 20:47,1,42000,,
f_f000484,2305280001,1,0,0,1,3,8950101777,만호갈미샤브샤브,부산 강서구 르노삼성대로 602,부산 강서구 명지동 1532-14,2136003,2644010400,2023-05-28 13:04,1,132000,,
f_f000484,2305280002,1,0,0,1,3,1018130747,한화호텔앤리조트(주)거제 벨버디어,경남 거제시 장목면 거제북로 2501-40,경남 거제시 장목면 농소리 25,3337004,4831039023,2023-05-28 18:47,1,93800,"육회불고기비빔밥;육회,밥X);불고기,밥X);(추가_공기밥_대접;떡볶이(4개);매운소갈비찜",
f_f000484,2305290003,1,0,0,1,3,1411800591,외가집,경남 창원시 진해구 만금로 11,경남 창원시 진해구 용원동 1119-10,3331015,4812916400,2023-05-29 13:36,1,81000,돼지갈비(단품);LA갈비(행사);된장찌개;공기밥;계란찜,
f_f000484,2305270006,1,0,0,2,3,3799501691,이은호,부산 사하구 다대로 617,부산 사하구 다대동 382-3,3134007,2638010600,2023-05-27 19:02,1,70000,,
f_f000484,2305240003,2,0,0,2,3,2138152063,(주)아성다이소,서울 강남구 남부순환로 2748,,2000003,1168011800,2023-05-24 14:53,1,16000,메탈로보카(그라운드);애견 키우기세트;펫키우기미니어쳐;리틀카카오프렌즈_위생변기커버;어린이옷걸이,
f_f000484,2305290002,1,1,1,1,3,,아이스크림 먹는 곰 ,경남 거제시 장목면 거제북로 2501-40,경남 거제시 장목면 농소리 25,3337004,4831039023,2023-05-29 10:23,1,6600,초코곰(CON);콘변경,
f_f000484,2305260001,3,1,1,1,3,1018130747,한화호텔앤드리조트(주),경남 거제시 장목면 거제북로 2501-40,경남 거제시 장목면 농소리 25,3337004,4831039023,2023-05-26 15:50,1,120000,입장권,
f_f000484,2305270001,3,1,1,1,3,1018130747,한화호텔앤드리조트,경남 거제시 장목면 거제북로 2501-40,경남 거제시 장목면 농소리 25,3337004,4831039023,2023-05-27 11:10,1,48800,1세션_투숙객;대인_투숙객;그립삭스XS;그립삭스S;그립삭스XL,
f_f000484,2305230002,6,1,1,1,3,3038525547,괴산(마산)주유소,충북 괴산군 장연면 중부내륙고속도로 205,충북 괴산군 장연면 오가리 103,1000020,4376032021,2023-05-23 14:26,1,81000,주유비,
f_f000484,2305250001,3,2,2,0,3,,한화호텔앤드리노트(주) 거제 벨버디어,거제북로 2501-40,,,,,1,72000,,4831039000
f_f000484,2305240005,1,2,2,1,3,1384600813,꿈꾸는요리사,부산 강서구 명지오션시티4로 62,부산 강서구 명지동 3238-15,3136045,2644010400,2023-05-24 19:19,1,26450,쇼콜라클래식;동글이찹쌀도넛;글자초;낙엽피자;찹쌀꽈배기,
f_f000484,2305260002,1,2,2,1,3,6063626995,김가네가야밀면,부산 강서구 공항앞길 21,,4208101,2644010200,2023-05-26 13:59,1,21500,,
f_f000484,2305290004,1,2,2,1,3,1208741422,할리스,경북 성주군 용암면 중부내륙고속도로 76,,1000020,4784032041,2023-05-29 15:11,1,11200,R)카푸치노(휴);V)ICED카페아메리카;에스프레소샷 추가,
f_f000484,2305290004,6,3,3,1,3,1358531034,죽전(서울)주유소,경기 용인시 수지구 경부고속도로 400,,1000001,4146510200,2023-05-29 18:48,1,77000,,
f_f000484,2305250001,1,4,4,0,3,,한화호텔앤드리조트(주) 거제 벨버디어,거제북로 2501-40  고메이,,,,,1,24900,,4831039000
f_f000484,2305260001,1,4,4,1,3,1790901180,소나무횟집,경남 거제시 장목면 거제북로 2633-14,,3337004,4831039024,2023-05-26 19:19,1,80000,,
f_f000489,2306060009,1,0,0,0,1,,노웨어,909-10 1층,,,,,1,41000,,4221010600
f_f000489,2306070002,3,0,0,0,1,,주식회사바다서프리조트,새마을길 66 1층,,,,,1,55000,,4221010800
f_f000489,2306060005,1,0,0,1,1,2270671631,동해막국수분점,강원특별자치도 양양군 양양읍 포월윗말길 2,,4505203,5183025031,2023-06-06 14:18,1,24000,,
f_f000489,2306060008,1,0,0,1,1,7574501028,다래헌,강원특별자치도 속초시 영금정로 7,강원특별자치도 속초시 동명동 68-3,3223009,5121010200,2023-06-06 18:57,1,27000,익은지 통삼겹 김치찜;공기밥,
f_f000489,2306070004,1,0,0,1,1,8272000489,보미네국수,강원특별자치도 속초시 수복로 259,강원특별자치도 속초시 동명동 450-138,3223007,5121010200,2023-06-07 15:03,1,7000,,
f_f000489,2306070005,1,0,0,1,1,4182061278,소호카페앤스튜디오,강원특별자치도 속초시 수복로259번길 11,강원특별자치도 속초시 동명동 261-17,4469145,5121010200,2023-06-07 15:07,1,4500,ICE 아메리카노,
f_f000489,2306060007,2,0,0,1,1,2278200498,대한불교조계종 낙산사,강원특별자치도 양양군 강현면 낙산사로 100,,3235004,5183035039,2023-06-06 16:57,1,24000,,
f_f000489,2306070003,6,0,0,1,1,2278200595,강원도 속초 의료원,강원특별자치도 속초시 영랑호반길 3,,4469180,5121010100,2023-06-07 00:00,1,19610,약품비,
f_f000489,2306070002,3,1,1,1,1,2518101488,주식회사바다서프리조트,강원특별자치도 속초시 새마을길 66,강원특별자치도 속초시 조양동 1480-104,4469127,5121010800,2023-06-07 09:44,1,10000,슈트,
f_f000492,2305150002,1,0,0,1,4,2261191472,도미노피자알펜시아점,강원 평창군 대관령면 솔봉로 325,,3228016,4276038026,2023-05-15 18:28,1,32000,,
f_f000492,2305150004,1,0,0,1,4,2248505665,문막하휴게소,강원 원주시 문막읍 원문로 1234,,3219041,4213025022,2023-05-15 11:18,1,18000,소떡소떡;케이크소세지,
f_f000492,2305150005,1,0,0,1,4,2262953148,진태원,강원 평창군 대관령면 횡계길 19,강원 평창군 대관령면 횡계리 325-18,4484421,4276038024,2023-05-15 15:37,1,44000,,
f_f000492,2305160003,1,0,0,1,4,2268531121,평창한우마을대관령,강원 평창군 대관령면 경강로 5195-25,강원 평창군 대관령면 횡계리 377-12,3000145,4276038024,2023-05-16 16:50,1,178400,한우 냉장 살치살;한우등채모둠(2등급),
f_f000492,2305170002,1,0,0,1,4,2218517804,맥도날드,강원 춘천시 영서로 2173,강원 춘천시 퇴계동 418-20,3013022,4211012300,2023-05-17 12:50,1,23000,맥너겟/해피밀;크리스피 디럭스/런치;레몬맥피즈/스프라이M;베이컨토마토/런치세트,
f_f000492,2305170004,1,0,0,1,4,2211079078,곰배령,강원 춘천시 춘천로 19,강원 춘천시 온의동 582,3218037,4211012100,2023-05-17 20:15,1,52000,,
f_f000492,2305180001,1,0,0,1,4,6178199974,레고랜드코리아 유한회사,강원 춘천시 하중도길 128,강원 춘천시 중도동 603,4454745,4211012900,2023-05-18 12:56,1,11000,,
f_f000492,2305150003,3,0,0,1,4,2268151852,농협회사법인대관령양떼목장(주),강원 평창군 대관령면 대관령마루길 483-32,,4484080,4276038024,2023-05-15 13:24,1,19000,입장권,
f_f000492,2305160002,3,0,0,1,4,4858102533,알펜시아 리조트 오션700,강원 평창군 대관령면 솔봉로 325,,3228016,4276038026,2023-05-08 00:00,1,75000,오션700 종일권,
f_f000492,2305170003,3,0,0,1,4,2218138586,강촌레일바이크 김유정역,강원 춘천시 신동면 김유정로 1383,강원 춘천시 신동면 증리 323-2,3218006,4211033024,2023-05-17 14:01,1,48000,탑승권구입,
f_f000492,2305160003,1,0,0,2,4,8528500728,평창한우마을대관령식당,강원 평창군 대관령면 경강로 5195-25,,3000145,4276038024,2023-05-16 17:54,1,26000,,
f_f000492,2305180001,1,0,0,2,4,,KIGHT'S FEAST,강원 춘천시 하중도길 128,강원 춘천시 중도동 603,4454745,4211012900,2023-05-18 12:50,1,11000,후라이드치킨 반마리,
f_f000492,2305160002,1,1,1,1,4,4858102533,알펜시아스포츠파크,강원 평창군 대관령면 솔봉로 325,,3228016,4276038026,2023-05-16 14:38,1,43500,구명자켓;곤음료;아메리카노ICE;돈가스함박콤보,
f_f000492,2305170003,1,1,1,1,4,2210527810,강촌레일파크매점(2호,강원 춘천시 남산면 강촌로 30,강원 춘천시 남산면 강촌리 산 88-1,3350180,4211040027,2023-05-17 15:13,1,6000,,
f_f000492,2305150004,2,1,1,1,4,2248505665,문막하휴게소,강원 원주시 문막읍 원문로 1234,,3219041,4213025022,2023-05-15 11:38,1,4600,코코팜피치PET;미쯔;핑크퐁(오렌지),
f_f000492,2305160001,2,1,1,1,4,1178527129,CU,강원 평창군 대관령면 솔봉로 325,,3228016,4276038026,2023-05-16 18:26,1,10500,월드콘;대파콘소메맛팝콘,
f_f000492,2305180001,2,1,1,1,4,6178199974,레고랜드코리아 유한회사,강원 춘천시 하중도길 128,강원 춘천시 중도동 603,4454745,4211012900,2023-05-18 15:53,1,13500,,
f_f000492,2305150002,3,1,1,1,4,4858102533,알펜시아스포츠파크,강원 평창군 대관령면 솔봉로 325,,3228016,4276038026,2023-05-15 17:05,1,17600,루지-1회권;루지-소인동승,
f_f000492,2305170002,2,2,2,1,4,7968500210,세븐일레븐,강원 평창군 용평면 탑거리길 63,강원 평창군 용평면 이목정리 472-2,4484375,4276035022,2023-05-17 10:48,1,7200,홈런볼 초코;귀여운내친구뽀로로밀크맛;편의점봉투;오리온초코송이,
f_f000492,2305180001,3,2,2,1,4,,,,,,,2023-05-18 00:00,1,176000,1-Day Entry-20% off Weekday 대인;소인,
f_f000492,2305170002,2,2,2,2,4,7968500210,평창자연휴게소,강원 평창군 용평면 탑거리길 63,강원 평창군 용평면 이목정리 472-2,4484375,4276035022,2023-05-17 10:45,1,4800,I아메리카노(신);사이즈업,
f_f000492,2305180001,1,3,3,1,4,6178199974,레고랜드코리아 유한회사,강원 춘천시 하중도길 128,강원 춘천시 중도동 603,4454745,4211012900,2023-05-18 13:29,1,4500,,
f_f000492,2305150002,3,4,4,1,4,5768701394,브이알게임,강원 평창군 대관령면 솔봉로 325,,3228016,4276038026,2023-05-15 17:26,1,6000,,
f_f000492,2305150002,2,5,5,1,4,1178527129,CU,강원 평창군 대관령면 솔봉로 325,,3228016,4276038026,2023-05-15 18:26,1,19100,맥스봉치즈;새우깡;하이네켄슈퍼캔;실속버터구이;상상안심육포;친환경)CU백색봉투대,
f_f000493,2305190004,1,0,0,1,4,2220896816,부산감자옹심이,강원 태백시 시장안1길 28,,4466130,4219010100,2023-05-19 13:55,3,38000,감자부침;옹심이,
f_f000493,2305200003,1,0,0,1,4,2220896816,부산감자옹심이,강원 태백시 시장안1길 28,,4466130,4219010100,2023-05-20 11:30,1,28000,옹심이;감자부침,
f_f000493,2305200004,1,0,0,1,4,2778200192,카페유리나라,강원 삼척시 도계읍 강원남부로 893-36,강원 삼척시 도계읍 심포리 410,3013008,4223025035,2023-05-20 12:13,1,16000,망고요거트스무디;블루베리요거트스무디;카라멜마끼아또ICE;아이스 아메리카노,
f_f000493,2305200007,1,0,0,1,4,2220964529,기와집갈비,강원 태백시 짐대배기2길 4,강원 태백시 황지동 187,4466185,4219010100,2023-05-20 19:13,1,97000,양념고기;소주;21곡밥,
f_f000493,2305200001,2,0,0,1,4,,세븐일레븐,강원 태백시 번영로 17,강원 태백시 황지동 172-38,3222006,4219010100,2023-05-20 19:31,1,7400,,
f_f000493,2305200002,3,0,0,1,4,,삼척 도계유리나라,강원 삼척시 도계읍 강원남부로 893-36,강원 삼척시 도계읍 심포리 410,3013008,4223025035,2023-05-20 09:36,1,54000,유리공예체험(개인),
f_f000493,2305210002,3,0,0,1,4,,하이원추추파크,강원 삼척시 도계읍 심포남길 99,강원 삼척시 도계읍 심포리 231-3,4472206,4223025035,2023-05-21 00:00,1,31500,탑승권구입,
f_f000493,2305210003,3,0,0,1,4,2228205426,강원종합박물관,강원 삼척시 신기면 강원남부로 3016,,3013008,4223036021,2023-05-21 13:07,1,25000,입장권,
f_f000493,2305190002,2,1,1,1,4,3021501118,민'S 분식,강원 태백시 새시장길 63,강원 태백시 황지동 38-8,4466103,4219010100,2023-05-19 17:54,1,28500,,
f_f000493,2305210002,3,1,1,1,4,2228124770,하이원추추파크,강원 삼척시 도계읍 심포남길 99,강원 삼척시 도계읍 심포리 231-3,4472206,4223025035,2023-05-21 09:01,1,40000,,
f_f000493,2305190003,2,1,1,2,4,2018121515,스타벅스,서울 강동구 상일로10길 36,,4172445,1174010300,2023-05-19 07:17,3,25200,V)딸기요거트B;G)망고바나나B;I-V)BLD카페라떼;G)아메리카노,
f_f000493,2305210002,3,1,1,2,4,,하이워추추파크,강원 삼척시 도계읍 심포남길 99,강원 삼척시 도계읍 심포리 231-3,4472206,4223025035,2023-05-21 00:00,1,40000,탑승권구입,
f_f000493,2305190002,2,2,2,1,4,1058222737,하나로마트,강원 태백시 시장북길 19,강원 태백시 황지동 38-349,4466129,4219010100,2023-05-19 17:43,3,17400,양파링;오리온 꼬북칩 콘스프;카페라떼바리스타;쓰레기봉투20L;팔도뽀로로밀크맛,
f_f000516,2305200004,1,0,0,0,2,,솔티캐빈 양양점,새나루길 31,,,,,1,11000,,4283034000
f_f000516,2305190004,2,0,0,0,2,,주문진항 좌판,주문리,,,,,3,50000,,4215025000
f_f000516,2305200001,3,0,0,0,2,,휴휴암,광진2길 3-16,,,,,3,2000,,4283034000
f_f000516,2305200002,1,0,0,1,2,4751901165,양양버거,강원 양양군 현남면 인구중앙길 103-2,강원 양양군 현남면 시변리 10-4,4505163,4283034024,2023-05-20 12:06,1,27000,불고기버거세트;어니언링;생맥주;불고기버거세트,
f_f000516,2305200006,1,0,0,1,2,4543600676,어촌마을포차,강원 양양군 현남면 인구항길 22,강원 양양군 현남면 인구리 1-124,4505164,4283034021,2023-05-20 18:20,1,75000,조개한판;맥주;해물라면,
f_f000516,2305200008,1,1,1,1,2,5338501243,플리즈웨잇,강원 양양군 현남면 인구길 28-23,강원 양양군 현남면 인구리 636-5,4505161,4283034021,2023-05-20 18:49,1,10000,테라 생맥주,
f_f000516,2305200001,2,2,2,1,2,5160600211,휴휴암,강원 양양군 현남면 광진2길 3-16,,4505023,4283034026,2023-05-20 10:49,1,10000,생활용품,
f_f000532,2306020003,1,0,0,1,4,6128509892,고성(통영)휴게소,경남 고성군 대가면 통영대전고속도로 29,,1000016,4882035027,2023-06-02 09:13,1,21000,냄비우동;유부우동;해물순두부,
f_f000532,2306020009,1,0,0,1,4,3787400127,포르투나호텔,경남 통영시 미수해안로 152,경남 통영시 봉평동 446-2,3333009,4822011600,2023-06-02 20:04,1,40000,,
f_f000532,2306030003,1,0,0,1,4,6120112567,통영식당,경남 통영시 통영해안로 213,경남 통영시 서호동 177-385,3333042,4822010200,2023-06-03 16:31,1,98000,,
f_f000532,2306040001,2,0,0,1,4,1078163829,(주)코스트코 코리아,대구 북구 검단로 97,대구 북구 산격동 1817,3145004,2723011100,2023-06-04 12:12,1,157520,광어회;돈육고추장불고기;양념 소불고기;봉지멍게;초밥세트,
f_f000532,2306020006,3,0,0,1,4,6120575366,원조뚱보할매김밥,경남 통영시 통영해안로 325,,3333042,4822010500,2023-06-02 13:45,1,28000,,
f_f000532,2306020004,6,0,0,1,4,1980900557,강남치과의원,경남 통영시 중앙로 297,경남 통영시 북신동 696,3333033,4822011000,2023-06-02 10:53,1,23800,,
f_f000532,2306020007,1,0,0,3,4,1895500638,울산다찌,경남 통영시 미수해안로 157,경남 통영시 봉평동 447,3333009,4822011600,2023-06-02 19:58,1,124000,다찌큰상B,
f_f000538,2306040003,3,0,0,0,4,,삼척해양레일바이크,공양왕길2,,,,,1,35000,,4223031000
f_f000538,2306030002,1,0,0,1,4,2148608930,광주하(원주)휴게소,경기 광주시 곤지암읍 만삼로 270,,3211013,4161025929,2023-06-03 08:46,1,15000,통감자;얼음식혜;호두과자,
f_f000538,2306030004,1,0,0,1,4,6280601774,이어도국수집,강원특별자치도 동해시 일출로 67-4,,3221030,5117012300,2023-06-03 12:33,1,30000,,
f_f000538,2306030009,1,0,0,1,4,1014161230,맥시칸치킨사직점,강원특별자치도 삼척시 중앙로2길 48,강원특별자치도 삼척시 사직동 319-3,4472313,5123012100,2023-06-03 18:26,1,23000,,
f_f000538,2306030010,1,0,0,1,4,3915600000,해도지횟집오복미가,강원특별자치도 삼척시 새천년도로 511,강원특별자치도 삼척시 교동 413-5,3224020,5123010600,2023-06-03 18:42,1,25000,물회 특,
f_f000538,2306040004,1,0,0,1,4,8340700101,다보,강원특별자치도 동해시 묵호시장길 32,강원특별자치도 동해시 묵호진동 15-6,4463102,5117012300,2023-06-04 18:47,1,44000,,
f_f000538,2306050002,1,0,0,1,4,6998500317,소노인터내셔널,강원특별자치도 삼척시 수로부인길 453,,4472195,5123010700,2023-06-05 17:21,1,17100,아이스카페라떼;레몬에이드;아이스초코(I),
f_f000538,2306050003,1,0,0,1,4,8256900556,일가,강원특별자치도 삼척시 새천년도로 626,강원특별자치도 삼척시 갈천동 138-2,3224020,5123010700,2023-06-05 18:46,1,95000,비빔막국수;물막국수;한우육개장;돼지갈비;된장찌개+공기밥,
f_f000538,2306030006,1,1,1,1,4,7829200937,추암양지건어물,강원특별자치도 동해시 촛대바위길 8,강원특별자치도 동해시 추암동 1-3,4463203,5117011400,2023-06-03 13:28,1,12000,,
f_f000538,2306050001,6,1,1,1,4,6998500317,소노인터내셔널,강원특별자치도 삼척시 수로부인길 453,,4472195,5123010700,2023-06-05 11:16,1,190000,입장권,
f_f000538,2306050001,6,2,2,1,4,6998500317,소노인터내셔널,강원특별자치도 삼척시 수로부인길 453,,4472195,5123010700,2023-06-05 16:59,1,54000,SET  B 새우튀김;버팔로윙과 순살;구명조끼,
f_f000543,2305180007,1,0,0,0,1,,찹쌀붕어빵,북평민속마을 내 붕어빵 포장마차,,,,,3,1000,,4217011300
f_f000543,2305160007,1,0,0,1,1,2261192898,갤러리밥스,강원 강릉시 난설헌로 144,강원 강릉시 포남동 82-7,3220009,4215011100,2023-05-16 14:34,1,6000,초옥이오트밀,
f_f000543,2305160009,1,0,0,1,1,4418101999,주식회사동화가든원조짬순,강원 강릉시 초당순두부길77번길 15,강원 강릉시 초당동 309-1,4460952,4215011200,2023-05-16 18:23,1,13000,,
f_f000543,2305170001,1,0,0,1,1,6618502057,마카모예 베이글바,강원 강릉시 율곡로 2881-2,강원 강릉시 교동 183-358,3220032,4215011000,2023-05-17 10:19,1,11000,초당두부 ICE,
f_f000543,2305170002,1,0,0,1,1,2263210891,뚱보냉면,강원 강릉시 토성로 156-2,강원 강릉시 임당동 72-3,3220046,4215010500,2023-05-17 13:10,1,10000,함비,
f_f000543,2305170013,1,0,0,1,1,2740102251,진모래회집,강원 동해시 일출로 125-1,강원 동해시 묵호진동 2-483,3221030,4217012300,2023-05-17 18:51,1,20000,,
f_f000543,2305170014,1,0,0,1,1,7147000515,한결,강원 동해시 일출로 195,강원 동해시 묵호진동 2-453,3221030,4217012300,2023-05-17 19:06,1,5000,HOT히비스커스,
f_f000543,2305180004,1,0,0,1,1,1791401641,라운드어바웃,강원 동해시 발한로 220,강원 동해시 발한동 31-23,3221018,4217011100,2023-05-18 11:04,1,5300,흑임자크림커피,
f_f000543,2305180006,1,0,0,1,1,4840202307,초당쫄면순두부,강원 동해시 해안로 515-1,,3221042,4217011100,2023-05-18 12:21,1,8500,쫄면 순두부,
f_f000543,2305180009,1,0,0,1,1,6647900270,파스쿠찌,강원 동해시 해안로 374,강원 동해시 평릉동 94-4,3221042,4217010200,2023-05-18 16:18,1,6800,P시칠리아레몬그라니,
f_f000543,2305180010,1,0,0,1,1,1120894700,어향,강원 동해시 중앙시장길 24,강원 동해시 발한동 302-29,4463185,4217011100,2023-05-18 18:27,1,11000,,
f_f000543,2305170007,2,0,0,1,1,6761501760,잔잔하게,강원 동해시 발한로 215-2,,3221018,4217011100,2023-05-17 15:34,1,14000,도서,
f_f000543,2305170008,2,0,0,1,1,4942601112,노매럴스튜디오,강원 동해시 중앙시장길 12,강원 동해시 발한동 7-1,4463185,4217011100,2023-05-17 15:50,1,10000,마테;사진 스티커팩;미니 무지 노트,
f_f000543,2305170009,2,0,0,1,1,7108700826,동해우리마트(주),강원 동해시 발한로 237,강원 동해시 발한동 290,3221018,4217011100,2023-05-17 16:00,1,1900,롯데펩시제로슈거;롯데스피아민트,
f_f000543,2305170015,2,0,0,1,1,7704200638,이마트24,강원 동해시 해맞이길 296,강원 동해시 묵호진동 4-138,4463225,4217012300,2023-05-17 20:31,1,5900,빅웨이브골드캔;핵짱셔요후르츠;농심)멘토스레인보우,
f_f000543,2305180011,2,0,0,1,1,2498100472,새누에스씨,,,,,2023-05-18 18:40,1,1200,보관료,
f_f000543,2305170010,6,0,0,1,1,2498100472,새누에스씨,서울 금천구 가산디지털1로 171,서울 금천구 가산동 371-41,3117001,1154510100,2023-05-17 17:07,1,200,보관료,
f_f000543,2305160006,1,1,1,1,1,5616500300,기동이네장칼국수,강원 강릉시 강릉대로 461,강원 강릉시 포남동 1056-3,2220001,4215011100,2023-05-16 13:33,1,9000,,
f_f000543,2305160009,2,1,1,1,1,5938501978,세븐일레븐,강원 강릉시 창해로 439,강원 강릉시 강문동 302-2,3220043,4215011300,2023-05-16 17:22,1,2000,칠성)더하다옥수수수염차;칠성)더하다보리차,
f_f000543,2305170002,2,1,1,1,1,7931401224,오어즈,강원 강릉시 임영로 193,강원 강릉시 교동 860-7,3220034,4215011000,2023-05-17 12:22,1,19500,포스터;엽서,
f_f000543,2305170006,2,1,1,1,1,2498100472,새누에스씨,,,,,2023-05-17 14:56,1,1000,물품보관료,
f_f000543,2305180003,6,1,1,1,1,2498100472,새누에스씨,서울 금천구 가산디지털1로 171,서울 금천구 가산동 371-41,3117001,1154510100,2023-05-18 10:41,1,1000,물품보관 보관료,
f_f000543,2305180008,2,2,2,1,1,6392301053,세븐일레븐,강원 동해시 한섬해안길 8,강원 동해시 천곡동 31-1,4463221,4217010100,2023-05-18 14:43,1,2300,아미)얼음컵(라지);자뎅)BIG로얄헤이즐럿,
f_f000568,2305200002,1,0,0,1,2,6935200515,농촌순두부,강원 강릉시 초당순두부길 108,,4460947,4215011300,2023-05-20 09:14,1,24000,,
f_f000568,2305200005,1,0,0,1,2,4763400712,은파횟집,강원 강릉시 창해로350번길 29,,4460933,4215011300,2023-05-20 13:51,1,45000,,
f_f000568,2305200006,1,0,0,1,2,4473600737,꾸옥,강원 강릉시 창해로 378,강원 강릉시 강문동 242-1,3220043,4215011300,2023-05-20 14:00,1,11500,아이스라떼;옥수수크림라떼,
f_f000568,2305200009,1,0,0,1,2,5081822916,현대장칼국수,강원 강릉시 임영로182번길 7-1,강원 강릉시 임당동 187-11,4460844,4215010500,2023-05-20 18:40,1,18000,,
f_f000568,2305200008,3,0,0,1,2,2268310063,오죽헌/시립박물관,강원 강릉시 율곡로3139번길 24,,4460817,4215013300,2023-05-20 15:50,1,6000,입장권,
f_f000568,2305200010,1,1,1,1,2,1734000677,놀랄호떡,강원 강릉시 금성로13번길 8-1,강원 강릉시 성남동 53-2,4460218,4215010800,2023-05-20 19:14,1,3000,,
f_f000568,2305200010,1,1,1,2,2,1053450585,중앙할인마트,강원 강릉시 금성로11번길 7,강원 강릉시 성남동 44-17,4460216,4215010800,2023-05-20 19:29,1,13550,,
f_f000586,2306010003,1,0,0,0,1,,속초버거킹dt점,1521-3,,,,,4,170,170,4221010800
f_f000586,2305310006,1,0,0,1,1,1018676277,버거킹,강원특별자치도 속초시 동해대로 4059,,2000023,5121010800,2023-05-31 18:33,3,170,아이스아메리카노(구독),
f_f000586,2306010001,1,0,0,1,1,7751900130,이마트24,강원특별자치도 속초시 아바이마을1길 6,,4469150,5121010900,2023-06-01 11:43,1,8500,카누)디카페인10입(미니);카누)마일드10입,
f_f000586,2305310005,1,0,0,2,1,7098101046,중앙닭강정,강원특별자치도 속초시 엑스포로 135-5,강원특별자치도 속초시 교동 1022-3,3223008,5121010600,2023-05-31 17:40,1,20000,뼈닭강정 보통맛,
f_f000586,2306010001,1,0,0,2,1,7751900130,이마트24,강원특별자치도 속초시 아바이마을1길 6,,4469150,5121010900,2023-06-01 12:00,3,3600,빙그레)더위사냥,
f_f000586,2306010002,6,1,1,1,1,,(주)케이지이니시스,,,,,2023-06-01 12:32,1,188,,
f_f000591,2305270001,1,0,0,0,3,,나드리김밥,,,,,,1,22500,,4874025024
f_f000591,2305270005,1,0,0,0,3,,대구반야월막창 창녕점,,,,,,1,43000,,4874025025
f_f000591,2305280003,1,0,0,0,3,,우포로와(수제햄거거),,,,,,1,37500,,4874033000
f_f000591,2305270008,6,0,0,1,3,6080450826,파리바게뜨,경남 창녕군 창녕읍 종로 39,경남 창녕군 창녕읍 교하리 91-2,3341040,4874025037,2023-05-27 14:21,3,38200,블레싱레드베리;NEW치즈소시지페이스츄리,
f_f000609,2305200007,2,0,0,0,4,,모자호떡,50,,,,,5,3500,,4215010800
f_f000609,2305190003,1,0,0,1,4,1076067951,정동진밥집,강원 강릉시 강동면 정동3길 46,강원 강릉시 강동면 정동진리 133-5,4460880,4215034028,2023-05-19 14:44,1,38000,공기밥;생선구이정식,
f_f000609,2305200003,1,0,0,1,4,1992901066,한솥,강원 강릉시 지변길 20,강원 강릉시 지변동 280-10,4460913,4215013200,2023-05-20 12:05,1,5000,왕치킨마요,
f_f000609,2305200006,1,0,0,1,4,3480402209,바우카페본점,강원 강릉시 사천면 진리해변길 109-1,강원 강릉시 사천면 사천진리 266-34,4460926,4215036025,2023-05-20 15:14,1,5500,바우커피,
f_f000609,2305210002,1,0,0,1,4,7421301724,강문옛태광식당,강원 강릉시 난설헌로 105,강원 강릉시 포남동 945,3220009,4215011100,2023-05-21 12:40,1,31000,생대구국;우럭미역국;공기밥,
f_f000609,2305210003,1,0,0,1,4,6838601813,순두부젤라또,강원 강릉시 경강로 2642,강원 강릉시 견소동 190-82,3000145,4215011500,2023-05-21 12:57,1,12000,,
f_f000609,2305190005,2,0,0,1,4,5118207227,사천농협하나로마트,강원 강릉시 사천면 미노길 78-7,강원 강릉시 사천면 미노리 493,4460409,4215036021,2023-05-19 16:52,1,23250,작은얼음;테라(캔);딸기바나나킥,
f_f000609,2305200001,3,0,0,1,4,2269078440,대관령아기동물농장,강원 강릉시 사천면 송암골길 197-13,강원 강릉시 사천면 노동리 819-13,4460581,4215036022,2023-05-20 09:56,1,44000,,
f_f000609,2305210001,3,0,0,1,4,,오죽헌/시립박물관,강원 강릉시 율곡로3139번길 24,,4460817,4215013300,2023-05-21 10:36,1,6000,관람권,
f_f000609,2305200007,2,1,1,0,4,,강릉봉팔삼촌젤라또,50,,,,,5,4000,,4215010800
f_f000609,2305200002,2,1,1,1,4,2269037129,동해건어물상회,강원 강릉시 창해로 377,강원 강릉시 강문동 237-3,3220043,4215011300,2023-05-20 11:40,1,15000,,
f_f000609,2305200008,2,1,1,1,4,3581002245,홍익돈까스 강릉점,강원 강릉시 가작로 151,강원 강릉시 교동 713-15,3220001,4215011000,2023-05-20 17:40,1,12500,안심까스,
f_f000609,2305200007,2,2,2,0,4,,곰돌이왕만두,50,,,,,5,5000,,4215010800
f_f000609,2305200009,2,2,2,1,4,2114502235,포남수산,강원 강릉시 경강로 2247,강원 강릉시 포남동 1147-8,3000145,4215011100,2023-05-20 17:19,1,17000,1인회세트외 1,
f_f000609,2305190006,6,2,2,1,4,7598501904,컨피네스오션스위트,강원 강릉시 사천면 진리항구2길 5,강원 강릉시 사천면 사천진리 86-81,4460924,4215036025,2023-05-19 17:18,1,42000,,
f_f000611,2305280002,1,0,0,1,5,1338122244,가평(춘천)휴게소,경기 가평군 설악면 미사리로540번길 51,,4448077,4182031026,2023-05-28 13:07,1,55000,옛날돈까스;멸치국시;(한촌)수만두설렁탕정식;한촌)떡갈비물막국수;만두육개장,
f_f000611,2305280004,6,0,0,1,5,3735400013,황토집숯불닭갈비,강원특별자치도 춘천시 신북읍 신샘밭로 656-9,강원특별자치도 춘천시 신북읍 천전리 89-4,3218027,5111025022,2023-05-28 19:05,3,77760,,
f_f000611,2305280004,6,0,0,2,5,3735400013,황토집숯불닭갈비,강원특별자치도 춘천시 신북읍 신샘밭로 656-9,강원특별자치도 춘천시 신북읍 천전리 89-4,3218027,5111025022,2023-05-28 19:05,1,10240,,
f_f000611,2305280002,2,1,1,1,5,1338122244,가평(춘천)휴게소,경기 가평군 설악면 미사리로540번길 51,,4448077,4182031026,2023-05-28 13:46,1,7000,(바네사)5000;(바네사)1000,
f_f000627,2306030004,3,0,0,0,5,,만화방초,은황길 82-89,,,,,5,17000,,4882043000
f_f000627,2306030003,1,0,0,1,5,6122807867,율대뷔페,경남 고성군 고성읍 남해안대로 2514-8,경남 고성군 고성읍 율대리 789-22,2328001,4882025033,2023-06-03 12:26,1,30000,,
f_f000627,2306040004,1,0,0,1,5,8850202214,카페고옥정,경남 고성군 거류면 당동5길 54-7,,4826090,4882043021,2023-06-04 20:22,1,31000,팥빙수;스노우라떼ICE;아메리카노ICE;카라멜모카롤케이크,
f_f000627,2306030004,1,1,1,1,5,7385900438,까페제이즈가든,경남 고성군 거류면 은황길 82-89,,4799354,4882043027,2023-06-03 13:49,1,4000,아메 i,
f_f000627,2306040003,6,2,2,0,5,,DS편의점,덕명로,,,,,1,20000,,4882033000
f_f000650,2306060006,1,0,0,1,1,2663000873,소복소복,강원특별자치도 동해시 평원5길 8-5,강원특별자치도 동해시 평릉동 486-6,4463243,5117010200,2023-06-06 11:53,1,14000,새우소바;음료수,
f_f000650,2306060008,1,0,0,1,1,6711401341,동해제빵소,강원특별자치도 동해시 한섬로 126-1,강원특별자치도 동해시 천곡동 936-2,3221045,5117010100,2023-06-06 13:04,1,13200,무화과깜빠뉴;오리지널퀸아망;I)산미아메리카노,
f_f000650,2306070007,1,0,0,1,1,2221507209,동북회집,강원특별자치도 동해시 일출로 95,강원특별자치도 동해시 묵호진동 2-285,3221030,5117012300,2023-06-07 14:06,1,17000,,
f_f000650,2306070013,1,0,0,1,1,1517900056,호재퀴진,강원특별자치도 동해시 일출로 151,강원특별자치도 동해시 묵호진동 2-2,3221030,5117012300,2023-06-07 19:39,3,20000,문어토마토,
f_f000650,2306080005,1,0,0,1,1,2011993332,묵호287,강원특별자치도 동해시 해맞이길 287,,4463225,5117012300,2023-06-08 15:18,1,7100,ice)287크림라떼;디카페인,
f_f000650,2306090002,1,0,0,1,1,2011993332,묵호287,강원특별자치도 동해시 해맞이길 287,,4463225,5117012300,2023-06-09 10:59,1,6500,딸기요거트스무디,
f_f000650,2306090003,1,0,0,1,1,4840202307,초당쫄면순두부,강원특별자치도 동해시 해안로 515-1,,3221042,5117011100,2023-06-09 12:18,1,10500,쫄면 순두부;사이다,
f_f000650,2306070003,2,0,0,1,1,2088262469,삼화사,강원특별자치도 동해시 삼화로 584,강원특별자치도 동해시 삼화동 860-1,3221048,5117012400,2023-06-07 11:05,1,15000,,
f_f000650,2306070009,2,0,0,1,1,6975100316,런던브라우니,강원특별자치도 동해시 중앙시장길 10-1,강원특별자치도 동해시 발한동 8-4,4463185,5117011100,2023-06-07 14:33,1,4500,,
f_f000650,2306070010,2,0,0,1,1,4942601112,노매럴스튜디오,강원특별자치도 동해시 중앙시장길 12,강원특별자치도 동해시 발한동 7-1,4463185,5117011100,2023-06-07 14:40,1,8000,미니무지노트;떡메모지;엽서,
f_f000650,2306080003,2,0,0,1,1,6081347508,대게빵,강원특별자치도 동해시 논골길 2-1,강원특별자치도 동해시 묵호진동 15-66,4463044,5117012300,2023-06-08 13:38,1,5000,,
f_f000655,2306040004,1,0,0,1,2,5120540081,만당해장국,경북 영주시 대학로 8,경북 영주시 휴천동 320-5,3309076,4721010400,2023-06-04 08:19,1,18000,소고기해장국,
f_f000655,2306040007,1,0,0,1,2,5120510971,부석사식당,경북 영주시 부석면 부석사로 317,경북 영주시 부석면 북지리 287-5,3309032,4721039022,2023-06-04 15:19,1,26000,간고등어정식,
f_f000655,2306050001,1,0,0,1,2,5120388913,태극당,경북 영주시 번영로 154,경북 영주시 하망동 344-18,3309027,4721010300,2023-06-05 09:54,1,18000,아메리카노 ice;카스테라인절미(봉);2500빵;3000빵,
f_f000655,2306050002,1,0,0,1,2,5080658712,안동유진찜닭,경북 안동시 번영1길 47,경북 안동시 남문동 181-7,4721466,4717011600,2023-06-05 11:48,1,32000,,
f_f000655,2306050003,1,0,0,1,2,4598701158,(주)맘모스,경북 안동시 문화광장길 34,경북 안동시 남부동 164-1,4721412,4717011500,2023-06-05 12:09,1,8600,아이스아메리카노,
f_f000655,2306060002,1,0,0,1,2,5080741504,대구식육식당,경북 안동시 풍산읍 풍산중앙길 150,경북 안동시 풍산읍 안교리 55-6,4722190,4717025021,2023-06-06 11:31,1,38000,소불고기;공기밥,
f_f000655,2306040009,3,0,0,1,2,5128303503,소수서원관리사무소,경북 영주시 순흥면 소백로 2740,,3309083,4721037025,2023-06-04 16:49,1,4000,입장권,
f_f000655,2306050005,3,0,0,1,2,5088304162,안동시청(하회마을관리사무소),경북 안동시 풍천면 전서로 186-8,경북 안동시 풍천면 하회리 257,3307034,4717034033,2023-06-05 13:59,1,10000,입장권,
f_f000655,2306050003,1,0,0,2,2,4598701158,(주)맘모스,경북 안동시 문화광장길 34,경북 안동시 남부동 164-1,4721412,4717011500,2023-06-05 12:51,1,10000,크림치즈빵,
f_f000655,2306050004,1,1,1,1,2,5080849008,CU,경북 안동시 문화광장길 12-1,경북 안동시 남부동 244-1,4721412,4717011500,2023-06-05 13:07,1,13200,,
f_f000655,2306050003,2,2,2,1,2,5080867398,CJ올리브영(주),경북 안동시 문화광장길 42,,4721412,4717010100,2023-06-05 12:02,1,4250,KAI 미니눈썹칼(3입),
f_f000655,2306060004,1,3,3,1,2,1078657147,코레일유통주식회사(안동역),경북 안동시 경동로 122-16,경북 안동시 송현동 646-1,3018013,4717013600,2023-06-06 12:13,1,4700,,
f_f000657,2305270003,1,0,0,1,1,2725100795,홍콩반점0410,부산 동구 중앙대로 203,부산 동구 초량동 1207-21,2000010,2617010100,2023-05-27 14:45,1,7000,짜장곱빼기,
f_f000669,2306040002,1,0,0,1,4,6698802014,송정동핫도그,부산 해운대구 송정해변로 18,부산 해운대구 송정동 289-11,3133026,2635010800,2023-06-04 19:31,1,20000,모짜듬뿍 핫도그,
f_f000669,2306050003,1,0,0,1,4,5050242493,고향밀면,경북 경주시 태종로791번길 7,경북 경주시 황오동 331-4,4716215,4713010500,2023-06-05 19:44,1,52000,물밀면(대);물밀면(소);찐만두,
f_f000669,2306060001,3,0,0,1,4,2118841856,㈜티몬,서울 강남구 압구정로 118,서울 강남구 신사동 529-4,3122007,1168010700,2023-06-06 00:00,1,48000,경주 또봇 정크아트뮤지엄(경주엑스포통합이용권 포함),
f_f000689,2305150003,2,0,0,1,2,8258200292,동남해농협하나로마트삼동점,경남 남해군 삼동면 동부대로 1875,,2343002,4884033022,2023-05-15 14:48,1,44040,포카리스웨트;코카콜라;테라(캔);돈육삼겹살;돈육목살,
f_f000689,2305150003,2,1,1,1,2,5121519234,알로하와이,경남 남해군 남면 남면로1017번길 10,경남 남해군 남면 선구리 474,4829044,4884035024,2023-05-15 15:41,1,29800,갈릭마요쉬림프;칠리쉬림프,
f_f000689,2305160001,2,1,1,1,2,4760601061,헐스밴드(HERS BAND),경남 남해군 서면 남서대로1517번길 44,경남 남해군 서면 서상리 1166,4829071,4884036024,2023-05-16 11:33,1,17000,페페로니,
f_f000690,2305180003,1,0,0,1,1,1162501379,창녕국수,경남 창녕군 창녕읍 교하새길 40,경남 창녕군 창녕읍 교하리 143,4823068,4874025037,2023-05-18 15:53,1,6000,굴림만두,
f_f000690,2305180003,2,2,2,1,1,6081999935,대왕순수구레국밥전문점,경남 창녕군 창녕읍 창녕시장길 101,,4823647,4874025025,2023-05-18 15:34,1,22000,,
f_f000710,2305280003,1,0,0,1,3,1122198175,삼교리 동치미막국수(양양점),강원 양양군 손양면 재뫼길 20,,4505179,4283032038,2023-05-28 13:00,1,48000,수육(중);동치미막국수,
f_f000710,2305290002,1,0,0,1,3,7746500319,감나무식당,강원 양양군 양양읍 안산1길 73-6,,4505138,4283025028,2023-05-29 08:56,1,36000,황태국밥,
f_f000710,2305280005,2,0,0,1,3,2270677902,만석닭강정,강원 속초시 중앙로129번길 35-26,강원 속초시 금호동 492-13,4469219,4221010400,2023-05-28 15:33,1,20000,보통맛(순살),
f_f000710,2305280005,2,0,0,2,3,2208182546,팔팔순대국,강원특별자치도 속초시 중앙로129번길 35-20,강원특별자치도 속초시 금호동 492-15,4469219,5121010400,2023-05-28 15:55,1,12000,,
f_f000710,2305270003,2,1,1,3,3,5019180392,대흥식육점,강원 횡성군 횡성읍 읍상서로5번길 26,,4478417,4273025021,2023-05-27 16:07,1,109000,,
f_f000710,2305270003,2,1,1,4,3,7533200634,대화메밀부침2호점,강원 횡성군 횡성읍 읍상서로 5-13,,3226065,4273025021,2023-05-27 16:10,1,10000,,
f_f000710,2305270003,1,2,2,1,3,5273300876,이화수 세교점,경기 오산시 경기대로 853,,2012013,4137011300,2023-05-27 10:56,1,30000,전통육개장,
f_f000710,2305270003,1,2,2,2,3,2018121515,스타벅스,경기 오산시 문시로 109-2,경기 오산시 외삼미동 327-29,3198015,4137011100,2023-05-27 11:08,1,13800,T)DCF아메리카노;I-T)아미레키노,
f_f000730,2305200002,1,0,0,1,4,4918501819,(주)서원유통 탑마트 경주용강점,경북 경주시 산업로 4348,,3000104,4713012500,2023-05-19 13:32,1,34040,대추방울토마토;서라벌)특란30구;매일)엔요10입기획;백다다기;[해동]오징어(원양산),
f_f000730,2305200004,1,0,0,1,4,1018281734,실버카페 웃음,경남 거창군 위천면 송계로 487,경남 거창군 위천면 황산리 814,3347007,4888035028,2023-05-20 16:58,1,19000,,
f_f000730,2305210002,1,0,0,1,4,8073300826,창포원편의점,경남 거창군 남상면 창포원길 21-1,경남 거창군 남상면 월평리 2286-1,4855697,4888037024,2023-05-21 15:07,1,11500,,
f_f000730,2305200002,1,0,0,2,4,,(주)세종마트,경북 경주시 산업로 4380,경북 경주시 용강동 800-17,3000104,4713012500,2023-05-19 13:43,1,12640,도드람돼지등심(냉장),
f_f000730,2305210002,1,0,0,2,4,4984500149,뿌에블로 젤라또,경남 거창군 거창읍 중앙로 71-1,경남 거창군 거창읍 상림리 202-12,3347018,4888025021,2023-05-21 16:10,1,12000,,
f_f000730,2305200002,1,0,0,3,4,5058179879,(주)이마트에브리데이,경북 경주시 다불로 9,경북 경주시 용강동 1290-2,3305013,4713012500,2023-05-20 11:21,1,4200,F)수산행사,
f_f000730,2305200002,1,0,0,4,4,2284400539,정이든면,경북 경주시 유림로13번길 156,경북 경주시 용강동 732-1,4715982,4713012500,2023-05-20 11:26,1,10000,김밥,
f_f000740,2305260002,1,0,0,1,1,3018500273,죽암(서울방향)휴게소,충북 청주시 서원구 현도면 경부고속도로 290,충북 청주시 서원구 현도면 죽전리 40,1000001,4311232023,2023-05-26 13:24,1,5000,떡라면,
f_f000740,2305280002,1,0,0,1,1,2218216411,(주)담배인삼공제회(댄싱카페인),강원특별자치도 춘천시 스포츠타운길399번길 25,강원특별자치도 춘천시 삼천동 223-2,4454446,5111012500,2023-05-28 11:49,1,7000,카페모카(I),
f_f000740,2305260005,1,0,0,2,1,8434400681,심가당,강원특별자치도 춘천시 춘천로 216,강원특별자치도 춘천시 효자동 743,3218037,5111011200,2023-05-26 19:29,3,16600,모듬튀김SET(6개);옛날떡볶이+당면만두,
f_f000740,2305270004,2,1,1,1,1,4258501490,세븐일레븐,강원특별자치도 춘천시 중앙로 193,강원특별자치도 춘천시 근화동 265-1,3218033,5111011700,2023-05-27 21:28,1,7800,농심)감자깡;에버)허쉬쿠키앤크림바;웅진)하늘보리;LG)바디피트내몸에순한면,
f_f000740,2305270001,6,2,2,1,1,,레고랜드 코리아 유한회사,,,,,2023-05-09 13:49,1,38000,AFTER3 오후이용권,
f_f000740,2305270001,1,3,3,1,1,6178199974,레고랜드 코리아 유한회사,강원특별자치도 춘천시 하중도길 128,강원특별자치도 춘천시 중도동 603,4454745,5111012900,2023-05-27 17:12,1,15000,돈까스;치킨너겟 감자튀김;흰밥,
f_f000767,2306030004,1,0,0,1,3,5908102077,주식회사 쿠키캐슬,강원특별자치도 속초시 미시령로 3010,,3223023,5121010700,2023-06-03 16:24,1,13000,초코뿜뿜;딸기뿜뿜,
f_f000767,2306030005,1,0,0,1,3,8591800988,초당본점,강원특별자치도 속초시 관광로 440,강원특별자치도 속초시 노학동 980-63,3223001,5121010700,2023-06-03 18:27,1,35100,,
f_f000767,2306040002,1,0,0,1,3,2278112721,하늬라벤더팜영농조합법인,강원특별자치도 고성군 간성읍 꽃대마을길 175,강원특별자치도 고성군 간성읍 어천리 786-5,4502074,5182025030,2023-06-04 12:26,1,10500,(체험)아이스크림,
f_f000767,2306040004,1,0,0,1,3,2278120556,주식회사청초수,강원특별자치도 속초시 엑스포로 12-36,강원특별자치도 속초시 조양동 1555-1,3223008,5121010800,2023-06-04 17:34,1,66000,해전물회;붉은대게살비빔밥,
f_f000767,2306050002,1,0,0,1,3,2270657885,범바위막국수,강원특별자치도 속초시 척산양지말길 47-14,강원특별자치도 속초시 노학동 1265-81,4469253,5121010700,2023-06-05 15:16,1,36000,,
f_f000767,2306030006,2,0,0,1,3,2270374694,1번지,강원특별자치도 속초시 대포항희망길 55,강원특별자치도 속초시 대포동 964,4469296,5121011000,2023-06-03 20:28,1,10000,,
f_f000767,2306040003,3,0,0,1,3,2278302396,역사안보전시관,강원특별자치도 고성군 현내면 이승만별장길 33,강원특별자치도 고성군 현내면 죽정리 산 1-3,4502496,5182031024,2023-06-04 13:36,1,8300,입장권,
f_f000767,2306030005,1,0,0,2,3,8591800988,초당본점,강원특별자치도 속초시 관광로 440,강원특별자치도 속초시 노학동 980-63,3223001,5121010700,2023-06-03 18:26,1,5900,,
f_f000767,2306040002,3,1,1,1,3,2278112721,하늬라벤더팜농업회사법인주식회사,강원특별자치도 고성군 간성읍 꽃대마을길 175,강원특별자치도 고성군 간성읍 어천리 786-5,4502074,5182025030,2023-06-04 12:46,1,10000,,
f_f000767,2306050001,3,1,1,1,3,,설악산 소공원 주차관리사무소,강원특별자치도 속초시 설악산로 1039,강원특별자치도 속초시 설악동 114-1,3223005,5121011200,2023-06-05 00:00,1,6000,주차비,
f_f000767,2306030003,3,2,2,1,3,2278200498,낙산사,강원특별자치도 양양군 강현면 낙산사로 100,강원특별자치도 양양군 강현면 전진리 57-1,3235004,5183035039,2023-06-03 15:27,1,4000,주차비,
f_f000782,2305200002,1,0,0,1,4,2238108341,소노인터내셔널,강원 홍천군 서면 한치골길 262,,4475627,4272037023,2023-05-20 14:16,1,6000,플레인와플_오션,
f_f000782,2305200003,1,0,0,1,4,2238108341,소노인터내셔널,강원 홍천군 서면 한치골길 262,,4475627,4272037023,2023-05-20 11:49,1,46000,황태해장국;키즈반상/보리차;들기름막국수(곱),
f_f000782,2305200003,1,0,0,2,4,2238108341,소노인터내셔널,강원 홍천군 서면 한치골길 262,,4475627,4272037023,2023-05-20 18:52,1,15000,왕돈까스,
f_f000782,2305200003,1,0,0,3,4,2238108341,소노인터내셔널,강원 홍천군 서면 한치골길 262,,4475627,4272037023,2023-05-20 18:51,1,20000,해물쟁반짜장,
f_f000790,2305190002,1,0,0,1,3,3588701836,기와메밀막국수,경북 경주시 분황로 91,경북 경주시 구황동 840-13,3305028,4713012200,2023-05-19 17:26,1,46000,,
f_f000790,2305190003,1,0,0,1,3,5248701995,어마무시(커피),경북 경주시 양정로 41-13,경북 경주시 인왕동 538-9,3305041,4713011200,2023-05-19 17:35,1,30300,아메리카노(ICE);아인슈페너(ICE);여지홍(ICE);오리지널 티라미수;인절미 티라미수,
f_f000790,2305200002,1,0,0,1,3,5051657557,보불어탕명가,경북 경주시 보불로 174-17,,3305022,4713013300,2023-05-20 12:07,1,31000,어탕수제비,
f_f000790,2305200003,1,0,0,1,3,6022161583,아래홀딩스,경북 경주시 보불로 181,경북 경주시 하동 122-1,3305022,4713013300,2023-05-20 12:20,1,33100,(유기농)제주 말차딸기라떼;ICE 아메리카노;얼그레이 레몬스콘;디카페인 ICE;초코칩브라우니,
f_f000790,2305200006,1,0,0,1,3,3997400411,료코,경북 경주시 첨성로99번길 24,경북 경주시 황남동 221-11,4716146,4713011000,2023-05-20 19:31,1,48000,,
f_f000790,2305200007,1,0,0,1,3,5937700523,쿠쿠봉,경북 경주시 포석로1068번길 10,경북 경주시 황남동 304-4,4716229,4713011000,2023-05-20 19:40,1,8000,스몰(2가지),
f_f000790,2305210003,1,0,0,1,3,2361601725,베이글 베이글러,경북 경주시 교촌길 18,경북 경주시 교동 82-2,4715110,4713011100,2023-05-21 11:08,1,35000,아메리카노(ICE);레몬에이드;블루베리;소금;잠봉뵈르,
f_f000790,2305210006,1,0,0,1,3,5050912305,산해식당,경북 경주시 숲머리길 130-5,경북 경주시 보문동 49-24,4715728,4713012300,2023-05-21 15:32,1,56000,석쇠구이;공기밥;된장찌개,
f_f000790,2305210007,1,0,0,1,3,1092651387,무이,경남 양산시 물금읍 화산길 78,경남 양산시 물금읍 물금리 673-1,4814868,4833025321,2023-05-21 17:11,1,25000,자몽에이드;복숭아아이스티;다크브랜드(I);빅토리아(블),
f_f000790,2305210002,2,0,0,1,3,8868501787,황남샌드,경북 경주시 포석로 1074-2,경북 경주시 황남동 290-5,3305063,4713011000,2023-05-21 10:33,1,16200,8피스;보냉백,
f_f000790,2305200001,3,0,0,1,3,2208742885,주식회사 야놀자,서울 강남구 테헤란로108길 42,서울 강남구 대치동 1003,4166713,1168010600,2023-05-19 23:22,1,105000,[경주]경주가볼만한곳 베스트루지월드+엑스포대공원이용권루지3회권+엑스포주간(주중주말),
f_f000790,2305190005,1,1,1,1,3,2208182546,경주 황금십원빵,경북 경주시 포석로 1083,경북 경주시 황남동 278-1,3305063,4713011000,2023-05-19 19:38,1,3000,,
f_f000796,2305270004,1,0,0,1,4,1826000266,연을담은돈까스,경남 함안군 가야읍 왕궁1길 36,경남 함안군 가야읍 가야리 260-7,4820379,4873025029,2023-05-27 13:58,1,32000,연담돈까스;크림파스타;연담치즈돈까스;콜라,
f_f000796,2305270005,1,0,0,1,4,6134001854,카페 두루고,경남 함안군 가야읍 가야1길 28,경남 함안군 가야읍 도항리 412-4,4820014,4873025024,2023-05-27 15:02,1,21700,유자파운드;아인슈페너 ICE;유자스무디;스페셜 블랙 ICE,
f_f000831,2305260003,1,0,0,1,3,5772001701,토곡정원,경남 양산시 하북면 충렬로 1701-34,경남 양산시 하북면 초산리 160-4,3338101,4833034023,2023-05-26 18:37,1,90000,안심 미디움레어;블루크랩로제파스;콰트로포르마지오,
f_f000831,2305260004,1,0,0,1,3,2751501965,모리커피,경남 양산시 동면 내송내안2길 10,경남 양산시 동면 내송리 872-4,4857385,4833031025,2023-05-26 19:25,1,6800,모리믹스커피(ICE);민트초코프라페,
f_f000831,2305270001,1,0,0,1,3,7472200891,초밥정식당,경남 양산시 물금읍 목화로 40,경남 양산시 물금읍 범어리 644-3,3338023,4833025324,2023-05-27 14:25,1,47600,점심특선,
f_f000831,2305260002,3,0,0,3,3,6218200439,통도사산문,경남 양산시 하북면 통도사로 108,경남 양산시 하북면 지산리 583,3338081,4833034022,2023-05-26 17:15,1,2000,주차비,
f_f000831,2305270002,1,1,1,1,3,2093666082,빽다방 양산세무서점,경남 양산시 물금읍 서들로 138,경남 양산시 물금읍 가촌리 1301-4,3338110,4833025323,2023-05-27 14:43,3,6000,밀크쉐이크;원조커피(ICED),
f_f000831,2305280001,2,1,1,1,3,3181500545,가야밀면 석산점,경남 양산시 동면 금오3길 24,경남 양산시 동면 금산리 1446-4,4814090,4833031027,2023-05-28 11:10,1,30000,물밀면(소);돈쌈밀면;갈비만두;섞어밀면(소),
f_f000835,2305200008,1,0,0,0,1,,승기네호떡,35-33,,,,,5,11000,,2611012300
f_f000835,2305200002,2,0,0,0,1,,삼진어묵,1196-5,,,,,1,15000,,2617010100
f_f000835,2305210002,1,0,0,1,1,,주식회사 디지컴퍼티(한다솥),,,,,2023-05-21 12:52,1,33000,,
f_f000835,2305210004,1,0,0,1,1,,메가커피,부산 해운대구 구남로 45,부산 해운대구 중동 1392-23,3132002,2635010600,2023-05-21 15:19,1,3000,,
f_f000835,2305210005,1,0,0,1,1,1129113785,처음수산,부산 수영구 광안로61번길 60,부산 수영구 민락동 177-3,4214063,2650010300,2023-05-21 17:43,1,54000,조개구이,
f_f000835,2305190004,2,0,0,1,1,,바로군,서울 금천구 벚꽃로 309,,3116013,1154510100,2023-05-19 18:42,1,2500,,
f_f000835,2305200006,1,1,1,0,1,,진주횟집,118-1,,,,,1,56000,,2611014100
f_f000835,2305190003,1,1,1,1,1,1078163829,(주)코스트코 코리아,경기 광명시 일직로 40,경기 광명시 일직동 163-3,3182031,4121010600,2023-05-19 19:47,3,5200,핫도그 세트;콤보슬라이스,
f_f000835,2305200007,2,1,1,1,1,,(주)프로유통(빅세일마트),,,,,2023-05-20 19:57,1,9980,,
f_f000835,2305190002,2,1,1,5,1,3081244074,GS25,부산 동구 중앙대로195번가길 3,부산 동구 초량동 540-3,4181411,2617010100,2023-05-20 02:00,1,6200,육즙팡팡숯;켈리캔;김치왕뚜껑대컵,
f_f000835,2305200005,1,2,2,0,1,,시장노포,35-33번지,,,,,5,9000,,2611012300
f_f000835,2305200009,1,3,3,0,1,,빅세일마트,35-33,,,,,1,9980,,2611012300
f_f000844,2305210002,3,0,0,1,2,,울산시립미술관,울산 중구 미술관길 72,울산 중구 북정동 1-3,4862026,3111010400,2023-05-21 14:00,1,1000,관람권,
f_f000844,2305210001,6,0,0,1,2,1620100528,이모집 식당,울산 중구 젊음의1거리 42,울산 중구 성남동 252-20,4307398,3111010600,2023-05-21 13:40,1,22000,낙곱새;당면사리,
f_f000844,2305200005,6,1,1,1,2,7412401407,울산조개창고,울산 동구 방어진순환도로 652,울산 동구 일산동 945,2011001,3117010300,2023-05-20 21:30,1,57800,성인;콜라,
f_f000844,2305200001,6,2,2,1,2,4120963744,비단미미,울산 중구 신기9길 63-1,울산 중구 태화동 479-12,4307323,3111011100,2023-05-20 12:20,1,63000,크리스피 새우 창;트러플 메추리알;동파육과 차이니스;탄탄면,
f_f000869,2305200002,1,0,0,0,2,,범바위막국수,1265-81,,,,,1,33000,,4221010700
f_f000869,2305200006,1,0,0,1,2,2278204378,금강농협하나로마트,강원 고성군 죽왕면 동해대로 5889,강원 고성군 죽왕면 오호리 322,2000023,4282032021,2023-05-20 18:35,1,19950,처음처럼;아이스웰(컵얼음);육개장사발면;김치사발면;바다한잔 동해소주,
f_f000869,2305210001,1,0,0,1,2,8613100729,스테이가진,강원 고성군 죽왕면 가진해변길 168,강원 고성군 죽왕면 공현진리 639-1,4502368,4282032024,2023-05-21 10:28,1,9000,,
f_f000869,2305210002,1,1,1,1,2,5158155802,스위밍터틀,강원 고성군 토성면 아야진해변길 192,강원 고성군 토성면 아야진리 250,4502471,4282033023,2023-05-21 11:35,1,8500,수제 바닐라빈 라떼(ICE),
f_f000869,2305200004,2,1,1,1,2,1800701473,보구밍샵,강원 속초시 엑스포로 175,강원 속초시 교동 664-188,3223008,4221010600,2023-05-20 16:18,1,18000,당일케이크,
f_f000869,2305200004,1,2,2,1,2,2279081502,대일수산,강원 속초시 중앙로147번길 16,강원 속초시 중앙동 471-4,4469221,4221010300,2023-05-20 17:24,1,30000,,
f_f000869,2305200002,2,2,2,1,2,1338122244,가평(춘천)휴게소,경기 가평군 설악면 미사리로540번길 51,,4448077,4182031026,2023-05-20 11:36,1,4500,타코야끼,
f_f000869,2305200004,1,2,2,2,2,4785800408,속초서민갑부시장닭집,강원 속초시 중앙로147번길 16,강원 속초시 중앙동 471-4,4469221,4221010300,2023-05-20 17:16,1,15000,,
f_f000869,2305200002,2,2,2,2,2,1338122244,가평(춘천)휴게소,경기 가평군 설악면 미사리로540번길 51,,4448077,4182031026,2023-05-20 11:13,1,5500,매직핫도그,
f_f000869,2305200003,1,3,3,1,2,2398802545,웨일라잇 속초아이점,강원 속초시 청호해안길 2,강원 속초시 조양동 1450-143,4469283,4221010800,2023-05-20 14:52,1,5800,아메리카노(ICE),
f_f000879,2306040003,1,0,0,0,2,,진짜원조 아저씨 씨앗호떡,16,,,,,3,4000,,2611013800
f_f000879,2306030005,1,0,0,1,2,6052448315,늘해랑,부산 부산진구 중앙대로928번길 12,부산 부산진구 양정동 350-1,4187701,2623010100,2023-06-03 14:32,1,22000,수육백반,
f_f000879,2306030008,1,0,0,1,2,4050424995,유동커피(전포점),부산 부산진구 전포대로 207,부산 부산진구 전포동 688-2,2006005,2623010200,2023-06-03 17:44,1,11000,ICE 아메리카노;피자두 에이드,
f_f000879,2306030009,1,0,0,1,2,6728601619,이재모피자 서면점,부산 부산진구 전포대로209번길 21,부산 부산진구 전포동 687-20,4187664,2623010200,2023-06-03 19:03,1,36000,이재모크러스트(S);갈릭소스;오븐치즈스파게티;탄산음료,
f_f000879,2306030010,1,0,0,1,2,6173704227,CU,부산 수영구 광안로62번길 39,부산 수영구 광안동 193-4,4214065,2650010400,2023-06-03 21:08,1,8500,더하다옥수수;켈리캔;알새우칩,
f_f000879,2306040002,1,0,0,1,2,6021029869,개미집 원조,부산 중구 중구로30번길 15,부산 중구 신창동2가 18-6,4175233,2611012800,2023-06-04 12:29,1,28000,,
f_f000879,2306040005,1,0,0,1,2,,(주)상국이네,부산 해운대구 구남로41번길 40-1,부산 해운대구 중동 1394-42,4199009,2635010600,2023-06-04 16:42,1,10000,떡볶이;튀김5개,
f_f000879,2306040007,1,0,0,1,2,5033652933,해운대활어회센타(식,부산 해운대구 구남로41번길 36,부산 해운대구 중동 1394-43,4199009,2635010600,2023-06-04 21:09,1,60000,,
f_f000879,2306050003,1,0,0,1,2,2338503166,롯데월드 어드벤처,부산 기장군 기장읍 동부산관광9로 15,부산 기장군 기장읍 시랑리 718,3350835,2671025033,2023-06-05 13:55,1,15400,,
f_f000879,2306050004,1,0,0,1,2,6070107795,팔팔양대창 본점,부산 해운대구 해운대해변로209번길 24,부산 해운대구 우동 885-3,4199295,2635010500,2023-06-05 21:11,1,75500,모듬 한접시;전골(소);맥주;음료수;볶음밥,
f_f000879,2306060003,1,0,0,1,2,1578702417,주식회사 해운대오복,부산 해운대구 구남로 15,부산 해운대구 우동 618-13,3132002,2635010500,2023-06-06 12:54,1,20500,,
f_f000879,2306060005,1,0,0,1,2,3608600207,삼진식품(주),부산 동구 중앙대로214번길 7,부산 동구 초량동 1200-17,4181416,2617010100,2023-06-06 14:52,1,10200,땡초고로케;콘에그버터고로케;소시지말이;떡말이,
f_f000879,2306060007,1,0,0,1,2,1101351067,호수집,서울 중구 청파로 445,서울 중구 중림동 61-1,3101023,1114017100,2023-06-06 20:21,1,25400,,
f_f000879,2306040004,2,0,0,1,2,2758502292,해운대 선물가게,부산 해운대구 해운대해변로 264,부산 해운대구 우동 620-3,3133043,2635010500,2023-06-04 16:01,1,7000,넓은뿌리)넓뿌사각자석_통합,
f_f000879,2306040006,2,0,0,1,2,6172155327,옵스 해운대,부산 해운대구 중동1로 31,부산 해운대구 중동 1394-82,3133040,2635010600,2023-06-04 17:12,1,7900,명란바게뜨BB;종이/비닐봉투;말차롤-피스 BGC;학원전-피스 BGC,
f_f000879,2306060002,3,0,0,1,2,6178161162,부산아쿠아리아투엔티원(주),부산 해운대구 해운대해변로 266,,3133043,2635010600,2023-06-06 10:23,1,42000,,
f_f000879,2306060004,3,0,0,1,2,2051798830,포토드링크,부산 해운대구 구남로 26,,3132002,2635010500,2023-06-06 13:33,1,6000,,
f_f000879,2306050002,6,0,0,1,2,6039150044,유진한의원,부산 해운대구 중동1로 33-1,부산 해운대구 중동 1378-7,3133040,2635010600,2023-06-05 11:55,1,25100,,
f_f000879,2306050003,1,0,0,2,2,2338503166,롯데리아,부산 기장군 기장읍 동부산관광로 42,부산 기장군 기장읍 시랑리 산 46,3350834,2671025033,2023-06-05 18:29,1,3000,L아이스아메,
f_f000879,2306040003,2,1,1,1,2,6020151485,선물나라,부산 중구 중구로39번길 16,부산 중구 부평동1가 20-3,4175236,2611012300,2023-06-04 12:38,1,5000,,
f_f000879,2306040006,2,1,1,1,2,2018132195,(주)신세계,부산 해운대구 센텀남대로 35,부산 해운대구 우동 1495,2133001,2635010500,2023-06-04 19:05,1,79800,뉴발란스(센) 트레이닝,
f_f000879,2306050003,3,1,1,1,2,2338503166,롯데월드 어드벤쳐부산,부산 기장군 기장읍 동부산관광로 42,부산 기장군 기장읍 시랑리 산 46,3350834,2671025033,2023-06-03 09:10,1,23500,입장권,
f_f000879,2306050003,3,1,1,2,2,2338503166,롯데월드어드벤쳐부산,부산 기장군 기장읍 동부산관광로 42,부산 기장군 기장읍 시랑리 산 46,3350834,2671025033,2023-06-03 08:51,1,23500,입장권,
f_f000879,2306040001,1,2,2,1,2,5491700731,멕시카나,부산 해운대구 구남로 45-1,부산 해운대구 중동 1392-22,3132002,2635010600,2023-06-04 21:35,1,4000,,
f_f000879,2306040006,2,2,2,1,2,6075310945,해운대약국,부산 해운대구 중동1로 36,부산 해운대구 중동 1394-161,3133040,2635010600,2023-06-04 17:04,1,5000,,
f_f000879,2306050003,2,2,2,1,2,2338503166,(주)호텔롯데 롯데월드 어드벤처 부산,부산 기장군 기장읍 동부산관광로 42,부산 기장군 기장읍 시랑리 산 46,3350834,2671025033,2023-06-05 15:21,1,6000,후지필름_우의(위탁),
f_f000879,2306030003,1,3,3,1,2,1068123498,롯데리아,서울 용산구 한강대로 405,서울 용산구 동자동 43-205,2005005,1117010700,2023-06-03 10:01,1,7900,모닝불고기;L아이스아메,
f_f000879,2306040001,1,3,3,1,2,7678500129,맥도날드,부산 해운대구 해운대로570번길 51,부산 해운대구 우동 626-13,4199275,2635010500,2023-06-04 21:43,1,5600,해피스낵-맥너겟;후렌치 후라이-L/단품,
f_f000879,2306040001,1,4,4,1,2,8860502275,세븐일레븐,부산 해운대구 해운대해변로 271,부산 해운대구 중동 1417-2,3133043,2635010600,2023-06-04 21:40,1,17100,하이트)1664블랑;하이네)하이네켄넌알콜릭;하이네)타이거맥주;하이트)파울라너바이스비,
f_f000889,2305280002,2,0,0,1,1,5069139374,영선네활어,경북 포항시 북구 죽도시장1길 36,경북 포항시 북구 죽도동 569-1,4712583,4711311600,2023-05-28 15:30,1,25000,,
f_f000889,2305280002,2,1,1,0,1,,종합어시장,1-22,,,,,3,20000,,4711311600
f_f000925,2305190004,1,0,0,1,1,6081876051,마당쇠돼지순대국밥,경남 함안군 칠원읍 운무로 3,경남 함안군 칠원읍 구성리 663,3327063,4873025321,2023-05-19 20:41,1,17000,모듬국밥;섞어국밥,
f_f000925,2305210002,1,0,0,1,1,4152501295,떡참,경남 창원시 의창구 태복산로31번길 40,경남 창원시 의창구 도계동 411-12,4781739,4812110500,2023-05-21 18:45,1,25400,떡참 떡볶이 1인분;순살치킨;순대;폭탄감자;대~빵찡어 1개,
f_f000925,2305220001,1,0,0,1,1,8772601490,디저트39 창원유니시티점,경남 창원시 의창구 중동중앙로 95,,3352179,4812110200,2023-05-22 17:01,1,13400,딸기라떼;슬림 청포도 요거트 스무디,
f_f000925,2305190005,2,0,0,1,1,2208160348,홈플러스,경남 창원시 마산회원구 삼호로 56,경남 창원시 마산회원구 양덕동 151-1,3329020,4812710500,2023-05-19 22:26,1,20000,찌조립세트;글라코,
f_f000925,2305200001,1,1,1,1,1,5780303006,목구멍 창원유니시티점,경남 창원시 의창구 남산로115번길 27,경남 창원시 의창구 서상동 692-3,4781043,4812110300,2023-05-20 21:20,1,62000,,
f_f000935,2305270002,1,0,0,1,2,1098120092,망향(부산)휴게소,충남 천안시 서북구 성거읍 돌다리길 23-37,충남 천안시 서북구 성거읍 요방리 121,4550109,4413325331,2023-05-27 10:32,1,18000,해물순두부;장터국밥,
f_f000935,2305270003,1,0,0,1,2,4028515254,덕유산(통영)휴게소,전북 장수군 계북면 통영대전고속도로 147,,1000016,4574036027,2023-05-27 15:01,1,4000,웨스턴핫바40(원일오징어),
f_f000935,2305270009,1,0,0,1,2,3280101791,해미가,경남 통영시 도산면 남해안대로 1869,,2328001,4822033022,2023-05-27 19:57,1,69000,해물찜(중);음료;해물라면,
f_f000935,2305280003,1,0,0,1,2,6080973111,백만석(본점),경남 거제시 계룡로 47,경남 거제시 상동동 960,3337006,4831011000,2023-05-28 15:32,1,35000,게장정식;대인알밥;새우장(6마리);공기밥,
f_f000935,2305280005,2,0,0,1,2,,용인(인천)주유소,경기 용인시 처인구 주북로 66-16,,3203113,4146110600,2023-05-28 20:53,1,68000,주유비,
f_f000935,2305280001,3,0,0,1,2,8138100797,거제파노라마케이블카,경남 거제시 동부면 거제중앙로 288,경남 거제시 동부면 구천리 953-2,3337005,4831032023,2023-05-28 11:45,1,30000,탑승권구입,
f_f000935,2305270002,1,0,0,2,2,1098120092,망향(부산)휴게소,충남 천안시 서북구 성거읍 돌다리길 23-37,충남 천안시 서북구 성거읍 요방리 121,4550109,4413325331,2023-05-27 10:57,1,4000,치즈핫도그(델리핫도그),
f_f000935,2305270003,1,0,0,2,2,4028515254,덕유산(통영)휴게소,전북 장수군 계북면 통영대전고속도로 147,,1000016,4574036027,2023-05-27 15:08,1,4000,홍대와플)십원빵,
f_f000935,2305280002,2,1,1,1,2,1378204361,디오베이(대여),경남 거제시 남부면 도장포1길 50,경남 거제시 남부면 갈곶리 303,4811186,4831033025,2023-05-28 13:57,1,10000,,
f_f000935,2305280004,2,1,1,1,2,1268105325,탐앤탐스(휴)인삼랜드(상),충남 금산군 군북면 대암길 34-30,,4571117,4471034023,2023-05-28 18:18,1,4900,ICE 카페 아메리카노,
f_f000935,2305280004,2,1,1,2,2,1268105325,금산인삼랜드(대전)휴,충남 금산군 군북면 대암길 34-30,,4571117,4471034023,2023-05-28 18:16,1,7300,바베큐오징어;트롤리사우어,
f_f000935,2305270002,2,3,3,1,2,3121490678,망향(하)주유소,충남 천안시 서북구 성거읍 석문길 98,충남 천안시 서북구 성거읍 요방리 121,4550316,4413325331,2023-05-27 11:25,1,69000,주유비,
f_f000935,2305270006,3,3,3,1,2,,통제영주차장,경남 통영시 세병로 26,,3333018,4822010600,2023-05-27 18:29,1,1100,주차비,
f_f000940,2306050005,1,0,0,1,4,5051284624,경주단골식당,경북 경주시 충효녹지길 30,경북 경주시 충효동 3003-5,4716182,4713011400,2023-06-05 18:07,1,35000,공기밥;순대국밥;오징어불고기,
f_f000940,2306050007,1,0,0,1,4,4335600041,GS25,경북 경주시 첨성로 161,경북 경주시 인왕동 815-1,3305057,4713011200,2023-06-05 19:25,3,5800,복숭아컵,
f_f000940,2306050009,1,0,0,1,4,4050997080,카페일팔구사(1894),경북 경주시 포석로1068번길 23,경북 경주시 황남동 238-1,4716229,4713011000,2023-06-05 20:41,1,15000,눈꽃팥빙수,
f_f000940,2306060002,1,0,0,1,4,8110700146,반월성화덕피자,경북 경주시 알천남로 316,,3305038,4713012200,2023-06-06 12:32,1,51000,spa왕새우칠리;Ris치킨머쉬룸;piz고르곤졸라,
f_f000940,2306060004,1,0,0,1,4,2018121515,스타벅스,경북 경주시 첨성로 125,경북 경주시 황남동 140-2,3305057,4713011000,2023-06-06 15:24,1,15000,I-G)아메리카노;I-G)카페 라떼;생크림 카스텔라,
f_f000940,2306050003,3,0,0,1,4,,경주시시설관리공단,경북 경주시 황성공원로 29,경북 경주시 황성동 1022-1,3352714,4713012400,2023-06-05 00:00,1,4500,경주 무열왕릉 입장권,
f_f000952,2305220002,1,0,0,1,4,6118505762,거창(상)휴게소,경남 거창군 가조면 가조가야로 1523,,3019081,4888040026,2023-05-22 11:13,1,15000,돼지김치찌개;유부우동,
f_f000952,2305220003,1,0,0,1,4,5026260026,세븐일레븐,경북 경주시 일정로 186,경북 경주시 인왕동 76,3305050,4713011200,2023-05-22 15:06,1,13500,칠성)솔의눈;광동)제주삼다수;농심)카프리썬오렌지망고;롯데)NEW베이컨김치볶음밥;그린)NEW스팸김치볶음밥,
f_f000952,2305220005,1,0,0,1,4,5051582044,백년손님,경북 경주시 포석로1050번길 32,경북 경주시 황남동 177-8,4716228,4713011000,2023-05-22 19:01,1,43600,돼지석쇠,
f_f000952,2305230005,1,0,0,1,4,6892700682,청년분식,경북 경주시 포석로 1093,경북 경주시 황남동 273-4,3305063,4713011000,2023-05-23 16:57,1,9000,,
f_f000952,2305230007,1,0,0,1,4,1441700837,황남짬뽕,경북 경주시 첨성로81번길 13,경북 경주시 황남동 315-6,4716145,4713011000,2023-05-23 18:33,1,26000,짜장면;탕수육(미니);황남,
f_f000952,2305230008,1,0,0,1,4,3983301277,황남쫀드기 대릉원,경북 경주시 포석로1050번길 45-13,경북 경주시 황남동 211-11,4716228,4713011000,2023-05-23 19:38,1,5000,쫀+맥,
f_f000952,2305240001,1,0,0,1,4,6644200032,이웃집쿠로보,경북 경주시 포석로 1073,경북 경주시 황남동 290-3,3305063,4713011000,2023-05-24 11:28,1,10000,,
f_f000952,2305240003,1,0,0,1,4,7110701369,조돌칼국수,경북 경주시 북군길 3-6,경북 경주시 북군동 산 116,4715517,4713014000,2023-05-24 15:17,1,33000,,
f_f000952,2305240004,1,0,0,1,4,6118505758,(주)엠에스 거창(하)휴게소,경남 거창군 가조면 가조가야로 1543-81,경남 거창군 가조면 도리 산 181,3019081,4888040026,2023-05-24 16:58,1,3200,아몬드초코볼;생생톤,
f_f000952,2305220006,3,0,0,1,4,,동궁과 월지,,,,,2023-05-22 19:41,1,8000,입장권,
f_f000952,2305230001,3,0,0,1,4,,불국사주차장,경북 경주시 불국로 385,,3305029,4713013400,,1,1000,주차비,
f_f000952,2305240002,3,0,0,1,4,5051391646,대산도예,경북 경주시 보불로 213,경북 경주시 하동 184,3305022,4713013300,2023-05-23 08:19,1,24999,대산도예,
f_f000952,2305240001,1,0,0,2,4,3031567511,경주 황금십원빵,경북 경주시 포석로 1083,경북 경주시 황남동 278-1,3305063,4713011000,2023-05-24 11:11,1,3000,,
f_f000952,2305230003,1,1,1,1,4,6138122003,이상복 경주방 본가,경북 경주시 첨성로 169,,3305057,4713011200,2023-05-23 13:33,1,11000,경주빵10,
f_f000952,2305240001,2,1,1,1,4,2483500564,최영화빵,경북 경주시 포석로1095번길 2,경북 경주시 황남동 271-46,4716232,4713011000,2023-05-24 11:20,1,30000,최영화빵 10개,
f_f000952,2305230004,2,2,2,1,4,6840202324,프롬상록,경북 경주시 포석로1068번길 17-5,경북 경주시 황남동 77,4716229,4713011000,2023-05-23 15:23,1,24500,커스터드;오레오;황치즈;4구 패키지;멜팅아몬드,
f_f000959,2305210003,1,0,0,1,4,6217600063,토마틸로(포항점),경북 포항시 북구 해안로 221,경북 포항시 북구 두호동 139-2,3304045,4711312000,2023-05-21 12:49,1,71000,,
f_f000959,2305210004,1,0,0,1,4,4702100709,팜테이블영일대점,경북 포항시 북구 해안로 211,경북 포항시 북구 두호동 169,3304045,4711312000,2023-05-21 14:25,1,33400,망고바나나주스;ICE딸기라떼;초코+그래놀라,
f_f000959,2305220001,1,0,0,1,4,1018130747,한화호텔앤드리조트(주)/경주,경북 경주시 보문로 182-27,,3305021,4713014000,2023-05-22 11:44,1,18100,,
f_f000959,2305220006,1,0,0,1,4,5051347209,낙지마실,경북 경주시 북군길 9,경북 경주시 북군동 229-7,4715517,4713014000,2023-05-22 19:23,1,34500,,
f_f000959,2305210002,2,0,0,1,4,6444300393,CU,부산 수영구 망미배산로 28,부산 수영구 망미동 445-29,3006055,2650010100,2023-05-21 07:58,1,3800,연세)우유생크림빵:부산흰우유,
f_f000959,2305210006,2,0,0,1,4,2208160348,홈플러스,경북 경주시 공단로 97,경북 경주시 용강동 800-11,3305008,4713012500,2023-05-21 18:24,1,6310,,
f_f000959,2305210013,1,1,1,1,4,7110701369,조돌칼국수,경북 경주시 북군길 3-6,경북 경주시 북군동 산 116,4715517,4713014000,2023-05-21 20:37,1,17000,,
f_f000959,2305220005,3,1,1,1,4,5058201330,불국사주차장,경북 경주시 불국로 385,경북 경주시 진현동 15-1,3305029,4713013400,2023-05-22 17:04,1,1000,주차비,
f_f000959,2305220004,2,2,2,1,4,1682600927,공차,경북 경주시 계림로 101,,3305007,4713010600,2023-05-22 15:52,1,8100,초콜렛 밀크티;슈스틱(초코),
f_f000973,2305270005,1,0,0,1,3,,홍찜닭,경북 문경시 당교2길 35,경북 문경시 모전동 1089,4853742,4728011000,2023-05-27 20:33,1,35000,바로찜닭(뼈닭)외2,
f_f000973,2305280001,1,0,0,1,3,2068190716,다온정,경기 광명시 새터로 44-9,,3187064,4121010100,2023-05-28 11:59,1,37000,,
f_f000973,2305280002,1,0,0,1,3,6228700683,(주)가은팜스테이션,경북 문경시 가은읍 대야로 2441,경북 문경시 가은읍 왕능리 536,3000183,4728025321,2023-05-28 12:15,1,13000,아메리카노 ICE;어린이사과주스,
f_f000973,2305280004,1,0,0,1,3,2089243587,초계한우(식육점),경북 문경시 호계면 부천로 136,경북 문경시 호계면 막곡리 173-5,3312009,4728033030,2023-05-28 19:46,1,193000,,
f_f000973,2305290001,1,0,0,1,3,4563300521,고더스커피로스터리,경북 문경시 가은읍 공단강변길 17,경북 문경시 가은읍 왕능리 68,4736052,4728025321,2023-05-29 11:27,1,29500,은성광업소;아이스아메리카노;바스크치즈케익;에그타르트;오자에이드;앙 버터 프레첼,
f_f000973,2305290003,1,0,0,1,3,5110745845,메밀꽃필무렵,경북 문경시 신흥1길 11-3,경북 문경시 흥덕동 806-4,4736422,4728010300,2023-05-29 14:18,1,42000,,
f_f000973,2305290004,1,0,0,1,3,7422101544,애플문,경북 문경시 문경읍 새재로 587-10,경북 문경시 문경읍 진안리 55,3000165,4728025027,2023-05-29 14:53,1,60400,파이상자;애플파이;애플쨈쿠키;페스츄리;ICE아메리카노;사과에이드;샌드쿠키,
f_f000973,2305290002,3,0,0,1,3,5058600514,농업회사법인 (주)오미원,경북 문경시 당교5길 7,경북 문경시 모전동 888-2,4736139,4728011000,2023-05-29 12:51,1,48500,오미자청세트;칸초컵,
f_f000973,2305270003,3,0,0,2,3,5118303816,문경새재(오픈세트장1),경북 문경시 문경읍 새재로 932,경북 문경시 문경읍 상초리 288-1,3000165,4728025030,2023-05-27 15:50,1,4000,입장권,
f_f000973,2305270003,3,0,0,3,3,5118303816,문경새재도립공원,경북 문경시 문경읍 새재로 932,경북 문경시 문경읍 상초리 288-1,3000165,4728025030,2023-05-27 15:29,1,11000,탑승권구입;주차비,
f_f000973,2305270002,1,1,1,1,3,2577500147,광부의행복밥상,경북 문경시 가은읍 대야로 2442,경북 문경시 가은읍 왕능리 537-3,3000183,4728025321,2023-05-27 14:55,1,33500,"행복-찌개,도시락,고기,두부,전;도시락;라면사리",
f_f000973,2305270004,3,1,1,1,3,1048611593,에스티엑스리조트주식회사,경북 문경시 농암면 청화로 509,,3311079,4728037025,2023-05-27 18:57,1,31200,,
f_f000973,2305280003,3,1,1,1,3,2068692572,문경 에코랄라,경북 문경시 가은읍 왕능길 114,,4736524,4728025321,2023-05-28 13:26,1,47000,입장권,
f_f000973,2305280003,3,1,1,2,3,2068692572,문경 에코랄라,경북 문경시 가은읍 왕능길 114,,4736524,4728025321,2023-05-28 13:29,1,29000,성인;어린이,
f_f000979,2305270004,1,0,0,1,4,2250215052,서부순대,강원 영월군 영월읍 서부시장길 4,강원 영월군 영월읍 하송리 5-3,4481131,4275025022,2023-05-27 14:22,1,39000,순대국밥;돼지국밥;모듬한접시대;공기밥,
f_f000979,2305270003,3,0,0,1,4,3458101478,한반도권역협동조합,강원 영월군 한반도면 안새내길 63-27,강원 영월군 한반도면 신천리 591-2,4481163,4275035523,2023-05-27 12:08,1,52000,탑승권구입,
f_f000979,2305270004,2,1,1,1,4,4580200862,서부할인마트,강원 영월군 영월읍 서부시장길 15,강원 영월군 영월읍 하송리 4-1,4481131,4275025022,2023-05-27 14:33,1,21400,아이시스;후룻바이더 풋;보석바;카스캔;테라,
f_f000979,2305270004,1,2,2,1,4,6938601178,일미닭강정주식회사,강원 영월군 영월읍 서부시장길 15,강원 영월군 영월읍 하송리 4-1,4481131,4275025022,2023-05-27 14:25,1,13000,,
f_f000979,2305280001,2,2,2,1,4,1421002335,이마트24,강원 영월군 김삿갓면 영월동로 1131-15,강원 영월군 김삿갓면 진별리 506-13,3227016,4275032521,2023-05-28 11:38,1,4800,밤까마귀길드_매콤제육김밥;더블숯불갈비맛&김치제육삼,
f_f000979,2305280001,2,2,2,2,4,1421002335,이마트24,강원 영월군 김삿갓면 영월동로 1131-15,강원 영월군 김삿갓면 진별리 506-13,3227016,4275032521,2023-05-28 11:28,1,10700,쿨피스톡제로파인애플;미성)오키오망고구미;아임이)단커피,
f_f001026,2305260003,1,0,0,1,4,1381037500,장수옥,경기 안양시 동안구 경수대로 499,경기 안양시 동안구 호계동 974-6,2012008,4117310400,2023-05-26 19:08,1,41000,,
f_f001026,2305280001,1,0,0,1,4,6140156066,보람산장,경남 하동군 화개면 쌍계로 537,,3344009,4885031026,2023-05-28 14:37,1,78000,,
f_f001026,2305280002,1,0,0,1,4,7388601374,구름카페(주),전남 광양시 진상면 성지로 2-19,전남 광양시 진상면 황죽리 122-4,3285029,4623034024,2023-05-28 15:57,1,5000,,
f_f001026,2305280003,1,0,0,1,4,4598500738,길스가든더로드101,경남 하동군 화개면 화개로 357,,3344020,4885031024,2023-05-28 16:45,1,65800,스티커;지리산꿀마늘빵;지리산크림라떼ICE;하동 녹차샌드 1박스;A-아메리카노HOT,
f_f001026,2305290001,1,0,0,1,4,8950801679,밤톨,경남 하동군 화개면 화개로 17-1,,3344020,4885031023,2023-05-29 10:09,1,37100,밤파이6SET;아몬드크리스피,
f_f001026,2305290003,1,0,0,1,4,2326500284,온담,전북 전주시 완산구 전주천동로 210,전북 전주시 완산구 다가동2가 181,3266066,4511111400,2023-05-29 14:37,1,87000,직각목살;온겹살;라면된장전골;갓지은밥;카스,
f_f001026,2305290007,1,0,0,1,4,4020366228,외할머니솜씨,전북 전주시 완산구 오목대길 81-8,전북 전주시 완산구 교동 97-1,4598265,4511111800,2023-05-29 16:02,1,16000,옛날 흑임자 팥빙수;곡물미숫가루,
f_f001026,2305270002,1,2,2,1,4,6099213423,경화농산,경남 창원시 진해구 진해대로636번길 8,경남 창원시 진해구 경화동 1181-49,4793480,4812913900,2023-05-27 14:20,1,3000,,
f_f001026,2305270003,1,2,2,1,4,6082067104,함안제일숯불갈비,경남 함안군 가야읍 중앙본길 32,경남 함안군 가야읍 말산리 280,4820513,4873025021,2023-05-27 17:22,1,107000,,
f_f001026,2305270002,3,3,3,0,4,,인생네컷,직전리 꽃단지,,,,,3,6000,,4885039000
f_f001026,2305280002,3,4,4,1,4,7308200349,(재)하동세계차엑스포조직위원회,경남 하동군 화개면 쌍계로 71-8,경남 하동군 화개면 탑리 541,3344009,4885031023,,1,6000,입장권,
f_f001059,2305210005,1,0,0,1,4,3220500884,자스민,강원 강릉시 난설헌로 105,강원 강릉시 포남동 945,3220009,4215011100,2023-05-21 12:16,1,57000,숙주돈가스&숙;명란돈가스(샐;새우오일파스타;오므라이스,
f_f001059,2305210002,2,0,0,1,4,3078517603,옥계(속초)휴게소,강원 강릉시 옥계면 동해고속도로 320,강원 강릉시 옥계면 주수리 88-5,1000026,4215035023,2023-05-21 09:48,1,3300,뽀로로밀크;모구모구)리치,
f_f001059,2305210006,6,2,2,0,4,,Lago family,Lago family 자전거 대여,,,,,5,20000,,4215013700
f_f001074,2306050002,1,0,0,1,2,5158500192,평사휴게소,경북 경산시 진량읍 경부고속도로 105,,1000001,4729025332,2023-06-05 15:04,1,13000,떡볶이;수제햄어묵바;수제오징어어묵바,
f_f001074,2306060001,1,0,0,1,2,,롯데리아,경북 경주시 보문로 465-67,,3305021,4713013600,2023-06-06 12:01,1,14800,새우세트;양념감자;불고기세트;양념감자,
f_f001074,2306060006,1,0,0,1,2,8431601479,어촌밥상,경북 경주시 북군길 15-5,경북 경주시 북군동 225-3,4715517,4713014000,2023-06-06 19:33,1,30000,고등어구이;고추장불고기,
f_f001074,2306060008,1,0,0,1,2,1142312236, BHC치킨,경북 경주시 포석로1050번길 35,경북 경주시 황남동 215-4,4716228,4713011000,2023-06-06 21:13,1,5000,탕후루,
f_f001074,2306070001,1,0,0,1,2,2218602540,아화전통국수,경북 경주시 북군길 25,경북 경주시 북군동 221,4715517,4713014000,2023-06-07 12:05,1,29000,고기국수;콩국수;고기만두;비빔밥,
f_f001074,2306070002,1,0,0,1,2,2956300466,신라명가(오능본점),경북 경주시 서라벌대로 229,경북 경주시 탑동 676-1,2305001,4713011300,2023-06-07 12:29,1,9000,라떼 HOT;아메 ICE,
f_f001074,2306050006,2,0,0,1,2,1142312236,BHC치킨,경북 경주시 포석로1050번길 35,경북 경주시 황남동 215-4,4716228,4713011000,2023-06-05 17:34,1,6000,슬러시,
f_f001074,2306060009,2,0,0,1,2,5051571402,GS25,경북 경주시 보문로 441,경북 경주시 신평동 436,3305021,4713013600,2023-06-06 21:52,1,6600,불닭볶음면대컵;코카제로레몬캔;누텔라&GO2200 ,
f_f001074,2306050005,3,0,0,1,2,4698200108,경주시시설관리공단,경북 경주시 황성공원로 29,경북 경주시 황성동 1022-1,3352714,4713012400,2023-06-05 16:34,1,12000,천마총;대릉원입장권,
f_f001074,2306050009,3,0,0,1,2,,경주 엑스포 공원,경북 경주시 경감로 614,,3305005,4713013500,2023-06-05 20:42,1,14000,입장권,
f_f001074,2306060002,3,0,0,1,2,5058201330,불국사주차장,경북 경주시 불국로 385,경북 경주시 진현동 15-1,3305029,4713013400,2023-06-06 13:10,1,4000,주차비;매장,
f_f001074,2306050004,2,1,1,1,2,5051094337,미니스톱,경북 경주시 태종로699번길 24-1,경북 경주시 노서동 133-12,4716211,4713010700,2023-06-05 16:13,1,3800,콘)벨기에초코;콘)믹스벨기에초코,
f_f001074,2306070001,2,1,1,1,2,5058502887,힐튼 경주,경북 경주시 보문로 484-7,경북 경주시 신평동 370,3305021,4713013600,2023-06-07 10:58,1,1000,,
f_f001074,2306070002,2,1,1,1,2,2956300466,신라명가(오능본점),경북 경주시 서라벌대로 229,경북 경주시 탑동 676-1,2305001,4713011300,2023-06-07 12:28,1,27000,찰보리빵,
f_f001074,2306060003,3,1,1,1,2,4118601799,경주시설관리공단,경북 경주시 황성공원로 29,경북 경주시 황성동 1022-1,3352714,4713012400,2023-06-06 15:31,1,2000,,
f_f001074,2306050010,1,2,2,1,2,6132652513,GS25,경북 경주시 태종로685번길 12,경북 경주시 노서동 241-14,4716210,4713010700,2023-06-05 22:05,1,15400,환타밀크소다;흥)족발편육;육개장큰사발;장인라면담백컵;필라이트후레쉬,
f_f001081,2305230004,1,0,0,0,2,,시니어가게,,,,,,3,5000,,4223012600
f_f001081,2305220005,1,0,0,1,2,,,,,,,2023-05-22 13:36,1,40000,꾹저구탕;은어튀김(중),
f_f001081,2305220010,1,0,0,1,2,4490901298,솔향초당손두부,강원 강릉시 초당순두부길 67,강원 강릉시 초당동 303-2,4460947,4215011200,2023-05-22 18:43,1,24000,해물뚝배기순두부;해물짬뽕순두부,
f_f001081,2305230002,1,0,0,1,2,2263302495,감자바우,강원 강릉시 금성로35번길 4,강원 강릉시 성남동 97-17,4460223,4215010800,2023-05-23 10:01,1,20000,순옹심이,
f_f001081,2305230005,1,0,0,1,2,2228507463,드롭탑,강원특별자치도 동해시 동해대로 6437,,2000023,5117012900,2023-05-23 10:55,1,4500,아메리카노(R)_휴,
f_f001081,2305230008,1,0,0,1,2,5522800543,삼정식당,강원 동해시 동굴로 123-2,강원 동해시 천곡동 901,3221015,4217010100,2023-05-23 18:36,1,18000,,
f_f001081,2305240003,1,0,0,1,2,2156800053,오대산비로봉식당,강원 평창군 진부면 오대산로 90,,3228020,4276036028,2023-05-24 12:10,1,26000,돌솥비빔밥,
f_f001081,2305240004,1,0,0,1,2,2238504038,태경산업 홍천강(춘천)휴게소,,,,,2023-05-24 13:47,1,4500,아메리카노(HOT),
f_f001081,2305220003,3,0,0,1,2,2268310063,오죽헌/시립박물관,강원 강릉시 율곡로3139번길 24,,4460817,4215013300,2023-05-22 11:07,1,6000,관람권,
f_f001081,2305240002,3,0,0,1,2,2268267609,월정사 ,강원 평창군 진부면 오대산로 374-8,,3228020,4276036027,2023-05-24 10:17,1,5000,주차비,
f_f001081,2305230002,2,1,1,1,2,1380241708,GS25,강원 강릉시 창해로 419,,3220043,4215011300,2023-05-23 07:26,1,2150,농)백산수;가나마일드,
f_f001081,2305240003,2,1,1,1,2,3309501584,푸른평창,강원 평창군 진부면 진벌1길 39,강원 평창군 진부면 상진부리 281-22,4484337,4276036022,2023-05-24 11:29,1,35000,,
f_f001081,2305230006,3,2,2,1,2,2228204577,동해시시설관리공단,강원 동해시 덕골길 10,,4463060,4217010100,2023-05-23 13:30,1,4000,입장권,
f_f001092,2306030001,1,0,0,1,1,1058749920,쿠산코리아(주) 신세계,경남 김해시 김해대로 2232,경남 김해시 외동 1264,2335001,4825010900,2023-06-03 15:00,1,23800,아비꼬,
f_f001092,2306030002,1,0,0,1,1,2018121515,스타벅스,경남 양산시 동면 양산대로 532,경남 양산시 동면 석산리 966,2000032,4833031026,2023-06-03 15:54,1,10000,,
f_f001092,2306040002,1,0,0,1,1,7018501981,해월당,경남 양산시 동면 양산대로 83,경남 양산시 동면 가산리 1183,2000032,4833031028,2023-06-04 11:19,1,35100,납짝이;햇감자;카페라떼(I);꿀유자스무디;미니 케이크,
f_f001092,2306040003,1,0,0,1,1,2118642619,아웃백,부산 동래구 온천장로 20,,3130032,2626010800,2023-06-04 15:18,1,108900,런치갈릭립아이;런치레몬치킨리조또;런치투움바파스타;허니머스타드 샐러드;치킨핑거 2개,
f_f001092,2306030002,1,0,0,2,1,2018121515,스타벅스,경남 양산시 동면 양산대로 532,경남 양산시 동면 석산리 966,2000032,4833031026,2023-06-03 15:55,1,24400,T)L 키위 라임 B;T)딸기요거트 B;I-T)돌체 라떼,
f_f001092,2306030001,2,1,1,1,1,1048191189,에프알엘코리아(주) 김해신세계점,경남 김해시 김해대로 2232,경남 김해시 외동 1264,2335001,4825010900,2023-06-03 14:22,1,29800,유니클로 여성(단품) 원피스,
f_f001092,2306040001,1,2,2,1,1,1403800349,교동면옥,경남 양산시 물금읍 물금중앙길 21,경남 양산시 물금읍 물금리 377-1,4814248,4833025321,2023-06-04 10:46,1,20000,,
f_f001092,2306030001,1,3,3,1,1,2068650913,이마트,경남 김해시 김해대로 2232,경남 김해시 외동 1264,2335001,4825010900,2023-06-03 15:09,1,26440,오븐에 구운 닭강정,
f_f001092,2306040001,6,4,4,1,1,6438501443,탑마트,경남 양산시 물금읍 물금중앙길 18,,4814248,4833025321,2023-06-04 10:06,1,1980,오뚜기)생얼음,
f_f001112,2306050001,1,0,0,0,3,,금수복국,중동1로43번길23,,,,,1,24000,,2635010600
f_f001112,2306050003,1,0,0,0,3,,성원정양대창 광안본점,광안로61번가길 4,,,,,1,55000,,2650010400
f_f001112,2306050002,3,0,0,0,3,,롯데월드 어드벤처 부산,동부산관광로42,,,,,1,118500,,2671025000
f_f001112,2306030005,1,0,0,1,3,1832901187,가야밀면,부산 중구 광복로 56-14,부산 중구 남포동2가 17-1,3125001,2611013700,2023-06-03 15:46,1,16000,물;비빔,
f_f001112,2306030008,1,0,0,1,3,6030156839,대정양곱창,부산 중구 중구로23번길 31,부산 중구 부평동2가 26-1,4175230,2611012400,2023-06-03 19:51,1,51000,,
f_f001112,2306040001,1,0,0,1,3,6074903791,주문진막국수,부산 동래구 사직로58번길 8,부산 동래구 사직동 92-1,4190230,2626010900,2023-06-04 12:34,1,23000,,
f_f001112,2306040003,1,0,0,1,3,5453900051,행복식당(2호점),부산 해운대구 해운대해변로265번길 9,부산 해운대구 우동 1386,4199299,2635010500,2023-06-04 20:53,1,75000,회+조개구이(소);소주;음료수;서비스해물라면,
f_f001112,2306040002,3,0,0,1,3,,,,,,,2023-06-04 14:00,1,35000,관람권,
f_f001116,2305260002,1,0,0,1,2,1078657147,스토리웨이,경기 수원시 권선구 덕영대로 960,경기 수원시 권선구 세류동 285-2,3012001,4111312600,2023-05-26 14:20,1,3500,프리미엄꼬치어묵,
f_f001116,2305280001,1,0,0,1,2,2250917476,원조식당,경북 칠곡군 가산면 인동가산로 686,경북 칠곡군 가산면 학하리 357-1,3308087,4785033043,2023-05-28 13:40,1,18000,,
f_f001116,2305280002,1,0,0,1,2,1967300232,카페미술관,경북 구미시 인동50길 15,,4724763,4719012000,2023-05-28 13:53,1,30100,콘치즈소금빵;몽블랑;황치즈쿠키;소금빵;아메리카노(ICED),
f_f001116,2305280004,1,0,0,1,2,5131929048,봉구스밥버거,경북 구미시 인동36길 10,경북 구미시 진평동 67-4,4724754,4719012300,2023-05-28 19:41,1,13800,봉구스;햄치즈;봉구킹,
f_f001116,2305280004,1,1,1,1,2,6400802670,나이스마트 구평점,경북 구미시 인동36길 26,경북 구미시 진평동 98-2,4724754,4719012300,2023-05-28 19:56,1,31080,수박;오징어회(국내산);델몬트오렌지;엔요,
f_f001116,2305290003,2,3,3,1,2,,2피자 1치킨 상회,,,,,2023-05-29 13:24,1,30900,"구미랭킹1위&가성비1위-피자+치킨,메가톤콤비네이션피자,치즈크러스트,순살양념치킨;배달팁",
f_f001116,2305270001,3,6,6,0,2,,의성펫월드,안계리 155-13,,,,,1,25000,,4773042000
f_f001117,2305270001,1,0,0,1,3,8071201679,GS25,충북 충주시 동량면 김생로 58,충북 충주시 동량면 용교리 283-3,3238007,4313040026,2023-05-27 01:05,1,22250,삿뽀로캔;롯데)키스틱;Y)치즈소시지;충주종량,
f_f001117,2305280002,1,0,0,1,3,3040879706,롯데리아,충북 제천시 풍양로13길 5,충북 제천시 중앙로1가 119,4518096,4315010600,2023-05-28 18:39,1,17000,새우세트;양념감자;더블 데리세트;내츄치즈스틱,
f_f001117,2305270005,2,0,0,1,3,5078204366,남울진농협 기성지점 하나로마트,경북 울진군 기성면 척산길 29,경북 울진군 기성면 척산리 213-3,4775328,4793035021,2023-05-27 13:04,1,13260,갈아만든 배;환타파인;맥심 T.O.P. 스위트아메리카노;맥스봉치즈;맥심 T.O.P. 마스터라떼,
f_f001117,2305270006,1,0,0,2,3,3293900459,신짬뽕,경북 울진군 기성면 척산길 112,경북 울진군 기성면 척산리 65,4775328,4793035021,2023-05-27 13:48,1,71000,,
f_f001117,2305280002,1,0,0,2,3,7652201603,걸신특별한만두내토시장점,충북 제천시 독순로 86-1,충북 제천시 중앙로2가 139-1,3239015,4315010700,2023-05-28 18:32,1,11000,,
f_f001117,2305270006,2,1,1,1,3,1208800767,쿠팡(주),서울 송파구 송파대로 570,서울 송파구 신천동 7-30,2005011,1171010200,2023-05-17 00:00,1,39800,"GLOVEO클래식 헬멧 고글 레트로 버블 쉴드 소형,실버",
f_f001117,2305270002,6,1,1,1,3,2208742885,주식회사 야놀자,서울 강남구 테헤란로108길 42,서울 강남구 대치동 1003,4166713,1168010600,2023-05-27 00:42,3,45000,충주발리,
f_f001117,2305270006,2,1,1,2,3,5248601528,네이버파이낸셜 주식회사,경기 성남시 분당구 정자일로 95,경기 성남시 분당구 정자동 178-4,3180021,4113510300,2023-04-24 00:00,1,12090,묶음추 원투채비 묶음 바늘 바다 백조기 낚시용품8호 외 2건,
f_f001117,2305270006,2,1,1,3,3,5248601528,네이버파이낸셜 주식회사,경기 성남시 분당구 정자일로 95,경기 성남시 분당구 정자동 178-4,3180021,4113510300,2023-05-23 00:00,1,24400,치즈 팬츠 시리즈,
f_f001124,2305250003,1,0,0,1,4,7192400191,둔내역한우(본관),강원 횡성군 둔내면 고원로 117,강원 횡성군 둔내면 자포곡리 421,3013025,4273033027,2023-05-25 13:33,1,245870,한우모듬로스;소주;음료수;한우살치살;물냉면;비빔냉면,
f_f001124,2305250004,2,0,0,1,4,2248200484,둔내농협하나로마트,강원 횡성군 둔내면 둔내로 76-4,,3226016,4273033027,2023-05-25 13:49,1,36020,청포도;롯데)스낵4번들;방울토마토;참리빙종이컵(NH);나이스소독저(애런),
f_f001124,2305250007,2,0,0,1,4,8949400971,명성수산,강원 삼척시 정라항길 8,강원 삼척시 정하동 41-179,4472295,4223012600,2023-05-25 18:43,1,40000,,
f_f001124,2305250005,2,1,1,1,4,1268105325,평창(강릉)휴게소,강원 평창군 용평면 경강로 2159-58,강원 평창군 용평면 이목정리 775,3000145,4276035022,2023-05-25 14:30,1,7100,조지아카페라떼-코카;자일리톨용기,
f_f001124,2305250006,3,2,2,1,4,,정동진레일바이크,,,,,2023-05-25 16:25,1,35000,탑승권구입,
f_f001124,2305260003,3,2,2,1,4,5288701094,코어(수로부인헌화공원),서울 송파구 백제고분로17길 52,서울 송파구 잠실동 208-3,4169169,1171010100,2023-05-26 10:44,1,12000,입장권,
f_f001124,2305250006,3,2,2,2,4,2268150872,(주)레일포토,강원 강릉시 강동면 헌화로 969,강원 강릉시 강동면 정동진리 46,3220051,4215034028,2023-05-25 16:59,1,20000,,
f_f001124,2305260003,3,2,2,2,4,6598200166,바다를바라보다(수로부인),강원 삼척시 원덕읍 삼척로 1396-270,강원 삼척시 원덕읍 임원리 산 323-1,3224019,4223025322,2023-05-26 11:21,1,15000,,
f_f001131,2306040004,1,0,0,1,5,4159502453,서울수산,경북 영덕군 강구면 영덕대게로 108-1,경북 영덕군 강구면 강구리 253-3,3318005,4777031031,2023-06-04 14:27,3,130000,,
f_f001131,2306050002,1,0,0,1,5,5070387149,피자랑스,경북 영덕군 영해면 예주시장길 30-1,경북 영덕군 영해면 성내리 472-33,4754250,4777036030,2023-06-05 11:38,1,24000,L)4가지맛피자,
f_f001131,2306050006,1,0,0,1,5,1530101294,칠보산돌솥밥,경북 영덕군 영해면 벌영1길 8,경북 영덕군 영해면 벌영리 2-5,4754133,4777036035,2023-06-05 18:03,1,59000,,
f_f001131,2306060002,1,0,0,1,5,5988500218,영천(대구)휴게소,경북 영천시 임고면 운주로 791,,3018034,4723037028,2023-06-06 12:53,1,29500,충무김밥;치즈돈가스;ex-라면(실속),
f_f001131,2306050001,2,0,0,1,5,5070251891,부산마트.식육점,경북 영덕군 병곡면 병곡1길 102,경북 영덕군 병곡면 병곡리 195-5,4754139,4777037038,2023-06-05 09:57,1,4400,더위사냥;포카리스웨트0.5,
f_f001131,2306040004,1,0,0,2,5,1699600393,자매수산,경북 영덕군 강구면 영덕대게로 108-1,경북 영덕군 강구면 강구리 253-3,3318005,4777031031,2023-06-04 14:14,1,28000,,
f_f001131,2306050002,1,0,0,2,5,5218200522,북영덕농협하나로마트원황점,경북 영덕군 병곡면 영덕로 2201-4,경북 영덕군 병곡면 원황리 589-7,3318006,4777037042,2023-06-05 11:11,1,18780,제주삼다수;코나콜라;해태)사브레;크라운)죠리퐁;오리온 오!그래놀라,
f_f001131,2306060002,1,0,0,2,5,5988500218,씨앤에스에너지(주)영천(대구방향)휴게소,경북 영천시 임고면 운주로 791,,3018034,4723037028,2023-06-06 13:19,1,6200,세종/바밤바;진성/상어비타,
f_f001131,2306050003,3,1,1,1,5,3058304961,칠보산 자연휴양림,경북 영덕군 병곡면 칠보산길 587,경북 영덕군 병곡면 영리 산 214,4754347,4777037039,2023-06-05 15:04,1,5000,입장권,
f_f001131,2306040005,1,2,2,1,5,2020723030,커피홀 영덕강구점,경북 영덕군 강구면 영덕대게로 125,경북 영덕군 강구면 강구리 232-25,3318005,4777031031,2023-06-04 14:43,1,15300,,
f_f001134,2305270003,1,0,0,1,2,8298101715,솥뚜껑닭볶음탕,경기 가평군 설악면 어비산길 130-18,,4448181,4182031032,2023-05-27 13:45,1,91000,닭볶음탕;사리면;볶음밥,
f_f001134,2305270004,1,0,0,1,2,8381402093,파스쿠찌,경기 가평군 설악면 어비산길 16,경기 가평군 설악면 가일리 193-12,4448181,4182031032,2023-05-27 13:59,1,10800,바닐라 라떼 마끼아또;(L)아메리카노,
f_f001134,2305280002,1,0,0,1,2,5478600857,(주)프로메나드,경기 고양시 덕양구 행주산성로120번길 43,경기 고양시 덕양구 행주외동 177-5,4376313,4128112600,2023-05-28 11:57,1,48600,아메리카노;노마드 브렉퍼스,
f_f001134,2305270002,1,1,1,1,2,2018121515,스타벅스,경기 남양주시 경춘로 1269,경기 남양주시 평내동 246-2,3000120,4136010200,2023-05-27 09:27,3,9000,I-T)아메리카노,
f_f001134,2305270008,2,2,2,1,2,1328205536,가평군농협하나로마트설악점,경기 가평군 설악면 신천중앙로 112,경기 가평군 설악면 신천리 432-24,3216028,4182031021,2023-05-27 17:01,1,55130,제주삼다수;처음처럼 새로;쌈무(와사비);오리온 배배;진로믹서토닉워터제로홍차,
f_f001134,2305270008,2,2,2,2,2,1328205536,가평군농협하나로마트 설악점,경기 가평군 설악면 신천중앙로 112,경기 가평군 설악면 신천리 432-24,3216028,4182031021,2023-05-27 17:03,1,2280,OKCOOK컵아이스,
f_f001181,2306020002,1,0,0,1,1,8598501937, (주)파리크라상 파리바게뜨,경기 가평군 설악면 미사리로 540,경기 가평군 설악면 미사리 274-9,3216014,4182031026,2023-06-02 21:55,1,9400,잣이오감자핫도그;DC라떼(I),
f_f001181,2306030001,1,0,0,1,1,8703600261,이디야,강원특별자치도 춘천시 서부대성로 44,강원특별자치도 춘천시 요선동 8-7,3218018,5111010200,2023-06-03 11:00,1,4700,(L)ICED카페 라떼;에스프레소 1샷,
f_f001181,2306030002,1,0,0,1,1,2210685855,실비막국수,강원특별자치도 춘천시 소양고개길 25,강원특별자치도 춘천시 소양로2가 127-1,4454410,5111011400,2023-06-03 12:09,1,8000,,
f_f001181,2306030003,1,0,0,1,1,2210882100,이디오피아집(벳),강원특별자치도 춘천시 이디오피아길 7,강원특별자치도 춘천시 근화동 371-3,4454835,5111011700,2023-06-03 15:58,1,14000,아메리카노;팥빙수,
f_f001181,2306030005,1,0,0,1,1,6128518862,(주)육설모,강원특별자치도 춘천시 영서로2279번길 16,강원특별자치도 춘천시 온의동 513-5,4454496,5111012100,2023-06-03 19:18,1,38800,한우채끝등심;한우모듬구이;된장찌개;공기밥,
f_f001181,2306040002,1,0,0,1,1,2214401575,부안막국수,강원특별자치도 춘천시 후석로344번길 8,강원특별자치도 춘천시 후평동 429-17,4454815,5111012000,2023-06-04 11:27,1,16000,,
f_f001184,2306020004,1,0,0,1,4,3752002007,연희옥,경북 경주시 사정로57번길 8-1,경북 경주시 황남동 288-1,4715587,4713011000,2023-06-02 15:21,1,34000,,
f_f001184,2306020008,1,0,0,1,4,7360702412,황남갈비,경북 경주시 포석로1050번길 33,경북 경주시 황남동 222-3,4716228,4713011000,2023-06-02 20:45,1,37000,황남돼지갈비;공기밥,
f_f001184,2306020011,1,0,0,1,4,1018676277,버거킹,경북 경주시 강변로 158-3,경북 경주시 사정동 488-1,3305004,4713010900,2023-06-02 23:20,1,14900,불고기와주세트+콰치와+콜라;치즈스틱21,
f_f001184,2306030001,1,0,0,1,4,7665400419,황남만두,경북 경주시 포석로1068번길 22-3,경북 경주시 황남동 229-33,4716229,4713011000,2023-06-03 12:02,1,25000,물냉면;월지떡볶이(수제);군만두(수제),
f_f001184,2306030005,1,0,0,1,4,8110700146,반월성화덕피자,경북 경주시 알천남로 316,,3305038,4713012200,2023-06-03 19:19,1,97000,spa알리오올리오;spa해산물토마토;spa모짜렐라파스타;Ris치킨머쉬롤;Ris해산물토마토,
f_f001184,2306040001,1,0,0,1,4,8746600182,엘린,경북 경주시 불국신택지6길 25,경북 경주시 진현동 651-6,4715561,4713013400,2023-06-04 11:31,1,70000,로얄 브런치;엘린 브런치;더블 프렌치 토스트;엘린 샌드위치;스크럼블 오픈 샌드위치,
f_f001184,2306050001,1,0,0,1,4,5218500917,청주(서울)휴게소,충북 청주시 흥덕구 옥산면 경부고속도로 318,충북 청주시 흥덕구 옥산면 장남리 284-16,1000001,4311332031,2023-06-05 14:45,1,14000,치즈라면;마성)스팸야채볶음밥,
f_f001184,2306030006,2,0,0,1,4,,이마트24,,,,,2023-06-03 19:50,1,12600,김토끼)초당옥수수팝콘;크라운)콘초당옥수수;콘치;콘초;이클립스피치,
f_f001184,2306040003,2,0,0,1,4,6412501574,황남우엉김밥,경북 경주시 포석로 1074,경북 경주시 황남동 294,3305063,4713011000,2023-06-04 15:18,1,13000,우엉김밥2줄;황남식혜,
f_f001184,2306020006,3,0,0,1,4,5058300022,경주시청,경북 경주시 임해로 64-19,경북 경주시 구황동 786-1,3305051,4713012200,2023-06-02 16:02,1,6000,입장권,
f_f001184,2306040005,3,0,0,1,4,,동궁과월지,경북 경주시 원화로 102,,3305047,4713011200,2023-06-04 19:07,1,15000,입장권,
f_f001184,2306050001,1,0,0,2,4,5218500917,청주(서울방향)휴게소,충북 청주시 흥덕구 옥산면 경부고속도로 318,충북 청주시 흥덕구 옥산면 장남리 284-16,1000001,4311332031,2023-06-05 15:00,1,8000,즉석)꼬마김밥,
f_f001184,2306040003,2,0,0,2,4,6644200032,이웃집쿠보로,경북 경주시 포석로 1073,경북 경주시 황남동 290-3,3305063,4713011000,2023-06-04 15:35,1,5000,,
f_f001184,2306040003,2,0,0,3,4,8941901987,포도도,경북 경주시 사정로 58,경북 경주시 사정동 124-1,3305032,4713010900,2023-06-04 15:57,1,22000,XL;L,
f_f001184,2306020002,1,1,1,0,4,,충주휴게소 창원방향,,,,,,1,13000,,4313038500
f_f001184,2306020005,1,1,1,1,4,8225500415,젤라또도넛아이스크림,경북 경주시 포석로 1077-2,경북 경주시 황남동 285,3305063,4713011000,2023-06-02 15:31,1,11000,두가지맛젤라또;컵빙수,
f_f001184,2306040004,1,1,1,1,4,2018121515,스타벅스,경북 경주시 황성로1번길 4,경북 경주시 황성동 450-13,4716324,4713012400,2023-06-04 16:57,3,28900,I-T)자몽허니블랙티;I-T)시그니처초콜릿;V)아메리카노;G)바닐라C콜드브루,
f_f001184,2306020005,1,1,1,2,4,8561801673,황금십원빵본점,경북 경주시 포석로 1075,경북 경주시 황남동 290-1,3305063,4713011000,2023-06-02 15:28,1,3500,황금십원빵,
f_f001184,2306030001,2,1,1,3,4,2834000896,경주십원빵,경북 경주시 포석로1092번길 70,,4716231,4713011000,2023-06-03 11:49,1,6000,,
f_f001184,2306020006,6,3,3,1,4,5058300022,경주시청(매점),경북 경주시 임해로 64-19,경북 경주시 구황동 786-1,3305051,4713012200,2023-06-02 16:40,1,7000,ICE 아메리카노;청포도에이드,
f_f001226,2305270002,1,0,0,1,3,1268680071,덕평자연휴게소,경기 이천시 마장면 덕이로154번길 287-76,경기 이천시 마장면 각평리 319,4421240,4150034029,2023-05-27 08:27,1,7000,수유리어묵우동,
f_f001226,2305270003,1,0,0,1,3,2278120522,주식회사 실로암메밀국수,강원특별자치도 양양군 강현면 장산3길 17,강원특별자치도 양양군 강현면 장산리 221-1,4505174,5183035038,2023-05-27 13:06,1,34000,동치미;비빔;사리(A),
f_f001226,2305270006,1,0,0,1,3,3532201472,카페청호동,강원특별자치도 속초시 청호해안길 123,,4469283,5121010900,2023-05-27 15:57,1,18000,고구마라떼(HOT);말차라떼(HOT);아메리카노(ICE),
f_f001226,2305270008,1,0,0,1,3,8034000652,케이에이비,강원특별자치도 속초시 엑스포로2길 22,강원특별자치도 속초시 교동 1022-12,4469153,5121010600,2023-05-27 19:11,1,164000,참치 모나카;관자;우니 파스타;홍새우;채끝스테이크,
f_f001226,2305280001,1,0,0,1,3,1180970213,엄마손손두부,강원특별자치도 고성군 토성면 고성대로 51,강원특별자치도 고성군 토성면 원암리 334-8,2234001,5182033033,2023-05-28 09:55,1,37000,,
f_f001226,2305280003,1,0,0,1,3,2094100541,서민갑부똑이네튀김,강원특별자치도 속초시 중앙로147번길 16,강원특별자치도 속초시 중앙동 471-4,4469221,5121010300,2023-05-28 12:26,1,15000,,
f_f001226,2305280004,1,0,0,1,3,6228802863,커피장사,강원특별자치도 속초시 장사항해안길 58,,4469192,5121011300,2023-05-28 13:51,1,15350,장사항비치에이드;아메리카노;복숭아 아이스티,
f_f001226,2305280009,1,0,0,1,3,3932901386,속초그바다로,강원특별자치도 속초시 엑스포로 171,강원특별자치도 속초시 교동 664-222,3223008,5121010600,2023-05-28 17:57,1,90000,문어 솥밥;해물모듬장(2~3인),
f_f001226,2305290001,1,0,0,1,3,2278120556,주식회사청초수,강원특별자치도 속초시 엑스포로 12-36,강원특별자치도 속초시 조양동 1555-1,3223008,5121010800,2023-05-29 10:43,1,60000,1인해전;섭국;성게알미역국,
f_f001226,2305290002,1,0,0,1,3,,하와이새우트럭,강원특별자치도 양양군 현남면 인구중앙길 99,강원특별자치도 양양군 현남면 시변리 25-3,4505163,5183034024,2023-05-29 12:08,1,33700,"순살 갈릭새우;새우만-순살 핫새우-매콤달콤,신라면 맵기;코카콜라;(무탄산)마티넬리 애플쥬스",
f_f001226,2305290004,1,0,0,1,3,,소돌엔,강원특별자치도 강릉시 주문진읍 해안로 1987,강원특별자치도 강릉시 주문진읍 주문리 804,3220050,5115025021,2023-05-29 14:34,1,18500,,
f_f001226,2305290006,1,0,0,1,3,7271701719,팍스버거,강원특별자치도 강릉시 연곡면 해안로 1433-1,강원특별자치도 강릉시 연곡면 영진리 72-17,3220050,5115037022,2023-05-29 16:56,1,24000,팍스-세트;쉬림프-단품;스프라이트,
f_f001226,2305280008,2,0,0,1,3,1800701473,보구밍샵,강원특별자치도 속초시 엑스포로 175,강원특별자치도 속초시 교동 664-188,3223008,5121010600,2023-05-28 16:48,1,33000,소품,
f_f001226,2305280010,2,0,0,1,3,3168601077,주식회사 베이커리가루(속초),강원특별자치도 속초시 청초호반로 208,강원특별자치도 속초시 교동 1019-3,3223018,5121010600,2023-05-28 18:07,1,15300,화이트쇼콜라대;화이트엔젤,
f_f001226,2305280002,3,0,0,1,3,7733900132,해피아울하우스,강원특별자치도 속초시 바람꽃마을길 118,강원특별자치도 속초시 노학동 1000-461,4469070,5121010700,2023-05-28 10:22,1,17000,,
f_f001226,2305280002,3,0,0,2,3,7733900132,해피아울하우스,강원특별자치도 속초시 바람꽃마을길 118,강원특별자치도 속초시 노학동 1000-461,4469070,5121010700,2023-05-28 11:13,1,30000,,
f_f001233,2305280002,1,0,0,0,5,,백도막국수,백도막국수,,,,,5,60000,,4282025300
f_f001233,2305290002,3,0,0,0,5,,젊은달와이파크,젊은달와이파크,,,,,3,30000,,4275025000
f_f001233,2305270004,1,0,0,1,5,2270451271,제비호식당,강원특별자치도 고성군 거진읍 거진항길 29,,4502032,5182025321,2023-05-27 12:47,1,60000,,
f_f001233,2305280003,1,0,0,1,5,3028130559,바다정원 신관,강원특별자치도 고성군 토성면 버리깨길 23,,4502416,5182033034,2023-05-28 13:55,1,40300,,
f_f001233,2305280004,1,0,0,1,5,2248526016,원주(부산)휴게소,강원특별자치도 원주시 호저면 마근거리길 120,강원특별자치도 원주시 호저면 옥산리 211,4457180,5113032026,2023-05-28 17:17,1,28900,꼬치어묵우동;유부우동;인생설렁탕정식,
f_f001233,2305290001,1,0,0,1,5,6570901211,주천목집,강원특별자치도 영월군 주천면 송학주천로 1282-11,,3000163,5175036024,2023-05-29 12:19,1,16000,메밀 묵밥(온);채묵비빔밥,
f_f001233,2305270005,2,0,0,1,5,2279057318,명호엄마,강원특별자치도 고성군 거진읍 거진항1길 42,강원특별자치도 고성군 거진읍 거진리 25-6,4502031,5182025321,2023-05-27 13:53,1,183000,,
f_f001233,2305280001,2,0,0,1,5,2278101020,주식회사통일전망대,강원특별자치도 고성군 현내면 금강산로 481,강원특별자치도 고성군 현내면 마차진리 188,3234023,5182031028,2023-05-28 10:48,1,12000,,
f_f001233,2305270003,3,0,0,1,5,2278302396,역사안보전시관,강원특별자치도 고성군 현내면 이승만별장길 33,강원특별자치도 고성군 현내면 죽정리 산 1-3,4502496,5182031024,2023-05-27 11:57,1,9000,입장권,
f_f001233,2305280001,2,0,0,2,5,2278101020,주식회사통일전망대,강원특별자치도 고성군 현내면 금강산로 481,강원특별자치도 고성군 현내면 마차진리 188,3234023,5182031028,2023-05-28 10:51,1,45000,,
f_f001233,2305280001,2,0,0,3,5,2278101020,주식회사통일전망대,강원특별자치도 고성군 현내면 금강산로 481,강원특별자치도 고성군 현내면 마차진리 188,3234023,5182031028,2023-05-28 10:51,1,48000,,
f_f001245,2305280001,1,0,0,0,2,,샬로우커피 울산송정점,1218-5,,,,,1,16000,,3120012600
f_f001245,2305290001,1,0,0,0,2,,No Words,270-11 2층,,,,,1,11100,,4713011000
f_f001245,2305270010,3,0,0,0,2,,동궁과월지,506-1,,,,,1,6000,,4713011200
f_f001245,2305270008,1,0,0,1,2,8722701018,프프프베이커리,경북 경주시 포석로 1066,경북 경주시 황남동 303-16,3305063,4713011000,2023-05-27 18:05,1,4800,크룽지,
f_f001245,2305270012,1,0,0,1,2,5050486331,대구갈비,경북 경주시 북정로 5,경북 경주시 황오동 329-3,3305027,4713010500,2023-05-27 19:15,1,31000,돼지갈비찜(PORK RIB);참이슬;뽁음밥;공기밥(RICE),
f_f001245,2305290002,1,0,0,1,2,3670301581,교리김밥,경북 경주시 탑리3길 2,경북 경주시 탑동 400-1,4716205,4713011300,2023-05-29 13:38,1,26000,,
f_f001245,2305290003,1,0,0,1,2,4261101696,이스트베이 르마땅,경북 포항시 남구 중흥로 85,경북 포항시 남구 상도동 579-13,3303049,4711110100,2023-05-29 15:37,1,10300,,
f_f001245,2305270005,2,0,0,1,2,8989901415,형제수산,경북 경주시 감포읍 감포항구길 91,경북 경주시 감포읍 오류리 600-2,4715036,4713025025,2023-05-27 13:03,1,50000,,
f_f001245,2305270006,2,0,0,1,2,1943201057,커피명가,경북 경주시 양남면 동해안로 440,경북 경주시 양남면 하서리 12-1,3000101,4713032021,2023-05-27 14:00,1,13000,아포가토;수제 오미자 차,
f_f001245,2305270011,2,0,0,1,2,,주식회사 경주시공간,경북 경주시 태종로 801,경북 경주시 황오동 308-1,3305061,4713010500,2023-05-27 18:37,1,12000,"우드, 타일2구자석",
f_f001245,2305280004,1,1,1,1,2,5392000073,가리명가,울산 북구 상방1길 1,울산 북구 연암동 381-1,4316136,3120012200,2023-05-28 13:29,1,42000,,
f_f001245,2305270008,2,1,1,1,2,2859400366,어서어서,경북 경주시 포석로 1083,경북 경주시 황남동 278-1,3305063,4713011000,2023-05-27 18:17,1,11000,,
f_f001245,2305270013,2,1,1,1,2,7970402089,GS25,경북 경주시 외동읍 산업로 2765,경북 경주시 외동읍 괘릉리 697-2,3000104,4713025934,2023-05-27 22:10,1,78400,느린마을증류주;원모어유자소다;원모어하이볼;켈리캔;삿뽀로캔;라구니타스IPA,
f_f001245,2305270008,1,3,3,1,2,8582101418,GS25,경북 경주시 외동읍 연안개곡1길 3,경북 경주시 외동읍 연안리 594-1,4715855,4713025927,2023-05-27 17:11,1,5200,더진한헛개;핫식스더킹파워,
f_f001321,2305270006,1,0,0,1,4,5080693683,시골찜닭,경북 안동시 번영길 6,,4721470,4717011600,2023-05-27 19:15,1,45000,찜닭;소주;음료수;볶음밥;콘치즈추가,
f_f001321,2305270007,1,0,0,1,4,6891001612,짱만두,경북 안동시 서동문로 188-1,경북 안동시 동부동 87-2,3307019,4717011200,2023-05-27 20:56,1,13000,새우(군)만두;고기(군)만두,
f_f001321,2305280002,1,0,0,1,4,5120145303,나드리,경북 영주시 중앙로 89,경북 영주시 영주동 382-1,3303047,4721010100,2023-05-28 15:14,1,33500,쫄면;어린이쫄면;우동;돈까스,
f_f001321,2305280001,2,0,0,1,4,4598701158,(주)맘모스,경북 안동시 문화광장길 34,경북 안동시 남부동 164-1,4721412,4717011500,2023-05-28 10:44,1,37500,크림치즈빵;고르곤졸라피자;포테이토빵;유자파운드;딸기생크림,
f_f001321,2305280004,3,0,0,1,4,5088303300,도산서원,경북 안동시 도산면 도산서원길 154,,4721270,4717042021,2023-05-28 11:47,1,4300,입장권 ,
f_f001321,2305270002,6,0,0,1,4,6058546093,세븐일레븐,충북 충주시 산척면 평택제천고속도로 106,충북 충주시 산척면 영덕리 1232,1000019,4313041022,2023-05-27 11:36,1,10400,영도)뽀로로밀크;(음료)모구모구(리치);(초코)크런키;(봉지)치토스스모크;(하리보)스타믹스젤리,
f_f001321,2305270002,6,0,0,2,4,6058546093,천등산(제천)휴게소,충북 충주시 산척면 평택제천고속도로 106,,1000019,4313041022,2023-05-27 11:33,1,4000,로보)아메리카노(H),
f_f001336,2305260007,2,0,0,0,4,,애니창고 미니,중앙대로 680번길 지하1층,,,,,3,28000,,2623010300
f_f001336,2305260002,1,0,0,1,4,1464700301,용우동,전남 보성군 벌교읍 채동선로 222,전남 보성군 벌교읍 벌교리 737-30,3290013,4678025321,2023-05-26 11:36,1,23000,돌솥콘치즈 닭갈비;오무라이스;김치볶음밥,
f_f001336,2305270001,1,0,0,1,4,8881501290,쇼쿠지,부산 부산진구 동천로 97-4,부산 부산진구 부전동 149-10,3129010,2623010300,2023-05-27 12:45,1,53000,텐동;사케동;냉모밀,
f_f001336,2305270003,1,0,0,1,4,8261800921,토로(TORO),부산 영도구 태종로750번길 46,부산 영도구 동삼동 710-2,4184350,2620012100,2023-05-27 19:19,1,100000,사이다;만조샐러드;테라;콰트로 포르마지 피자;[채끝등심세트],
f_f001336,2305280002,1,0,0,1,4,2978501954,서브웨이,부산 부산진구 중앙대로 690,부산 부산진구 부전동 194-6,2000010,2623010300,2023-05-28 13:45,1,18800,상품대,
f_f001336,2305280003,1,0,0,1,4,7271901668,설빙 서면영광도서거리점,부산 부산진구 서면문화로 7,부산 부산진구 부전동 475-1,3129026,2623010300,2023-05-28 14:53,1,22400,생딸기설빙(딸기);인절미 설빙,
f_f001336,2305280005,1,0,0,1,4,2503300622,조선화로집,부산 부산진구 중앙대로 792,부산 부산진구 전포동 875-1,2000010,2623010200,2023-05-28 19:21,1,137500,조선프리미엄세트(한판);한우육회;좋은데이;콜라;된장찌개,
f_f001336,2305260006,2,0,0,1,4,1068186950,건담베이스,부산 부산진구 중앙대로 672,부산 부산진구 부전동 227-2,2000010,2623010300,2023-05-26 17:48,1,43000,쿠지 히로아카 FIGHT ON;쿠지 극장판 주술회전,
f_f001336,2305280001,2,0,0,1,4,1068186950,건담베이스,부산 부산진구 중앙대로 672,부산 부산진구 부전동 227-2,2000010,2623010300,2023-05-28 12:45,1,36000,쿠지 귀멸의 칼날 자! 대장장이의 마을로(80입),
f_f001336,2305270002,3,0,0,1,4,6178212523,부산관광공사(태종대),부산 영도구 전망로 24,부산 영도구 동삼동 산 19-2,3128019,2620012100,2023-05-27 14:48,1,11500,탑승권구입,
f_f001336,2305260006,2,0,0,2,4,3188109181,부산,부산 부산진구 중앙대로 672,부산 부산진구 부전동 227-2,2000010,2623010300,2023-05-26 18:13,1,12000,이치방쿠지 극장판 주술회전,
f_f001336,2305280001,2,0,0,2,4,6698501315,애니메이트,부산 부산진구 중앙대로 672,부산 부산진구 부전동 227-2,2000010,2623010300,2023-05-28 13:19,1,29700,서울)명탐정 코난 괴;서울)명탐정 코난 시,
f_f001336,2305290002,1,1,1,1,4,1078657147,스토리웨이,광주 북구 독립로367번길 69,광주 북구 중흥동 694-4,4286130,2917010100,2023-05-29 16:30,1,5000,순천만칠게빵(봉지),
f_f001336,2305260007,2,1,1,1,4,6121289984,서면애니메클럽,부산 부산진구 중앙대로 682-1,부산 부산진구 부전동 196-5,2000010,2623010300,2023-05-26 19:41,1,18000,주술회전 허그콧토 2탄,
f_f001336,2305280001,2,1,1,1,4,8723700982,애니창고 MINI,부산 부산진구 중앙대로680번길 680,부산 부산진구 부전동 197-3,4187686,2623010300,2023-05-28 12:22,1,31000,,
f_f001336,2305260007,2,2,2,1,4,6052132603,파리바게뜨,부산 부산진구 중앙대로 786,부산 부산진구 전포동 876-4,2000010,2623010200,2023-05-26 20:13,1,3800,소보루(성형);카스테라,
f_f001336,2305280003,2,2,2,1,4,2018644435,CJ올리브영(주),부산 부산진구 중앙대로 지하 730,부산 부산진구 부전동 573-1,2000010,2623010300,2023-05-28 14:42,1,29000,페리페라 무드 비건 글로우 쿠 매가행사;릴리바이레드 글래시 레이어 픽싱 틴트;허쉬 초코마시멜로 타르트,
f_f001336,2305270002,1,3,3,1,4,6850401981,찬's컴퍼티(블루빈),부산 영도구 전망로 257,부산 영도구 동삼동 산 29-1,3128019,2620012100,2023-05-27 16:33,1,9000,수제머랭;커피콩빵,
f_f001336,2305260007,2,3,3,1,4,5318501946,첨당동마녀김밥,부산 부산진구 서전로 19,부산 부산진구 부전동 143-5,3129027,2623010300,2023-05-26 20:02,1,4900,땡참,
f_f001336,2305260007,2,4,4,0,4,,춘리마라탕 서면전포점,687-8,,,,,1,22000,,2623010200
f_f001363,2306030001,1,0,0,0,1,,별미순대국,,,,,,1,22000,,4221010100
f_f001363,2306040003,1,0,0,0,1,,물레방아식당,양양군 설악동,,,,,3,28000,,4221011200
f_f001363,2306030004,1,0,0,1,1,,하마식당,,,,,2023-06-03 14:01,1,33000,,
f_f001363,2306030006,1,0,0,1,1,,아지트,,,,,2023-06-03 18:17,1,50000,,
f_f001363,2306030007,1,0,0,1,1,,별천지,,,,,2023-06-03 20:16,1,31000,,
f_f001363,2306040001,1,0,0,1,1,,주식회사 봉포머구리,,,,,2023-06-04 10:25,1,36000,,
f_f001363,2306020004,2,0,0,1,1,,옛날떡집방앗간,,,,,2023-06-02 18:59,1,10000,,
f_f001363,2306030003,1,1,1,1,1,,다래헌,,,,,2023-06-03 12:27,1,10000,,
f_f001363,2306040002,1,1,1,1,1,,할리스,강원특별자치도 속초시 영랑해안길 205,,4469178,5121010100,2023-06-04 10:33,1,9400,,
f_f001380,2306050001,1,0,0,1,3,2068689631,엘에스컴퍼니,제주특별자치도 제주시 청사로 11,제주특별자치도 제주시 도남동 573-2,3349193,5011012900,2023-06-05 13:07,1,25000,,
f_f001380,2306030003,2,0,0,1,3,2068650913,이마트,경북 상주시 경상대로 3141,,2018003,4725013300,2023-06-03 17:44,1,54340,에그듬뿍 샌드위치;베이글식빵;앙팡치즈 까요까요 플레인;필라델피아 크림치즈;풀무원 로스팅짬뽕 홍,
f_f001380,2306040002,3,0,0,1,3,2208183676,주식회사 지마켓,서울 강남구 테헤란로 152,서울 강남구 역삼동 737,3122010,1168010100,2023-06-04 00:00,1,21320,경북e누리 상주 카트장+하늘자전거+승마체험+수상레저+생물자원관+자전거박물관+상주박물관 기타,
f_f001380,2306040004,1,1,1,1,3,8377500297,박물관꿀카페,경북 상주시 사벌국면 경천로 684,,3311003,4725032535,2023-06-04 14:41,1,2000,,
f_f001380,2306040001,3,1,1,1,3,4177001307,TK트래블,서울 동대문구 신이문로 39,서울 동대문구 이문동 220-105,3105005,1123011000,2023-06-04 10:32,1,30000,,
f_f001380,2306050001,3,1,1,1,3,2208183676,주식회사지마켓,서울 강남구 테헤란로 152,서울 강남구 역삼동 737,3122010,1168010100,2023-06-01 00:00,1,2900,문경 에코랄라,
f_f001380,2306050001,3,1,1,2,3,,문경에코랄라,경북 문경시 가은읍 왕능길 112,경북 문경시 가은읍 왕능리 432-5,4736524,4728025321,,1,12900,에코랄라+키즈월드PKG 성인,
f_f001380,2306050001,3,1,1,3,3,,문경 에코월드,경북 문경시 가은읍 왕능길 114,경북 문경시 가은읍 왕능리 480-4,4736524,4728025321,,1,14900,입장권,
f_f001380,2306040005,1,2,2,1,3,5118205476,상주축산농협 로컬푸드직매장,경북 상주시 영남제일로 1119-9,경북 상주시 헌신동 45-1,3311045,4725012300,2023-06-04 17:41,3,19900,다용도태망 대;돈육목심,
f_f001408,2306040004,1,0,0,1,3,4168602527,주식회사미즈컨테이너김해신세계,경남 김해시 김해대로 2232,경남 김해시 외동 1264,2335001,4825010900,2023-06-04 12:14,1,42500,미즈컨테이너 ,
f_f001412,2306040002,1,0,0,1,4,5173300414,풍차카페수제버거,경남 산청군 금서면 동의보감로555번길 104-9,경남 산청군 금서면 특리 1300-60,4835429,4886034026,2023-06-04 12:37,1,54000,눈꽃우유빙수;산청딸기라떼;세트(콜라),
f_f001412,2306040004,1,0,0,1,4,5171300906,고메밀면마산본점,경남 창원시 마산합포구 용마로 86,경남 창원시 마산합포구 산호동 25-5,3329034,4812511800,2023-06-04 18:58,1,29000,,
f_f001421,2305270004,1,0,0,1,1,3718500200,(주)서원유통 탑마트 기장서부점,부산 기장군 기장읍 읍내로 49,부산 기장군 기장읍 서부리 76-1,3140036,2671025025,2023-05-27 19:25,1,67796,테라(피쳐);좋은데이(패트);동원)수풀림;일가집)쌈무,
f_f001421,2305280002,1,0,0,1,1,5060773752,까치식당,경북 포항시 남구 호미곶면 호미곶길 81,,4709680,4711135022,2023-05-28 12:42,1,32000,잡어물회;음료수,
f_f001421,2305280005,1,0,0,1,1,7320400600,카페루치아,경북 포항시 남구 구룡포읍 호미로 420-5,경북 포항시 남구 구룡포읍 구룡포리 9-43,3303064,4711125021,2023-05-28 15:55,1,11000,아메리카노(ICE);흑임자 크림 라떼(ICE),
f_f001421,2305280006,1,0,0,1,1,3038151649,외동(울산)휴게소,경북 경주시 외동읍 상석길 58-74,,4715611,4713025923,2023-05-28 17:39,1,4500,케네디소시지,
f_f001440,2305250004,1,0,0,1,2,6671000549,카페젤라또,부산 서구 암남공원로 181,부산 서구 암남동 산 193-22,3006011,2614012400,2023-05-25 17:56,1,6500,,
f_f001440,2305250006,1,0,0,1,2,6031026337,까치생숯불갈비,부산 사하구 다대로 581,,3134007,2638010600,2023-05-25 20:35,1,54000,,
f_f001440,2305260002,1,0,0,1,2,4630902686,파로커피,부산 사하구 감내2로 133,부산 사하구 감천동 6-991,3134002,2638010800,2023-05-26 09:52,1,13000,삼각파이;초코스콘;아메리카노(ICE),
f_f001440,2305260004,1,0,0,1,2,6020834559,돌고래,,,,,2023-05-26 11:46,1,14000,,
f_f001440,2305260006,2,0,0,1,2,7668601762,(주)태성당,부산 동구 중앙대로296번길 3-5,부산 동구 초량동 1158-5,4181429,2617010100,2023-05-26 12:49,1,62500,꿀꺽도나스세트(6입);200만개돌파기념 파이만쥬(4개입);쇼핑백,
f_f001440,2305250003,1,1,1,1,2,6031111898,괴정분식,부산 사하구 사하로198번길 11,부산 사하구 괴정동 1011-19,4202319,2638010100,2023-05-25 14:10,1,15000,,
f_f001440,2305260002,2,1,1,1,2,6478200241,감천문화마을기념품숍,부산 사하구 감내2로 201,부산 사하구 감천동 1-13,3134002,2638010800,2023-05-26 09:35,1,5000,,
f_f001440,2305260004,1,2,2,0,2,,유나길커피,광복로49번길 26 옆 골목,,,,,3,2000,,2611012700
f_f001440,2305250004,3,2,2,1,2,6038301058,부산서구청,부산 서구 원양로 102,부산 서구 암남동 620-43,3006013,2614012400,2023-05-25 17:16,1,2000,영궁 구름다리 입장권,
f_f001440,2305250003,1,4,4,0,2,,괴정골목시장 25번,괴정골목시장 내 이동식매대 25번 식혜집,,,,,3,5000,,2638010100
f_f001440,2305250003,1,5,5,1,2,4145500738,카페무노,부산 사하구 사하로 183,,3134015,2638010100,2023-05-25 14:55,1,2500,아메리카노-ICE,
f_f001442,2305270003,1,0,0,1,4,6150627142,아랑식당,경남 밀양시 상동면 상동로 231,경남 밀양시 상동면 가곡리 293-11,3335035,4827032022,2023-05-27 14:26,1,287000,,
f_f001442,2305270004,1,0,0,1,4,1754000431,밀양189,경남 밀양시 용평로5길 282,경남 밀양시 용평동 189,4808719,4827010600,2023-05-27 15:06,1,71600,딸기파이;뱅오쇼콜라;코코넛바나나식빵;ICE 카라멜마끼아또;블루베리 스무디,
f_f001446,2305260002,1,0,0,1,2,2583501328,카페세디,부산 부산진구 전포대로186번길 36-1,부산 부산진구 전포동 354-40,4187659,2623010200,2023-05-26 16:53,1,22500,키리모찌구이;메론소다;키미크림라떼,
f_f001446,2305260004,1,0,0,1,2,2083016710,가야가야,부산 부산진구 전포대로209번길 43,,4187664,2623010200,2023-05-26 19:21,1,16400,교카이라멘;히야시소바,
f_f001446,2305270001,1,0,0,1,2,3918501561,문화의물결  퍼지네이블,부산 해운대구 구남로 43-1,부산 해운대구 중동 1392-17,3132002,2635010600,2023-05-27 14:16,1,52000,그릴드비프 치미창;마르게리타피자;아세로라;피나콜라다,
f_f001446,2305270003,1,0,0,1,2,3061269180,호랑이젤라떡,부산 해운대구 달맞이길62번길 38,부산 해운대구 중동 957-2,4199020,2635010600,2023-05-27 16:32,1,8000,너의맘을낚아체리;해운대,
f_f001446,2305270004,1,0,0,1,2,7018802244,(주)조새호,부산 수영구 광안해변로 199,,3138005,2650010400,2023-05-27 19:59,1,94000,음료;3단+모듬회,
f_f001446,2305260003,2,0,0,1,2,2138152063,(주)아성다이소,서울 강남구 남부순환로 2748,,2000003,1168011800,2023-05-26 19:15,1,3000,볼이빵빵한친구들_캠핑의자커버,
f_f001487,2306100002,1,0,0,1,3,1201601468,인더하우스,강원특별자치도 횡성군 둔내면 둔내로 62-1,강원특별자치도 횡성군 둔내면 자포곡리 412-14,3226016,5173033027,2023-06-10 19:19,1,31900,고르곤졸라외 1,
f_f001487,2306100003,1,0,0,1,3,2248152476,신안종합리조트(주),강원특별자치도 횡성군 둔내면 고원로 451,강원특별자치도 횡성군 둔내면 두원리 204,3013025,5173033026,2023-06-10 14:20,1,15000,구슬 아이스크림;떡볶이;테라캔,
f_f001487,2306110001,1,0,0,1,3,2241484559,라오니아,강원특별자치도 횡성군 둔내면 고원로398번길 6,강원특별자치도 횡성군 둔내면 두원리 820,4478107,5173033026,2023-06-11 11:39,1,84000,성인;미취학,
f_f001487,2306110003,1,0,0,1,3,6581701179,카페엘크,강원특별자치도 횡성군 갑천면 태기로 975,강원특별자치도 횡성군 갑천면 중금리 7-16,3226080,5173034021,2023-06-11 14:40,1,22800,달고나커피(ONIY ICE;딸기요거트스무디;샤인머스켓스퀘어;츄러스,
f_f001487,2306100002,1,0,0,2,3,,,,,,,,1,31900,고르곤졸라1개;후라이드 닭똥집 튀김 1개,
f_f001487,2306100003,1,0,0,2,3,2248152476,아폴로,강원특별자치도 횡성군 둔내면 고원로 451,강원특별자치도 횡성군 둔내면 두원리 204,3013025,5173033026,2023-06-10 14:00,1,14000,핫바;케네디소시지;후라이드닭꼬치,
f_f001487,2306110001,1,0,0,2,3,2241484559,라오니아,강원특별자치도 횡성군 둔내면 고원로398번길 6,강원특별자치도 횡성군 둔내면 두원리 820,4478107,5173033026,2023-06-11 12:31,1,7000,공기밥;비빔냉면,
f_f001514,2305280001,1,0,0,0,2,,류센소 본점,641-1,,,,,1,20000,,2635010500
f_f001514,2305270006,3,0,0,0,2,,부산요트투어 il요트,해운대오61번길 84-46 4층,,,,,3,60000,,2635010400
f_f001514,2305260002,1,0,0,1,2,1338122244,김천(부산방향)휴게소,경북 김천시 농소면 경부고속도로 193,,1000001,4715031022,2023-05-26 12:50,1,15500,김치제육볶음(공기밥);유부우동,
f_f001514,2305260003,1,0,0,1,2,,당그레 양곱창구이,부산 해운대구 우동1로20번가길 31,부산 해운대구 우동 449-3,4199128,2635010500,2023-05-26 20:02,1,81000,모듬구이 한판;소주;대창구이,
f_f001514,2305260004,1,0,0,1,2,,퍼지네이블-광안,부산 수영구 광안해변로 177,부산 수영구 광안동 200-20,3138005,2650010400,2023-05-26 21:35,1,45000,BEER SET2;크레이지블루;섹시한 엉덩이,
f_f001514,2305260005,1,0,0,1,2,8934900212,클램(광안점),부산 수영구 광안해변로 201,부산 수영구 광안동 196-8,3138005,2650010400,2023-05-26 22:39,1,27300,타파스 D세트;크림생맥주,
f_f001514,2305270001,1,0,0,1,2,7227400168,부센동,부산 수영구 수영로588번길 7,부산 수영구 광안동 142-6,4214277,2650010400,2023-05-27 12:11,1,53000,스페셜카이센동;부센쯔께동(상),
f_f001514,2305270002,1,0,0,1,2,6218604073,(주)오프오,부산 기장군 기장읍 기장해안로 860,부산 기장군 기장읍 죽성리 413,3140057,2671025024,2023-05-27 13:37,1,20500,에그 타르트;퀸 아망 화이트;아메리카노(I);샷 추가,
f_f001514,2305270003,1,0,0,1,2,6178541771,(주)스페인클럽(해운대점),부산 해운대구 해운대해변로298번길 24,부산 해운대구 중동 1124-2,4199300,2635010600,2023-05-27 20:27,1,86000,GAMBAS-A;CALLOS-M;빵;B-해운대;SANGRIA-COPA,
f_f001514,2305280003,1,0,0,1,2,,깡돼후 야시장,부산 중구 부평1길 48,부산 중구 부평동2가 16,4175175,2611012400,2023-05-28 16:55,1,12000,돼지갈비 개,
f_f001514,2305280002,1,2,2,1,2,6981500382,카페신기산업,부산 영도구 와치로51번길 2,부산 영도구 청학동 148-203,4184178,2620012000,2023-05-28 14:52,1,17500,초코시나몬쿠키;(ICE)신기라떼;아이스크림라떼,
f_f001516,2306050003,3,0,0,0,4,,대구아쿠아리움,동부로 149 신세계백화점 대구점 9층,,,,,1,72600,,2714010200
f_f001544,2306050001,1,0,0,1,1,6690302813,이디야,강원특별자치도 원주시 문막읍 왕건로 81,강원특별자치도 원주시 문막읍 동화리 1534-3,3219037,5113025022,2023-06-05 10:41,3,3200,(L)ICED아메리카노,
f_f001544,2306050004,1,0,0,1,1,6590801883,스톤크릭,강원특별자치도 원주시 지정면 지정로 1101,강원특별자치도 원주시 지정면 판대리 194-5,3219050,5113033024,2023-06-05 14:37,1,14600,(I)트로피칼 아일랜드;(I)어반 브리즈,
f_f001544,2306050005,1,0,0,1,1,4360100472,소담오향족발,강원특별자치도 원주시 천사로 23-1,강원특별자치도 원주시 단계동 1110-7,3219052,5113011000,2023-06-05 18:25,1,47000,,
f_f001544,2306060001,1,0,0,1,1,7141001577,소복소복,강원특별자치도 원주시 문막읍 왕건로 163,강원특별자치도 원주시 문막읍 동화리 1091-9,3219037,5113025022,2023-06-06 11:48,1,22000,새우소바,
f_f001544,2306060002,1,0,0,1,1,5344600684,월송커피,강원특별자치도 원주시 지정면 월송석화로 428-17,강원특별자치도 원주시 지정면 월송리 904-55,3013006,5113033026,2023-06-06 12:14,1,6800,월송라때(ICE),
f_f001544,2306040004,2,0,0,1,1,2248214372,문막농협하나로마트동화점,강원특별자치도 원주시 문막읍 왕건로 94,강원특별자치도 원주시 문막읍 동화리 1536-7,3219037,5113025022,2023-06-04 19:58,1,15120,버드와이저(병);콘/제과류_아이스크림;롯데)젤리셔스 포도먹은구미;오리온 썬 핫스파이시맛L;롯데)빅크런키,
f_f001544,2306050006,2,0,0,1,1,1893800567,빈티지메카,강원특별자치도 원주시 지정면 원문로 1041,강원특별자치도 원주시 지정면 보통리 242-29,3219041,5113033027,2023-06-05 19:20,1,4400,,
f_f001544,2306060003,3,0,0,1,1,7738200308,원주시시설관리공단,강원특별자치도 원주시 남원로 551,강원특별자치도 원주시 명륜동 555,3219011,5113010600,2023-06-06 13:49,1,0,입장권,
f_f001550,2306050003,1,0,0,1,3,2250230922,화선식당,강원특별자치도 정선군 고한읍 고한6길 28,,4487023,5177025321,2023-06-05 12:28,1,57000,,
f_f001550,2306050001,3,0,0,1,3,2258502429,(주)강원랜드,강원특별자치도 정선군 고한읍 고한7길 399,강원특별자치도 정선군 고한읍 고한리 424,4487024,5177025321,2023-06-05 10:16,1,39000,스키장 카트렌트,
f_f001550,2306050002,3,0,0,1,3,2258110770,하이원 워터월드,강원특별자치도 정선군 고한읍 하이원길 424,강원특별자치도 정선군 고한읍 고한리 산 1-239,4487360,5177025321,2023-06-05 14:19,1,160000,입장권,
f_f001550,2306040003,3,1,1,1,3,2228124770,하이원추추파크,강원특별자치도 삼척시 도계읍 심포남길 99,강원특별자치도 삼척시 도계읍 심포리 231-3,4472206,5123025035,2023-06-04 14:34,1,9900,3종패키지,
f_f001550,2306040003,3,1,1,2,3,2228124770,하이원추추파크,강원특별자치도 삼척시 도계읍 심포남길 99,강원특별자치도 삼척시 도계읍 심포리 231-3,4472206,5123025035,2023-06-04 14:33,1,30000,스백(주말),
f_f001550,2306040003,1,2,2,0,3,,삭도분식,삭도마을,,,,,3,17500,,4223025000
f_f001643,2305280002,1,0,0,1,3,2261191394,다복정,강원특별자치도 평창군 진부면 진고개로 162,강원특별자치도 평창군 진부면 간평리 227,3220059,5176036028,2023-05-28 12:34,1,21000,,
f_f001643,2305290003,1,0,0,1,3,2260856271,산들산채식당,강원특별자치도 평창군 진부면 오대산로 95,강원특별자치도 평창군 진부면 간평리 109-23,3228020,5176036028,2023-05-29 13:42,1,28000,,
f_f001643,2305280004,2,0,0,1,3,6470100830,CU,강원특별자치도 평창군 진부면 진고개로 231,,3220059,5176036028,2023-05-28 18:55,1,7500,오뚜기)참깨라면컵;자이언트)로제쫄볶이;세양)구운란2입,
f_f001643,2305290001,2,0,0,1,3,2261194784,오대산황기찐빵,강원특별자치도 평창군 진부면 오대산로 91,강원특별자치도 평창군 진부면 간평리 109-22,3228020,5176036028,2023-05-29 09:00,1,10000,,
f_f001643,2305280003,3,0,0,1,3,2268526332,(주)이랜드파크 켄싱턴평창,강원특별자치도 평창군 진부면 진고개로 231,,3220059,5176036028,2023-05-28 13:13,1,31800,키즈월드 입장권,
f_f001658,2305270003,1,0,0,1,4,5853700171,창녕힐마루석이네한우뜰,경남 창녕군 계성면 영산계성로 490,경남 창녕군 계성면 신당리 645-1,3341024,4874037023,2023-05-27 11:44,1,150000,꽃등심;생 갈비살;음료수;곤드레밥+된장찌개,
f_f001658,2305270004,3,1,1,1,4,6088529021,(주)동훈,경남 창녕군 장마면 영산계성로 469-195,,3341024,4874039024,2023-05-27 00:00,1,951500,입장권;카트료;아이스커피;쭈꾸미제육볶음;사이다;지평막걸리,
f_f001658,2305270004,1,3,3,1,4,6088529021,(주)동훈,경남 창녕군 장마면 영산계성로 469-195,,3341024,4874039024,2023-05-27 19:08,1,951500,,
f_f001707,2305270003,1,0,0,1,2,2093333445,횡성빵굽는마을,강원 횡성군 횡성읍 읍상서로 5-17,강원 횡성군 횡성읍 읍상리 279-6,3226065,4273025021,2023-05-27 14:24,3,10500,,
f_f001707,2305270007,1,0,0,1,2,6347000499,신투다리,강원특별자치도 춘천시 효평길 110,강원특별자치도 춘천시 후평동 691-10,4454804,5111012000,2023-05-27 19:33,1,38000,참이슬;음료;튀김꼬치세트,
f_f001707,2305270003,1,0,0,2,2,2033863908,동환이네감자부치기,강원 횡성군 횡성읍 읍상서로 5-13,,3226065,4273025021,2023-05-27 14:26,1,5000,,
f_f001707,2305270005,1,0,0,2,2,2210668157,돼지부속구이전문점,강원 춘천시 춘천로 308,강원 춘천시 후평동 692-15,3218037,4211012000,2023-05-27 18:26,1,53000,,
f_f001707,2305270002,1,2,2,1,2,4630201238,메가커피,강원 춘천시 퇴계농공로 22,강원 춘천시 석사동 880-4,3218041,4211012400,2023-05-27 13:01,1,2000,(ICE)아메리카노,
f_f001726,2305270004,1,0,0,0,3,,맛미,무진정 앞 푸드트럭,,,,,1,20000,,4873031000
f_f001726,2305270002,1,0,0,1,3,3038526319,금왕(제천)휴게소,충북 음성군 금왕읍 평택제천고속도로 70,충북 음성군 금왕읍 용계리 185-20,1000019,4377025326,2023-05-27 08:00,1,4500,도깨비핫도그,
f_f001726,2305270005,1,0,0,1,3,2326300320,CU,경남 함안군 칠서면 삼칠로 1158,,3340017,4873035027,2023-05-27 00:00,1,23700,대상)볶음김치;비비고배추김치;마이구미포도;짜파게티범벅소컵;고래사)소시지말이,
f_f001726,2305270006,2,0,0,1,3,8088500736,성주(양평)휴게소,경북 성주군 초전면 중부내륙고속도로 98,,1000020,4784038040,2023-05-27 00:34,1,21200,플레인요구르트;찢어먹는치즈;조지아오리지널,
f_f001726,2305270003,3,0,0,1,3,6088301320,함안군청,경남 함안군 산인면 입곡공원길 240,경남 함안군 산인면 입곡리 산 137-5,4820454,4873038021,2023-05-27 13:37,1,20000,바이크 2인 탑승권구입,
f_f001762,2306030006,1,0,0,1,4,2586200247,카페 연월일,강원특별자치도 평창군 진부면 진고개로 129,,3220059,5176036028,2023-06-03 14:28,1,33800,아메리카노(I);라테(티라미슈)I;요거트크러쉬(플레인);쥬스(당근);케익(감자),
f_f001762,2306040002,1,0,0,1,4,2268501364,삼양목장주식회사,강원특별자치도 평창군 대관령면 꽃밭양지길 708-9,강원특별자치도 평창군 대관령면 횡계리 704,4484055,5176038024,2023-06-04 12:27,1,26000,밀크/딸기소프트아이스크림;딸기소프트아이스크림;소프트아이스크림;ICE아메리카노,
f_f001762,2306030005,2,0,0,1,4,2268267609,월정사 용금루,강원특별자치도 평창군 진부면 오대산로 374-8,,3228020,5176036027,2023-06-03 13:05,1,77000,옻합장주4mm;합장주5,
f_f001762,2306030003,3,0,0,1,4,4858102533,알펜시아스포츠파크,강원특별자치도 평창군 대관령면 솔봉로 325,,3228016,5176038026,2023-06-03 10:22,1,46500,탑승권구입,
f_f001762,2306030003,3,0,0,2,4,4858102533,알펜시아스포츠파크,강원특별자치도 평창군 대관령면 솔봉로 325,,3228016,5176038026,2023-06-03 10:23,1,18000,알파인-대인,
f_f001762,2306030003,1,1,1,1,4,6011410220,배스킨라빈스,강원특별자치도 평창군 대관령면 솔봉로 325,,3228016,5176038026,2023-06-03 11:08,1,7000,싱글게귤러컵,
f_f001762,2306040002,2,1,1,1,4,2268501364,삼양목장주식회사,강원특별자치도 평창군 대관령면 꽃밭양지길 708-9,,4484055,5176038024,2023-06-04 12:53,1,34800,삼양라면골드4입멀티;별뽀빠이멀티팩;츄러스짱구;밀크캔디;바람의언덕평창골드,
f_f001762,2306040002,3,2,2,0,4,,삼야목장주식회사,꽃밭양지길 708-9,,,,,1,40000,,4276038000
f_f001762,2306030002,1,2,2,1,4,2793000675,또봉이치킨,강원특별자치도 평창군 대관령면 오목길 107,,4484284,5176038024,2023-06-03 17:37,1,44000,,
f_f001762,2306030004,1,2,2,1,4,6040762578,육칼밥산아래,강원특별자치도 평창군 진부면 오대산로 152,강원특별자치도 평창군 진부면 동산리 332,3228020,5176036027,2023-06-03 12:29,1,50000,육칼밥;물 막국수,
f_f001762,2306030005,3,2,2,1,4,2268267609,대한불교조계종제4교구본사월정사,강원특별자치도 평창군 진부면 오대산로 374-8,,3228020,5176036027,2023-06-03 12:38,1,2500,입장권,
f_f001762,2306030002,1,4,4,1,4,4043100695,CU,강원특별자치도 평창군 대관령면 오목길 107,강원특별자치도 평창군 대관령면 횡계리 245-66,4484284,5176038024,2023-06-03 16:19,1,17600,연세솔티카라멜생크림;짱구)액션가면빅슈;환타파인애플;자연은제주감귤;웅진)초록매실,
f_f001843,2306040003,1,0,0,0,2,,칡사랑 메밀사랑,수타사로 372-5,,,,,1,184000,,4272035200
f_f001843,2306030003,2,1,1,1,2,2239024173,축산사랑,강원특별자치도 홍천군 홍천읍 갈마로 11,강원특별자치도 홍천군 홍천읍 갈마곡리 180-1,3225001,5172025024,2023-06-03 18:28,1,143000,오겹살;삼겹살,
f_f001843,2306040002,3,2,2,1,2,1760201052,첼린저가든,강원특별자치도 홍천군 영귀미면 궁터길 121-6,,4475086,5172035222,2023-06-04 12:33,1,240000,,
f_f001848,2305280004,2,0,0,0,3,,구룡포시장 닭강정&옛날통닭,구룡포시장안,,,,,5,18000,,4711125000
f_f001848,2305280003,3,0,0,0,3,,포항 뉴한성호,양포항,,,,,5,180000,,4711133000
f_f001848,2305290002,1,0,0,1,3,3511501347,한티재(포항이동점),경북 포항시 남구 대이로127번길 22,경북 포항시 남구 이동 657-7,4709060,4711111700,2023-05-29 11:52,1,45000,전복해물뚝배기,
f_f001848,2305280004,2,2,2,1,3,2149201904,당일수산,경북 포항시 남구 구룡포읍 호미로221번길 1,경북 포항시 남구 구룡포읍 구룡포리 963-284,4709692,4711125021,2023-05-28 13:11,1,10000,,
f_f001848,2305280004,2,3,3,1,3,,참마트,,,,,2023-05-28 13:30,3,21370,,
f_f001848,2305280002,2,10,10,1,3,8763001043,CU,경북 포항시 남구 구룡포읍 동해안로 4431,경북 포항시 남구 구룡포읍 장길리 20-6,3000101,4711125026,2023-05-28 21:15,1,27000,델몬트파인애플;조청유과;파워에이드P1.5L;커스타드홈런볼;친환경봉투판매용,
f_f001901,2306010003,1,0,0,1,2,6208500290,언양(서울)휴게소,울산 울주군 언양읍 경부고속도로 44,울산 울주군 언양읍 반곡리 898-9,1000001,3171025323,2023-06-01 10:40,1,2500,통감자튀김구아,
f_f001901,2306010004,1,0,0,1,2,8703600956,여미온,경북 경주시 첨성로81번길 22-12,경북 경주시 황남동 224-4,4716145,4713011000,2023-06-01 12:29,1,29500,,
f_f001901,2306010005,1,0,0,1,2,6481301612,로스터리 동경,경북 경주시 사정로57번길 11,경북 경주시 사정동 23,4715587,4713010900,2023-06-01 13:34,1,10000,아메리카노(I),
f_f001901,2306020003,1,0,0,1,2,3038151649,외동(울산)휴게소,경북 경주시 외동읍 상석길 58-74,,4715611,4713025923,2023-06-02 12:08,1,21500,비빔국수와 납짝만두튀김;옛날돼지고기 김치찌개,
f_f001902,2305310002,2,0,0,0,2,,두두,부산 부산진구 신천대로162번길 19 1층,,,,,5,23000,,2623010300
f_f001902,2305310004,6,0,0,0,2,,신라스테이 해운대,부산 해운대구 해운대로570번길 46,,,,,4,7900,,2635010500
f_f001902,2305300006,1,0,0,1,2,5284800873,동구야포차,부산 동구 진성로9번길 9-3,부산 동구 수정동 1-183,4181513,2617010200,2023-05-30 23:13,1,12000,소주;맥주,
f_f001902,2305310007,1,0,0,1,2,6178541771,(주)스페인클럽(해운대점),부산 해운대구 해운대해변로298번길 24,부산 해운대구 중동 1124-2,4199300,2635010600,2023-05-31 18:29,1,96500,GRATINADO(해운대);빵;B-S.VERDE;SANGRIA-COPA;ZERO COKE,
f_f001902,2305310009,1,1,1,0,2,,스타벅스 밀락더마켓점,부산 수영구 민락수변로17번길 56,,,,,4,11400,,2650010300
f_f001902,2305310010,6,1,1,0,2,,민락매립지 공영주차장,부산 수영구 민락수변로17번길 60,,,,,1,2100,,2650010300
f_f001902,2305310005,2,2,2,1,2,3921001926,플로리오플라워,부산 해운대구 우동1로38번길 11,부산 해운대구 우동 518,4199132,2635010500,2023-05-31 15:35,1,9000,,
f_f001906,2305280002,1,0,0,1,3,3038525552,괴산(하)휴게소,충북 괴산군 장연면 중부내륙고속도로 205,충북 괴산군 장연면 오가리 103,1000020,4376032021,2023-05-28 09:16,1,4000,불갈비맛 소세지,
f_f001906,2305280007,1,0,0,1,3,2081273191,대도뒷고기,대구 달서구 달서대로95길 13,대구 달서구 호산동 713-6,4241089,2729012500,2023-05-28 21:38,1,93000,,
f_f001906,2305290001,1,0,0,1,3,1544000341,공차,대구 달성군 유가읍 테크노대로6길 20,,4244651,2771025927,2023-05-29 14:17,1,6500,타로 밀크티L;뽀로로/딸기,
f_f001906,2305290002,1,0,0,1,3,2172801033,유미당,대구 달성군 유가읍 테크노상업로 100,대구 달성군 유가읍 봉리 608-2,3341006,2771025924,2023-05-29 16:00,1,22000,매워주까스;특등심 돈카츠,
f_f001906,2305280004,2,0,0,1,3,2138152063,(주)아성다이소,서울 강남구 남부순환로 2748,,2000003,1168011800,2023-05-28 14:46,1,11000,판초우의(L);EVA 어린이판초우의,
f_f001906,2305280002,1,0,0,2,3,3038525552,괴산마산 휴게소 CU,충북 괴산군 장연면 중부내륙고속도로 205,,1000020,4376032021,2023-05-28 09:19,1,1100,아이시스8.0,
f_f001906,2305290001,3,1,1,1,3,5148214407,국립대구과학관,대구 달성군 유가읍 테크노대로6길 20,대구 달성군 유가읍 상리 917-1,4244651,2771025927,2023-05-29 13:22,1,6000,입장권,
f_f001906,2305290003,3,1,1,1,3,8350602672,현풍 키즈 복합몰 데스크1,대구 달성군 현풍읍 테크노대로 40,대구 달성군 현풍읍 중리 509-4,2148004,2771026522,2023-05-29 17:23,1,0,입장권,
f_f001906,2305290003,3,1,1,2,3,8350602672,현풍 키즈 복합물,대구 달성군 현풍읍 테크노대로 40,대구 달성군 현풍읍 중리 509-4,2148004,2771026522,2023-05-29 17:41,1,21347,(대구)퍼플 주니어 키즈카페 대구점-05월,
f_f001906,2305290003,3,1,1,3,3,8350602672,현풍 키즈 복합몰,대구 달성군 현풍읍 테크노대로 40,대구 달성군 현풍읍 중리 509-4,2148004,2771026522,2023-05-29 17:41,1,3635,[대구]퍼플 주니어 키즈카페 대구점,
f_f001906,2305280005,3,4,4,1,3,5038168487,주식회사 이월드,대구 달서구 두류공원로 200,대구 달서구 두류동 산 302-11,3007009,2729010200,2023-05-28 16:20,1,3000,당근;잉어먹이 체험,
f_f001906,2305280005,3,4,4,2,3,2208742885,(주)야놀자,서울 강남구 테헤란로108길 42,서울 강남구 대치동 1003,4166713,1168010600,,1,83700,(평일/주말)종일자유이용권,
f_f001912,2305290004,1,0,0,1,3,2268125878,주식회사하슬라아트월드,강원특별자치도 강릉시 강동면 율곡로 1441,강원특별자치도 강릉시 강동면 정동진리 524-19,3220032,5115034028,2023-05-29 14:13,1,44000,스텔라아르투아;루꼴라 피자,
f_f001912,2305290005,1,0,0,1,3,8140402235,강릉심곡휴게소,강원특별자치도 강릉시 강동면 헌화로 643,,3220051,5115034029,2023-05-29 16:55,1,16000,떡복이(대);어묵탕,
f_f001912,2305290006,1,0,0,1,3,4848701533,강산푸드 정가미,강원특별자치도 강릉시 강동면 정동역길 24,강원특별자치도 강릉시 강동면 정동진리 313-1,4460884,5115034028,2023-05-29 19:22,1,10000,,
f_f001912,2305290006,1,0,0,2,3,1711900041,카페프루스트,강원특별자치도 강릉시 강동면 정동역길 18-2,강원특별자치도 강릉시 강동면 정동진리 329-2,4460884,5115034028,2023-05-29 17:59,1,24600,옥수수래요;카푸치노;카페라떼 ICE;유자에이드,
f_f001912,2305290003,1,1,1,1,3,,코레일유통주식회사,서울 동대문구 왕산로 214,서울 동대문구 전농동 591-53,3105008,1123010400,2023-05-29 10:53,1,10000,,
f_f001912,2305290004,3,1,1,2,3,2268125878,하슬라아트월드,강원특별자치도 강릉시 강동면 율곡로 1441,,3220032,5115034028,,1,0,입장권,
f_f001925,2305290004,1,0,0,1,1,4253000619,순심이,경남 김해시 가락로7번길 50-1,경남 김해시 봉황동 17-36,4805027,4825010400,2023-05-29 13:18,1,28000,스키야끼정식,
f_f001925,2305290006,1,0,0,1,1,6021852293,컵넛 김해봉황점,경남 김해시 가락로63번길 30,경남 김해시 봉황동 301-14,4805025,4825010400,2023-05-29 15:36,1,14100,로투스도넛;라떼(HOT);딸기라떼,
f_f001925,2305290006,2,1,1,1,1,5932901517,포토시그니처 봉리단길점,경남 김해시 봉황대길 54-1,경남 김해시 봉황동 225-2,4857370,4825010400,2023-05-29 15:11,1,4000,,
f_f002098,2306030004,1,0,0,1,4,3228200454,GS25,경북 포항시 남구 구룡포읍 하정로 153,경북 포항시 남구 구룡포읍 하정리 9,3303057,4711125027,2023-06-03 18:05,1,1950,제주삼다수2L,
f_f002098,2306030003,2,0,0,1,4,3131361408,백년회대게,경북 포항시 남구 구룡포읍 호미로 209-1,경북 포항시 남구 구룡포읍 구룡포리 963-182,3303064,4711125021,2023-06-03 17:11,1,30000,자연산물회,
f_f002098,2306040003,1,2,2,1,4,7060301622,까멜리아인구룡포,경북 포항시 남구 구룡포읍 구룡포길 133-1,경북 포항시 남구 구룡포읍 구룡포리 389-2,4709007,4711125021,2023-06-04 11:20,1,25000,크로와상와플;아메리카노ICE;필구청포도에이드,
f_f002429,2306040002,6,0,0,0,2,,파란만장사진관,1125,,,,,5,50000,,2620011100
f_f002429,2306030002,1,0,0,1,2,2018121515,스타벅스,서울 서초구 신반포로 194,서울 서초구 반포동 19-4,3121017,1165010700,2023-06-03 07:46,1,9800,바비큐 치킨SW;햇사과 주스,
f_f002429,2306030003,1,0,0,1,2,2918500656,낙동강의성휴게소,경북 의성군 단밀면 도안로 757-67,경북 의성군 단밀면 낙정리 산 1-4,3308079,4773041036,2023-06-03 10:52,1,4500,소떡소떡꼬치,
f_f002429,2306030004,1,0,0,1,2,6052169487,할매국밥집,부산 동구 중앙대로533번길 4,부산 동구 범일동 28-5,4181444,2617010400,2023-06-03 14:23,1,19000,,
f_f002429,2306030005,1,0,0,1,2,6410402068,아일드블루,부산 수영구 광안해변로 125,부산 수영구 남천동 5-13,3138005,2650010500,2023-06-03 15:07,1,12500,아이스 아메리카노;샌드라떼,
f_f002429,2306040001,1,0,0,1,2,2140430663,더레이지캣,부산 영도구 절영로 222-2,부산 영도구 영선동4가 1061,3128020,2620011100,2023-06-04 12:59,1,15000,눈꽃빙수(팥빙수),
f_f002429,2306040004,1,0,0,1,2,3608600207,삼진식품(주),부산 영도구 태종로99번길 36,,4184366,2620011600,2023-06-04 16:12,1,10700,크림땡초멘보샤;어떡어떡바(어메이징),
f_f002429,2306040005,1,0,0,1,2,5478102767,신발원 본관,부산 동구 대영로243번길 62,부산 동구 초량동 561-1,4006002,2617010100,2023-06-04 17:00,1,15500,고기만두;마라만두;오이무침;제로콜라,
f_f002429,2306040009,1,0,0,1,2,1618500525,맥도날드,부산 동구 중앙대로 228,부산 동구 초량동 1198-7,2000010,2617010100,2023-06-04 17:42,1,7600,제주 한라봉 칠러-S;상하이 치킨 스낵랩;후렌치 후라이-L/단품,
f_f002429,2306040010,1,0,0,1,2,1078657147,스토리웨이,부산 동구 중앙대로196번길 16-8,부산 동구 초량동 1203-5,4181413,2617010100,2023-06-04 18:40,1,4500,아이스크림류,
f_f002429,2306030007,2,0,0,1,2,6058509915,롯데쇼핑(주),부산 부산진구 가야대로 772,부산 부산진구 부전동 503-15,2006015,2623010300,2023-06-03 17:32,1,6000,조각과일;쇼핑백,
f_f002429,2306030007,2,0,0,2,2,6058509915,롯데쇼핑(주),부산 부산진구 가야대로 772,부산 부산진구 부전동 503-15,2006015,2623010300,2023-06-03 18:06,1,70190,유러피안샐러드;기타야채;맛있는밥;삼다수;셈표)폰타타 밀라노크림,
f_f002429,2306030007,2,0,0,3,2,6058509915,롯데백화점,부산 부산진구 가야대로 772,부산 부산진구 부전동 503-15,2006015,2623010300,2023-06-03 17:25,1,5900,미니토마토,
f_f002429,2306040004,2,1,1,1,2,3608600207,삼진식품(주),부산 영도구 태종로99번길 36,,4184366,2620011600,2023-06-04 16:27,1,20000,어묵탕모듬플러스;봉투값,
f_f002444,2306070002,1,0,0,1,3,3943700653,영미네횟집,강원특별자치도 삼척시 근덕면 초곡길 236-18,강원특별자치도 삼척시 근덕면 초곡리 20-38,4472324,5123031032,2023-06-07 16:00,1,42000,,
f_f002444,2306080001,1,0,0,1,3,2220686861,강원종합식당,강원특별자치도 삼척시 신기면 강원남부로 3016,강원특별자치도 삼척시 신기면 신기리 375-4,3013008,5123036021,2023-06-05 10:51,1,31000,,
f_f002444,2306080004,1,0,0,1,3,7023900896,씨사이드,강원특별자치도 강릉시 사천면 진리해변길 131,강원특별자치도 강릉시 사천면 사천진리 266-5,4460926,5115036025,2023-06-08 14:59,1,43000,디스코버거;끝내주는버거;죽여주는버거;세트A 감자튀김+콜라,
f_f002444,2306080001,3,1,1,0,3,,강원도종합박물관,신기리 375-4,,,,,1,21000,,4223036000
f_f002486,2306040001,1,0,0,1,2,1261683357,마방집,경기 하남시 하남대로 670,경기 하남시 천현동 428-2,2202001,4145010100,2023-06-04 12:26,1,54000,,
f_f002600,2306090006,1,0,0,1,3,3480402209,바우카페본점,강원특별자치도 강릉시 사천면 진리해변길 109-1,강원특별자치도 강릉시 사천면 사천진리 266-34,4460926,5115036025,2023-06-09 13:15,1,15000,바우커피;아메리카노 HOT,
f_f002600,2306090009,1,0,0,1,3,2260231579,청송장칼국수,강원특별자치도 강릉시 경강로2323번길 14,강원특별자치도 강릉시 포남동 1193-3,4460131,5115011100,2023-06-09 19:19,1,25000,,
f_f002600,2306100002,1,0,0,1,3,4418101999,주식회사 동화가든원조짬순,강원특별자치도 강릉시 초당순두부길77번길 15,강원특별자치도 강릉시 초당동 309-1,4460952,5115011200,2023-06-10 08:53,1,35000,,
f_f002600,2306100003,1,0,0,1,3,2058512205,테라로사 경포호수지점,강원특별자치도 강릉시 난설헌로 145,강원특별자치도 강릉시 포남동 933,3220009,5115011100,2023-06-10 09:04,1,12000,오늘의 드;라테 어센,
f_f002600,2306100005,1,0,0,1,3,5425900180,철뚝소머리집,강원특별자치도 강릉시 주문진읍 철둑길 42,강원특별자치도 강릉시 주문진읍 주문리 326-2,4460937,5115025021,2023-06-10 13:23,1,36000,,
f_f002600,2306100006,1,0,0,1,3,3480402209,바우카페본점,강원특별자치도 강릉시 사천면 진리해변길 109-1,강원특별자치도 강릉시 사천면 사천진리 266-34,4460926,5115036025,2023-06-10 13:51,1,15000,바우커피;아메리카노 hot,
f_f002600,2306100004,2,0,0,1,3,4298601000,(주)상화에프앤비,강원특별자치도 강릉시 교동광장로 29,강원특별자치도 강릉시 유천동 251,3220005,5115013100,2023-06-10 12:31,1,24500,개별초장기정;카스테라버무리,
f_f002600,2306100007,2,0,0,1,3,4598602408,만동제과,강원특별자치도 강릉시 금성로 6,강원특별자치도 강릉시 옥천동 62-3,3220007,5115010900,2023-06-10 11:14,1,15500,호두;검정고무신;엉덩이,
f_f002626,2306030001,1,0,0,0,1,,치즈몽땅황금십원빵,용궁길 85,,,,,3,5500,,2671025000
f_f002626,2306030002,1,0,0,0,1,,장씨해녀 오메가메 최씨할매,119-10,,,,,3,55000,,2671025029
f_f002626,2306020003,1,0,0,1,1,1491201914,난로회담,부산 기장군 장안읍 상장안2길 6-10,부산 기장군 장안읍 장안리 417-2,4220137,2671025325,2023-06-02 20:05,1,77000,명란간장계란밥;카스;코카콜라;전골 된장찌개;전립투한판(17가지구이 야채와 쌈&삼겹목살),
f_f002626,2306020006,1,0,0,1,1,5970300669,꼬막,부산 기장군 일광읍 삼성3길 9-1,부산 기장군 일광읍 삼성리 115-16,4220131,2671025921,2023-06-02 23:06,1,20000,,
f_f002626,2306030004,1,0,0,1,1,1048145690,CGV,울산 북구 진장유통로 51-10,울산 북구 진장동 1048-5,3172025,3120012100,2023-06-03 13:44,1,42500,CGV콤보;달콤팝콘(L);아이스티(M);콜라(L),
f_f002627,2306060003,1,0,0,1,2,7230701208,동양백반 경주 황남점,경북 경주시 포석로 1056-5,경북 경주시 황남동 313-8,3305063,4713011000,2023-06-06 18:46,1,31000,소고기곱창전골(중);공기밥,
f_f002627,2306060002,1,0,0,2,2,,경주월드 ,경북 경주시 보문로 544,경북 경주시 천군동 191-5,3305021,4713013500,2023-06-06 13:59,1,0,케니언 냉메밀면,
f_f002627,2306060002,3,1,1,0,2,,(주)애드맥스,수영로 234 부산은행대연동지점,,,,,1,73800,,2629010600
f_f002696,2306020002,1,0,0,1,1,5593300887,편대장영화식당,경북 영천시 강변로 50-15,경북 영천시 금노동 582-15,3305004,4723011200,2023-06-02 12:00,1,29000,,
f_f002730,2306070006,1,0,0,1,1,2834000896,경주십원빵,경북 경주시 포석로1092번길 70,,4716231,4713011000,2023-06-07 12:15,1,3000,,
f_f002730,2306070004,3,0,0,1,1,5058300022,황용사 역사문화관,경북 경주시 임해로 64-19,경북 경주시 구황동 786-1,3305051,4713012200,2023-06-07 10:58,1,3000,입장권,
f_f002730,2306070006,1,0,0,3,1,1041767771,카페능(cafe neung),경북 경주시 포석로1068번길 3,경북 경주시 황남동 297-1,4716229,4713011000,2023-06-07 13:48,1,5500,아메ICE_B,
f_f002730,2306070006,2,2,2,1,1,6574500980,앗.싸,경북 경주시 포석로 1080-1,경북 경주시 황남동 278-9,3305063,4713011000,2023-06-07 15:23,1,3000,헤머,
f_f002730,2306070006,2,2,2,2,1,1664600517,봄날,경북 경주시 포석로 1078,경북 경주시 황남동 283-2,3305063,4713011000,2023-06-07 15:17,3,10000,,
f_f002750,2306060003,1,0,0,0,2,,샌디레이크 영일대,삼호로 324-10 샌디레이크 영일대,,,,,1,17000,,4711312000
f_f002750,2306050004,2,0,0,0,2,,동해회센타,구룡포시장,,,,,5,50000,,4711125000
f_f002750,2306050003,2,0,0,1,2,2068650913,이마트,경북 포항시 남구 냉천로 10,경북 포항시 남구 인덕동 161-176,3303004,4711111200,2023-06-05 14:42,1,34220,펩시제로;피코크 밀푀유나베(N);처음처럼 새로소주;코로나;다용도 흡음테이프,
f_f002755,2306030006,2,0,0,0,2,,교보문고 울산점,1569-1 업스퀘어 지하 1층,,,,,4,15750,,3114010600
f_f002755,2306030004,1,0,0,1,2,3395200703,왓더버거,울산 남구 도산로 49,울산 남구 달동 1395-16,3170014,3114010500,2023-06-03 12:01,1,22600,황치즈머쉬룸버거;치킨버거;오지치즈세트변경,
f_f002755,2306030005,3,0,0,1,2,,CGV,울산 남구 화합로 185,,3011003,3114010600,2023-06-03 00:00,1,0,관람권,
f_f002755,2306030004,1,2,2,1,2,3821302249,CU,울산 남구 도산로 47,울산 남구 달동 1394-15,3170014,3114010500,2023-06-03 12:12,1,10700,판매용;프링글스오리지널;예감치즈그라탕;HEYROO작은별초코스낵;치킨팝닭강정맛,
f_f002762,2306030005,1,0,0,1,1,6102085070,별채반교동쌈밥,경북 경주시 첨성로 77,경북 경주시 황남동 328-1,3305057,4713011000,2023-06-03 17:27,1,26000,육부촌육개장,
f_f002762,2306030009,1,0,0,1,1,2018121515,스타벅스,경북 경주시 첨성로 125,경북 경주시 황남동 140-2,3305057,4713011000,2023-06-03 22:35,1,5900,T)유자 패션 피지오,
f_f002762,2306030003,3,0,0,1,1,4698200108,경주시시설관리공단,경북 경주시 황성공원로 29,경북 경주시 황성동 1022-1,3352714,4713012400,2023-06-03 15:29,1,4000,경주 무열왕릉 입장권,
f_f002771,2306030013,1,0,0,0,2,,대구 근대골목단팥빵 본점,남성로 7-1 1층,,,,,1,2200,,2711013700
f_f002771,2306030014,1,0,0,0,2,,대구 반반막창,달성로 50 서문시장,,,,,4,9000,,2711015400
f_f002771,2306030006,1,0,0,1,2,5013317846,녹양식당-향촌,대구 중구 중앙대로 439-1,대구 중구 향촌동 74-5,2007001,2711015200,2023-06-03 19:36,1,55000,,
f_f002771,2306030008,1,0,0,1,2,5042868637,군위식당,대구 중구 경상감영길 101,대구 중구 포정동 21-3,4223003,2711014300,2023-06-03 09:39,1,18000,돼지국밥;고기밥,
f_f002771,2306030010,1,0,0,1,2,1391022636,사운드 업,대구 중구 국채보상로102길 60,,4223016,2711014000,2023-06-03 11:38,1,4000,ICE아메(산미),
f_f002771,2306030012,1,0,0,1,2,3881500812,큐케이베이커리,대구 중구 경상감영길 56,대구 중구 서문로1가 82,4223003,2711014400,2023-06-03 10:19,1,2200,휘낭시에,
f_f002771,2306040003,1,0,0,1,2,3551101244,넌테이블(non table),대구 중구 경상감영길 62,대구 중구 서문로1가 83-1,4223003,2711014400,2023-06-04 17:58,3,3500,아메리카노 ICE,
f_f002771,2306040004,1,0,0,1,2,5041724555,7전8기 8번식당,대구 중구 서성로13길 8,대구 중구 서성로1가 59-1,4223113,2711013400,2023-06-04 17:49,3,43000,,
f_f002771,2306040006,1,0,0,1,2,5011042045,삼송제시카즈베이커리,대구 중구 중앙대로 395,대구 중구 동성로3가 7-6,2007001,2711011900,2023-06-04 16:56,3,5100,,
f_f002771,2306040008,1,0,0,1,2,1656900376,픽앤믹스,대구 수성구 동원로28길 55,대구 수성구 만촌동 1329-36,4238146,2726010200,2023-06-04 13:48,3,8500,볼리비아 플로리폰디오 워시드;아메리카노,
f_f002771,2306040010,1,0,0,1,2,2316400469,윤옥연할매떡볶이,대구 수성구 화랑로 100,대구 수성구 만촌동 1328-18,3142047,2726010200,2023-06-04 14:33,3,3500,,
f_f002771,2306040005,2,0,0,1,2,1058617227,세인트제임스,대구 중구 동성로 10,대구 중구 동성로3가 104-6,3141006,2711011900,2023-06-04 16:48,3,178000,Bon Bon Garment Dyeing,
f_f002771,2306030014,1,3,3,0,2,,카베츠 야끼,달성로 50 서문시장,,,,,4,6000,,2711015400
f_f002771,2306030005,3,3,3,1,2,5038168487,(주)이월드,대구 달서구 두류공원로 200,대구 달서구 두류동 산 302-11,3007009,2729010200,2023-06-03 13:13,1,49000,자유이용권,
f_f002771,2306030005,2,4,4,0,2,,이월드 동물농장 먹이체험,두류공원로 200,,,,,3,2000,,2729010200
f_f002771,2306030005,1,5,5,1,2,5038168487,(주)이월드,대구 달서구 두류공원로 200,대구 달서구 두류동 산 302-11,3007009,2729010200,2023-06-03 13:50,1,3600,캔디100_캔디룸,
f_f002771,2306030005,2,6,6,1,2,5032053377,CU,대구 달서구 두류공원로 200,대구 달서구 두류동 산 302-11,3007009,2729010200,2023-06-03 13:20,1,2000,백산수,
f_f002771,2306030005,2,7,7,1,2,5032053377,CU,대구 달서구 두류공원로 200,대구 달서구 두류동 산 302-11,3007009,2729010200,2023-06-03 18:07,1,1500,맥콜제로캔,
f_f002830,2306060009,1,0,0,0,4,,오션투유 바베큐장,삼포해변길9,,,,,1,99000,,4282032000
f_f002830,2306060002,1,0,0,1,4,2230353703,화양강휴게소,강원특별자치도 홍천군 두촌면 설악로 3330,,3000146,5172032021,2023-06-06 10:41,1,14000,,
f_f002830,2306060003,1,0,0,1,4,8382600633,상아횟집중앙시장점,강원특별자치도 속초시 중앙로147번길 16,강원특별자치도 속초시 중앙동 471-4,4469221,5121010300,2023-06-06 13:52,1,100000,,
f_f002830,2306070002,1,0,0,1,4,1844900307,인생역전,강원특별자치도 속초시 중앙시장로6길 32,,4469248,5121010300,2023-06-07 13:59,1,28000,,
f_f002830,2306060004,2,0,0,1,4,2068650913,이마트,강원특별자치도 속초시 설악금강대교로 12,,3223027,5121010900,2023-06-06 14:49,1,37820,백산수;아침에주스오렌지;해태 자가비 케찹맛;비비고 썰은김치;호주산 블랙사파이어,
f_f002830,2306060005,2,0,0,1,4,2138152063,(주)아성다이소,강원특별자치도 속초시 동해대로 4038,,2000023,5121010800,2023-06-06 15:13,1,13500,50연발폭죽(해피멜로디);11연발폭죽(도레미);30연발로망캔들2입;스파클라;하나로전자라이터,
f_f002830,2306070002,2,1,1,1,4,2278118711,만석닭강정,강원특별자치도 속초시 중앙로147번길 16,강원특별자치도 속초시 중앙동 471-4,4469221,5121010300,2023-06-07 14:02,1,20000,보통맛(순살),
f_f002830,2306070001,3,1,1,1,4,2278112721,하늬라벤더팜농업회사법인,강원특별자치도 고성군 간성읍 꽃대마을길 175,강원특별자치도 고성군 간성읍 어천리 786-5,4502074,5182025030,2023-06-07 10:36,1,24000,입장권,
f_f002830,2306070001,1,2,2,1,4,2278112721,하늬라벤더팜 영농조합법인,강원특별자치도 고성군 간성읍 꽃대마을길 175,강원특별자치도 고성군 간성읍 어천리 786-5,4502074,5182025030,2023-06-07 11:42,1,14000,(체험)아이스크림,
f_f002860,2306030002,1,0,0,1,2,4532200846,실비생선구이3호점(본점),강원특별자치도 강릉시 주문진읍 해안로 1723,강원특별자치도 강릉시 주문진읍 교항리 167-10,3220050,5115025022,2023-06-03 16:24,1,31000,,
f_f002860,2306030005,1,0,0,1,2,3861201401,조개공장,강원특별자치도 강릉시 창해로 263,강원특별자치도 강릉시 강문동 308-12,3220043,5115011300,2023-06-03 20:53,1,80000,조개(중);소주;맥주,
f_f002860,2306040001,1,0,0,1,2,2260355485,송정해변막국수,강원특별자치도 강릉시 창해로 267,강원특별자치도 강릉시 강문동 308-11,3220043,5115011300,2023-06-04 10:52,1,28000,물막국수;회막국수;메밀전병;음료수,
f_f002860,2306040006,1,0,0,1,2,2566600123,투썸플레이스,강원특별자치도 속초시 청초호반로 324-1,강원특별자치도 속초시 중앙동 480-17,3223018,5121010300,2023-06-04 15:04,1,12600,I.스페니쉬연유라떼(L);민트초코프라페(L),
f_f002860,2306040007,1,0,0,1,2,2278119326,(주)88생선구이푸드,강원특별자치도 속초시 중앙부두길 71,강원특별자치도 속초시 중앙동 468-55,4469242,5121010300,2023-06-04 17:07,1,38000,,
f_f002860,2306030006,2,0,0,1,2,6604000341,GS25,강원특별자치도 강릉시 창해로 271,강원특별자치도 강릉시 강문동 308-9,3220043,5115011300,2023-06-03 21:03,1,22950,원소주;포장봉투;공화춘매운짬뽕;오모리부대라면;아숙업하이볼,
f_f002860,2306040003,2,0,0,1,2,4473600737,꾸옥,강원특별자치도 강릉시 창해로 378,강원특별자치도 강릉시 강문동 242-1,3220043,5115011300,2023-06-04 12:06,1,49000,옥수수크림라떼;옥수수푸딩;보냉포장,
f_f002860,2306040005,2,0,0,1,2,8662201702,강릉샌드,강원특별자치도 강릉시 난설헌로 249,강원특별자치도 강릉시 강문동 288-20,3220009,5115011300,2023-06-04 13:28,1,63000,강릉샌드 커피;강릉샌드 초당;강릉샌드 곶감,
f_f002860,2306040008,2,0,0,1,2,2528600468,농법회사법인 인제농특산물유통주식회사,강원특별자치도 인제군 북면 원통로74번길 10-4,강원특별자치도 인제군 북면 원통리 1724,4499230,5181032021,2023-06-04 18:28,1,20000,비벼요4+1(산채만),
f_f002894,2306030003,1,0,0,1,2,1078657147,서울역 정동소담김밥,서울 용산구 청파로89길 31,서울 용산구 서계동 7,4106392,1117010800,2023-06-03 17:08,1,9500,야채 꼬마김밥;참치 꼬마김밥,
f_f002894,2306040004,1,0,0,1,2,8828702420,경주여락,경북 경주시 포석로 1054,경북 경주시 황남동 309-6,3305063,4713011000,2023-06-04 15:00,1,10500,아메리카노 ICE;동궁의 밤 (초콜릿),
f_f002894,2306040006,1,0,0,1,2,3792801379,콘크카페,경북 경주시 양남면 동해안로 498-12,,3000101,4713032028,2023-06-04 17:53,1,6500,또띠아,
f_f002894,2306040007,1,0,0,1,2,1078657147,스토리웨이,경북 경주시 건천읍 경주역로 80,,3353983,4713025626,2023-06-04 19:33,1,13400,1인떡튀순세트;참치김밥,
f_f002894,2306030005,3,0,0,1,2,,동궁과월지,경북 경주시 원화로 102,,3305047,4713011200,2023-06-03 20:35,1,6000,입장권,
f_f002894,2306030003,1,0,0,2,2,1078657147,스토리웨이,서울 용산구 청파로89길 31,서울 용산구 서계동 7,4106392,1117010800,2023-06-03 17:11,1,11000,닭강정(중),
f_f002894,2306030003,1,0,0,3,2,1078657147,스토리웨이,서울 용산구 청파로89길 31,서울 용산구 서계동 7,4106392,1117010800,2023-06-03 17:14,1,2900,코카)식후비법더블;코카)코카콜라제로,
f_f002894,2306030002,1,1,1,1,2,5058519302,세븐일레븐,경북 경주시 북군길 11,경북 경주시 북군동 227-6,4715517,4713014000,2023-06-03 22:22,1,22150,해태)허니버터칩;농심)꿀꽈배기;광동)제주삼다수;행복담기)훈제란2입;하이트)제로캔,
f_f002958,2306050003,1,0,0,1,2,5427300089,엔제리너스,경북 경주시 양남면 동해안로 482,경북 경주시 양남면 읍천리 410-6,3000101,4713032028,2023-06-05 15:23,1,12000,(너)라떼IR;토마토주스,
f_f002958,2306050006,1,0,0,1,2,8251301112,양남칼국수보리밥,경북 경주시 양남면 후동길 13,경북 경주시 양남면 하서리 303,4716337,4713032021,2023-06-05 19:11,1,18000,해물칼국수,
f_f003256,2306230003,1,0,0,1,1,7924300974,태화국수,울산 중구 신기4길 23,울산 중구 태화동 482-1,4307318,3111011100,2023-06-23 13:30,1,18000,감태계란김밥;수육까스 ,
f_f003256,2306230006,1,0,0,1,1,6201153234,숨,울산 중구 중앙길 152,울산 중구 옥교동 255-2,4307406,3111010500,2023-06-23 16:54,1,4500,ICE아메리카노,
f_f003256,2306230005,3,0,0,1,1,,울산시립미술관,울산 중구 미술관길 72,울산 중구 북정동 1-3,4862026,3111010400,2023-06-23 00:00,1,1000,관람권 ,
f_f003256,2306230007,1,2,2,1,1,6281201061,건물 새우소,울산 중구 중앙시장길 2,울산 중구 옥교동 275-4,4307408,3111010500,2023-06-23 18:51,1,5000,,
f_f003256,2306230007,1,2,2,2,1,1572001088,계란오빵,울산 중구 중앙시장1길 16,울산 중구 옥교동 96-1,4307407,3111010500,2023-06-23 19:01,1,6000,,
f_f003256,2306230007,1,2,2,3,1,7810100805,인생똥집,울산 중구 중앙시장1길 16,울산 중구 옥교동 96-1,4307407,3111010500,2023-06-23 19:07,1,6900,,
f_f003380,2306240002,1,0,0,1,2,8952800606,원조꽃게탕,경남 창원시 성산구 외동반림로130번길 54,경남 창원시 성산구 중앙동 70-6,4784181,4812312500,2023-06-24 12:33,1,35000,꽃게찜(소);공기밥,
f_f003380,2306240004,1,0,0,1,2,4670302482,가나다라,경남 창원시 성산구 용지로239번길 28,경남 창원시 성산구 용호동 29-10,4781414,4812313500,2023-06-24 12:55,1,13000,그린에이드(개복숭아매실.라임);얼그레이레몬에이드,
f_f003440,2306150007,2,0,0,0,2,,세븐일레븐,황남동 293-2,,,,,1,1600,,4713011000
f_f003440,2306150004,3,0,0,0,2,,돌담길 한복,경북 경주시 첨성로99번길 30-5 돌담 마주보는 위치,,,,,1,70000,,4713011000
f_f003440,2306150003,1,0,0,1,2,2043662441,황남금고,경북 경주시 첨성로81번길 31,경북 경주시 황남동 305-3,4716145,4713011000,2023-06-15 11:49,1,42400,,
f_f003440,2306150005,3,0,0,1,2,,경주엑스포대공원,경북 경주시 경감로 614,,3305005,4713013500,2023-06-15 14:44,1,24000,입장권,
f_f003440,2306150008,6,0,0,1,2,1730102133,살롱드가리,경남 밀양시 새미리벌로 5,경남 밀양시 삼문동 503-14,3336037,4827010400,2023-06-15 19:34,1,15000,,
f_f003440,2306150007,2,3,3,0,2,,달콤왕가탕후루 경주황남점,황남동 74-15,,,,,1,8000,,4713011000
f_f003469,2306170002,1,0,0,1,2,4423601177,SPICY,대구 중구 명륜로 5,대구 중구 남산동 343,3141007,2711015600,2023-06-17 12:47,1,20500,,
f_f003469,2306170004,1,0,0,1,2,2018121515,스타벅스,대구 수성구 달구벌대로 2636,,2007002,2726010200,2023-06-17 14:57,3,11800,T)돌체콜드브루;T)바닐라C콜드브루,
f_f003469,2306170003,1,1,1,1,2,5048534746,현대백화점,대구 중구 달구벌대로 2077,,2007002,2711013900,2023-06-17 14:08,1,10300,,
f_f003509,2306180002,1,0,0,1,1,8890302566,황실로스터스,경남 김해시 김해대로2301번길 23,경남 김해시 봉황동 217-6,4805183,4825010400,2023-06-18 13:07,1,10500,황실라떼;엑설런트라떼,
f_f003509,2306180003,1,0,0,1,1,2063461838,이스트 베이글 웍스,경남 김해시 가락로23번길 15,경남 김해시 봉황동 25-6,4805012,4825010400,2023-06-18 13:18,1,19700,소시지 당근라페샌드위치;잠봉뵈르;감자치즈베이글;페퍼로니할라피뇨 크림치즈,
f_f003509,2306180004,3,0,0,1,1,3371101945,봉리산주차장,경남 김해시 봉황대길 36,경남 김해시 봉황동 220-8,4857370,4825010400,2023-06-18 14:16,1,4000,주차비,
f_f003509,2306180006,2,1,1,1,1,5640100103,CU,경남 김해시 분성로 295,경남 김해시 서상동 330-10,3335031,4825010200,2023-06-18 15:50,3,2000,스프라이트,
f_f003519,2306190005,1,0,0,1,1,7588100108,엘까르니따스,대구 중구 동성로3길 58-10,대구 중구 삼덕동1가 21-28,4223085,2711010500,2023-06-19 14:22,1,15900,,
f_f003519,2306190005,1,3,3,1,1,7967400382,팔공막창(직영점),대구 중구 동성로6길 46,대구 중구 공평동 55-13,4223088,2711012200,2023-06-19 14:58,1,22500,팔공막창;한맥행사,
f_f003538,2306300003,6,0,0,1,2,6132695924,장미상회,부산 연제구 고분로31번길 32,부산 연제구 연산동 615-35,4211073,2647010200,2023-06-30 20:20,1,40100,냉삼겹살;사이다;라면;셀프볶음밥 ,
f_f003538,2306300004,6,1,1,1,2,6104168514,공차,부산 수영구 광안해변로 233,부산 수영구 민락동 179-19,3138005,2650010300,2023-06-30 21:57,1,9900,타로 밀크티+펄L;망고 요구르트+화이트펄L,
f_f003543,2306240005,6,0,0,0,4,,포토시그니처 마산창동점,128-17,,,,,1,5000,,4812515000
f_f003543,2306240004,1,0,0,1,4,6081849331,고려당,경남 창원시 마산합포구 동서북10길 68,경남 창원시 마산합포구 창동 138-2,4787157,4812515000,2023-06-24 15:10,1,25400,밤식빵;공룡알빵;피자빵;마카롱;밀크쉐이크;팥빙수,
f_f003543,2306240008,1,0,0,1,4,6081578965,옛날영도집,경남 창원시 마산합포구 가포해안길 37,경남 창원시 마산합포구 가포동 471,4787001,4812510100,2023-06-24 18:49,1,67000,,
f_f003543,2306240006,2,0,0,1,4,5613000254,아트뉴스,경남 창원시 마산합포구 동서북10길 51,,4787157,4812515000,2023-06-24 16:15,3,13500,,
f_f003543,2306240004,1,0,0,2,4,6081849331,고려당,경남 창원시 마산합포구 동서북10길 68,경남 창원시 마산합포구 창동 138-2,4787157,4812515000,2023-06-24 15:13,1,4300,모닝빵,
f_f003543,2306240003,1,1,1,1,4,3953000846,햇살머믄꼬마김밥,부산 기장군 정관읍 정관7로 9-4,부산 기장군 정관읍 매학리 714-8,3140045,2671025622,2023-06-24 11:10,1,7200,,
f_f003543,2306240003,1,3,3,1,4,2018121515,스타벅스,경남 창원시 마산합포구 해안대로 383,경남 창원시 마산합포구 오동동 317,2329003,4812513700,2023-06-24 12:19,3,5500,I-G)카페 라떼,
f_f003613,2306230002,1,0,0,1,1,2403301212,꽈페(경주황리단길점),경북 경주시 첨성로81번길 15-1,경북 경주시 황남동 315-4,4716145,4713011000,2023-06-23 15:43,1,23400,티라미수 트위스트;로투스 트위스트;콘 크런치;오레오 오즈(초코렛);피넛버터 프레첼;스트로베리치즈케이크,
f_f003613,2306230005,1,0,0,1,1,6462000992,료미,경북 경주시 포석로 1058-1,경북 경주시 황남동 308-5,3305063,4713011000,2023-06-23 17:33,1,41000,2인 세트;콜라,
f_f003613,2306230007,1,0,0,1,1,7545200523,카페팔코,경북 경주시 양남면 동해안로 498-19,,3000101,4713032028,2023-06-23 18:43,3,20000,퍼플버블티;돌체라떼;구리볼;마카롱 ,
f_f003631,2307010002,1,0,0,1,4,2248505554,휘닉스 평창,강원특별자치도 평창군 봉평면 태기로 174,강원특별자치도 평창군 봉평면 면온리 1095-1,3228037,5176034025,2023-07-01 16:20,1,26100,프리미엄등심카츠;누들떡볶이&튀김,
f_f003631,2307010003,2,1,1,1,4,3478501278,CU,강원특별자치도 평창군 봉평면 태기로 141,강원특별자치도 평창군 봉평면 무이리 705-1,3228037,5176034026,2023-07-01 00:00,1,4100,킨더초콜릿조이보이;하리보해피콜라사워,
f_f003747,2307040005,1,0,0,1,2,1565000647,곤지곤지,경남 김해시 계동로 129-17,경남 김해시 대청동 505,3335006,4825012900,2023-07-04 18:03,1,44000,영양돌솥밥;곤드레돌솥밥 ,
f_f003747,2307040006,2,0,0,1,2,2068650913,노브랜드,경남 김해시 진영읍 장등로122번길 79,경남 김해시 진영읍 진영리 1701-8,4853829,4825025026,2023-07-04 19:12,1,25800,치킨롤리팝;머거본코코넛땅콩;맛있는바나나빵;자일리톨애플향;매운꼬치어묵,
f_f003747,2307040004,3,2,2,1,2,2178114493,(주)스마트로,서울 중구 을지로 170,,3101006,1114015000,2023-06-23 21:21,1,123200,김해 롯데워터파크 하이시즌 입장권,
f_f003757,2307040003,1,0,0,1,1,6158532747,롯데리아 (주)롯데 워터파크,경남 김해시 장유로 555,경남 김해시 신문동 1417,3335054,4825012700,2023-07-04 12:23,1,20000,불고기팩(콜라);새우팩(콜라),
f_f003757,2307040004,1,0,0,1,1,1068682871,이케아코리아,부산 기장군 기장읍 동부산관광3로 17,,3350896,2671025032,2023-07-04 17:06,1,30200,미트볼 스웨덴 스타일;레스칸데;로스트치킨,
f_f003757,2307040003,3,1,1,0,1,,롯데워터파크,김해시 장유로 555 롯데워터파크,,,,,1,26900,,4825012700
f_f003757,2307040004,1,2,2,1,1,1068682871,이케아코리아,부산 기장군 기장읍 동부산관광3로 17,,3350896,2671025032,2023-07-04 17:43,1,1200,아이스크림,
f_f003757,2307040004,2,3,3,1,1,1068682871,이케아코리아,부산 기장군 기장읍 동부산관광3로 17,,3350896,2671025032,2023-07-04 17:44,1,7900,쿵스포르스 네트가방 2종,
f_f003783,2307060005,1,0,0,0,2,,아오라,망경로 17,,,,,1,27500,,4817031000
f_f003783,2307060003,1,2,2,0,2,,내대치킨,내대리 1184,,,,,1,21000,,4886036000
f_f003783,2307060003,6,5,5,0,2,,개인관리 평상,내대리 1184,,,,,5,50000,,4886036000
f_f003783,2307060003,1,6,6,0,2,,스토리웨이,진주시 진주역로 130,,,,,1,8650,,4817013100
f_f003828,2307010003,1,0,0,1,2,6085560097,올리브장작,경남 창원시 성산구 용호로 115,경남 창원시 성산구 용호동 32-5,3327039,4812313500,2023-07-01 15:28,1,27400,스텔라불고기피자;오렌지에이드,
f_f003828,2307010005,1,0,0,1,2,1915900527,칸세,경남 창원시 성산구 상남로 107,,3327026,4812312700,2023-07-01 19:46,1,89000,디너세트_도미;생맥주 ,
f_f003828,2307010004,2,0,0,1,2,6098541955,에잇세컨즈,경남 창원시 성산구 중앙대로 124,경남 창원시 성산구 상남동 79,2327003,4812312700,2023-07-01 16:33,1,89900,C&S(SHORT);PANTS;BAG(UNISEX/SPORTS),
f_f003828,2307010006,2,0,0,1,2,6098535827,롯데쇼핑(주) 롯데마트맥스,경남 창원시 성산구 중앙대로 123,경남 창원시 성산구 중앙동 92,2327003,4812312500,2023-07-01 20:35,1,13980,부드러운 복숭아 ,
f_f003828,2307010002,3,0,0,1,2,4118601799,토스페이먼츠 주식회사,서울 강남구 테헤란로 131,서울 강남구 역삼동 647-9,3122010,1168010100,2023-07-01 14:02,1,5000,,
f_f003828,2307010002,3,0,0,3,2,,공공기관,서울 강남구 테헤란로 131,서울 강남구 역삼동 647-9,3122010,1168010100,2023-07-01 13:31,1,5000,,
f_f003828,2307010004,2,1,1,1,2,,무인양품,경남 창원시 성산구 상남로 121,경남 창원시 성산구 상남동 80,3327026,4812312700,2023-07-01 16:50,1,6900,스퀴지,
f_f003828,2307010006,2,1,1,1,2,6098535827,롯데쇼핑(주) 롯데마트맥스,경남 창원시 성산구 중앙대로 123,경남 창원시 성산구 중앙동 92,2327003,4812312500,2023-07-01 20:34,1,11980,미국산 체리,
f_f003828,2307010002,3,1,1,1,2,6098207688,창원시설공단 창원국제사격장,경남 창원시 의창구 사림로99번길 63,,4781303,4812111700,2023-07-01 13:30,1,3000,공기소총 20발 체험,
f_f003828,2307010004,2,2,2,1,2,,무인양품,경남 창원시 성산구 상남로 121,경남 창원시 성산구 상남동 80,3327026,4812312700,2023-07-01 16:53,1,9900,알루미늄 신축식 폴,
f_f003828,2307010002,3,2,2,1,2,,공공기관,서울 강남구 테헤란로 131,서울 강남구 역삼동 647-9,3122010,1168010100,2023-07-01 13:57,1,2000,,
f_f004013,2307150003,1,0,0,1,3,5042980939,얼큰이,대구 중구 큰장로26길 25,대구 중구 대신동 2105,4223142,2711015400,2023-07-15 13:40,1,24000,,
f_f004013,2307150004,1,0,0,1,3,4752100441,설빙,대구 중구 동성로5길 54,대구 중구 삼덕동1가 17-14,4223087,2711010500,2023-07-15 16:14,1,24400,아임파인 망고;팥인절미 설빙,
f_f004013,2307150006,1,0,0,1,3,8370801052,걸리버막창,대구 북구 옥산로 53,대구 북구 노원동1가 366-1,3007021,2723010700,2023-07-15 19:20,1,45000,,
f_f004013,2307160001,1,1,1,1,3,3038516131,괴산(양평방향)휴게소,충북 괴산군 장연면 중부내륙고속도로 204,충북 괴산군 장연면 오가리 293-2,1000020,4376032021,2023-07-16 12:21,1,3500,청춘오리지널꽈배기,
f_f004013,2307160001,1,1,1,2,3,3038516131,괴산(양평방향)휴게소,충북 괴산군 장연면 중부내륙고속도로 204,충북 괴산군 장연면 오가리 293-2,1000020,4376032021,2023-07-16 12:20,1,8000,치즈어묵;야채어묵,
f_f004013,2307150007,1,3,3,1,3,5158105087,(주)호텔금오산 편의점,경북 구미시 금오산로 400,,3308007,4719010800,2023-07-15 21:07,1,2500,델몬트망고PET,
f_f004078,2307150002,1,0,0,1,4,5080826984,원조닭발,경북 의성군 의성읍 전통시장3길 7-6,경북 의성군 의성읍 도동리 967-10,4745455,4773025024,2023-07-15 14:06,1,37000,,
f_f004078,2307160005,1,0,0,1,4,1995000945,카페아리,경북 의성군 금성면 동부로 2281,경북 의성군 금성면 산운리 667-19,3310008,4773037049,2023-07-16 12:48,1,26300,카페라떼ICE;팥빙수;퀸아망;베리파이,
f_f004078,2307150003,2,0,0,1,4,5080793657,K-식자재유통,경북 의성군 의성읍 중앙길 17,경북 의성군 의성읍 도서리 91-26,4745475,4773025025,2023-07-15 14:16,1,22500,허니버터칩;솜사탕;진로소주;포도알맹이;브이 콘;롯데/왓따복숭아,
f_f004078,2307150004,2,0,0,1,4,5088205183,의성농협하나로마트,경북 의성군 의성읍 중앙길 6,경북 의성군 의성읍 도동리 982-2,4745475,4773025024,2023-07-15 14:50,1,71490,진라면순한맛;롯데 아이시스;카스제로355캔;롯데밀키스제로(캔);해태초코픽45G,
f_f004078,2307160002,3,0,0,1,4,5088305822,조문국박물관,경북 의성군 금성면 초전1길 83,,4745492,4773037043,2023-07-16 11:10,1,4000,입장권,
f_f004078,2307160003,6,0,0,1,4,5088305822,의성조문국박물관,경북 의성군 금성면 초전1길 83,,4745492,4773037043,2023-07-16 12:16,1,6000,입장권,
f_f004078,2307150004,2,1,1,4,4,7416300300,한우마실돼지고을,경북 의성군 의성읍 전통시장2길 1,경북 의성군 의성읍 도동리 984-4,4745454,4773025024,2023-07-15 14:42,1,18000,,
f_f004103,2307170004,1,0,0,1,2,7271701586,당케슈니첼,경남 남해군 삼동면 독일로 27,경남 남해군 삼동면 물건리 233-8,3343011,4884033026,2023-07-17 11:56,1,43000,2인세트B 슈바인 ,
f_f004103,2307170008,1,0,0,1,2,6132299145,다랭이해바라기맛집,경남 남해군 남면 남면로679번길 17-19,경남 남해군 남면 홍현리 913,4829064,4884035023,2023-07-17 19:25,1,21000,통멍게비빔밥;해물칼국수,
f_f004103,2307180002,1,0,0,1,2,7810102332,인정,경남 남해군 남면 남서대로 775-3,경남 남해군 남면 당항리 1384-2,2343001,4884035021,2023-07-18 12:54,1,27000,,
f_f004103,2307180003,1,0,0,1,2,7705400835,카페 더 힐스,경남 남해군 삼동면 양화금로 256-4,경남 남해군 삼동면 동천리 303-1,3343027,4884033024,2023-07-18 13:58,1,15000,,
f_f004103,2307180005,1,0,0,1,2,8850100145,토도스,경남 창원시 성산구 용호로 116,경남 창원시 성산구 용호동 28-10,3327039,4812313500,2023-07-18 20:04,3,36800,,
f_f004112,2307080003,1,0,0,1,1,4771601480,흑송,부산 기장군 정관읍 용수로 89,,3140060,2671025628,2023-07-08 14:25,1,133000,,
f_f004112,2307080004,1,0,0,1,1,2018121515,스타벅스,울산 남구 중앙로 180,울산 남구 달동 875-12,3170051,3114010500,2023-07-08 11:21,1,13700,G)피스타치오아보 F;V)퍼플 D 리프레셔,
f_f004112,2307090002,1,0,0,1,1,4587300047,인천항,경북 경주시 영불로 41,경북 경주시 시래동 1126-2,3305043,4713013000,2023-07-09 14:23,1,81000,,
f_f004112,2307090003,1,0,0,1,1,5051571339,누마루한옥커피,경북 경주시 보불로 267,경북 경주시 하동 210,3305022,4713013300,2023-07-09 14:48,1,28500,누마루팥빙수;블루베리빙수,
f_f004112,2307080006,3,1,1,0,1,,오티티 프라이빗,삼산동 1525-2,,,,,5,29000,,3114010600
f_f004131,2307090003,1,0,0,0,2,,간식나라,중앙로 19,,,,,3,12400,,4782025300
f_f004131,2307080003,1,0,0,1,2,3432200627,빠삐용캠프(식당),경북 청도군 화양읍 송금길 85,경북 청도군 화양읍 송금리 252-2,4757285,4782025035,2023-07-08 12:18,1,13000,빠삐용햄버거세트,
f_f004131,2307090002,1,0,0,1,2,5150697241,꽃자리,경북 청도군 화양읍 도주관로 177,,3319003,4782025025,2023-07-09 12:44,1,15500,팥빙수;아이스홍시,
f_f004131,2307080005,2,0,0,1,2,5158140541,이땅애영농조합법인,경북 청도군 화양읍 남성현로 146,경북 청도군 화양읍 진라리 400,3313078,4782025032,2023-07-08 14:27,1,107900,삼겹살;한돈삼겹살;한돈목살(냉장);한우꽃등심(++7);삼광 생 와사비,
f_f004131,2307080006,1,4,4,0,2,,수피아펜션카페,신원4길 28-8,,,,,5,8000,버블티;쿠키,4782035000
f_f004131,2307080006,1,4,4,2,2,5151801957,나들가게 칠성마트,경북 청도군 운문면 운문로 1061,경북 청도군 운문면 신원리 107,3309050,4782035036,2023-07-08 15:53,1,18000,팔도비빔면;새송이버섯;칠성사이다(대);콜라;아이스크림,
f_f004131,2307080006,2,5,5,1,2,5158207874,동청도농협 하나로마트 운문지점,경북 청도군 운문면 청려로 4713,경북 청도군 운문면 대천리 1462-127,3319009,4782035032,2023-07-08 15:25,1,29750,풀무원샘물;테라병;쌈무;참이슬;페리오슬림터치 초극세모,
f_f004305,2307300004,3,0,0,0,3,,토스페이먼츠주식회사,테헤란로 131  15층,,,,,1,10000,,1168010100
f_f004305,2307300002,1,0,0,1,3,6462000992,료미,경북 경주시 포석로 1058-1,경북 경주시 황남동 308-5,3305063,4713011000,2023-07-30 11:36,1,39000,식대,
f_f004305,2307300005,1,0,0,1,3,7304400615,카페 마르쉐,경북 경주시 첨성로81번길 22-7,경북 경주시 황남동 229-15,4716145,4713011000,2023-07-30 00:00,1,19500,아메리카노(ICE);엑설런트라떼;마틸다케이크,
f_f004305,2307300003,2,0,0,1,3,4302200839,망고홈,경북 경주시 포석로 1059-1,경북 경주시 황남동 308-12,3305063,4713011000,2023-07-30 12:06,1,5000,MG-5 ,
f_f004305,2307300002,2,1,1,1,3,5030249734,원마트,대구 달성군 다사읍 달구벌대로 800-2,대구 달성군 다사읍 매곡리 719-23,2007002,2771025628,2023-07-30 09:05,1,2200,조지아마일드라떼;아이시스,
f_f004305,2307300002,2,2,2,1,3,2134400935,CU,경북 경주시 포석로 1056,경북 경주시 황남동 309-1,3305063,4713011000,2023-07-30 00:00,1,5000,미네랄워터;왕꿈틀이젤리;뽀로로초코우유;뽀로로바나나우유;뽀로로딸기우유,
f_f004470,2307150004,1,0,0,1,3,,왓포식당,경남 김해시 봉황대길 27,경남 김해시 봉황동 117-2,4857370,4825010400,2023-07-15 12:14,1,43000,,
f_f004470,2307150006,1,3,3,0,3,,스타벅스 신세계김해점,1264,,,,,1,10000,,4825010900
f_f004552,2307160004,1,0,0,1,3,6178615533,용궁해물칼국수,부산 기장군 기장읍 기장해안로 128,부산 기장군 기장읍 시랑리 723,3140057,2671025033,2023-07-16 14:14,1,50500,해물 칼국수;땡초 홍합부추전;부산오뎅,
f_f004552,2307160003,2,0,0,1,3,1068682871,이케아코리아,부산 기장군 기장읍 동부산관광3로 17,부산 기장군 기장읍 당사리 532,3350896,2671025032,2023-07-16 13:49,1,138900,카페레프 귀리비스킷;세리그 벽시계;옷걸이 화이트;프라타 N 장바구니M;접시S 22 화이트,
f_f004552,2307160005,3,0,0,1,3,6212268639,기장해동용궁사,부산 기장군 기장읍 용궁길 57,부산 기장군 기장읍 시랑리 415,4220172,2671025033,2023-07-16 15:38,1,2500,주차비,
f_f004618,2307230003,1,0,0,1,4,6328700434,(주)산딸기닷컴터널(동굴),경남 김해시 생림면 마사로473번길 41,,4805342,4825035025,2023-07-23 14:04,1,5500,스위트와인체험,
f_f004618,2307230004,1,0,0,1,4,1950400719,두끼,경남 김해시 장유로 469,경남 김해시 신문동 1414,3335054,4825012700,2023-07-23 17:02,1,27700,두끼 ,
f_f004618,2307230005,1,0,0,1,4,6507000211,비율카페,경남 김해시 율하3로 91,경남 김해시 관동동 1112-1,3335048,4825013000,2023-07-23 18:02,1,17700,청포도 에이드;오레오케이크;카페라떼(ICE),
f_f004618,2307230002,3,0,0,1,4,8248102515,주식회사인터파크트리플,서울 강남구 삼성로 512,,3122005,1168010500,2023-07-23 13:22,1,24000,김해낙동강레일파크 탑승권 구입,
f_f004618,2307230004,2,1,1,1,4,2208809068,유한회사 나이키코리아,경남 김해시 장유로 469,경남 김해시 신문동 1414,3335054,4825012700,2023-07-23 17:37,1,118000,NIKE AIR MAX SC;NIKE FLEX ADVANCE,
f_f004657,2308050006,1,0,0,1,3,6183252557,황가네찜,강원특별자치도 속초시 영랑해안길 95,강원특별자치도 속초시 영랑동 129,4469178,5121010100,2023-08-05 16:50,1,52000,,
f_f004657,2308060002,1,0,0,1,3,5090752722,속초막걸리술빵술빵,강원특별자치도 속초시 중앙시장로6길 14,,4469248,5121010300,2023-08-06 09:50,1,10000,,
f_f004657,2308050008,3,0,0,1,3,2278111213,소학레저개발주식회사,강원특별자치도 속초시 관광로 327,,3223001,5121010700,2023-08-05 18:22,1,20500,입장권 ,
f_f004657,2308060002,1,0,0,2,3,1331902601,마카오박,강원특별자치도 속초시 중앙로129번길 4,강원특별자치도 속초시 중앙동 479-29,4469219,5121010300,2023-08-06 10:30,1,14400,타6,
f_f004657,2308060002,1,0,0,3,3,2270275060,코끼리만두분식,강원특별자치도 속초시 중앙로143번길 19,,4469220,5121010300,2023-08-06 09:52,1,10000,,
f_f004657,2308060002,1,0,0,4,3,2021240197,아바이오징어빵,강원특별자치도 속초시 중앙시장로6길 14,,4469248,5121010300,2023-08-06 09:38,1,5000,,
f_f004703,2307250002,1,0,0,1,1,8980401044,회산장칼국수,강원특별자치도 강릉시 토성로 65,강원특별자치도 강릉시 홍제동 126-16,3220046,5115010100,2023-07-25 12:31,1,9000,장칼국수 기본 ,
f_f004703,2307250003,1,0,0,1,1,8322300764,버블리(BUBBLY),강원특별자치도 강릉시 토성로 73,강원특별자치도 강릉시 홍제동 137-18,3220046,5115010100,2023-07-25 12:38,1,5500,,
f_f004703,2307250006,1,0,0,1,1,1881701743,강릉해파랑,강원특별자치도 강릉시 창해로350번길 17,강원특별자치도 강릉시 강문동 182-5,4460933,5115011300,2023-07-25 17:39,1,18000,모듬물회,
f_f004703,2307250007,1,0,0,1,1,4473600737,꾸욱 ,강원특별자치도 강릉시 창해로 378,강원특별자치도 강릉시 강문동 242-1,3220043,5115011300,2023-07-25 17:48,1,6000,옥수수크림라떼,
f_f004717,2308050003,1,0,0,1,2,3431000319,모모상점,대구 중구 국채보상로150길 30,대구 중구 동인동4가 426-3,4223025,2711010400,2023-08-05 13:00,1,35400,,
f_f004717,2308050005,1,0,0,1,2,4608500140,더뷔페,대구 수성구 팔현길 212,,4238457,2726010200,2023-08-05 19:01,1,152000,주말석식 ,
f_f004717,2308060002,1,0,0,1,2,5023040067,남도명가,대구 수성구 들안로 40,대구 수성구 두산동 152-1,3146008,2726011100,2023-08-06 14:11,1,80000,,
f_f004717,2308050002,2,1,1,1,2,2293101244,GS25,대구 수성구 수성못길 22,대구 수성구 두산동 653-5,4238309,2726011100,2023-08-05 20:51,3,4500,포카리;질레트)센서3,
f_f004717,2308060003,2,3,3,1,2,5503400913,레브슈크레,대구 중구 약령길 76,대구 중구 수동 37-1,4223119,2711011100,2023-08-06 15:10,1,9000,Pavlova,
f_f004740,2307290003,1,0,0,0,2,,황남쫀드기,283-2,,,,,1,3000,,4713011000
f_f004740,2307290002,1,0,0,1,2,7895600871,포석로 소갈비찜,경북 경주시 포석로1068번길 22,경북 경주시 황남동 228-1,4716229,4713011000,2023-07-29 11:21,1,46500,고추장소갈비찜;칠성사이다,
f_f004740,2307290010,1,0,0,1,2,6134300875,범굴,경북 경주시 포석로1068번길 10,경북 경주시 황남동 304-4,4716229,4713011000,2023-07-29 21:33,1,58000,명란구이;차돌박이 칼비빔;새로;테라,
f_f004740,2307300001,1,0,0,1,2,5050609492,시골돼지국밥,경북 경주시 태종로 738,경북 경주시 사정동 1-15,3305061,4713010900,2023-07-30 11:29,1,18000,,
f_f004740,2307300003,1,0,0,1,2,5214500570,교리김밥,경북 경주시 태종로 746,경북 경주시 황남동 270-10,3305061,4713011000,2023-07-30 12:33,1,11000,,
f_f004740,2307290009,3,1,1,0,2,,경주 동궁원,185-1,,,,,1,8000,,4713014000
f_f004740,2307300002,1,1,1,1,2,1333600954,테를지,경북 경주시 태종로 736,경북 경주시 사정동 1-17,3305061,4713010900,2023-07-30 11:32,1,13800,퍼플더스크 에이드;레드글로우에이드 ,
f_f004760,2307280005,1,0,0,0,1,,강릉맥주,,,,,,3,8000,,4215010800
f_f004760,2307270002,1,0,0,1,1,2268128273,테라로사,강원특별자치도 강릉시 난설헌로 145,강원특별자치도 강릉시 포남동 933,3220009,5115011100,2023-07-28 10:43,1,14500,(I)슬리피;뺑오쇼콜라;에멘탈 치즈,
f_f004760,2307270003,1,0,0,1,1,2148608930,광주하(원주)휴게소,경기 광주시 곤지암읍 만삼로 270,,3211013,4161025929,2023-07-27 13:38,1,23000,허브통살꼬치;핫기름떡볶이;옛날돈까스,
f_f004760,2307270006,1,0,0,1,1,1521601790,교동대게,강원특별자치도 강릉시 화부산로 56,강원특별자치도 강릉시 교동 1066-1,3220053,5115011000,2023-07-27 21:56,1,133000,,
f_f004760,2307280003,1,0,0,1,1,2220195652,소바위트,강원특별자치도 강릉시 경강로 2015,강원특별자치도 강릉시 명주동 65-15,3000145,5115010300,2023-07-28 12:48,1,26000,새우소바;장어소바 ,
f_f004760,2307270007,1,1,1,0,1,,씨유강릉교동점,964-6,,,,,1,10200,,4215011000
f_f004760,2307280007,1,2,2,0,1,,안목카페,해변가 카페거리 안목카페,,,,,1,29000,,4215011400
f_f004760,2307280005,1,3,3,0,1,,이신우패션,강릉중앙시장 초입,,,,,1,2000,,4215010800
f_f004764,2307230003,1,0,0,1,2,4461101889,벙글벙글찜갈비,대구 중구 동덕로36길 9-12,대구 중구 동인동1가 322-2,4223077,2711010100,2023-07-23 11:37,1,43200,,
f_f004764,2307230004,1,0,0,1,2,7208700099,삼송빵집 1957,대구 수성구 수성못2길 26,대구 수성구 두산동 695,4238307,2726011100,2023-07-23 13:58,1,17900,아메리카노(ICE);통옥수수빵;대파 크림치즈 베이글,
f_f004764,2307230007,1,0,0,1,2,3811602039,구공탄막창,대구 서구 국채보상로 308,대구 서구 평리동 1097-3,3007001,2717010300,2023-07-23 18:17,1,64000,"막창;소주,맥주;된장;밥;청하",
f_f004764,2307240001,1,0,0,1,2,5042868637,군위식당,대구 중구 경상감영길 101,대구 중구 포정동 21-3,4223003,2711014300,2023-07-24 12:42,1,20000,고기밥,
f_f004764,2307240002,1,0,0,1,2,7510600963,마이커피컬로맨스,대구 중구 동성로4길 93,대구 중구 공평동 66,4223086,2711012200,2023-07-24 13:01,1,9000,ICE아메리카노,
f_f004764,2307240005,1,0,0,1,2,5011042045,삼송제시카즈베이커리,대구 중구 중앙대로 395,대구 중구 동성로3가 7-6,2007001,2711011900,2023-07-24 14:42,1,9650,,
f_f004764,2307240003,2,0,0,1,2,5048199756,주식회사 나림,대구 중구 동성로3길 67,대구 중구 공평동 57-6,4223085,2711012200,2023-07-24 14:18,1,3200,,
f_f004764,2307240004,2,0,0,1,2,5048199756,나이스키친,대구 중구 동성로5길 41,대구 중구 삼덕동1가 18-11,4223087,2711010500,2023-07-24 14:31,1,18300,강소백 포도;멍맥주(병);강소백 고량주;비닐봉투,
f_f004764,2307230008,3,0,0,1,2,6998601730,주식회사 스파크랜드,대구 중구 동성로6길 61,대구 중구 공평동 58-6,4223088,2711012200,2023-07-23 19:51,1,16000,대관람차 탑승권 구입,
f_f004764,2307230005,6,0,0,1,2,5011232819,포토이즘박스,대구 수성구 수성못길 22,대구 수성구 두산동 653-5,4238309,2726011100,2023-07-23 15:23,1,4000,,
f_f004764,2307230003,1,0,0,2,2,4461101889,벙글벙글찜갈비,대구 중구 동덕로36길 9-12,대구 중구 동인동1가 322-2,4223077,2711010100,2023-07-23 12:48,1,12000,,
f_f004764,2307230005,6,0,0,2,2,5011232819,포토이즘박스,대구 수성구 수성못길 22,대구 수성구 두산동 653-5,4238309,2726011100,2023-07-23 15:14,1,4000,,
f_f004764,2307230008,3,1,1,0,2,,스파크랜드 짱오락실,대구 중구 동성로6길 61 레드존 7층,,,,,3,6000,,2711012200
f_f004764,2307230006,3,2,2,0,2,,오리배,대구 수성구 두산동 수성못 오리배 선착장,,,,,3,15000,,2726011100
f_f004768,2307220004,1,0,0,1,2,1018130747,한화호텔앤드리조트(주) 평창,강원특별자치도 평창군 봉평면 태기로 228-33,강원특별자치도 평창군 봉평면 면온리 946-7,3228037,5176034025,2023-07-22 18:15,1,105000,갈비살1+(갈비);살치살1+(등심);모듬야채,
f_f004768,2307230001,1,0,0,1,2,2601900939,메밀꽃필무렵,강원특별자치도 평창군 봉평면 이효석길 33-13,,4484310,5176034021,2023-07-23 10:38,1,24000,비빔국수;간장국수 ,
f_f004768,2307230003,1,0,0,1,2,2262953148,진태원,강원특별자치도 평창군 대관령면 횡계길 19,강원특별자치도 평창군 대관령면 횡계리 325-18,4484421,5176038024,2023-07-23 16:56,1,35000,,
f_f004768,2307230002,3,0,0,1,2,,백룡동굴생태체험학습장,강원특별자치도 평창군 미탄면 문희길 63,,4484140,5176031028,2023-07-23 12:29,1,36000,입장권 ,
f_f004768,2307230005,3,0,0,1,2,3548602423,뮤지엄 딥다이브,강원특별자치도 평창군 대관령면 올림픽로 715,,3228021,5176038026,2023-07-23 17:58,1,42000,입장권 ,
f_f004768,2307220004,1,0,0,2,2,1018130747,한화호텔앤드리조트(주),강원특별자치도 평창군 봉평면 태기로 228-33,,3228037,5176034025,2023-07-22 19:34,1,15000,된장찌개;공기밥;진로이즈백,
f_f004768,2307220002,1,1,1,1,2,5837900461,선재길식당,강원특별자치도 평창군 진부면 오대산로 152,,3228020,5176036027,2023-07-22 12:15,1,26000,,
f_f004768,2307220003,3,1,1,1,2,2268124374,발왕산 모나파크,강원특별자치도 평창군 대관령면 올림픽로 715,,3228021,5176038026,2023-07-22 13:00,1,50000,탑승권 구입,
f_f004947,2307310005,1,0,0,1,2,2680103070,홍주라운지,부산 해운대구 해운대해변로209번가길 3,부산 해운대구 우동 654-6,4199294,2635010500,2023-07-31 19:36,3,90000,루꼴라 바질 피자;라자냐;제로콜라;하이볼;Neat,
f_f004947,2308010001,1,0,0,1,2,7784400752,극동돼지국밥,부산 해운대구 달맞이길62번길 17,부산 해운대구 중동 948-7,4199020,2635010600,2023-08-01 09:28,1,34000,돼지국밥;맛보기수육,
f_f004947,2308010003,1,0,0,1,2,2313300335,쿠지라멘,부산 해운대구 해운대해변로 351-1,부산 해운대구 중동 1205-13,3133043,2635010600,2023-08-01 17:24,1,19000,,
f_f004947,2308010004,1,0,0,1,2,6052599937,마가만두집,부산 동구 대영로243번길 56,부산 동구 초량동 563,4006002,2617010100,2023-08-01 19:19,1,8000,군만두 ,
f_f004947,2307310004,2,0,0,1,2,2138152063,(주)아성 다이소,부산 해운대구 구남로 11,,3132002,2635010500,2023-07-31 17:20,3,5000,스마트폰 방수팩(크로스백형),
f_f004947,2308010006,2,0,0,1,2,6040843243,건일행,부산 동구 대영로243번길 45,부산 동구 초량동 578,4006002,2617010100,2023-08-01 19:26,1,9000,,
f_f004947,2308010002,3,3,3,1,2,1338602980,클럽디 오아시스,부산 해운대구 달맞이길 30,,4199011,2635010600,2023-08-01 10:12,1,79000,입장권,
f_f004947,2307310004,1,4,4,1,2,2518502132,카페노티드,부산 해운대구 구남로 17,부산 해운대구 우동 618-14,3132002,2635010500,2023-07-31 17:24,1,7400,우유생크림도넛;클래식바닐라도넛,
f_f004975,2308030015,1,0,0,0,1,,소연이네조개구이,964-13 난전먹거리시장29호,,,,,1,15000,,4221011000
f_f004975,2308030003,1,0,0,1,1,2205100533,강원도 막걸리빵,강원특별자치도 속초시 중앙시장로6길 14,,4469248,5121010300,2023-08-03 13:01,1,5000,,
f_f004975,2308030004,1,0,0,1,1,2270184295,감나무집,강원특별자치도 속초시 중앙시장로 110-8,,3223016,5121010300,2023-08-03 13:59,1,10000,,
f_f004975,2308030007,1,0,0,1,1,1768801997,(주)칠성조선소,강원특별자치도 속초시 중앙로46번길 45,,4469234,5121010600,2023-08-03 15:08,1,6000,Iced스타보드,
f_f004975,2308030010,1,0,0,1,1,2955700577,속초옥란푸딩,강원특별자치도 속초시 새마을길 40,강원특별자치도 속초시 조양동 1480-80,4469127,5121010800,2023-08-03 17:10,1,5000,밤푸딩 ,
f_f004975,2308030013,1,0,0,1,1,2270356982,평강막국수,강원특별자치도 속초시 동해대로3950번길 15,강원특별자치도 속초시 조양동 1463-7,4469036,5121010800,2023-08-03 19:14,1,10000,메밀막국수,
f_f004975,2308030005,2,0,0,1,1,1331902601,마카오박,강원특별자치도 속초시 중앙로129번길 4,,4469219,5121010300,2023-08-03 14:32,1,15800,타1;치1;클래식,
f_f004975,2308030006,2,0,0,1,1,3168601077,주식회사 베이커리가루,강원특별자치도 속초시 청초호반로 208,강원특별자치도 속초시 교동 1019-3,3223018,5121010600,2023-08-03 14:50,1,3000,원준이 엉덩이빵,
f_f004975,2308030008,2,0,0,1,1,1020593192,동그란책,강원특별자치도 속초시 중앙로46번길 45,강원특별자치도 속초시 교동 664-110,4469234,5121010600,2023-08-03 16:35,1,3900,장면엽서,
f_f004975,2308030016,2,0,0,1,1,7971101394,예스닭강정,강원특별자치도 속초시 동해대로 4018,강원특별자치도 속초시 조양동 1039-1,2000023,5121010800,2023-08-03 20:37,1,25000,블랙 앤 레드(매),
f_f004975,2308030004,2,2,2,1,1,1210339685,하나약국,강원특별자치도 속초시 중앙시장로 99,,3223016,5121010300,2023-08-03 13:07,1,4000,,
f_f005042,2308060004,1,0,0,1,1,,한성미인,경북 경주시 포석로1050번길 39-6,경북 경주시 황남동 211-6,4716228,4713011000,2023-08-06 13:19,1,6000,,
f_f005042,2308060006,3,0,0,1,1,,하루필름경주,경북 경주시 포석로1095번길 2,경북 경주시 황남동 271-46,4716232,4713011000,2023-08-06 14:30,1,5000,,
f_f005042,2308060006,1,1,1,1,1,,과일한입,,,,,2023-08-06 14:40,1,6000,,
f_f005042,2308060003,2,3,3,1,1,,부처빵,경북 경주시 태종로 735,경북 경주시 노서동 219-1,3305061,4713010700,2023-08-06 12:49,1,2500,,
f_f005062,2308060006,1,0,0,1,3,6655700567,감자옹심이,,,,,2023-08-06 12:46,1,17000,,
f_f005062,2308060010,1,0,0,1,3,1881701743,강릉해파랑,강원특별자치도 강릉시 창해로350번길 17,강원특별자치도 강릉시 강문동 182-5,4460933,5115011300,2023-08-06 18:17,1,52000,모듬물회;회덮밥 ,
f_f005062,2308060011,1,0,0,1,3,2018121515,스타벅스,강원특별자치도 강릉시 창해로350번길 3,강원특별자치도 강릉시 강문동 182-2,4460933,5115011300,2023-08-06 18:28,3,18600,G)자몽 허니 레몬 B;G)씨솔트 콜드브루;G)아메리카노,
f_f005062,2308070001,1,0,0,1,3,2263202182,원조초당순두부,강원특별자치도 강릉시 초당순두부길77번길 9,강원특별자치도 강릉시 초당동 309-4,4460952,5115011200,2023-08-07 11:00,1,42000,,
f_f005062,2308070003,1,0,0,1,3,2268125878,주식회사 하슬라아트월드(바다카페),강원특별자치도 강릉시 강동면 율곡로 1441,,3220032,5115034028,2023-08-07 13:46,1,16500,아메리카노;딸기티라미수;아이스 티,
f_f005062,2308070005,1,0,0,1,3,1078657147,스토리웨이,강원특별자치도 강릉시 용지로 176,강원특별자치도 강릉시 교동 95-10,3220028,5115011000,2023-08-07 16:01,1,12500,C세트(김밥+핫바+떡볶이),
f_f005062,2308060005,2,0,0,1,3,2777200612,배니새우강정,강원특별자치도 강릉시 금성로13번길 5-1,강원특별자치도 강릉시 성남동 51-121,4460218,5115010800,2023-08-06 11:45,1,15000,,
f_f005062,2308070002,3,1,1,0,3,,하슬라아트월드,강원 강릉시 강동면 율곡로 1441,,,,,1,33060,,4215034000
f_f005062,2308060005,2,1,1,1,3,3571901149,강릉당 커피콩빵,강원특별자치도 강릉시 중앙시장1길 17,강원특별자치도 강릉시 성남동 53-3,4460908,5115010800,2023-08-06 11:51,1,20000,,
f_f005062,2308060003,1,2,2,0,3,,스토리웨이,,,,,,1,2660,,1117010700
f_f005062,2308060005,2,2,2,1,3,6580401558,티각태각대게고로케,강원특별자치도 강릉시 금성로13번길 12,강원특별자치도 강릉시 성남동 54-1,4460218,5115010800,2023-08-06 11:54,1,14000,강릉한잔맥주,
f_f005062,2308070004,2,2,2,1,3,1078657147,스토리웨이,강원특별자치도 강릉시 용지로 176,강원특별자치도 강릉시 교동 95-10,3220028,5115011000,2023-08-07 16:19,1,20000,강릉커피콩빵,
f_f005086,2308070002,1,0,0,1,3,7143500095,황금코다리,울산 중구 태화강국가정원길 163,울산 중구 태화동 431-23,4857839,3111011100,2023-08-07 14:21,1,48000,점심특선(대) ,
f_f005086,2308080001,1,0,0,1,3,6482800048,고래막집,울산 남구 장생포고래로 271-1,울산 남구 매암동 192-2,3170048,3114011900,2023-08-08 11:33,1,6000,옛날팥빙수,
f_f005086,2308080003,1,0,0,1,3,6209095374,남재네,울산 동구 일산진11길 150,울산 동구 일산동 287,4313200,3117010300,2023-08-08 15:18,1,80000,,
f_f005086,2308080003,1,0,0,2,3,5782201159,대왕초장,울산 동구 일산진11길 150,울산 동구 일산동 287,4313200,3117010300,2023-08-08 16:27,1,36000,,
f_f005086,2308080001,3,2,2,1,3,6108212008,남구도시관리공단,울산 남구 장생포고래로 271-1,울산 남구 매암동 192-2,3170048,3114011900,2023-08-08 10:58,1,28800,장생포고래박물관;고래생태체험관;울산함;고래문화마을;태화강동굴피아,
f_f005096,2308060004,1,0,0,1,2,3683200760,비치버거,강원특별자치도 속초시 새마을13길 17,강원특별자치도 속초시 조양동 1480-317,4469114,5121010800,2023-08-06 15:49,1,21500,치즈버거;하와이안버거;캔음료+감자튀김,
f_f005096,2308060006,1,0,0,1,2,2398802545,웨일라잇 ,강원특별자치도 속초시 청호해안길 2,강원특별자치도 속초시 조양동 1450-143,4469283,5121010800,2023-08-06 20:39,1,12800,웨일에이드;아이스크림,
f_f005096,2308070001,1,0,0,1,2,2270812975,완도회식당,강원특별자치도 속초시 먹거리4길 21,강원특별자치도 속초시 교동 962-14,4469053,5121010600,2023-08-07 11:40,1,36000,(특)오징어회덮밥;반반물회;국수;밥,
f_f005096,2308060005,2,0,0,1,2,6419700077,속초 황금젓갈건어물,강원특별자치도 속초시 중앙로147번길 16,강원특별자치도 속초시 중앙동 471-4,4469221,5121010300,2023-08-06 18:54,1,40000,,
f_f005096,2308060005,1,1,1,1,2,2270275060,코끼리만두분식,강원특별자치도 속초시 중앙로143번길 19,,4469220,5121010300,2023-08-06 18:32,1,2000,,
f_f005096,2308060005,1,1,1,2,2,2094100541,서민갑부똑이네튀김,강원특별자치도 속초시 중앙로147번길 16,강원특별자치도 속초시 중앙동 471-4,4469221,5121010300,2023-08-06 19:06,1,17000,,
f_f005096,2308060005,1,1,1,3,2,2094100541,서민갑부똑이네튀김,강원특별자치도 속초시 중앙로147번길 16,강원특별자치도 속초시 중앙동 471-4,4469221,5121010300,2023-08-06 19:07,1,5000,,
f_f005096,2308070002,2,3,3,1,2,1946900452,속품,강원특별자치도 속초시 영랑해안2길 2,강원특별자치도 속초시 영랑동 137-4,4469170,5121010100,2023-08-07 12:20,1,15200,거울;마그넷,
f_f005133,2307300004,1,0,0,1,2,6172486476,해운대기와집대구탕,부산 해운대구 달맞이길104번길 46,부산 해운대구 중동 990-3,4199012,2635010600,2023-07-30 12:42,1,28000,,
f_f005133,2307300006,1,0,0,1,2,3993500673,에이치어스,부산 해운대구 청사포로 135,부산 해운대구 중동 524-15,3133042,2635010600,2023-07-30 14:13,1,18800,청사포파운드케이크;(차가운(iced) )카카오라떼;청사포선셋,
f_f005133,2307300010,1,0,0,1,2,5053931629,광안리 신라횟집,부산 수영구 민락수변로7번길 16,부산 수영구 민락동 181-149,4214219,2650010300,2023-07-30 22:03,1,98000,,
f_f005133,2307310002,1,0,0,1,2,6728601619,이재모피자,부산 중구 광복중앙로 31,,3125002,2611012700,2023-07-31 11:35,1,27000,,
f_f005133,2307310007,1,0,0,1,2,7106300290,공차,대구 동구 동부로 149,대구 동구 신천동 1506,3142009,2714010200,2023-07-31 18:12,1,10700,공차 ,
f_f005133,2307300005,3,0,0,1,2,2598700262,해운대블루라인(주) ,부산 해운대구 청사포로 116,,3133042,2635010600,2023-07-30 00:00,1,59000,캡슐(미포)+해변열차(청사포) 탑승권 구입,
f_f005133,2307300009,3,0,0,1,2,,요트다,부산 해운대구 해운대해변로 84,,3133043,2635010500,2023-07-15 00:00,1,56810,부산요트투어 해운대 광안리 더베이101퍼블릭 투어 ,
f_f005133,2307310005,3,0,0,1,2,1419200887,이웃집수달,경북 경산시 한의대로 136,경북 경산시 점촌동 60-11,3313071,4729012400,2023-07-31 14:46,1,30000,입장권,
f_f005133,2307310006,1,1,1,1,2,5028617068,(주)신세계 동대구복합환승센터,대구 동구 동부로 149,대구 동구 신천동 1506,3142009,2714010200,2023-07-31 17:36,1,13600,떡갈비 유부초밥;제육김치;연어 명란꽃 유부초밥;생연어 유부초밥,
f_f005161,2308020002,1,0,0,1,2,2270557200,뉴 전원식당,강원특별자치도 속초시 영금정로 15,강원특별자치도 속초시 동명동 51,3223009,5121010200,2023-08-02 18:17,1,29000,,
f_f005161,2308020004,1,0,0,1,2,1652400884,이디야,강원특별자치도 속초시 동명항길 49,강원특별자치도 속초시 동명동 1-258,4469033,5121010200,2023-08-02 18:47,1,9500,애플망고 1인빙수;(L)ICED아메리카노,
f_f005161,2308020005,2,0,0,1,2,7608101167,(주)봉브레드,강원특별자치도 속초시 동해대로 4344-1,강원특별자치도 속초시 교동 799-173,2000023,5121010600,2023-08-02 19:30,1,6000,마늘바게트,
f_f005287,2308020003,1,0,0,1,2,3081653533,교촌면옥,경북 경주시 갓뒤동녘길 31-2,경북 경주시 황성동 156,4715044,4713012400,2023-08-02 13:34,1,22000,코다리비빔냉면;함흥식물냉면;간장불고기,
f_f005287,2308020005,1,0,0,1,2,7215900385,카페라소,경북 경주시 사정로57번길 6,경북 경주시 황남동 288-3,4715587,4713011000,2023-08-02 14:49,1,20500,망고 눈꽃빙수;아메리카노(ICE),
f_f005289,2308260002,2,0,0,0,3,,"떡집, 채소가게",42-6,,,,,3,12000,,4213010100
f_f005289,2308260004,1,0,0,1,3,2268213568,대관령한우타운,강원특별자치도 평창군 대관령면 올림픽로 38,,3228021,5176038024,2023-08-26 13:19,1,36000,우족보양탕;한우해장국;뚝배기불고기,
f_f005289,2308260006,1,0,0,1,3,2261171909,평창송어횟집,강원특별자치도 평창군 진부면 송정택지2길 33-21,강원특별자치도 평창군 진부면 송정리 2518-2,4484227,5176036023,2023-08-26 20:12,1,55000,,
f_f005289,2308260007,1,0,0,1,3,2150656132,117번가,강원특별자치도 평창군 대관령면 대관령로 117,강원특별자치도 평창군 대관령면 횡계리 328-1,3228007,5176038024,2023-08-26 22:09,1,30800,순살양념치킨;생맥주;콜라,
f_f005289,2308270002,1,0,0,1,3,2261160488,다푸네고푸네 쌈밥,강원특별자치도 평창군 대관령면 횡계2길 8-5,,4484419,5176038024,2023-08-27 13:06,1,48000,오삼불고기 쌈밥,
f_f005289,2308270005,1,0,0,1,3,5531600918,샤브향,충북 제천시 용두대로5길 33-4,충북 제천시 하소동 209-45,4517659,4315011100,2023-08-27 19:36,1,63000,,
f_f005289,2308270004,2,0,0,1,3,7098200495,쉬어가게,강원특별자치도 영월군 영월읍 청령포로 126-3,,3227023,5175025023,2023-08-27 17:23,1,53000,허니원/야생화꿀;옥수수콩 건빵,
f_f005289,2308270003,3,0,0,1,3,,[평창]뮤지엄딥다이브,강원특별자치도 평창군 대관령면 올림픽로 787,강원특별자치도 평창군 대관령면 용산리 504-1,3228021,5176038026,2023-08-27 00:00,1,0,입장권,
f_f005289,2308270004,2,3,3,1,3,7098200495,쉬어가게,강원특별자치도 영월군 영월읍 청령포로 126-3,,3227023,5175025023,2023-08-27 12:50,1,1200,아이스크림 바류,
f_f005385,2308140007,1,0,0,0,2,,소나무집초당순두부,354-4,,,,,1,3500,,4215011200
f_f005385,2308140003,1,0,0,1,2,8240302365,감자유원지,강원특별자치도 강릉시 경강로2115번길 7,강원특별자치도 강릉시 임당동 103-12,4460111,5115010500,2023-08-14 14:40,1,23000,항정살 감자솥밥;메밀김밥필무렵,
f_f005385,2308140004,1,0,0,1,2,2203700629,바삭이네,강원특별자치도 강릉시 금성로13번길 9-2,강원특별자치도 강릉시 성남동 46-16,4460218,5115010800,2023-08-14 15:33,1,15000,,
f_f005385,2308140008,1,0,0,1,2,6044600305,최일순짬뽕순두부,강원특별자치도 강릉시 해안로 517,강원특별자치도 강릉시 안현동 862,3220050,5115013800,2023-08-14 19:38,1,26000,,
f_f005385,2308140009,1,0,0,1,2,2268128273,테라로사,강원특별자치도 강릉시 사천면 순포안길 6,강원특별자치도 강릉시 사천면 산대월리 158-4,4460601,5115036028,2023-08-14 19:57,1,6000,(I)카페 라떼,
f_f005385,2308140005,3,0,0,1,2,2208742885,주식회사 야놀자,서울 강남구 테헤란로108길 42,서울 강남구 대치동 1003,4166713,1168010600,2023-08-14 11:31,1,31000,[강릉]아르떼뮤지엄 입장권 성인 ,
f_f005403,2308040004,1,0,0,1,4,3601902052,쌈포유 정록쌈밥,경북 경주시 계림로 48,경북 경주시 황남동 27-3,3305007,4713011000,2023-08-04 13:04,1,56000,제육쌈밥,
f_f005403,2308040005,1,0,0,1,4,1078616302,이디야,경북 경주시 일정로 186,경북 경주시 인왕동 76,3305050,4713011200,2023-08-04 14:39,1,8600,iced아메리카노;복숭아 아이스티,
f_f005403,2308040002,2,0,0,1,4,5058201330,불국사 회랑2,경북 경주시 불국로 385,경북 경주시 진현동 15-1,3305029,4713013400,2023-08-04 09:48,1,50000,,
f_f005403,2308040003,3,0,0,1,4,5058300022,경주시청,경북 경주시 임해로 64-19,경북 경주시 구황동 786-1,3305051,4713012200,2023-08-04 10:54,1,12000,입장권,
f_f005403,2308040002,2,2,2,1,4,5058201330,불국사(경내광장매장),경북 경주시 불국로 385,경북 경주시 진현동 15-1,3305029,4713013400,2023-08-04 10:03,1,2500,,
f_f005414,2308080003,1,0,0,1,2,1920801319,소바카게,경북 경주시 첨성로99번길 25-5,경북 경주시 황남동 229-9,4716146,4713011000,2023-08-08 17:00,1,27500,카라이 마제소바;음료;오리온 나마,
f_f005414,2308080004,1,0,0,1,2,8941901987,포도도,경북 경주시 사정로 58,경북 경주시 사정동 124-1,3305032,4713010900,2023-08-08 18:12,1,6000,,
f_f005414,2308080010,1,0,0,1,2,4502201787,BBQ치킨,경북 경주시 화랑로 100,,3305066,4713010100,2023-08-08 21:15,1,30000,황금올리브치킨(콤보);모듬볼6개,
f_f005414,2308090001,1,0,0,1,2,2365300681,우화한식당,경북 경주시 경감로 504-4,경북 경주시 천군동 437,3305005,4713013500,2023-08-09 13:32,1,69000,당면사리;공기밥;황후보양한우전골;생버섯회한접시;우화오색볶음밥,
f_f005414,2308080005,2,0,0,1,2,2134400935,CU,경북 경주시 포석로 1056,경북 경주시 황남동 309-1,3305063,4713011000,2023-08-08 18:18,1,7100,짐빔하이볼자몽;하이트논알콜캔;미네랄워터P2L,
f_f005414,2308080007,2,0,0,1,2,2138152063,(주)아성다이소,경북 경주시 계림로 101,경북 경주시 노동동 140-7,3305007,4713010600,2023-08-08 20:09,1,12000,에끌라깨끗한물티슈;애플워치 방탄필름;애플워치용 자석스틸 스트랩;애플워치 무선충전기;애플워치 케이스(투명PC),
f_f005414,2308090003,2,0,0,1,2,7236100496,컴포즈커피,경북 경주시 유림로5번길 85-46,,4715984,4713012400,2023-08-09 15:06,1,1500,아메리카노(ice),
f_f005414,2308090005,2,0,0,1,2,8280601132,이삭토스트,경북 경산시 대학로 285,경북 경산시 대동 170-16,3313081,4729011500,2023-08-09 18:37,1,7800,콘치즈 토스트;햄스페셜 토스트,
f_f005414,2308090006,2,0,0,1,2,2055650913,노브랜드,경북 경산시 대학로 44,,3313081,4729011100,2023-08-09 19:06,1,980,노브랜드 스파클링어 ,
f_f005414,2308090002,2,1,1,1,2,5058507790,주식회사 라한호텔,경북 경주시 보문로 338,경북 경주시 신평동 477-2,3305021,4713013600,2023-08-09 00:00,1,6000,북 카페,
f_f005414,2308090003,3,1,1,2,2,5058169046,롯데시네마,경북 경주시 유림로5번길 85-46,,4715984,4713012400,2023-08-09 15:08,1,0,입장권 ,
f_f005414,2308080008,2,2,2,1,2,1096400371,컴포즈커피,경북 경주시 계림로 110-1,경북 경주시 황오동 204-2,3305007,4713010500,2023-08-08 20:12,1,4000,망고요거트스무디,
f_f005444,2308060004,1,0,0,0,2,,수제어묵,869-1,,,,,3,2000,,3120010200
f_f005444,2308070001,2,0,0,0,2,,방어진공동어시장,198-16,,,,,3,40000,,3117010100
f_f005444,2308060002,2,0,0,1,2,8832101224,하삼동커피,부산 동래구 여고로113번길 78,부산 동래구 사직동 141-7,4190353,2626010900,2023-08-06 08:02,1,3000,아메리카노(ICE),
f_f005444,2308060005,2,0,0,1,2,6208509952,롯데쇼핑(주) 롯데마트,울산 북구 진장유통로 64,울산 북구 진장동 283-1,3172025,3120012100,2023-08-06 13:24,1,132079,테라;공병;더한돈플러스 삼겹살;롯데 아이시스8.0;고창 복분자주 선운,
f_f005444,2308060002,2,0,0,2,2,6218537941,양산(상)휴게소,경남 양산시 동면 목장길 15-50,,4814233,4833031025,2023-08-06 08:45,1,2500,통감자,
f_f005444,2308060003,3,0,0,2,2,2068689631,(주)엘에스컴퍼니,제주특별자치도 제주시 청사로 11,제주특별자치도 제주시 도남동 573-2,3349193,5011012900,2023-08-03 12:20,1,11900,[울산]자수정동굴 입장권+보트 PKG 탑승권 구입,
f_f005444,2308060003,3,0,0,3,2,6208101971,영남알프스레져,울산 울주군 삼남읍 자수정로 112,울산 울주군 삼남읍 가천리 산 4,3173070,3171026525,2023-08-06 10:22,1,14000,오리배-대인 ,
f_f005444,2308060007,1,1,1,2,2,5250302153,세븐일레븐,울산 북구 동해안로 760,울산 북구 어물동 214-11,3000101,3120011900,2023-08-06 15:42,1,13900,LG)페리오이지클리닉칫솔;PB)미세모치약칫솔세트;하이트)하이트 캔;아미)얼음컵(그란데);올리)얼음컵(벤티),
f_f005444,2308060004,1,2,2,1,2,3583301212,감성커피,울산 북구 호계로 228-1,울산 북구 호계동 732-3,3172027,3120010200,2023-08-06 11:54,1,3800,ICE 아메리카노,
f_f005444,2308060006,1,2,2,1,2,6201392361,바보까페,울산 북구 화암길 2,울산 북구 산하동 955,4316389,3120011800,2023-08-06 14:34,1,9000,아메리카노,
f_f005445,2308250003,1,0,0,1,2,2270634937,오대양수산 회센타,강원특별자치도 양양군 현북면 하조대해안길 11,강원특별자치도 양양군 현북면 하광정리 628-1,4505212,5183033030,2023-08-25 19:33,1,70000,매운탕;광어+우럭,
f_f005445,2308260003,1,0,0,1,2,2272010343,삼팔회집,강원특별자치도 양양군 현북면 기사문길 58,강원특별자치도 양양군 현북면 기사문리 98,4505029,5183033022,2023-08-26 13:30,1,38000,,
f_f005445,2308260005,1,0,0,1,2,8174800225,에이쓰리(카페매장),강원특별자치도 양양군 현북면 하륜길 46,,4505204,5183033030,2023-08-26 02:18,1,12400,딸기스무디,
f_f005445,2308250004,2,0,0,1,2,1062696497,GS25,강원특별자치도 양양군 현북면 하조대해안길 11,강원특별자치도 양양군 현북면 하광정리 628-1,4505212,5183033030,2023-08-25 19:41,1,27700,농심)백산수;돌덩이얼음;토닉워터홍차;CJ햇반(흑미밥);나쵸살사콤보,
f_f005445,2308260002,2,0,0,1,2,2175800138,CU,강원특별자치도 양양군 현남면 인구중앙길 95-3,강원특별자치도 양양군 현남면 시변리 26,4505163,5183034024,2023-08-26 05:25,1,7800,,
f_f005445,2308260006,1,0,0,2,2,2788501915,내린천휴게소,강원특별자치도 인제군 상남면 서울양양고속도로 117,,1000025,5181035022,2023-08-26 18:34,1,10000,김치찌개 ,
f_f005445,2308260001,2,3,3,1,2,4556700576,CU,강원특별자치도 양양군 현남면 인구길 28-27,강원특별자치도 양양군 현남면 인구리 635-5,4505161,5183034021,2023-08-26 00:26,1,33900,,
f_f005445,2308260001,2,3,3,2,2,4556700576,CU,강원특별자치도 양양군 현남면 인구길 28-27,강원특별자치도 양양군 현남면 인구리 635-5,4505161,5183034021,2023-08-26 02:00,1,18900,,
f_f005449,2308060002,1,0,0,0,2,,쿼피집,,,,,,1,11300,,2653010300
f_f005449,2308060005,1,0,0,1,2,4370102298,시오리막국수,경남 김해시 왕릉길 60,경남 김해시 봉황동 409-4,4861609,4825010400,2023-08-06 20:01,1,22000,물막국수;설렁탕,
f_f005501,2308150004,1,0,0,1,2,1177800267,정식당,경남 남해군 남해읍 화전로122번가길 7,경남 남해군 남해읍 북변리 526,4829400,4884025021,2023-08-15 13:10,1,42000,솥밥;소면추가;공기밥;빵,
f_f005501,2308150003,2,0,0,1,2,6138215533,남해농협하나로마트,경남 남해군 남해읍 화전로122번길 2,경남 남해군 남해읍 북변리 555-5,4829401,4884025021,2023-08-15 11:33,1,6760,청우미니참깨스틱;해태)포키 딸기맛;버섯/팽이;크라운)마이쮸포도(소),
f_f005501,2308150002,2,3,3,1,2,1111463258,컴포즈커피,전남 광양시 희망길 12-7,전남 광양시 금호동 624-19,4655557,4623011000,2023-08-15 09:31,1,5300,라임애플스파클링(I);아메리카노[ICE],
f_f005535,2308030006,1,0,0,0,2,,맘스터츠 경주월드점,191-5,,,,,4,15000,,4713013500
f_f005535,2308030007,1,0,0,2,2,5050394362,황남빵,경북 경주시 태종로 783,경북 경주시 황오동 347-1,3305061,4713010500,2023-08-03 15:21,1,1000,,
f_f005535,2308030008,1,0,0,2,2,8635600505,황남옥수수,경북 경주시 포석로 1085,경북 경주시 황남동 276-4,3305063,4713011000,2023-08-03 15:58,1,3000,황남,
f_f005535,2308030009,1,0,0,2,2,1041767771,카페능(cafe neung),경북 경주시 포석로1068번길 3,경북 경주시 황남동 297-1,4716229,4713011000,2023-08-03 16:22,1,6500,딸기우유,
f_f005573,2308260004,1,0,0,0,2,,육면,서산길17-80 육면,,,,,1,21000,,4889025000
f_f005573,2308260006,1,0,0,0,2,,카페플로린,합천호수로89 1층 카페플로라,,,,,1,16000,,4889045000
f_f005573,2308260008,1,0,0,0,2,,강변식당,남정길17,,,,,1,32000,,4889025000
f_f005573,2308270006,1,0,0,0,2,,아리조나 막창,698,,,,,1,39000,,2726011100
f_f005573,2308260007,3,0,0,0,2,,대장경테마파크,가야산로 1160,,,,,1,8000,,4889033000
f_f005573,2308270004,3,0,0,0,2,,송죽씨어터,교동길15,,,,,1,36000,,2711012500
f_f005573,2308270003,1,0,0,1,2,,,,,,,2023-08-27 13:35,1,24000,,
f_f005573,2308270001,3,1,1,0,2,,합천영상테마파크,합천호수로757,,,,,1,8000,,4889046000
f_f005573,2308270007,6,1,1,0,2,,선산양평방향셀프주유소,중부내륙고속도로 128-1,,,,,1,50000,,4719032000
f_f005602,2308050002,1,0,0,0,2,,태화회센터,,,,,,1,40000,,3114010600
f_f005602,2308050006,1,0,0,1,2,,투썸플레이스,울산 남구 삼산로 402,,3170026,3114010600,2023-08-05 15:49,1,19100,,
f_f005602,2308060002,1,0,0,1,2,6102743593,커피애광,울산 남구 장생포고래로 263,울산 남구 매암동 220-48,3170048,3114011900,2023-08-06 11:05,1,12000,고래가토(고래아이스),
f_f005602,2308050003,3,0,0,1,2,,태화강국가정원,울산 중구 샛강남길 5,울산 중구 태화동 667,4862035,3111011100,2023-08-05 14:00,1,4000,입장권 ,
f_f005602,2308050008,3,0,0,1,2,,울산시립미술관,울산 중구 미술관길 72,울산 중구 북정동 1-3,4862026,3111010400,2023-08-05 00:00,1,1000,관람권 ,
f_f005602,2308060001,3,0,0,1,2,6108212008,울산광역시남구도시관리공단,울산 남구 장생포고래로288번길 20,울산 남구 매암동 139-26,4310750,3114011900,2023-08-06 09:51,1,4000,입장권,
f_f005602,2308050007,3,1,1,2,2,,,,,,,2023-08-02 00:00,1,40000,연극)연극 한뼘사이 관람권,
f_f005661,2309090003,1,0,0,1,1,2043868599,간절바당&BHC,울산 울주군 서생면 신암해안길 11,울산 울주군 서생면 신암리 370,4319634,3171031021,2023-09-09 14:45,1,8000,딱새우라면N,
f_f005661,2309090006,1,0,0,1,1,3592601008,맨날국수,울산 중구 오산7길 38,울산 중구 태화동 727-11,4307334,3111011100,2023-09-09 19:21,1,13800,배말칼국수;배말톳김밥,
f_f005661,2309090003,1,0,0,2,1,2043868599,간절바당,울산 울주군 서생면 신암해안길 11,,4319634,3171031021,2023-09-09 14:47,1,17000,후라이드(한),
f_f005686,2308170008,1,0,0,1,2,7071801920,고씨네 동해막국수,강원특별자치도 강릉시 창해로350번길 25,강원특별자치도 강릉시 강문동 212,4460933,5115011300,2023-08-17 18:53,1,35000,물;들기름;커플수육;콜라,
f_f005686,2308170011,1,0,0,1,2,2022104757,힙,강원특별자치도 강릉시 사천면 진리해변길 111-1,강원특별자치도 강릉시 사천면 사천진리 266-18,4460926,5115036025,2023-08-17 20:45,1,19000,피치트리하이볼;데낄라 선라이즈,
f_f005686,2308170012,1,0,0,1,2,6220763745,GS25,강원특별자치도 강릉시 사천면 진리해변길 167,강원특별자치도 강릉시 사천면 사천진리 274-5,4460926,5115036025,2023-08-17 21:07,1,3190,맑은샘물;펩시제로캔;강릉종량,
f_f005686,2308170014,1,0,0,1,2,6082961928,세븐일레븐,강원특별자치도 강릉시 사천면 해안로 1022,강원특별자치도 강릉시 사천면 사천진리 911,3220050,5115036025,2023-08-17 22:41,1,14600,굿지앤)生와사비&훈제삼겹;광동)제주삼다수;동원)황금치킨닭가슴살볼;농심)얼큰한너구리봉지;팔도)비락식혜,
f_f005686,2308180001,1,0,0,1,2,8165100746,성우회관,강원특별자치도 강릉시 주문진읍 해안로 1613,강원특별자치도 강릉시 주문진읍 교항리 81-29,3220050,5115025022,2023-08-18 11:58,1,26000,짬뽕순두부(빨간색);짬뽕순두부(하얀색),
f_f005686,2308180003,1,0,0,1,2,6838601813,순두부젤라또,강원특별자치도 강릉시 주문진읍 해안로 1603,강원특별자치도 강릉시 주문진읍 교항리 81-33,3220050,5115025022,2023-08-18 12:59,1,18500,다크+다크초코SET;젤라또;폼펠모&망고,
f_f005686,2308180006,1,0,0,1,2,1734000677,놀랄호떡,강원특별자치도 강릉시 금성로13번길 8-1,강원특별자치도 강릉시 성남동 53-2,4460218,5115010800,2023-08-18 15:10,1,3500,,
f_f005686,2308180008,1,0,0,1,2,,롯데리아,,,,,2023-08-18 20:54,1,17300,모짜베이컨 버터;불고기버거;내츄치즈스틱;양 념감 자;사이다(R),
f_f005686,2308170006,3,0,0,1,2,2208742885,(주)야놀자,서울 강남구 테헤란로108길 42,서울 강남구 대치동 1003,4166713,1168010600,2023-08-17 15:01,3,34000,[강원 강릉] 경포 아쿠아리움 입장권,
f_f005686,2308170007,3,0,0,1,2,2208742885,(주)야놀자,서울 강남구 테헤란로108길 42,서울 강남구 대치동 1003,4166713,1168010600,2023-08-17 15:02,3,34000,[강릉] 아르떼뮤지엄,
f_f005686,2308170005,1,0,0,4,2,2502201926,배니닭강정,강원특별자치도 강릉시 금성로13번길 3-1,강원특별자치도 강릉시 성남동 51-119,4460218,5115010800,2023-08-17 14:58,1,20000,,
f_f005686,2308180006,2,2,2,1,2,4094127586,오방상점,강원특별자치도 강릉시 금성로11번길 11,강원특별자치도 강릉시 성남동 45-38,4460216,5115010800,2023-08-18 15:22,1,1500,엽서,
f_f005686,2308180006,2,3,3,1,2,2412601518,강릉샌드본점,강원특별자치도 강릉시 금성로23번길 17,강원특별자치도 강릉시 성남동 57-5,4460221,5115010800,2023-08-18 15:29,1,30000,강릉샌드;강릉샌드(딸기맛),
f_f005823,2308110003,1,0,0,1,2,3588103074,통나무집철판닭갈비,강원특별자치도 춘천시 신북읍 신샘밭로 663,강원특별자치도 춘천시 신북읍 천전리 97-1,3218027,5111025022,2023-08-11 14:12,1,42000,,
f_f005823,2308110004,1,0,0,1,2,6988702596,산토리니,강원특별자치도 춘천시 동면 순환대로 1154-97,강원특별자치도 춘천시 동면 장학리 144-16,2218001,5111031023,2023-08-11 14:26,1,14900,카라멜 크림라떼 ICE;로열밀크티 ICE,
f_f005823,2308110007,2,0,0,1,2,8118701716,카페 감자밭,강원특별자치도 춘천시 신북읍 신샘밭로 674,강원특별자치도 춘천시 신북읍 천전리 99-13,3218027,5111025022,2023-08-11 17:26,1,9900,감자빵,
f_f005823,2308110006,3,0,0,1,2,2218209598,재단법인 강원정보문화산업진흥원,강원특별자치도 춘천시 서면 박사로 854,,3218011,5111035021,2023-08-11 16:08,1,14000,관람권,
f_f005914,2309100005,3,0,0,0,2,,포토시즈,639-6 3층 포토시즈,,,,,4,18000,데이트팝 팝패스 티켓팅,2635010500
f_f005914,2309100004,1,0,0,1,2,4465400738,153구포국수,부산 해운대구 해운대로 620,부산 해운대구 우동 539-10,2006010,2635010500,2023-09-10 12:18,1,11500,유부어묵우동;쌀 떡볶이 ,
f_f005914,2309110004,1,0,0,1,2,3918501561,문화의물결 퍼지네이블,부산 해운대구 구남로 43-1,부산 해운대구 중동 1392-17,3132002,2635010600,2023-09-11 12:47,1,36000,디아볼라피자;오렌지얼라이브;골든메달리스트,
f_f005914,2309110005,1,0,0,1,2,2082862583,제스터,부산 해운대구 우동1로38번가길 7-5,부산 해운대구 우동 515-2,4199131,2635010500,2023-09-11 13:06,1,17000,레몬청에이드;콜드브루 라떼ICE;오레오푸딩,
f_f005914,2309100002,3,0,0,1,2,7428600224,㈜여기어때컴퍼니,서울 강남구 봉은사로 479,서울 강남구 삼성동 51-2,3122004,1168010500,2023-09-09 22:37,3,19000,[소상공인]해운대 브레이크아웃 이스케이프 방탈출,
f_f005914,2309110002,3,0,0,1,2,2598700262,해운대블루라인(주),부산 해운대구 청사포로 116,,3133042,2635010600,2023-09-10 22:07,1,14000,해변열차송정송정해수욕장출발,
f_f005914,2309110003,3,0,0,1,2,7428600224,(주)여기어때컴퍼니,서울 강남구 봉은사로 479,,3122004,1168010500,2023-09-10 21:49,1,19000,[소상공인]해운대 브레이크아웃 이스케이프 방탈출,
f_f005914,2309110002,1,2,2,1,2,5950901761,세븐일레븐,부산 해운대구 송정중앙로6번길 118,부산 해운대구 송정동 312-8,4199099,2635010800,2023-09-11 09:14,1,9100,그린)이천원알뜰샌드위치;칠성)밀키스제로;풍림)폼폼푸린커스터드푸딩;풍림)시나모롤밀크푸딩,
f_f005914,2309100007,2,2,2,2,2,5950901761,세븐일레븐,부산 해운대구 송정중앙로6번길 118,부산 해운대구 송정동 312-8,4199099,2635010800,2023-09-10 15:52,1,4100,푸드)순수얼음;농심)백산수,
f_f006004,2308240003,1,0,0,1,1,1248739608,롯데리아,경기 수원시 팔달구 덕영대로 924,경기 수원시 팔달구 매산로1가 18,3012001,4111513400,2023-08-24 10:09,1,12500,베이컨불;더블 데리세트,
f_f006004,2308240005,1,0,0,1,1,4012191903,소향몽 ,경북 경주시 사정로57번길 16,경북 경주시 황남동 277-1,4715587,4713011000,2023-08-24 14:18,1,36000,육회비빔밥;차돌박이삼합,
f_f006004,2308240006,1,0,0,1,1,7955100546,올리브,경북 경주시 사정로57번길 7-6,경북 경주시 사정동 36,4715587,4713010900,2023-08-24 14:23,1,13600,자두아이스티-ice;샤인머스캣아이스티,
f_f006004,2308250001,1,0,0,1,1,7998501009,온천집,경북 경주시 사정로57번길 13,경북 경주시 사정동 20-1,4715587,4713010900,2023-08-25 13:28,1,44000,3단 된장;고기200g변경,
f_f006004,2308250004,1,0,0,1,1,6840202324,프롬상록,경북 경주시 포석로1068번길 17-5,경북 경주시 황남동 77,4716229,4713011000,2023-08-25 16:15,1,11300,복숭아에이드;로마노 ,
f_f006004,2308240007,2,0,0,1,1,2048530229,(주)우리홀푸드마트,경북 경주시 광중길 6,경북 경주시 용강동 1276-7,4715107,4713012500,2023-08-24 15:52,3,1100,롯데)옥수수수염차,
f_f006004,2308240010,3,1,1,1,1,4698200108,동궁과월지,경북 경주시 원화로 102,,3305047,4713011200,2023-08-24 19:54,1,6000,입장권 ,
f_f006006,2308200005,1,0,0,0,2,,워킹홀리데이 전포,동성로71번길 24 1층,,,,,1,32500,,2623010200
f_f006006,2308200006,1,0,0,0,2,,에쏘,광안해변로 207 2층,,,,,1,20900,,2650010400
f_f006006,2308200008,1,0,0,0,2,,히노아지 광안점,광안로 20 1층,,,,,1,25500,,2650010400
f_f006006,2308200004,2,0,0,0,2,,포셋 전포점,전포대로223번길 20 C동 202호,,,,,1,6400,,2623010300
f_f006357,2308160004,1,1,1,1,5,5900502239,순두부짬뽕 동궁,경북 경주시 포석로1050번길 42,경북 경주시 황남동 186-1,4716228,4713011000,2023-08-16 18:50,1,37000,군만두;짜장밥;삼선짬뽕밥;공기밥;비빔밀면(여름),
f_f006380,2308140005,1,0,0,1,3,3268802422,주식회사 산노을,경북 안동시 풍천면 풍요6길 7,경북 안동시 풍천면 갈전리 1354,4853931,4717034021,2023-08-14 19:30,3,125000,돼지갈비;공기밥;해물된장;물냉면;소주,
f_f006380,2308140002,3,0,0,1,3,8978501088,메가박스,경북 예천군 호명면 새움3로 70,,3351057,4790036046,2023-08-14 10:35,1,3000,휘오다이아몬드EC페트,
f_f006380,2308140002,3,0,0,2,3,8978501088,메가박스,,,,,2023-08-14 10:29,1,40000,관람권,
f_f006481,2308200001,1,0,0,0,2,,메바우명가춘천막국수,798-1,,,,,4,34000,,4211011700
f_f006481,2308200003,1,0,0,0,2,,호수를 베고 누워,796-22,,,,,4,15000,,4211011700
f_f006481,2308190005,2,0,0,0,2,,다이소 춘천명동점,명동길 3-1,,,,,1,5000,,4211010800
f_f006481,2308190003,1,0,0,1,2,7933000074,다락 박현미,강원특별자치도 춘천시 소양로 126,강원특별자치도 춘천시 소양로2가 153-20,3218023,5111011400,2023-08-19 14:33,1,35000,,
f_f006481,2308200003,1,0,0,1,2,2210684346,호수를 베고 잠들다,강원특별자치도 춘천시 영서로 2664,강원특별자치도 춘천시 근화동 796-22,3013022,5111011700,2023-08-20 12:42,1,11000,,
f_f006481,2308200004,1,0,0,1,2,6178199974,레고랜드코리아 유한회사,강원특별자치도 춘천시 하중도길 128,강원특별자치도 춘천시 중도동 603,4454745,5111012900,2023-08-20 16:22,1,43500,치킨너겟 감자튀김;고등어구이;토마토미트볼파스타;탄산음료(컵);떡뽁이,
f_f006481,2308190008,1,1,1,1,2,3618701337,주식회사 야크프로젝트,서울 종로구 율곡로17길 8,서울 종로구 이화동 21,4100221,1111016500,2023-08-19 19:14,1,14000,생맥주,
f_f006481,2308200002,3,1,1,1,2,,소양강스카이워크,강원특별자치도 춘천시 영서로 2663,강원특별자치도 춘천시 근화동 8-1,3013022,5111011700,2023-08-20 12:06,1,4000,입장권 ,
f_f006520,2309100007,1,0,0,0,1,,둔내막국수,부산 수영구 수영로725번길 62-3,,,,,1,28000,,2650010200
f_f006520,2309100006,1,0,0,1,1,8538100169,모모스커피,부산 금정구 오시게로 18-1,부산 금정구 부곡동 873-2,3135044,2641010900,2023-09-10 11:03,1,7000,,
f_f006520,2309100010,1,0,0,1,1,3048602864,글로벌양상국,부산 해운대구 해운대로570번길 16,부산 해운대구 우동 646-6,4199275,2635010500,2023-09-10 19:48,1,93000,,
f_f006520,2309110002,1,0,0,1,1,5862700189,우뚝,부산 해운대구 구남로 25,부산 해운대구 중동 1383-18,3132002,2635010600,2023-09-11 11:18,1,23000,,
f_f006520,2309110004,1,0,0,1,1,1078657147,파스쿠찌,부산 동구 중앙대로 206,부산 동구 초량동 1187-1,2000010,2617010100,2023-09-11 13:44,1,6500,,
f_f006520,2309100005,1,1,1,1,1,1078657147,코레일유통부산역,부산 동구 중앙대로 206,부산 동구 초량동 1187-1,2000010,2617010100,2023-09-10 09:33,1,6500,,
f_f006526,2308130005,1,0,0,1,4,7270502020,보릿고개,강원특별자치도 원주시 시청로 15-1,강원특별자치도 원주시 무실동 1724-2,3219035,5113011500,2023-08-13 20:00,1,28000,보리밥정식,
f_f006526,2308130006,1,0,0,1,4,7613401356,무라무아,강원특별자치도 원주시 시청로 76,강원특별자치도 원주시 무실동 1641-5,3219035,5113011500,2023-08-13 20:15,1,4400,빵빠레 바닐라;엔초바;찰떡 시모나,
f_f006526,2308140003,1,0,0,1,4,7798501683,황금들밥 오크밸리,강원특별자치도 원주시 지정면 정골길 10,,4457545,5113033026,2023-08-14 13:13,1,33000,기본상차림;어서기 고등어구이,
f_f006526,2308130004,3,0,0,1,4,2248106308,오크밸리,강원특별자치도 원주시 지정면 오크밸리1길 66,강원특별자치도 원주시 지정면 월송리 1061,4457705,5113033026,2023-08-13 16:21,1,28000,휘트니스-입장권,
f_f006526,2308130004,3,0,0,2,4,2248106308,오크밸리,강원특별자치도 원주시 지정면 오크밸리1길 66,강원특별자치도 원주시 지정면 월송리 1061,4457705,5113033026,2023-08-13 16:21,1,24500,휘트니스-입장권,
f_f006526,2308140002,3,1,1,1,4,2248106308,오크밸리,강원특별자치도 원주시 지정면 오크밸리1길 66,강원특별자치도 원주시 지정면 월송리 1061,4457705,5113033026,2023-08-14 11:34,1,12000,PKG 3,
f_f006605,2308190003,1,0,0,1,1,3502401138,서끝,부산 사하구 다대로 698,부산 사하구 다대동 1552-18,3134007,2638010600,2023-08-19 19:27,1,8800,우삼겹 덮밥,
f_f006655,2308130002,1,0,0,1,4,7982700986,주문진 막국수,강원특별자치도 강릉시 주문진읍 연주로 587,강원특별자치도 강릉시 주문진읍 주문리 872-1,3220022,5115025021,2023-08-13 11:55,1,97000,장칼국수;회막국수;육개장;물막국수;중만두 1접시,
f_f006655,2308120003,1,0,0,2,4,1338122244,용인(강릉)휴게소,경기 용인시 처인구 주북로94번길 30-1,,4409747,4146110600,,1,9000,삼진햄어묵핫도그;떡볶이(청년) ,
f_f006655,2308120003,1,0,0,3,4,1338122244,용인(강릉)휴게소,경기 용인시 처인구 주북로94번길 30-1,,4409747,4146110600,2023-08-12 08:38,1,4500,삼진어묵오징어핫바,
f_f006655,2308130001,1,1,1,1,4,6220763745,GS25,강원특별자치도 강릉시 사천면 진리해변길 167,강원특별자치도 강릉시 사천면 사천진리 274-5,4460926,5115036025,2023-08-13 02:05,1,5400,진한헛개차,
f_f006655,2308120003,2,1,1,1,4,1338122244,CU,경기 용인시 처인구 주북로94번길 30-1,경기 용인시 처인구 고림동 12-6,4409747,4146110600,2023-08-12 08:55,1,3800,베이크드감자칩솔트;리츠샌드초코,
f_f006655,2308120005,2,4,4,1,4,4500501403,곳;,강원특별자치도 강릉시 사천면 진리해변길 143,,4460926,5115036025,2023-08-12 13:24,1,40400,핫치킨;누네뛰네스콘/커피;계란 탁;바다 요거트;오미자,
f_f006655,2308120005,1,5,5,0,4,,곳 카페,사천진리 262-7,,,,,1,40400,,4215036000
f_f006739,2308260002,1,0,0,0,2,,뽀끼뽀끼,서울양양고속도로 84,,,,,1,15300,,4272031000
f_f006739,2308270005,1,0,0,0,2,,명가막국수,39-7,,,,,1,46500,,4211025022
f_f006739,2308260006,1,0,0,1,2,8321302045,해오름치킨,강원특별자치도 속초시 해오름로 167,,3223022,5121010800,2023-08-26 22:00,1,35000,,
f_f006739,2308270001,1,0,0,1,2,2270671591,속초해녀마을,강원특별자치도 속초시 바람꽃마을길 37,강원특별자치도 속초시 노학동 1000-131,4469070,5121010700,2023-08-27 11:47,1,38000,,
f_f006739,2308270002,1,0,0,1,2,3028130559,바다정원,강원특별자치도 고성군 토성면 버리깨길 23,,4502416,5182033034,2023-08-27 12:39,1,67600,,
f_f006739,2308270003,2,0,0,1,2,2270648561,지훈이네,강원특별자치도 속초시 대포항희망길 65,강원특별자치도 속초시 대포동 961-1,4469296,5121011000,2023-08-27 14:12,1,190000,,
f_f006739,2308260005,2,1,1,1,2,5571800078,속초새우아저씨,강원특별자치도 속초시 중앙시장로6길 18,강원특별자치도 속초시 중앙동 472-12,4469248,5121010300,2023-08-26 19:05,1,20000,,
f_f006888,2308160006,1,0,0,1,2,8558601403,롯데리아(주),울산 남구 장생포고래로 246,울산 남구 매암동 139-29,3170048,3114011900,2023-08-16 14:18,1,1900,선데 허쉬초코,
f_f006888,2308160007,1,0,0,1,2,6108271915,지관서가,울산 남구 장생포고래로288번길 20,울산 남구 매암동 139-26,4310750,3114011900,2023-08-16 14:46,1,9600,카페모카 ICE;헤이즐넛라떼 ICE,
f_f006888,2308160008,1,0,0,1,2,6202275331,통도사(부산)휴게소,경남 양산시 하북면 경부고속도로 31-1,경남 양산시 하북면 순지리 89-5,1000001,4833034021,2023-08-16 16:53,1,18000,꼬치어묵우동;코바코치즈돈가스,
f_f006888,2308160005,3,0,0,1,2,,장생포 고래문화특구,울산 남구 장생포고래로 244,울산 남구 매암동 139-29,3170048,3114011900,2023-08-16 10:27,1,14400,장생포고래박물관;고래생태체험관;울산함;고래문화마을;태화강동굴피아,
f_f006888,2308160008,1,0,0,2,2,6202275331,통도사(부산)휴게소,경남 양산시 하북면 경부고속도로 31-1,경남 양산시 하북면 순지리 89-5,1000001,4833034021,2023-08-16 17:15,1,10000,맥반석오징어;(신)(실속)즉석호두과자(3000),
f_f006888,2308160008,1,0,0,3,2,6202275331,통도사(부산)휴게소,경남 양산시 하북면 경부고속도로 31-1,경남 양산시 하북면 순지리 89-5,1000001,4833034021,2023-08-16 17:20,1,2000,오랑지나(PT),
f_f006888,2308160008,1,0,0,4,2,6202275331,탐앤탐스,경남 양산시 하북면 경부고속도로 31-1,,1000001,4833034021,2023-08-16 17:38,1,4400,ICE 카페 아메리카노,
f_f006895,2308300003,1,0,0,1,2,2253900763,신의주 찹쌀순대국,서울 종로구 종로 347,서울 종로구 숭인동 76,3100013,1111017500,2023-08-30 09:59,1,12000,특순대국(일반);공기밥,
f_f006895,2308300007,1,0,0,1,2,2752901579,동루골막국수,강원특별자치도 고성군 토성면 성대로 188,강원특별자치도 고성군 토성면 성대리 526-1,3234027,5182033036,2023-08-30 15:51,1,20000,막국수 곱빼기 ,
f_f006895,2308300008,1,0,0,1,2,5818501257,보사노바,강원특별자치도 속초시 해오름로 161,강원특별자치도 속초시 조양동 1466-1,3223022,5121010800,2023-08-30 17:08,1,12000,카푸치노;골든레몬에이드,
f_f006895,2308310003,1,0,0,1,2,1162501520,메가커피,강원특별자치도 속초시 해오름로 167,강원특별자치도 속초시 조양동 1464-4,3223022,5121010800,2023-08-31 14:08,1,2700,(ICE)꿀아메리카노,
f_f006895,2308310006,1,0,0,1,2,1511700534,화로애,강원특별자치도 양양군 양양읍 양양로 86,,3235016,5183025021,2023-08-31 21:22,1,58000,양념돼지갈비;콜라;김치말이국수곱배기;된장찌개;공기밥,
f_f006895,2308300004,2,0,0,1,2,2138152063,(주)아성다이소,서울 종로구 종로 347,서울 종로구 숭인동 76,3100013,1111017500,2023-08-30 10:17,1,23500,불스원 빗물을 튕겨주는 코;마주로스마트폰방수팩;보쉬와이퍼;프라임하이브리드와이퍼;아우라송풍구방향제(화이트),
f_f006895,2308310005,3,0,0,1,2,4042801281,빅웨이브,강원특별자치도 양양군 현북면 기사문길 29,강원특별자치도 양양군 현북면 기사문리 138-24,4505029,5183033022,2023-08-31 16:45,1,30000,,
f_f006895,2308300003,1,1,1,1,2,1010849170,컴포즈커피,서울 종로구 종로 347,서울 종로구 숭인동 76,3100013,1111017500,2023-08-30 10:22,1,3300,헤이즐넛라떼(ICE),
f_f006895,2308310006,1,1,1,1,2,7742700428,CU,강원특별자치도 양양군 양양읍 양양로 75,,3235016,5183025021,2023-08-31 21:32,1,2100,몬스터울트라캔,
f_f006895,2308310003,2,1,1,1,2,4703800804,세븐일레븐,강원특별자치도 속초시 해오름로 167,강원특별자치도 속초시 조양동 1464-4,3223022,5121010800,2023-08-31 14:13,1,7100,롯데)참치인가샌드위치;롯데)NEW베스트콤보샌드위치;그린)스팸김치볶음김밥,
f_f006895,2308310005,3,1,1,1,2,4042801281,빅웨이브,강원특별자치도 양양군 현북면 기사문길 29,,4505029,5183033022,2023-08-31 16:44,1,30000,,
f_f006895,2308300002,1,2,2,1,2,4104500872,먼투썬피자속초조양점,강원특별자치도 속초시 동해대로 4169,강원특별자치도 속초시 조양동 1497-2,2000023,5121010800,2023-08-30 20:32,1,36000,쉬림프 스테이크 피자 외 1,
f_f006926,2308270003,1,0,0,1,2,2213116248,샘밭막국수,강원특별자치도 춘천시 신북읍 신샘밭로 646,강원특별자치도 춘천시 신북읍 천전리 118-24,3218027,5111025022,2023-08-27 12:41,1,17000,,
f_f006926,2308270004,1,0,0,1,2,2248526016,던킨도너츠,강원특별자치도 원주시 호저면 마근거리길 120,,4457180,5113032026,2023-08-27 13:40,1,8300,콜드브루 아메리카노;피치아이스티,
f_f006926,2308260004,2,0,0,1,2,2058550913,이마트,강원특별자치도 원주시 북원로 1928,,3219073,5113011500,2023-08-26 11:31,1,215030,코로나 6병;(A)깐양파(봉);하이네켄_병;기네스 드래프트;자가비 오리지날,
f_f006926,2308260004,2,0,0,2,2,2068650913,이마트,강원특별자치도 원주시 북원로 1928,,3219073,5113011500,2023-08-26 11:34,1,12000,백남옥손만두,
f_f006926,2308270002,1,1,1,1,2,8118701716,농업회사법인 밭 주식회사,강원특별자치도 춘천시 신북읍 신샘밭로 674,강원특별자치도 춘천시 신북읍 천전리 99-13,3218027,5111025022,2023-08-27 11:27,1,9900,감자빵,
f_f006926,2308270002,1,1,1,2,2,8118701716,농업회사법인 밭 주식회사,강원특별자치도 춘천시 신북읍 신샘밭로 674,강원특별자치도 춘천시 신북읍 천전리 99-13,3218027,5111025022,2023-08-27 11:17,1,18600,감자빵;감자라떼,
f_f006932,2308260005,1,0,0,1,2,2698700648,주식회사 아트몰링,부산 사하구 낙동남로 1413,,3006030,2638010300,2023-08-26 14:32,1,37000,어밤부 기타,
f_f006932,2308270003,1,0,0,1,2,1112785117,엄마손팥집,부산 남구 유엔평화로 43,부산 남구 대연동 882-12,3131030,2629010600,2023-08-27 14:57,1,11200,우유녹차팥빙수;아메리카노ICE,
f_f006932,2308270004,1,0,0,1,2,5930101075,TEA N BOOKS,부산 수영구 민락수변로 29,부산 수영구 민락동 181-223,3138016,2650010300,2023-08-27 16:31,1,22000,,
f_f006932,2308260006,3,0,0,1,2,1138521083,엔에이치엔(주),서울 구로구 디지털로26길 72,서울 구로구 구로동 222-22,4148327,1153010200,2023-06-07 00:00,1,330000,관람권,
f_f007107,2308130003,1,0,0,1,4,2018121515,스타벅스,전북 정읍시 충정로 271,전북 정읍시 수성동 449-1,3270044,4518010100,2023-08-13 09:34,3,22700,G)바닐라C콜드브루;바닐라더블샷;I-G)자몽허니블랙티,
f_f007107,2308130006,1,0,0,1,4,4593200445,하미앙,경남 함양군 함양읍 삼봉로 442-34,,3346033,4887025035,2023-08-13 11:54,1,58000,고르곤졸라피자;돈까스;치즈돈까스,
f_f007107,2308130007,1,0,0,1,4,6138906294,대한불교수선사,경남 산청군 산청읍 웅석봉로154번길 102-23,경남 산청군 산청읍 내리 1117-2,4835244,4886025034,2023-08-13 13:59,1,22000,,
f_f007107,2308130008,1,0,0,1,4,8580702518,명문제과,전북 남원시 용성로 56,전북 남원시 하정동 1-5,3271024,4519010200,2023-08-13 16:53,1,19900,생크림슈보르;꿀아몬드;수제햄빵;카스테라,
f_f007107,2308130009,1,0,0,1,4,6698100827,(유)쌍교숯불갈비,전남 담양군 봉산면 송강정로 212,,3286009,4671031027,2023-08-13 19:32,1,90000,돼지갈비;매운갈비;음료수;1층수제비,
f_f007188,2309040002,1,0,0,1,2,8871000522,카페플로리안,경남 합천군 삼가면 일부3길 6-1,,4844501,4889043024,2023-09-04 14:59,1,10000,눈꽃 팥빙수(2인기준),
f_f007188,2309050001,1,0,0,1,2,6366000725,써니,경남 합천군 용주면 합천호수로 757,경남 합천군 용주면 가호리 256-5,3348035,4889046037,2023-09-05 15:15,1,8500,팥빙수,
f_f007188,2309050001,3,1,1,1,2,8938200320,영상테마파크,경남 합천군 용주면 합천호수로 757,,3348035,4889046037,2023-09-05 12:31,1,10000,입장권,
f_f007188,2309050001,3,2,2,1,2,1268801541,합천모노레일(주),경남 합천군 용주면 합천호수로 757,경남 합천군 용주면 가호리 256-5,3348035,4889046037,2023-09-05 13:23,1,10000,탑승권,
f_f007228,2308220004,1,0,0,1,3,2281300914,대동면옥,강원특별자치도 강릉시 주문진읍 연주로 438,강원특별자치도 강릉시 주문진읍 주문리 326-5,3220022,5115025021,2023-08-22 14:26,1,50000,수육(중);회냉;물냉,
f_f007228,2308220006,1,0,0,1,3,2261083922,돈따라맛따라 이맛에온다,강원특별자치도 강릉시 주문진읍 주문로 11,강원특별자치도 강릉시 주문진읍 교항리 116-5,3220039,5115025022,2023-08-22 20:27,1,37000,목토시살;뽈살;소주;맥주;공기밥,
f_f007228,2308230002,1,0,0,1,3,4214400822,해옫,강원특별자치도 강릉시 주문진읍 주문로 102,강원특별자치도 강릉시 주문진읍 주문리 317-26,3220039,5115025021,2023-08-23 09:54,1,25100,프렌치 토스트;버터 크림 라떼;아메리카노 아이스;딸기잼 스콘,
f_f007228,2308230004,1,0,0,1,3,4578801159,(주)강릉돈우마을,강원특별자치도 강릉시 주문진읍 연주로 239,강원특별자치도 강릉시 주문진읍 교항리 1201-5,3220022,5115025022,2023-08-23 12:34,1,45000,양념대지갈비;물냉면,
f_f007228,2308230005,1,0,0,1,3,2261207608,바빈스,강원특별자치도 강릉시 연곡면 해안로 1445,강원특별자치도 강릉시 연곡면 영진리 72-8,3220050,5115037022,2023-08-23 13:02,1,31100,흑당버블티;바빈스빙수;ICE아메리카노;블루베리요거트,
f_f007228,2308220007,3,1,1,1,3,2156500431,철이당구클럽,강원특별자치도 강릉시 주문진읍 연주로 376,강원특별자치도 강릉시 주문진읍 교항리 114-1,3220022,5115025022,2023-08-22 21:42,1,9000,,
f_f007234,2308290001,1,0,0,0,2,,치키파이,부산 수영구 광안로 58 2층,,,,,1,15500,,2650010400
f_f007234,2308280002,2,0,0,0,2,,Kt&g 상상마당 부산 (인터파크 티켓),521-1  서면로 39 KT&G 상상마당 부산 4층,,,,,1,7500,,2623010300
f_f007234,2308280005,2,0,0,0,2,,오브젝트 서면,부산 부산진구 전포대로209번길 11,,,,,1,8000,,2623010200
f_f007234,2308280003,1,0,0,1,2,5120877750,어나더미네스,부산 부산진구 서전로38번길 43-13,부산 부산진구 전포동 680-8,4187421,2623010200,2023-08-28 15:05,1,26500,자몽에이드;수플레 팬케이크;트러플 아이스크림,
f_f007234,2308280007,1,0,0,1,2,3441402152,반핀,부산 수영구 남천동로108번길 31,부산 수영구 남천동 3-58,4214128,2650010500,2023-08-28 19:46,1,26500,마파두부와 밥;타이완 라멘;가지튀김 소짜,
f_f007234,2308290005,1,0,0,1,2,8360801651,샌디스,부산 수영구 남천바다로 38-1,부산 수영구 남천동 3-37,3138009,2650010500,2023-08-29 12:59,1,20000,아메리카노;패션후르츠 에이드;옥수수 케이크,
f_f007234,2308290006,1,0,0,1,2,6728601619,(주)에프지케이,부산 중구 광복중앙로 31,부산 중구 신창동1가 2-1,3125002,2611012700,2023-08-29 16:27,1,25500,이재모크러스트(S. 치즈반/햄반 크러스트);갈릭소스,
f_f007234,2308290004,2,0,0,1,2,2171725290,올선데이,부산 수영구 광안로61번길 28,부산 수영구 민락동 178-12,4214063,2650010300,2023-08-29 12:36,1,6100,시오;초당콘버터크림 ,
f_f007234,2308280002,3,1,1,0,2,,Kt&g 상상마당 부산 (인터파크 티켓),부산 부산진구 서면로 39 KT&G 상상마당 부산 4층,,,,,1,30000,,2623010300
f_f007260,2308200002,1,0,0,1,2,2148608930,광주(원주방향)휴게소,경기 광주시 곤지암읍 만삼로 270,경기 광주시 곤지암읍 삼합리 산 27-2,3211013,4161025929,2023-08-20 07:27,1,8500,호)스페셜햄치즈ICE세트,
f_f007260,2308200003,1,0,0,1,2,4418101999,주식회사 동화가든원조짬순,강원특별자치도 강릉시 초당순두부길77번길 15,강원특별자치도 강릉시 초당동 309-1,4460952,5115011200,2023-08-20 09:46,1,26000,,
f_f007260,2308200005,1,0,0,1,2,6838601813,순두부젤라또,강원특별자치도 강릉시 경강로 2642,강원특별자치도 강릉시 견소동 190-82,3000145,5115011500,2023-08-20 10:42,1,6000,말차+녹차SET,
f_f007260,2308200006,1,0,0,1,2,5107500373,스테이 인터뷰,강원특별자치도 강릉시 강동면 율곡로 1458,강원특별자치도 강릉시 강동면 정동진리 524-1,3220032,5115034028,2023-08-20 11:58,1,13500,자두 에이드;아이스 아메리카노,
f_f007260,2308200007,1,0,0,1,2,4630602235,근덕이삼척꽈배기,강원특별자치도 강릉시 경강로 2668,강원특별자치도 강릉시 견소동 7,3000145,5115011500,2023-08-20 14:23,1,4000,,
f_f007260,2308200008,1,0,0,1,2,5400700263,난설헌 메밀촌,강원특별자치도 강릉시 난설헌로 105,강원특별자치도 강릉시 포남동 945,3220009,5115011100,2023-08-20 16:49,1,30000,세트A,
f_f007260,2308200011,1,0,0,1,2,2263214558,육영퓨전탕수육,강원특별자치도 강릉시 관대길 13,강원특별자치도 강릉시 내곡동 322-1,4460187,5115011600,2023-08-20 21:16,1,19000,한가지맛(소) ,
f_f007260,2308210001,1,0,0,1,2,8085100314,해미가,강원특별자치도 강릉시 솔올로 103,강원특별자치도 강릉시 교동 1807-2,3220019,5115011000,2023-08-21 11:41,1,38000,물회,
f_f007260,2308210002,1,0,0,1,2,3480402209,바우카페본점,강원특별자치도 강릉시 사천면 진리해변길 109-1,강원특별자치도 강릉시 사천면 사천진리 266-34,4460926,5115036025,2023-08-21 12:11,1,11000,바우커피,
f_f007260,2308210004,1,0,0,1,2,6838601813,순두부젤라또,강원특별자치도 강릉시 경강로 2642,강원특별자치도 강릉시 견소동 190-82,3000145,5115011500,2023-08-21 13:36,1,8000,,
f_f007260,2308210007,1,0,0,1,2,2261181843,강릉꼬막집,강원특별자치도 강릉시 옥천로 47,,3220025,5115010900,2023-08-21 18:02,1,53000,,
f_f007260,2308200010,2,0,0,1,2,7140900780,오징어순대나라,강원특별자치도 강릉시 금성로13번길 7-2,강원특별자치도 강릉시 성남동 51-126,4460218,5115010800,2023-08-20 20:14,1,15000,,
f_f007260,2308210006,2,0,0,1,2,3172801255,비비플로,강원특별자치도 강릉시 경강로 2306-1,,3000145,5115011100,2023-08-21 16:44,1,53000,상품,
f_f007260,2308210009,2,0,0,1,2,4303601252,컴포즈커피,강원특별자치도 강릉시 하평길 55-1,강원특별자치도 강릉시 포남동 1293-5,4461002,5115011100,2023-08-21 19:16,1,2000,더블카라멜컵팝콘,
f_f007260,2308200011,1,1,1,1,2,4177100436,컴포즈커피,강원특별자치도 강릉시 중앙시장2길 45-1,강원특별자치도 강릉시 성남동 54-2,4460909,5115010800,2023-08-20 20:39,1,8300,키위주스(ICE);벨지움생초콜릿라떼(I),
f_f007260,2308210008,2,1,1,1,2,2932200808,만석닭강정,강원특별자치도 강릉시 창해로2번길 32,강원특별자치도 강릉시 견소동 161,4460932,5115011500,2023-08-21 18:29,1,40000,보통맛(순살),
f_f007260,2308200012,2,2,2,1,2,4554400882,CU,강원특별자치도 강릉시 강릉대로 242,강원특별자치도 강릉시 교동 146-4,2220001,5115011000,2023-08-20 21:34,1,15700,보해)신복분자주;카스;컵얼음;친환경봉투판매용,
f_f007260,2308210008,2,2,2,1,2,2080852224,강릉당커피콩빵,강원특별자치도 강릉시 창해로14번길 6,강원특별자치도 강릉시 견소동 287-43,4460931,5115011500,2023-08-21 18:50,1,30000,,
f_f007260,2308200007,1,4,4,1,2,2791401126,하슬라가배,강원특별자치도 강릉시 창해로14번길 12,강원특별자치도 강릉시 견소동 287-19,4460931,5115011500,2023-08-20 15:08,1,17000,인절미빙수,
f_f007508,2308290003,2,0,0,1,2,,창훈이네집,강원특별자치도 고성군 거진읍 거진항1길 42,강원특별자치도 고성군 거진읍 거진리 25-6,4502031,5182025321,2023-08-29 18:11,3,35000,,
f_f007508,2308290005,2,0,0,1,2,2278203632,거진농협 하나로마트,강원특별자치도 고성군 거진읍 거진길 32,강원특별자치도 고성군 거진읍 거진리 283-2,4502026,5182025321,2023-08-29 18:48,1,50610,돈육;크라운)꽃게랑;신라면;코카콜라;참이슬;롯데아이시스8.0,
f_f007508,2308290002,1,0,0,3,2,2238108341,소노인터내셔널,강원특별자치도 홍천군 서면 한치골길 262,,4475627,5172037023,2023-08-29 11:21,1,15500,옥수수수염차;마성떡볶이;부산어묵 ,
f_f007508,2308300001,1,1,1,1,2,4511302341,군자대한곱창,경기 하남시 미사강변남로 91,경기 하남시 망월동 1119-1,3202056,4145010900,2023-08-30 21:03,1,76700,모듬곱창;참이슬,
f_f007571,2308180010,1,0,0,1,2,4418101999,주식회사동화가든원조짬순,강원특별자치도 강릉시 초당순두부길77번길 15,강원특별자치도 강릉시 초당동 309-1,4460952,5115011200,2023-08-18 14:09,1,26000,,
f_f007571,2308180011,1,0,0,1,2,3770201941,차현희젤라또&커피,강원특별자치도 강릉시 초당순두부길 98,,4460947,5115011200,2023-08-18 14:28,1,8000,ICE 아메리카노;복숭아요거트 젤라또,
f_f007571,2308180014,1,0,0,1,2,3781401817,고선생화덕생선구이,강원특별자치도 강릉시 해안로 286,,3220050,5115011300,2023-08-18 19:59,1,43000,영양솥밥정식;오징어먹물솥밥정식,
f_f007571,2308190003,1,0,0,1,2,3808500067,보사노바,강원특별자치도 강릉시 창해로14번길 28,강원특별자치도 강릉시 견소동 168,4460931,5115011500,2023-08-19 11:03,1,20100,소금빵;먹물치아바타;아이스 아메리카노,
f_f007571,2308190005,1,0,0,1,2,8240302365,감자유원지,강원특별자치도 강릉시 경강로2115번길 7,강원특별자치도 강릉시 임당동 103-12,4460111,5115010500,2023-08-19 14:07,1,19500,메밀김밥필무렵;포파누들,
f_f007571,2308180006,2,0,0,1,2,4848701533,주식회사강산푸드정가미,강원특별자치도 강릉시 강동면 정동역길 24,강원특별자치도 강릉시 강동면 정동진리 313-1,4460884,5115034028,2023-08-18 09:43,1,10000,,
f_f007571,2308190004,3,0,0,1,2,2268310063,오죽헌/시립박물관,강원특별자치도 강릉시 율곡로3139번길 24,,4460817,5115013300,2023-08-19 12:56,1,6000,입장권 ,
f_f007571,2308180009,1,1,1,1,2,7688801777,강냉이소쿠리(도깨비시장),강원특별자치도 강릉시 주문진읍 학교담길 32-8,강원특별자치도 강릉시 주문진읍 교항리 81-18,4461008,5115025022,2023-08-18 11:51,1,11800,옥수수 커피 ice;강냉이 아이스크림,
f_f007571,2308180002,2,1,1,1,2,2446900359,이마트24,강원특별자치도 강릉시 옥가로50번길 2,강원특별자치도 강릉시 옥천동 219,4460695,5115010900,2023-08-18 22:03,1,24700,하이트)이치방캔맥주;에델바이스캔 피치;써머스비캔;제주)곰표밀맥주;오리온)눈을감자,
f_f007571,2308180003,2,1,1,1,2,1078657147,스토리웨이,서울 동대문구 왕산로 지하 205,서울 동대문구 전농동 620-69,3105008,1123010400,2023-08-18 06:04,1,2600,광동)제주삼다수;델리카)점보참치마,
f_f007571,2308190005,1,2,2,1,2,8240302365,감자유원지,강원특별자치도 강릉시 경강로2115번길 7,강원특별자치도 강릉시 임당동 103-12,4460111,5115010500,2023-08-19 14:54,1,4000,이네센스,
f_f007878,2308240001,1,0,0,1,2,2260131325,엄지네포장마차,강원특별자치도 강릉시 경강로2255번길 21,강원특별자치도 강릉시 포남동 1155,4460121,5115011100,2023-08-24 15:44,1,37000,,
f_f007878,2308240004,1,0,0,1,2,3282500819,팡파미유성남마늘빵전문점,강원특별자치도 강릉시 금성로13번길 11-1,강원특별자치도 강릉시 성남동 47-5,4460218,5115010800,2023-08-24 17:11,1,4500,,
f_f007878,2308240005,1,0,0,1,2,7142600981,바우,강원특별자치도 강릉시 연곡면 해안로 1437,강원특별자치도 강릉시 연곡면 영진리 74-5,3220050,5115037022,2023-08-24 18:25,1,10500,,
f_f007878,2308250002,1,0,0,1,2,3781401817,고선생화덕생선구이,강원특별자치도 강릉시 해안로 286,,3220050,5115011300,2023-08-25 15:00,1,39000,영양솥밥정식;식혜,
f_f007878,2308250003,1,1,1,1,2,5490302426,발리코코넛,강원특별자치도 강릉시 창해로14번길 14,,4460931,5115011500,2023-08-25 15:39,1,12500,코코넛 크림라떼;블루레몬 사이다 ,
f_f007889,2308180004,1,0,0,1,2,2260985905,민속옹심이&막국수,강원특별자치도 강릉시 죽헌길44번길 27,강원특별자치도 강릉시 지변동 644,4460897,5115013200,2023-08-18 12:35,1,20000,,
f_f007889,2308180007,1,0,0,1,2,2018121515,스타벅스,강원특별자치도 강릉시 창해로350번길 3,강원특별자치도 강릉시 강문동 182-2,4460933,5115011300,2023-08-18 14:40,3,9000,I-T)아메리카노,
f_f007889,2308180009,1,0,0,1,2,3169300907,솔향,강원특별자치도 강릉시 창해로14번길 55-7,강원특별자치도 강릉시 견소동 286-4,4460931,5115011500,2023-08-18 19:14,1,50000,,
f_f007889,2308190002,1,0,0,1,2,6638101740,주식회사에이엠,강원특별자치도 강릉시 창해로14번길 24,,4460931,5115011500,2023-08-19 12:15,1,14000,ICE아메리카노;복숭아티라미수,
f_f007889,2308190004,1,0,0,1,2,2261181843,강릉꼬막집독도네,강원특별자치도 강릉시 옥천로 47,,3220025,5115010900,2023-08-19 17:24,1,53000,,
f_f007889,2308180006,3,0,0,1,2,2268310063,오죽헌/시립박물관,강원특별자치도 강릉시 율곡로3139번길 24,,4460817,5115013300,2023-08-18 12:56,1,3000,입장권,
f_f007925,2308260003,1,0,0,1,1,2270463516,오미식당,강원특별자치도 고성군 토성면 아야진해변길 73,강원특별자치도 고성군 토성면 아야진리 45,4502471,5182033023,2023-08-26 14:19,1,18000,냉면 ,
f_f007925,2308270001,1,0,0,1,1,5818501257,보사노바,강원특별자치도 속초시 해오름로 161,강원특별자치도 속초시 조양동 1466-1,3223022,5121010800,2023-08-27 11:07,1,23400,얼그레이 쉬폰케이크;어니언 크림치즈 베이글;아메리카노;카페라떼;디카페인 변경,
f_f007925,2308270002,1,0,0,1,1,2884800432,남경막국수,강원특별자치도 속초시 동해대로 3888,강원특별자치도 속초시 조양동 1287-12,2000023,5121010800,2023-08-27 12:37,1,22000,곤드레;들깨,
f_f007925,2308270003,1,0,0,1,1,4608702327,설악젤라또,강원특별자치도 속초시 번영로105번길 13,,4469083,5121010200,2023-08-27 13:01,1,11000,,
f_f007925,2308270006,1,0,0,1,1,3618502249,세븐일레븐,강원특별자치도 속초시 장안로 18-1,강원특별자치도 속초시 동명동 261-78,3223014,5121010200,2023-08-27 14:22,1,7200,하리보)프리마베라;PB)왕소라형스낵;진주햄)천하장사;광동)옥수수수염차,
f_f007925,2308260010,2,0,0,1,1,6608701947,한스키친,강원특별자치도 속초시 청초호반로 312-2,강원특별자치도 속초시 중앙동 482-289,3223018,5121010300,2023-08-26 21:24,1,25000,,
f_f007925,2308260011,2,3,3,1,1,4703800804,세븐일레븐,강원특별자치도 속초시 해오름로 167,,3223022,5121010800,2023-08-26 22:40,1,9200,칠성)아이시스;오비)카스제로;하이트)1664블랑;크라운)카라멜콘메이플,
f_f007925,2308260005,1,4,4,1,1,7942200640,든해버거,강원특별자치도 고성군 토성면 아야진길 68-1,강원특별자치도 고성군 토성면 아야진리 19,4502460,5182033023,2023-08-26 18:21,1,32500,"새우버거;(세트 추가)프렌치 프라이,제로콜라;오징어링;든해버거;(세트 추가)프렌치 프라이,사이다",
f_f008076,2308180003,1,0,0,1,2,7982700986,주문진 막국수,강원특별자치도 강릉시 주문진읍 연주로 587,강원특별자치도 강릉시 주문진읍 주문리 872-1,3220022,5115025021,2023-08-18 14:00,1,18000,물막국수 ,
f_f008076,2308180006,1,0,0,1,2,6488500191,평온농원영농법인다키닥팜,강원특별자치도 평창군 봉평면 금당계곡로 1731-5,,3228003,5176034023,2023-08-18 20:14,1,51000,,
f_f008076,2308180007,1,0,0,1,2,2248505554,휘닉스 평창,강원특별자치도 평창군 봉평면 태기로 174,,3228037,5176034025,2023-08-18 21:21,3,70000,wine Mariage_이벤트,
f_f008076,2308180002,1,2,2,1,2,2248505665,문막하휴게소,강원특별자치도 원주시 문막읍 원문로 1234,,3219041,5113025022,2023-08-18 12:10,1,3000,명)호두과자,
f_f008079,2308230004,1,0,0,1,2,5610502508,에덴,강원특별자치도 철원군 갈말읍 순담길 43,,4490170,5178025624,2023-08-23 17:40,1,12000,아메리카노(ICE);바닐라파운드,
f_f008079,2308240002,1,0,0,1,2,3420102817,초가숯불돼지갈비,경기 포천시 영북면 산정호수로 367,경기 포천시 영북면 산정리 508-7,3213016,4165039023,2023-08-24 13:31,1,62000,숯불돼지갈비;매밀비빔막국수;민족탕(얼갈이해장국);공기밥,
f_f008079,2308240003,1,0,0,1,2,5943500190,가비가배,경기 포천시 영북면 산정호수로 849-130,경기 포천시 영북면 산정리 430,3213016,4165039023,2023-08-24 13:51,1,11000,ICE아메리카노 ,
f_f008079,2308230005,1,3,3,1,2,1278200655,영북하나로마트,경기 포천시 영북면 영북로 174,경기 포천시 영북면 운천리 344-3,3213031,4165039021,2023-08-23 17:21,1,69410,,
f_f008113,2308210014,1,0,0,0,2,,막삼가,대구 중구 교동길 70 1층,,,,,1,65000,,2711012500
f_f008113,2308220002,1,0,0,0,2,,트란퀼로,대구 서구 달성공원로 15-1 2F CAFE TRANQUILLO,,,,,1,8300,,2717010200
f_f008113,2308210004,1,0,0,1,2,7200601274,오일리버거,대구 중구 국채보상로125길 23-1,,4223018,2711012200,2023-08-21 11:58,1,25000,,
f_f008113,2308210005,1,0,0,1,2,2204600316,코러스커피,대구 중구 국채보상로 625,대구 중구 공평동 11-3,3007001,2711012200,2023-08-21 12:48,1,14000,파나나주스;수박 슬러시,
f_f008113,2308210009,1,0,0,1,2,5562800958,웨프트커피,대구 중구 경상감영길 164,대구 중구 동문동 34-1,4223003,2711012000,2023-08-21 15:38,1,8300,레몬그라니따;ICE 아메리카노 ,
f_f008113,2308210013,1,0,0,1,2,3470302437,까사넬로,대구 중구 교동1길 47,대구 중구 동문동 19-3,4223010,2711012000,2023-08-21 20:18,1,5600,Caffe Shakerato;Caffe Andant ino,
f_f008113,2308220001,1,0,0,1,2,5042940844,수봉식당,대구 북구 대현남로2길 60,대구 북구 대현동 321-70,4235149,2723011000,2023-08-22 11:20,1,18000,짬뽕;중비,
f_f008113,2308220004,1,0,0,1,2,6640301046,애리스커피,대구 동구 동부로32길 2,대구 동구 신천동 387-3,4226070,2714010200,2023-08-22 13:25,1,12900,코블러;아이스크림;빅 아이스 아메리카노;아이스 플랫화이트,
f_f008113,2308220007,1,0,0,1,2,2371400045,정이의더큰청진동해장국,대구 동구 동부로22길 10,,4226065,2714010200,2023-08-22 20:35,1,18000,,
f_f008113,2308210008,2,0,0,1,2,8098101574,CJ올리브영(주),대구 중구 동성로5길 33,대구 중구 삼덕동1가 5-1,4223087,2711010500,2023-08-21 15:22,1,17900,리스테린 내추럴 그린티마일 매가행사;코스노리 화이트닝 드레스톤 매가행사,
f_f008113,2308220006,3,0,0,1,2,7578500331,메가박스,대구 동구 동부로 149,대구 동구 신천동 1506,3142009,2714010200,2023-08-22 15:58,1,34000,관람권,
f_f008113,2308210009,1,0,0,2,2,5562800958,애리스커피스탠드,대구 중구 경상감영길 164,대구 중구 동문동 34-1,4223003,2711012000,2023-08-21 16:12,1,4300,애리스 라떼 ,
f_f008157,2308310004,1,0,0,0,1,,여울여울,부산 영도구 흰여울길 209 여울여울,,,,,1,4500,,2620011100
f_f008157,2308300004,2,0,0,0,1,,초량온당,부산 동구 초량중로 135 초량온당,,,,,1,13200,,2617010100
f_f008157,2308300006,6,0,0,0,1,,포토시그니처 광안테라스타오션점,부산 수영구 민락동 176-18,,,,,1,5000,,2650010300
f_f008157,2308300005,1,0,0,1,1,2018121515,스타벅스,부산 수영구 광안해변로 247,부산 수영구 민락동 178-19,3138005,2650010300,2023-08-30 13:14,3,4500,I-T)아메리카노,
f_f008157,2308300007,1,0,0,1,1,1092065778,톤쇼우,부산 수영구 광안해변로279번길 13,부산 수영구 민락동 181-20,4214071,2650010300,2023-08-30 16:41,1,15500,특로스카츠,
f_f008157,2308300010,1,0,0,1,1,8613900462,배스킨라빈스,부산 수영구 광안로 67,부산 수영구 민락동 179-13,3138004,2650010300,2023-08-30 20:07,1,5100,더블주니어컵 ,
f_f008157,2308310002,1,0,0,1,1,6052322701,S서울깍두기,부산 부산진구 서전로 49,부산 부산진구 전포동 665-3,3129027,2623010200,2023-08-31 12:20,1,14000,,
f_f008157,2308310001,2,0,0,1,1,5700601081,희와제과,부산 부산진구 전포대로246번길 26,부산 부산진구 전포동 201-2,4187669,2623010200,2023-08-31 11:39,1,47200,버터 스콘;소보루 팥빵;밤팥 소보루 비스킷;고구마 크림치즈 비스킷;초코 그린티라떼 비스킷,
f_f008157,2308310005,2,0,0,1,1,3752200978,깡돼후야시장,부산 중구 부평1길 57,부산 중구 부평동2가 75-1,4175175,2611012400,2023-08-31 17:06,1,17000,,
f_f008157,2308300011,2,1,1,0,1,,씨유 광안에이스점,부산 수영구 남천바다로33번길 61,,,,,1,1800,,2650010400
f_f008157,2308300008,2,2,2,1,1,8098101574,CJ올리브영(주),부산 수영구 광안해변로 153-1,부산 수영구 광안동 204-14,3138005,2650010400,2023-08-30 18:17,1,6200,덴티스테 트래블팩(칫솔치약),
f_f008176,2308260006,3,0,0,0,5,,인터파크티켓,512 삼성동빌딩 10층,,,,,1,780000,,1168010500
f_f008176,2308260002,1,0,0,1,5,8292500705,원조조방낙지,부산 동래구 명륜로94번길 37,부산 동래구 명륜동 400-1,4190130,2626010700,2023-08-26 12:31,1,62000,낙곱새;공기밥;음료수;사리,
f_f008176,2308260003,1,0,0,1,5,8528200014,부산영도지역자활센터 카페마렌,부산 영도구 절영로 163,부산 영도구 영선동4가 200,3128020,2620011100,2023-08-26 13:30,1,20500,아메리카노(ICE);망고빙수,
f_f008176,2308270001,1,0,0,1,5,4511000997,탑해장,부산 수영구 민락수변로7번길 7,부산 수영구 민락동 181-206,4214219,2650010300,2023-08-27 12:22,1,87000,탑해장소고기(보통);해장물회;해장특물회;공기밥,
f_f008176,2308260004,3,0,0,1,5,6028133738,영도사격장,부산 영도구 절영로 319,,3128020,2620012100,2023-08-26 15:32,1,100000,,
f_f008182,2308210003,1,0,0,1,6,1062696497,GS25,강원특별자치도 양양군 현북면 하조대해안길 11,강원특별자치도 양양군 현북면 하광정리 628-1,4505212,5183033030,2023-08-21 00:00,1,108000,농심)백산수2L;틈새오모리;진라면매운맛;테라페트;참이슬,
f_f008182,2308210005,1,0,0,1,6,,(주)라온서피리조트,강원특별자치도 양양군 현북면 하조대해안길 119,강원특별자치도 양양군 현북면 중광정리 508,4505212,5183033029,2023-08-21 21:06,1,39000,코로나 바틀 6개 세트,
f_f008182,2308220002,1,0,0,1,6,,주식회사 레이,강원특별자치도 양양군 현북면 하조대2길 48-42,강원특별자치도 양양군 현북면 하광정리 618-1,4505209,5183033030,2023-08-22 11:33,1,186000,,
f_f008182,2308220003,1,0,0,1,6,8938600013,선셋바,강원특별자치도 양양군 현북면 하조대해안길 119,강원특별자치도 양양군 현북면 중광정리 508,4505212,5183033029,2023-08-22 12:56,1,35000,코카콜라;분다버그 핑;분다버그 트로;스파클링 애플주스;코코넛 쉐이크,
f_f008182,2308220005,1,0,0,1,6,8926400532,카페 양양,강원특별자치도 양양군 양양읍 동해대로 2700,,2000023,5183025027,2023-08-22 14:09,1,17900,아메리카노(ICE);딸기에이드;블루베리에이드,
f_f008182,2308220001,2,0,0,1,6,8660701131,예쁘다하조대,강원특별자치도 양양군 현북면 하조대2길 48-45,,4505209,5183033030,2023-08-22 11:40,1,12000,돌고래 티라미수 ,
f_f008259,2308180004,1,0,0,1,2,5914400965,초당훈이순두부짬뽕,강원특별자치도 강릉시 초당순두부길55번길 38,강원특별자치도 강릉시 초당동 321-1,4460950,5115011200,2023-08-18 16:16,1,36000,순두부짬뽕;오징어순대;음료수,
f_f008259,2308180006,1,0,0,1,2,3258102885,(주)갤러리밥스,강원특별자치도 강릉시 난설헌로 144,강원특별자치도 강릉시 포남동 82-7,3220009,5115011100,2023-08-18 17:04,1,15500,초옥이커피 tak;초옥이커피아이,
f_f008259,2308180007,1,0,0,1,2,2412601518,강릉샌드본점,강원특별자치도 강릉시 금성로23번길 17,강원특별자치도 강릉시 성남동 57-5,4460221,5115010800,2023-08-18 17:56,1,33000,강릉샌드,
f_f008259,2308180008,2,0,0,1,2,6111137638,두딩 본점,강원특별자치도 강릉시 강릉대로 197,강원특별자치도 강릉시 교동 162-178,2220001,5115011000,2023-08-18 18:21,1,9000,,
f_f008259,2308180009,2,0,0,1,2,5601801938,강릉김밥,강원특별자치도 강릉시 용지로 121,강원특별자치도 강릉시 옥천동 206,3220028,5115010900,2023-08-18 18:36,1,12500,원조김밥;매운돈까스김밥;멸치김밥,
f_f008259,2308180003,3,0,0,1,2,3018634203, 클룩트래블테크놀러지(유),서울 서초구 강남대로 373,,2102001,1165010800,2023-08-18 00:00,1,24128,하슬라 아트월드 티켓,
f_f008259,2308180007,1,0,0,2,2,2777200612,배니새우강정,강원특별자치도 강릉시 금성로 13,강원특별자치도 강릉시 금학동 4-4,3220007,5115010600,2023-08-18 17:51,1,10000,,
f_f008259,2308180007,1,0,0,3,2,4598602408,만동제과,강원특별자치도 강릉시 금성로 6,강원특별자치도 강릉시 옥천동 62-3,3220007,5115010900,2023-08-18 17:45,1,13000,마늘바게트,
f_f008259,2308180005,3,1,1,1,2,,경포아쿠아리움,강원특별자치도 강릉시 난설헌로 131,,3220009,5115011200,2023-08-18 16:25,1,34000,입장권,
f_f008379,2308190004,1,2,2,1,2,1524700664,로담,경남 김해시 대동면 동남로 636,,3335019,4825037029,2023-08-19 12:59,1,60000,삼겹+목살;콜라,
f_f008380,2309100002,1,0,0,1,4,4050629922,카츠아토,강원특별자치도 속초시 청대마을길 44,강원특별자치도 속초시 조양동 459,4469261,5121010800,2023-09-10 13:22,1,31500,안심카츠;반반카츠;새우튀김,
f_f008380,2309100005,1,0,0,1,4,,피짜라짜,강원특별자치도 속초시 해오름로 167,,3223022,5121010800,,1,18000,마르게리따 ,
f_f008380,2309100006,1,0,0,1,4,8558500450,롯데속초리조트,강원특별자치도 속초시 대포항길 186,,4469021,5121011000,2023-09-10 20:15,1,43820,감자후라이즈;핑크퐁포도사과;자몽 하이볼;아바이윗비어;뽀모도로파스타,
f_f008380,2309110002,1,0,0,1,4,3028130559,바다정원 신관,강원특별자치도 고성군 토성면 버리깨길 23,,4502416,5182033034,2023-09-11 10:46,1,14800,,
f_f008380,2309110004,1,0,0,1,4,,애슐리,,,,,2023-09-11 15:01,1,47700,[평일]런치_성인;[평일]런치_미취학,
f_f008380,2309100003,3,0,0,1,4,,한화리조트,강원특별자치도 속초시 미시령로2983번길 111,강원특별자치도 속초시 장사동 24-1,4469063,5121011300,2023-09-10 00:00,1,28000,,
f_f008380,2309110003,6,1,1,1,4,,비치 키즈랜드 코코몽,,,,,2023-09-11 00:00,1,27700,입장권 ,
f_f008418,2308250005,1,0,0,0,2,,포이푸서프,강원 강릉시 사천면 진리해변길 117 포이푸서프,,,,,1,26000,,4215036000
f_f008418,2308250007,1,0,0,0,2,,경포마켓,강원 강릉시 경포로463번길 37 경포마켓,,,,,1,48500,,4215013800
f_f008418,2308260001,1,0,0,0,2,,최일순짬뽕순두부,강원 강릉시 해안로 517 최일순 짬뽕순두부,,,,,1,26000,,4215013800
f_f008418,2308250004,1,0,0,1,2,2090631607,주문진대게횟집,강원특별자치도 강릉시 사천면 진리항구길 49,강원특별자치도 강릉시 사천면 사천진리 86-65,4460925,5115036025,2023-08-25 14:36,1,45000,,
f_f008418,2308250008,1,0,0,1,2,,부영회센터,강원특별자치도 강릉시 사임당로 133,강원특별자치도 강릉시 홍제동 637-10,3220015,5115010100,2023-08-25 21:43,3,37000,모듬회,
f_f008418,2308260004,1,0,0,1,2,,346커피스토리,강원특별자치도 강릉시 창해로 348,강원특별자치도 강릉시 강문동 159-34,3220043,5115011300,2023-08-26 14:01,1,15000,,
f_f008418,2308260005,1,0,0,1,2,2390700927,월화야끼도리,강원특별자치도 강릉시 금성로13번길 11-1,강원특별자치도 강릉시 성남동 47-5,4460218,5115010800,2023-08-26 16:44,1,5000,,
f_f008418,2308260005,1,0,0,2,2,,보성닭튀김,강원특별자치도 강릉시 금성로 21,강원특별자치도 강릉시 성남동 50,3220007,5115010800,2023-08-26 17:04,1,10000,,
f_f008418,2308260005,1,0,0,3,2,,팡파미유 성남마늘빵 전문점,강원특별자치도 강릉시 금성로13번길 11-1,강원특별자치도 강릉시 성남동 47-5,4460218,5115010800,2023-08-26 17:48,1,4500,,
f_f008418,2308260002,1,1,1,1,2,,씨엠디,강원특별자치도 강릉시 경포로 489-10,강원특별자치도 강릉시 안현동 864-2,3220002,5115013800,2023-08-26 12:39,1,18000,,
f_f008427,2308190006,1,0,0,0,4,,휘닉스바다횟집,태기로 155,,,,,5,50000,,4276034000
f_f008427,2308190003,3,0,0,0,4,,농업회사법인주식회사대관령순수양떼목장,횡계리 245-86  순수양떼목장(강원특별자치도 평창군 대관령면 오목길 111  순수양떼목장),,,,,1,34400,,4276038000
f_f008427,2308190002,1,0,0,1,4,7808700752,주식회사 와우,강원특별자치도 평창군 진부면 까치골길 7,,4484053,5176036022,2023-08-19 12:06,1,35000,1층상차림;(S)육회무침;물냉면;된장찌개;공기밥,
f_f008427,2308190005,1,0,0,1,4,2248505554,휘닉스평창,강원특별자치도 평창군 봉평면 태기로 174,,3228037,5176034025,2023-08-19 19:17,1,34000,[판매]누들떡볶이&튀김,
f_f008427,2308200005,1,0,0,1,4,4674100657,트리고,강원특별자치도 평창군 봉평면 메밀꽃길 10-1,강원특별자치도 평창군 봉평면 원길리 755,4484132,5176034028,2023-08-20 12:04,1,20400,,
f_f008427,2308200006,1,0,0,1,4,2240579340,풀내음,강원특별자치도 평창군 봉평면 메밀꽃길 13,강원특별자치도 평창군 봉평면 원길리 763-5,4484132,5176034028,2023-08-20 12:37,1,72000,,
f_f008427,2308200007,2,0,0,1,4,2248501427,탐앤탐스(휴)횡성(인천방향),강원특별자치도 횡성군 안흥면 영동고속도로 153,강원특별자치도 횡성군 안흥면 소사리 1511,1000022,5173032026,2023-08-20 14:20,1,4900,ICE카페 아메리카노,
f_f008427,2308200003,3,0,0,1,4,2248505554,(주)휘닉스평창,강원특별자치도 평창군 봉평면 태기로 174,,3228037,5176034025,2023-08-20 10:58,1,42000,루지 1회권 ,
f_f008427,2308190002,1,0,0,2,4,7808700752,주식회사 와우(정육),강원특별자치도 평창군 진부면 까치골길 7,,4484053,5176036022,2023-08-19 11:17,1,240130,한우꽃등심;한우채끝등심,
f_f008427,2308190005,3,2,2,0,4,,공식협력사-플레이스엠,서울특별시 강남구 테헤란로 79길 6  5층(삼성동  제이에스타워),,,,,1,144000,,1168010500
f_f008427,2308190006,1,2,2,1,4,4531101999,짚불이네,강원특별자치도 평창군 봉평면 태기로 52,강원특별자치도 평창군 봉평면 무이리 788-16,3228037,5176034026,2023-08-19 19:44,1,29000,짚불이네 김치 짜글이찌개,
f_f008558,2308270003,1,0,0,1,4,5130246729,샤브향,경북 칠곡군 북삼읍 인강1길 28-7,경북 칠곡군 북삼읍 인평리 633-2,4766461,4785025325,2023-08-27 19:48,1,42800,,
f_f008567,2308270003,1,0,0,1,4,8262600251,라라코스트,경남 밀양시 미리벌중앙로 63,,3336017,4827010400,2023-08-27 13:44,1,56200,,
f_f008567,2308270006,1,0,0,1,4,6151927711,설봉돼지국밥,경남 밀양시 노상하3길 9,경남 밀양시 내이동 772-1,4808186,4827010200,2023-08-27 18:37,1,34000,돼지국밥;순대국밥;수육백반;순대1인분,
f_f008567,2308270004,3,0,0,1,4,4988700154,트윈터널(주)매표소,경남 밀양시 삼랑진읍 삼랑진로 537-11,경남 밀양시 삼랑진읍 미전리 1026-4,3019035,4827025023,2023-08-27 14:20,1,20000,입장권,
f_f008567,2308270002,3,2,2,1,4,,밀양시청,경남 밀양시 밀양대공원로 100,경남 밀양시 교동 480,3336020,4827010300,2023-08-27 11:43,1,2000,밀양박물관 입장권 ,
f_f008567,2308270004,1,5,5,1,4,4988700154,트윈터널(주)카페,경남 밀양시 삼랑진읍 삼랑진로 537-11,경남 밀양시 삼랑진읍 미전리 1026-4,3019035,4827025023,2023-08-27 14:55,1,12500,츄러스;옛날핫도그;딸기스무디 ,
f_f008567,2308270004,1,6,6,1,4,4988700154,트윈터널(주)편의점,경남 밀양시 삼랑진읍 삼랑진로 537-8,,3019035,4827025023,2023-08-27 15:40,1,2000,생수,
f_f008608,2308210003,1,0,0,1,2,2280394882,알찬밥상,경남 김해시 번화1로 177,경남 김해시 삼문동 63-4,3335023,4825012800,2023-08-21 11:48,1,39000,해물단지(소);돌솥밥,
f_f008608,2308210004,1,0,0,1,2,1991700690,라벨스하이디,경남 김해시 율하카페길 63,경남 김해시 관동동 1092-1,4857148,4825013000,2023-08-21 13:11,1,15300,ice아메;단호박빙수,
f_f008608,2308210002,1,2,2,1,2,3974800677,에븐,경남 김해시 대청계곡길 188-35,경남 김해시 대청동 787-2,4829300,4825012900,2023-08-21 10:26,1,11000,아메리카노HOT;아메리카노ICED ,
f_f008814,2308260004,1,0,0,1,6,3319600945,다미수산,경북 포항시 남구 구룡포읍 호미로221번길 13,경북 포항시 남구 구룡포읍 구룡포리 963-32,4709692,4711125021,2023-08-26 17:47,1,40000,,
f_f008814,2308270002,1,0,0,1,6,8974400844,이상적,경북 경주시 임해로 104,경북 경주시 구황동 857-57,3305051,4713012200,2023-08-27 13:13,1,40000,소금빵;아이스크림라떼;오미자에이드,
f_f008814,2308260003,2,0,0,1,6,,포토시그니처,경북 포항시 남구 구룡포읍 구룡포길 139-1,경북 포항시 남구 구룡포읍 구룡포리 386-3,4709007,4711125021,2023-08-26 17:11,1,15000,,
f_f008814,2308270001,1,0,0,2,6,5050974510,경희정,경북 경주시 알천북로 411,경북 경주시 동천동 143-4,3305039,4713012600,2023-08-27 12:54,1,78000,돌솥밥정식 ,
f_f008862,2308220003,1,0,0,1,3,1338122244,가평(춘천)휴게소,경기 가평군 설악면 미사리로540번길 51,,4448077,4182031026,2023-08-22 12:04,1,6000,호두잣과자,
f_f008862,2308220004,1,0,0,1,3,2278121031,봉포머구리 속초,강원특별자치도 속초시 영랑해안길 223,강원특별자치도 속초시 영랑동 148-30,4469178,5121010100,2023-08-22 15:10,1,32000,성게미역국;모둠물회1인용,
f_f008862,2308230003,1,0,0,1,3,1768801997,(주)칠성조선소,강원특별자치도 속초시 중앙로46번길 45,,4469234,5121010600,2023-08-23 12:19,1,5500,ICED포트,
f_f008862,2308220007,2,0,0,1,3,2205100533,강원도 막걸리빵,강원특별자치도 속초시 중앙시장로6길 14,,4469248,5121010300,2023-08-22 17:48,1,5000,,
f_f008862,2308220007,2,2,2,1,3,2436000178,속초붉은대게수산,강원특별자치도 속초시 중앙시장로6길 14-1,강원특별자치도 속초시 중앙동 472-5,4469248,5121010300,2023-08-22 17:31,1,42000,,
f_f008862,2308220007,2,3,3,1,3,2278118711,만석닭강정,강원특별자치도 속초시 중앙로147번길 16,강원특별자치도 속초시 중앙동 471-4,4469221,5121010300,2023-08-22 17:52,1,20000,보통맛(순살),
f_f009188,2308200004,3,0,0,0,4,,피어리스,경남 진주시 에나로127번길 30 4층 피어리스,,,,,1,39000,,4817013700
f_f009188,2308200003,1,0,0,1,4,5500102214,보배반점,경남 진주시 에나로77번길 4,경남 진주시 충무공동 31-12,4838072,4817013700,2023-08-20 13:25,1,27500,,
f_f009201,2308270002,1,0,0,1,2,,우리식당,,,,,2023-08-27 13:47,3,10000,칼제비 ,
f_f009201,2308270006,1,0,0,1,2,5988500218,씨앤에스에너지(주) 영천(대구)휴게소,경북 영천시 임고면 운주로 791,,3018034,4723037028,2023-08-27 20:37,1,4500,진성/허니버터오징어,
f_f009201,2308270003,2,0,0,1,2,3183700983,디플레이스,경북 포항시 남구 구룡포읍 구룡포길 152,경북 포항시 남구 구룡포읍 구룡포리 249-47,4709007,4711125021,2023-08-27 15:42,1,7000,비즈팔찌,
f_f009255,2308260007,1,0,0,0,2,,옥수동,부산 사상구 사상로 201 옥수동찹쌀꽈배기 서부터미널점,,,,,3,6000,,2653010400
f_f009255,2308260003,1,0,0,1,2,1073809455,브뤼트피자,부산 사상구 백양대로700번길 13,부산 사상구 덕포동 58,4217175,2653010300,2023-08-26 18:09,1,31900,반반피자;토마토푸실리;코카콜라,
f_f009255,2308260008,2,1,1,0,2,,양산 이마트,경남 양산시 양산역6길 12 신세계이마트양산점,,,,,3,7200,,4833010300
f_f009257,2308240005,1,0,0,1,2,5414200516,향화정,경북 경주시 사정로57번길 17,경북 경주시 사정동 7,4715587,4713010900,2023-08-24 11:59,1,42000,꼬막무침비빔밥;경주육회물회,
f_f009257,2308240009,1,0,0,1,2,3100852245,녹아,경북 경주시 포석로1068번길 21,경북 경주시 황남동 239-9,4716229,4713011000,2023-08-24 13:34,1,12000,I) 대릉원 젤라떼;젤라또,
f_f009257,2308240010,1,0,0,1,2,8521202173,경주약과방,경북 경주시 포석로 1074,경북 경주시 황남동 294,3305063,4713011000,2023-08-24 14:57,1,5000,약과아이스크림,
f_f009257,2308240011,1,0,0,1,2,1333600954,TERELJ,경북 경주시 태종로 736,경북 경주시 사정동 1-17,3305061,4713010900,2023-08-24 15:23,1,16900,에티오피아;아이스크림 커피,
f_f009257,2308240012,1,0,0,1,2,8210701410,황남쫀드기,경북 경주시 포석로 1078,경북 경주시 황남동 283-2,3305063,4713011000,2023-08-24 16:39,1,3000,쫀듸기,
f_f009257,2308240007,3,0,0,1,2,4698200108,경주시시설관리공단,경북 경주시 계림로 9,경북 경주시 황남동 268-10,3305007,4713011000,2023-08-24 12:38,1,6000,천마총 입장권,
f_f009311,2308270003,2,0,0,0,2,,끌레르영케이크,순환로 275,,,,,5,25000,,2635010700
f_f009311,2308270005,3,0,0,0,2,,해운대블루라인(주),청사포로 116,,,,,1,35000,,2635010600
f_f009311,2308270008,3,0,0,0,2,,요트델루나,해운대해변로84,,,,,5,60000,,2635010500
f_f009311,2308270002,1,0,0,1,2,3888800567,(주)이에이치육(해목 해운대),부산 해운대구 구남로24번길 8,부산 해운대구 우동 542-30,4199006,2635010500,2023-08-27 15:04,1,91000,,
f_f009311,2308270004,1,0,0,1,2,1316100678,동백,부산 해운대구 달맞이길104번길 18-19,부산 해운대구 중동 1003-3,4199012,2635010600,2023-08-17 16:03,1,12000,피치앤블랙티 에이드;청포도 모히또 블랜디드,
f_f009311,2308270009,1,0,0,1,2,8191601670,송정 소문난횟집,부산 해운대구 해운대로 1080,부산 해운대구 송정동 158-1,2006010,2635010800,2023-08-27 22:14,1,40000,(중) ,
f_f009311,2308280003,1,0,0,1,2,6728601619,이재모피자,부산 부산진구 전포대로209번길 21,부산 부산진구 전포동 687-20,4187664,2623010200,2023-08-28 15:55,1,36500,,
f_f009311,2308280005,6,0,0,1,2,3804700158,락휴코인노래연습장,부산 부산진구 중앙대로702번길 33,부산 부산진구 부전동 168-448,4187690,2623010300,2023-08-28 17:13,1,5000,,
f_f009311,2308280002,1,1,1,1,2,5580301455,도토리,부산 부산진구 동성로25번길 30,부산 부산진구 전포동 355-24,4187177,2623010200,2023-08-28 13:37,1,16000,크리마트 초코;복숭아자두에이드;바나나브륄레,
f_f009311,2308280001,3,2,2,1,2,2128701898,서면미술관,부산 부산진구 동천로 58,부산 부산진구 전포동 692-2,3129010,2623010200,2023-08-28 12:24,1,20000,입장권,
f_f009462,2308260008,1,0,0,0,2,,반월당닭강정,덕산동 88 메트로센터 지하 C107호 반월당닭강정,,,,,1,4000,,2711011200
f_f009462,2308260004,2,0,0,0,2,,유니키언 8호 대구삼덕s점,대구 중구 달구벌대로445길 44,,,,,1,22000,,2711010700
f_f009462,2308260003,1,0,0,1,2,2473901137,후꾸스시시부야,대구 중구 달구벌대로443길 9,,4223055,2711010600,2023-08-26 12:04,1,23000,시부야동 ,
f_f009462,2308260007,1,1,1,0,2,,빽다방,지하 2100,,,,,1,2300,,2711011200
f_f009462,2308260005,2,2,2,0,2,,쿠븐(kooven),대구 중구 달구벌대로445길 44,,,,,1,15000,,2711010700
f_f009530,2308290008,1,0,0,1,2,6760500480,경주밀면,경북 경주시 시래둑길 7,경북 경주시 시래동 355-9,4715736,4713013000,2023-08-29 12:52,1,15500,밀면(보);비빔(보) ,
f_f009530,2308290014,1,0,0,1,2,1590601356,황남식당,경북 경주시 포석로1050번길 3,경북 경주시 황남동 311-5,4716228,4713011000,2023-08-29 19:01,1,26000,,
f_f009530,2308290015,1,0,0,1,2,2724001070,황리당,경북 경주시 첨성로 157-1,경북 경주시 황남동 106-6,3305057,4713011000,2023-08-29 19:09,1,5000,유기농 밀크 아이스크림,
f_f009530,2308290018,1,0,0,1,2,4450702710,이마트24,경북 경주시 교촌길 4,경북 경주시 황남동 150-3,4715110,4713011000,2023-08-29 20:53,1,22000,하이트)캐년오크까베네소비;포카리스웨트;토레타페트;매운새우깡,
f_f009530,2308300002,1,0,0,1,2,8144300916,신라제면,경북 경주시 첨성로81번길 22-11,경북 경주시 황남동 229-13,4716145,4713011000,2023-08-30 13:00,1,33000,신라칼낙지;감자전,
f_f009530,2308300006,1,0,0,1,2,3763700636,노워즈,경북 경주시 태종로 744,경북 경주시 황남동 270-11,3305061,4713011000,2023-08-02 15:18,1,11100,excellent;ice long black,
f_f009530,2308300007,1,0,0,1,2,1041052089,황남 거북이,경북 경주시 포석로1092번길 26-1,경북 경주시 황남동 76-10,4716231,4713011000,2023-08-30 18:15,1,26000,버터갈릭 감자튀김;맥주;맥주2,
f_f009530,2308290007,3,0,0,1,2,4698200108,석굴암 주차장,경북 경주시 황성공원로 29,경북 경주시 황성동 1022-1,3352714,4713012400,2023-08-29 12:32,1,1000,주차비 ,
f_f009530,2308290009,3,0,0,1,2,5058201330,불국사주차장,경북 경주시 불국로 385,경북 경주시 진현동 15-1,3305029,4713013400,2023-08-29 13:25,1,1000,주차비,
f_f009530,2308290003,1,2,2,1,2,1078657147,(주)파리크라상,,,,,2023-08-29 06:20,1,5500,슈크림빵NEW;초코칩스콘,
f_f009530,2308290006,1,4,4,1,2,3311801422,히든씨,경북 경주시 감포읍 동해안로 2560,경북 경주시 감포읍 오류리 176-11,3000101,4713025025,2023-08-29 10:13,1,14000,,
f_f009562,2308270002,1,0,0,1,3,6088608042,개성순대(주),경남 창원시 마산합포구 가포로 686,경남 창원시 마산합포구 덕동동 495,3329001,4812511000,2023-08-27 11:08,1,36000,,
f_f009562,2308270003,3,2,2,1,3,6958501411,로봇파크 주식회사,경남 창원시 마산합포구 구산면 로봇랜드로 250,경남 창원시 마산합포구 구산면 반동리 산 105,3352177,4812531027,2023-08-27 11:41,1,31000,입장권,
f_f009562,2308270003,1,3,3,1,3,7388101535,(주)에코컨세션 키디보틀,경남 창원시 마산합포구 구산면 로봇랜드로 250,경남 창원시 마산합포구 구산면 반동리 산 105,3352177,4812531027,2023-08-27 14:39,1,6000,보틀슬러시,
f_f009562,2308270003,1,3,3,2,3,7388101535,(주)에코컨세션 클라우드,경남 창원시 마산합포구 구산면 로봇랜드로 250,경남 창원시 마산합포구 구산면 반동리 산 105,3352177,4812531027,2023-08-27 11:55,1,4000,마시멜로,
f_f009750,2308270002,1,0,0,1,3,6218537941,양산(상)휴게소,경남 양산시 동면 목장길 15-50,,4814233,4833031025,2023-08-27 14:09,1,12000,떡만두라면정식,
f_f009750,2308270005,1,0,0,1,3,6202275331,통도사(부산)휴게소,경남 양산시 하북면 경부고속도로 31-1,경남 양산시 하북면 순지리 89-5,1000001,4833034021,2023-08-27 17:56,1,9000,즉석호두과자;통감자구이,
f_f009750,2308270005,1,0,0,2,3,6202275331,통도사(부산)휴게소,경남 양산시 하북면 경부고속도로 31-1,경남 양산시 하북면 순지리 89-5,1000001,4833034021,2023-08-27 17:37,1,20000,명품낙지덮밥;산채비빔밥,
f_f009750,2308270002,1,1,1,1,3,6218537941,(서)양산휴게소점,경남 양산시 동면 목장길 15-50,,4814233,4833031025,2023-08-27 14:33,1,9000,E R)ICED카페아메리카,
f_f009756,2309090005,1,0,0,1,1,2172863363,수니짬뽕,대구 남구 대명남로 159-2,대구 남구 대명동 870-5,3144002,2720010300,2023-09-09 14:35,1,14000,로제매운크림짬뽕;음료수 ,
f_f009756,2309090008,1,0,0,1,1,8098602321,이디야,대구 남구 앞산순환로 371,대구 남구 대명동 585-2,3007012,2720010300,2023-09-09 17:31,1,10400,(EX)콜드브루;(EX)블루문 에이드 ,
f_f009756,2309090007,2,0,0,1,1,8299201900,산아래 시,대구 남구 현충로7길 6,대구 남구 대명동 507-5,4232360,2720010300,2023-09-09 16:45,1,33300,,
f_f009756,2309090006,1,1,1,1,1,2174800560,대명제과,대구 남구 대명로57길 10-32,대구 남구 대명동 141-3,4232069,2720010300,2023-09-09 14:52,1,10800,감자치즈빵;상투과자(소);카페라떼,
f_f009756,2309090005,2,1,1,1,1,4708501767,이마트24,대구 달서구 공원순환로 216,대구 달서구 성당동 195-1,3147002,2729010100,2023-09-09 13:17,1,20000,잇츠)WST 보조배터리,
f_f009756,2309090005,2,2,2,1,1,5300102433,CU,대구 남구 대명남로 172,대구 남구 대명동 667-1,3144002,2720010300,2023-09-09 13:44,1,17900,이웃집)황치즈약과쿠키;C타입충전기분리형;HEYROO미네랄워터,
f_f009828,2308260003,1,0,0,1,2,2872500672,우마왕,경북 경주시 숲머리길 168,,4715728,4713012300,2023-08-26 11:13,1,34000,한우물회;육회비빔밥;얇은피만두 ,
f_f009828,2308260004,1,0,0,1,2,3311801422,히든씨,경북 경주시 감포읍 동해안로 2560,경북 경주시 감포읍 오류리 176-11,3000101,4713025025,2023-08-26 12:34,1,15000,아메리카노(아이스);한라봉 감귤주스,
f_f009968,2309030005,1,0,0,0,2,,올라칸바스,하광정리 613-3,,,,,4,34000,,4283033000
f_f009968,2309020003,3,0,0,0,2,,이스트웨이브,,,,,,1,118000,,4215035000
f_f009968,2309030003,3,0,0,0,2,,서프하이,인구항길 10,,,,,4,140000,,4283034000
f_f009968,2309020002,1,0,0,1,2,5080159114,덕이식당,강원특별자치도 강릉시 강동면 헌화로 1096-1,강원특별자치도 강릉시 강동면 정동진리 299-6,3220051,5115034028,2023-09-02 09:26,1,52000,,
f_f009968,2309020005,1,0,0,1,2,2260275316,포항물회,강원특별자치도 강릉시 동부시장3길 3,강원특별자치도 강릉시 옥천동 289,4460351,5115010900,2023-09-02 17:01,1,35000,,
f_f009968,2309020006,1,0,0,1,2,1214392347,카페 거리해안로,강원특별자치도 강릉시 해안로 298-4,강원특별자치도 강릉시 강문동 23-18,3220050,5115011300,2023-09-02 20:44,1,68800,바깔라 만테카토;어란 파스타;하우스(레드);하우스(화이트),
f_f009968,2309030004,1,0,0,1,2,7374700539,버거월드,강원특별자치도 양양군 현남면 인구길 56-1,강원특별자치도 양양군 현남면 인구리 634-7,4505161,5183034021,2023-09-03 12:32,1,18900,뉴욕버거;치즈프라이;음료 ,
f_f009968,2309030002,2,1,1,1,2,4598602408,만동제과,강원특별자치도 강릉시 금성로 6,강원특별자치도 강릉시 옥천동 62-3,3220007,5115010900,2023-09-03 11:25,1,20000,어니언베이글;마늘바게트;오징어먹물;옥수수,
f_f010067,2308220003,1,0,0,1,2,3142844707,해피치즈스마일,부산 수영구 광남로83번길 22,부산 수영구 광안동 185-25,4214036,2650010400,2023-08-22 15:49,1,22500,스마일튀볶이;돈가스플레이트 ,
f_f010067,2308220004,1,0,0,1,2,5598502526,랜디스도넛,부산 수영구 수영로510번길 58,부산 수영구 광안동 184-2,4214257,2650010400,2023-08-22 15:59,1,17700,버터크림 도넛;초콜렛 올드패션;망고요거트스무디;딸기요거트스무디,
f_f010067,2308220007,1,0,0,1,2,5880802445,문토스트,부산 수영구 광안해변로 269,부산 수영구 민락동 176-18,3138005,2650010300,2023-08-22 18:50,1,9000,모짜렐라치즈(2조각);아이스티 ,
f_f010067,2308220008,1,0,0,1,2,8420402230,고망고,부산 수영구 광안해변로277번길 3,부산 수영구 민락동 176-29,4214069,2650010300,2023-08-22 19:16,1,2900,망고코코넛,
f_f010067,2308220006,3,1,1,0,2,,텐텐동전노래연습장,,,,,,3,5000,,2650010300
f_f010099,2308250001,1,0,0,0,2,,톤섬,남항로9번길 36,,,,,1,18000,,2620010500
f_f010099,2308250002,1,0,0,0,2,,모모스로스터리&커피바,영도구 봉래나루로 160,,,,,1,15000,,2620011600
f_f010099,2308240003,1,0,0,1,2,7145000142,분커,부산 부산진구 서전로 60,부산 부산진구 전포동 206-27,3129027,2623010200,2023-08-24 15:48,1,15000,kenya;멜론 우유 케이크,
f_f010099,2308240004,2,0,0,1,2,5700601081,희와제과,부산 부산진구 전포대로246번길 26,부산 부산진구 전포동 201-2,4187669,2623010200,2023-08-24 16:31,1,11100,다크초코 티그레;다크초코 휘낭시에;화이트 마카다미아 휘낭시에;허니 세서미 휘낭시에,
f_f010099,2308240005,2,0,0,1,2,3591502087,히떼로스터리,부산 부산진구 동성로 59,부산 부산진구 전포동 239-4,3129009,2623010200,2023-08-24 16:45,1,16500,Goodday;케냐 마간조AA,
f_f010099,2308240007,2,0,0,1,2,6029041981,충남상회,부산 중구 자갈치해안로 62,부산 중구 남포동4가 37-11,3125013,2611013900,2023-08-24 19:56,1,40000,,
f_f010099,2308250004,2,0,0,1,2,6180383119,옵스,부산 중구 중앙대로 2,,2000010,2611011000,2023-08-25 15:41,1,10300,옵스 일반빵 ,
f_f010099,2308250003,3,0,0,1,2,6178609671,(주)송도해상케이블,부산 해운대구 마린시티2로 33,부산 해운대구 우동 1407,3133004,2635010500,2023-08-25 14:54,1,13000,탑승권,
f_f010099,2308250002,2,1,1,0,2,,모모스로스터리 &커피바,영도구 봉래나루로 160,,,,,1,30000,,2620011600
f_f010099,2308250005,2,1,1,1,2,1078657147,환공어묵,부산 동구 중앙대로 206,부산 동구 초량동 1187-1,2000010,2617010100,2023-08-25 16:15,1,13500,어묵3000;어묵3500;땡초김말이;고기만두어묵,
f_f010302,2308240002,1,0,0,1,3,6173673315,문스시,부산 해운대구 좌동순환로 43,부산 해운대구 좌동 1341-22,3133039,2635010700,2023-08-24 13:26,1,182000,,
f_f010302,2308240003,1,0,0,1,3,6218199425,캐비네 드 쁘아쏭,부산 기장군 기장읍 기장해안로 268-31,부산 기장군 기장읍 시랑리 704,3140057,2671025033,2023-08-24 14:28,1,37000,Americano;Change Decaffe;(ICE)Chocolate;Green Apple Yo,
f_f010302,2308240005,1,0,0,1,3,3111029809,도희네,부산 해운대구 청사포로 157,부산 해운대구 중동 509-9,3133042,2635010600,2023-08-24 19:27,1,72000,,
f_f010302,2308240004,2,0,0,1,3,3728600724,아레나코리아 주식회사,서울 송파구 올림픽로 599,서울 송파구 풍납동 481-5,3123023,1171010300,2023-08-24 17:47,1,39000,아레나수영복 기타물놀이 ,
f_f010302,2308240004,2,0,0,2,3,5198602452,나이키 롯데동부산몰,부산 기장군 기장읍 기장해안로 147,부산 기장군 기장읍 당사리 524,3140057,2671025032,2023-08-24 17:58,1,22000,NK EVERYDAY CSH AN,
f_f010302,2308240004,2,0,0,3,3,1228633843,주식회사 뮬라,인천 부평구 장제로 336,인천 부평구 삼산동 435-2,3154050,2823710500,2023-08-24 17:52,1,21900,뮬리웨어 여성트레이닝,
f_f010337,2308260003,1,0,0,1,5,1744700209,이가네 떡볶이,부산 중구 부평1길 48,부산 중구 부평동2가 16,4175175,2611012400,2023-08-26 11:25,1,15000,,
f_f010337,2308260004,1,0,0,1,5,1078657147,스토리웨이,서울 용산구 청파로89길 31,서울 용산구 서계동 7,4106392,1117010800,2023-08-26 07:33,1,1200,영우)토핑듬뿍베이,
f_f010337,2308260007,1,0,0,1,5,8238801434,연경재,부산 중구 중앙대로29번길 6,부산 중구 중앙동1가 22-4,4175261,2611010400,2023-08-26 12:39,1,35000,백자달항아리;여름 시즈널 브루잉;VDC 선라이즈;ICE미숫가루(MILK);ICE 아메,
f_f010337,2308260010,1,0,0,1,5,6410402068,아일드블루,부산 수영구 광안해변로 125,부산 수영구 남천동 5-13,3138005,2650010500,2023-08-26 18:23,1,6000,쉬림프 조각피자;부어스트 조각피자;코카콜라;코카콜라 제로,
f_f010337,2308260012,1,0,0,1,5,1357300431,럭키상회,부산 수영구 민락로19번길 21,부산 수영구 민락동 173-15,4214207,2650010300,2023-08-26 21:23,1,45000,모듬생선회,
f_f010337,2308260014,1,0,0,1,5,4715900573,이마트24,부산 수영구 광안해변로307번길 15,부산 수영구 민락동 34-1,4214076,2650010300,2023-08-26 22:10,1,26050,대선)대선블루;스텔라(신);아사히캔맥주;빙그레)붕어싸만코초코,
f_f010337,2308270001,1,0,0,1,5,2860402293,나사리식당,부산 수영구 광안로61번길 60,부산 수영구 민락동 177-3,4214063,2650010300,2023-08-26 21:17,1,54000,콜라;세트1 해물육비부;충무김밥,
f_f010337,2308270004,1,0,0,1,5,5015100728,무명일기,부산 영도구 봉래나루로 178,부산 영도구 봉래동2가 145-1,3128013,2620011600,2023-08-27 15:04,1,39000,ICE 아메리카노;플레인 스콘;브라우니;ICE 카페라떼;ICE 바닐라라떼,
f_f010337,2308270006,1,0,0,1,5,2630900545,초량돼지국밥,부산 동구 중앙대로214번길 3-12,부산 동구 초량동 1200-2,4181416,2617010100,2023-08-27 18:28,1,42500,돼지국밥;섞어국밥;내장국밥,
f_f010337,2308270003,2,0,0,1,5,7978102095,(주)마이페이보릿쿠키,부산 수영구 광남로 103,부산 수영구 광안동 183-4,3138002,2650010400,2023-08-27 13:51,1,8000,쿠키2,
f_f010337,2308260009,3,0,0,1,5,,광안리 해양레포츠 센터,부산 수영구 광안해변로54번길 222,부산 수영구 남천동 148-103,4214083,2650010500,2023-08-21 00:00,3,114000,BIG2 스피드 패키지,
f_f010337,2308270003,2,0,0,2,5,7978102095,(주)마이페이보릿쿠키,부산 수영구 광남로 103,부산 수영구 광안동 183-4,3138002,2650010400,2023-08-27 13:52,1,21100,쿠키 4000;쿠키 4500;봉투 100 ,
f_f010337,2308270007,1,1,1,0,5,,비엔씨 도넛 부산역점,1203-5,,,,,1,4500,,2617010100
f_f010337,2308260015,2,1,1,0,5,,포토 스트리트 웜앤쿨 광안리점,177-3,,,,,1,15000,,2650010300
f_f010337,2308270004,2,1,1,1,5,2514100936,위드락커,부산 중구 구덕로 지하 12,부산 중구 남포동1가 11,3006005,2611013600,2023-08-27 14:44,1,5000,보관료,
f_f010337,2308270004,2,1,1,2,5,2514100936,위드락커,부산 중구 구덕로 지하 12,부산 중구 남포동1가 11,3006005,2611013600,2023-08-27 14:46,1,3000,물품 보관료,
f_f010337,2308260003,1,2,2,1,5,3581001625,오케이,부산 중구 부평1길 38,부산 중구 부평동2가 18-15,4175175,2611012400,2023-08-26 00:00,1,15000,,
f_f010337,2308260003,1,3,3,1,5,1680601082,다래분식,부산 중구 부평2길 37-1,부산 중구 부평동2가 18-24,4175176,2611012400,2023-08-26 11:52,1,12000,,
f_f010337,2308260003,2,5,5,1,5,,부산지하철1호선_자갈치역B,부산 중구 구덕로 80,부산 중구 남포동6가 74-1,3006005,2611014100,2023-08-26 10:59,1,5000,물품보관비,
f_f010443,2308270003,1,0,0,1,2,5792000993,밀리언피자,경북 경주시 포석로1068번길 10,경북 경주시 황남동 304-4,4716229,4713011000,2023-08-27 17:49,1,39700,닥터페퍼;마르게리타;불고기피자;쉬림프;하와이언;하이네캔,
f_f010443,2308270004,1,0,0,1,2,4618600515,주식회사에프엘에프앤비,경북 경주시 보문로 404,경북 경주시 신평동 410,3305021,4713013600,2023-08-27 19:46,1,12000,(I)아메리카노,
f_f010443,2308270005,3,0,0,1,2,4698200108,안압지(동궁과월지) ,경북 경주시 원화로 102,경북 경주시 인왕동 506-1,3305047,4713011200,2023-08-27 21:03,1,6000,입장권,
f_f010522,2308270004,1,0,0,1,3,6251601570,에르마냐,부산 영도구 와치로 195,부산 영도구 동삼동 325-234,3128016,2620012100,2023-08-27 13:47,1,49000,살시챠 에 쥬키니;버섯 오일;모짜렐라 토마토,
f_f010522,2308270006,1,0,0,1,3,2408501939,P.ARK CAFE & BAKERY,부산 영도구 해양로195번길 180,부산 영도구 동삼동 201-6,4184389,2620012100,2023-08-27 16:19,1,21500,과일데니쉬;아메리카노(하버블렌드 ICE);감귤 당근 주스,
f_f010522,2308270005,3,0,0,1,3,6178212523,부산관광공사(태종대),부산 영도구 전망로 24,부산 영도구 동삼동 산 19-2,3128019,2620012100,2023-08-27 14:19,1,9500,승차권,
f_f010522,2308270003,6,1,1,1,3,6211551654,BC&BS,부산 영도구 해양로301번길 23,부산 영도구 동삼동 1154,4184392,2620012100,2023-08-27 12:17,1,29100,푹시니 돌고래;봉투,
f_f010564,2308220003,1,0,0,1,2,6141102180,숑숑돈까스,경남 김해시 김해대로 2342,경남 김해시 부원동 1043,2335001,4825010300,2023-08-22 18:23,1,20700,,
f_f010564,2308220002,1,3,3,1,2,6158532747,(주)롯데 워터파크,경남 김해시 장유로 555,경남 김해시 신문동 1417,3335054,4825012700,2023-08-22 15:28,3,7900,치즈라면+라면밥 ,
f_f010564,2308220002,1,3,3,2,2,6158532747,(주)롯데 워터파크,경남 김해시 장유로 555,경남 김해시 신문동 1417,3335054,4825012700,2023-08-22 12:06,1,30000,핸드링 충전 ,
f_f010564,2308220002,1,3,3,3,2,6158532747,(주)롯데 워터파크,경남 김해시 장유로 555,경남 김해시 신문동 1417,3335054,4825012700,2023-08-22 12:07,1,10000,핸드링 충전,
f_f010656,2308260003,1,0,0,1,1,7574201013,빈체로,경북 안동시 충효로 4465,경북 안동시 정하동 251-2,3316034,4717014000,2023-08-26 12:07,1,31000,,
f_f010656,2308260004,1,0,0,1,1,5590902541,오마이또탕후루,경북 안동시 남문로 22-16,경북 안동시 남문동 141-4,3307007,4717011600,2023-08-26 13:06,1,7000,귤;파인애플,
f_f010656,2308260006,1,0,0,1,1,1648601739,폴모스트,경북 안동시 남후면 암산1길 15,경북 안동시 남후면 광음리 264,4721772,4717036021,2023-08-26 14:34,1,31000,크로아상_현무암;약과쿠키;퀸아망_아몬드;츄러스;아메리카노(ICE),
f_f010656,2308260002,3,1,1,1,1,1458702428,주식회사 히어로,경북 안동시 영가로 16,경북 안동시 동부동 123-1,3307026,4717011200,2023-08-26 11:05,1,2000,,
f_f010778,2308250003,1,0,0,1,2,2483600746,GEMSTONE,경남 거제시 사등면 신계해안길 90,,4811450,4831036026,2023-08-25 10:11,1,22500,쪽파크림치즈소금;에그타르트;ICE솔티드초코라떼;복숭아듬뿍라떼,
f_f010778,2308250005,1,0,0,1,2,,풍차카페수제버거,경남 산청군 금서면 동의보감로555번길 104-9,경남 산청군 금서면 특리 1300-60,4835429,4886034026,2023-08-25 12:59,1,15000,,
f_f010778,2308250009,1,0,0,1,2,2526400369,카페묵실,경남 산청군 단성면 성철로102번길 43,경남 산청군 단성면 묵곡리 329,4835168,4886037030,2023-08-25 16:50,1,19500,흑임자인절미;묵실기름병밀크티,
f_f010778,2308250006,2,0,0,1,2,,산청군 동의보감촌,,,,,2023-08-25 14:29,1,3000,오디푸딩,
f_f010784,2308290001,1,0,0,1,4,5068133750,(주)러블랑,경북 포항시 북구 송라면 동해대로 3310,경북 포항시 북구 송라면 지경리 232,2000023,4711333029,2023-08-29 12:56,1,16100,동해오징어한마리;치즈치아바타;바질스프레드;(환경부담금),
f_f010784,2308280002,1,0,0,2,4,2064292807,이마트24,경북 포항시 북구 송라면 동해대로3218번길 37,경북 포항시 북구 송라면 지경리 406,4712158,4711333029,2023-08-28 19:46,1,2950,순얼음;일회용)종이컵,
f_f010784,2308290001,1,0,0,2,4,5068133750,(주)러블랑,경북 포항시 북구 송라면 동해대로 3310,경북 포항시 북구 송라면 지경리 232,2000023,4711333029,2023-08-29 12:36,1,6700,동해오징어한마리;(환경부담금) ,
f_f010784,2308280002,1,0,0,3,4,2064292807,이마트24,경북 포항시 북구 송라면 동해대로3218번길 37,경북 포항시 북구 송라면 지경리 406,4712158,4711333029,2023-08-28 22:46,1,8100,롯데)스크류바;해태)누가바;롯데)죠스바;빙그레)비비빅,
f_f010784,2308290001,1,0,0,3,4,5068133750,(주)러블랑,경북 포항시 북구 송라면 동해대로 3310,경북 포항시 북구 송라면 지경리 232,2000023,4711333029,2023-08-29 11:22,1,45300,동해오징어한마리;체리토마토 화덕피자;러블랑 에이드;ICE파인레몬티;선셋에이드,
f_f010784,2308280002,1,0,0,4,4,2064292807,이마트24,경북 포항시 북구 송라면 동해대로3218번길 37,경북 포항시 북구 송라면 지경리 406,4712158,4711333029,2023-08-28 19:22,1,17300,리츠)샌드위치크래커초코77;올리브짜파게티봉지;솔표위청수골드액;큐원상쾌환;비빔면봉지,
f_f010784,2308280003,2,1,1,1,4,5138515710,롯데쇼핑(주)롯데마트,경북 구미시 구미대로22길 11,경북 구미시 신평동 465,4724054,4719011100,2023-08-28 13:39,1,156936,요리하다 관동식스키;콜라+스프라이트;신)오비 카스;신)진로이즈백;별빛청하,
f_f010785,2308270002,1,0,0,1,2,7412901019,단조,경남 김해시 봉황대길 46,경남 김해시 봉황동 223-10,4857370,4825010400,2023-08-27 12:50,1,32000,사케동;연어소바;미니닭튀김,
f_f010785,2308270004,1,0,0,1,2,3880901159,해이담커피,경남 김해시 분성로 287-14,경남 김해시 서상동 309-16,3335031,4825010200,2023-08-27 15:11,1,18900,수박착즙주스;플랫바닐라;플레인 바스크,
f_f010785,2308270006,1,0,0,1,2,3971801102,오니나루,경남 김해시 인제로200번길 5,경남 김해시 삼방동 164-14,4805647,4825011900,2023-08-27 17:55,1,21500,돈코츠라멘;곱배기;크레미날치알,
f_f010785,2308270002,1,3,3,1,2,4015500784,아나타카페,경남 김해시 가락로23번길 26-1,경남 김해시 봉황동 213-9,4805012,4825010400,2023-08-27 12:56,1,18000,피치소다;메론소다;푸딩,
f_f010875,2308280007,1,0,0,1,1,2260736088,교동면옥식당,강원특별자치도 강릉시 강릉대로210번길 5-4,강원특별자치도 강릉시 임당동 9-12,4460029,5115010500,2023-08-28 13:58,1,8000,,
f_f010875,2308280006,2,0,0,1,1,3956700314,관동별곡,강원특별자치도 강릉시 강릉대로210번길 4,강원특별자치도 강릉시 교동 162-171,4460029,5115011000,2023-08-28 13:27,1,4000,비치테라피엽서;녹색지도엽서,
f_f010875,2308280009,2,0,0,1,1,2991600770,강다방 이야기공장,강원특별자치도 강릉시 용지로 162,강원특별자치도 강릉시 옥천동 305-1,3220028,5115010900,2023-08-28 14:36,1,25800,,
f_f010875,2308280011,1,1,1,1,1,2261197710,이응,강원특별자치도 강릉시 신대학길 22-5,강원특별자치도 강릉시 금학동 50-7,4460616,5115010600,2023-08-28 16:03,1,6000,,
f_f010875,2308280004,2,5,5,1,1,2260777681,GS25,강원특별자치도 강릉시 강릉대로 171-1,강원특별자치도 강릉시 교동 923-10,2220001,5115011000,2023-08-28 13:10,1,6000,뉴MLB비닐우산,
f_f010914,2309020003,1,0,0,1,2,5478801976,(주)유포리막국수,강원특별자치도 춘천시 신북읍 맥국2길 123,강원특별자치도 춘천시 신북읍 유포리 62-2,4454208,5111025023,2023-09-02 11:59,1,20000,,
f_f010914,2309020004,1,0,0,1,2,8118701716,농업회사법인 밭 주식회사,강원특별자치도 춘천시 신북읍 신샘밭로 674,강원특별자치도 춘천시 신북읍 천전리 99-13,3218027,5111025022,2023-09-02 12:33,1,18600,감자빵;서리태라떼;사과주스,
f_f010914,2309020007,1,0,0,1,2,2210131280,맛있는 닭갈비,강원특별자치도 춘천시 동면 장학길 18,강원특별자치도 춘천시 동면 장학리 804-6,4454602,5111031023,2023-09-02 18:22,1,38000,맛있는닭갈비;닭내장;모리소바;볶음밥,
f_f010914,2309020008,1,0,0,1,2,3768100828,(주)소울로스터리,강원특별자치도 춘천시 동면 소양강로 530,강원특별자치도 춘천시 동면 지내리 689-1,3218022,5111031021,2023-09-02 18:54,1,11500,ICE아메[클레식];ICE아메[디카페인],
f_f010914,2309020005,3,0,0,1,2,2218148027,농업회사법인 해피초원목장유한회사,강원특별자치도 춘천시 사북면 춘화로 330-48,강원특별자치도 춘천시 사북면 고탄리 산 50-3,3013004,5111036027,2023-09-02 14:14,1,14000,,
f_f010914,2309020006,3,0,0,1,2,2208155597,(주)케이지이니시스,서울 중구 통일로 92,서울 중구 순화동 1-170,3000008,1114016800,2023-08-30 22:12,1,30300,,
f_f010914,2309020003,2,1,1,1,2,2048645563,빈스엔베리,서울 동대문구 왕산로 214,서울 동대문구 전농동 591-53,3105008,1123010400,2023-09-02 09:21,1,7200,ICE 카페아메리카노(R),
f_f010978,2308250009,1,0,0,1,1,7861501465,HAYT COFFEE,대구 중구 교동4길 33-18,대구 중구 동문동 4-19,4223013,2711012000,2023-08-25 15:05,1,7800,AMERICANO;MR.CHURROS,
f_f010978,2308260002,1,0,0,1,1,5028617068,(주)신세계 동대구복합환승센터,대구 동구 동부로 149,대구 동구 신천동 1506,3142009,2714010200,2023-08-26 11:42,1,14900,하프커피 ,
f_f010978,2308260003,1,0,0,1,1,5041442533,중화반점,대구 중구 중앙대로 406-12,,2007001,2711011700,2023-08-26 13:45,1,11500,,
f_f010978,2308260004,1,0,0,1,1,1357900428,아리츠,대구 중구 남성로 47,대구 중구 남성로 89-4,3141002,2711013700,2023-08-26 14:12,1,5500,바닐라라떼(ice) ,
f_f010978,2308260006,1,0,0,1,1,1382700961,태산만두,대구 중구 달구벌대로 2109-32,대구 중구 덕산동 124-10,2007002,2711011200,2023-08-26 17:46,1,10000,,
f_f010978,2308250007,2,0,0,1,1,5048534746,(주)현대백화점 더현대 대구,대구 중구 달구벌대로 2077,대구 중구 계산동2가 200,2007002,2711013900,2023-08-25 14:15,1,20000,나이스웨더,
f_f010978,2308250011,3,0,0,1,1,6998601730,스파크랜드 레드존,대구 중구 동성로6길 61,대구 중구 공평동 58-6,4223088,2711012200,2023-08-25 18:27,1,8000,대관람차,
f_f010978,2308260007,3,0,0,1,1,6998601730,스파크랜드 레드존,대구 중구 동성로6길 61,대구 중구 공평동 58-6,4223088,2711012200,2023-08-26 18:23,1,16000,대관람차,
f_f010978,2308260005,1,1,1,1,1,5048534746,(주)현대백화점 더현대 대구,대구 중구 달구벌대로 2077,,2007002,2711013900,2023-08-26 15:59,1,11600,아메리카노(ICE) ,
f_f010978,2308250014,3,1,1,1,1,5148100279,대덕개발(주),대구 남구 앞산순환로 452,대구 남구 대명동 산 227-1,3007012,2720010300,2023-08-25 20:00,1,12000,(P)왕복(대인) ,
f_f010978,2308250006,1,2,2,1,1,5042868637,군위식당,대구 중구 경상감영길 101,대구 중구 포정동 21-3,4223003,2711014300,2023-08-25 13:21,1,10000,고기밥,
f_f011070,2308280003,1,0,0,1,1,5835600671,오소해장,부산 동구 초량상로 86,부산 동구 초량동 287-1,3006001,2617010100,2023-08-28 12:28,1,17000,,
f_f011070,2308280005,1,0,0,1,1,2250925471,올바릇식당,부산 영도구 해양로247번길 35,부산 영도구 동삼동 201-2,4855753,2620012100,2023-08-28 18:53,1,13000,꼬막일인상,
f_f011070,2308280002,1,1,1,1,1,3758602454,스팟,부산 동구 중앙대로 263,부산 동구 초량동 1147-14,2000010,2617010100,2023-08-28 08:35,1,1500,아메리카노 베이직(ICE),
f_f011070,2308280007,1,2,2,1,1,4011366864,블루뱅황령산점,부산 남구 황령산로 391-39,부산 남구 대연동 산 53-58,3131041,2629010600,2023-08-28 19:38,1,6500,아메리카노 ICE,
f_f011221,2308230006,1,0,0,1,2,6102085070,별채반교동쌈밥,경북 경주시 첨성로 77,,3305057,4713011000,2023-08-23 15:54,1,36000,오리쌈정식,
f_f011221,2308230007,1,0,0,1,2,6638800323,주식회사 바실라,경북 경주시 하동못안길 88,경북 경주시 하동 157-6,4716248,4713013300,2023-08-23 16:22,1,12000,복숭아아이스티,
f_f011221,2308230005,6,0,0,1,2,,경주시시설관리공단,경북 경주시 첨성로49번길 16-2,경북 경주시 사정동 157-1,4716143,4713010900,2023-08-23 14:56,1,1150,주차비,
f_f011221,2308230004,2,1,1,1,2,1092917788,라움공방,경북 경주시 포석로1068번길 11,경북 경주시 황남동 241-9,4716229,4713011000,2023-08-23 14:09,1,4100,엽서 2천;봉투,
f_f011221,2308230004,1,2,2,1,2,3031567511,경주 황금십원빵,경북 경주시 포석로 1083,경북 경주시 황남동 278-1,3305063,4713011000,2023-08-23 14:23,1,3000,,
f_f011221,2308230004,1,2,2,2,2,8635600505,황남옥수수,경북 경주시 포석로 1085,경북 경주시 황남동 276-4,3305063,4713011000,2023-08-23 13:45,1,10000,옥수수크림 ,
f_f011221,2308230004,1,2,2,3,2,1114761068,추억의쫀드기,경북 경주시 포석로 1053,경북 경주시 사정동 128-5,3305063,4713010900,2023-08-23 13:09,1,4000,,
f_f011221,2308230004,1,2,2,4,2,6201874617,황남쫀드기,경북 경주시 포석로1092번길 4,,4716231,4713011000,2023-08-23 13:32,1,3000,쫀드기,
f_f011268,2308300004,1,0,0,1,2,5058515586,삼봉개발(주) 경주월드,경북 경주시 보문로 544,경북 경주시 천군동 191-5,3305021,4713013500,2023-08-30 11:34,1,23000,사이다(캔);소고기비빔밥;냉메밀면,
f_f011268,2308300008,1,0,0,1,2,6180947833,BHC치킨,경북 경주시 태종로685번길 33,경북 경주시 노서동 179-4,4716210,4713010700,2023-08-30 20:49,1,19000,순살바삭클,
f_f011268,2308310003,1,0,0,1,2,1041767771,카페능,경북 경주시 포석로1068번길 3,,4716229,4713011000,2023-08-31 15:43,1,13000,카라멜라떼ICE;딸기우유,
f_f011268,2308310002,3,0,0,1,2,,천마총,경북 경주시 포석로1092번길 4,경북 경주시 황남동 263-2,4716231,4713011000,2023-08-31 15:01,1,6000,입장권 ,
f_f011268,2308300004,1,4,4,2,2,,카페베네,경북 경주시 보문로 544,경북 경주시 천군동 191-5,3305021,4713013500,2023-08-30 14:52,1,12900,쿠키&크림빙수 ,
f_f011303,2308270001,1,0,0,0,4,,형제막국수,646,,,,,1,44000,,4215010100
f_f011303,2308270006,1,0,0,0,4,,박가네숯불껍데기,진리해변길 131,,,,,1,107000,,4215036000
f_f011303,2308260005,1,0,0,1,4,6400802215,홍문어,강원특별자치도 삼척시 근덕면 장호항길 111,강원특별자치도 삼척시 근덕면 장호리 3-1,4472282,5123031034,2023-08-26 15:09,1,47000,문어물회;문어비빔밥;문어숙회(소),
f_f011303,2308260007,1,0,0,1,4,8834000416,얼(Earl),강원특별자치도 삼척시 테마타운길 59,강원특별자치도 삼척시 갈천동 14,4472329,5123010700,2023-08-26 16:28,1,37000,아몬드크림라떼;레몬에이드;휘낭시에;더티초코마들렌,
f_f011303,2308270003,1,0,0,1,4,2018121515,스타벅스,강원특별자치도 강릉시 창해로14번길 40,강원특별자치도 강릉시 견소동 158,4460931,5115011500,2023-08-27 13:16,3,18000,I-T)아메리카노,
f_f011303,2308260009,2,0,0,1,4,8669800391,바다 회 활어,강원특별자치도 삼척시 진주로 12-21,,3224029,5123012000,2023-08-26 19:23,1,55000,,
f_f011303,2308260010,2,0,0,1,4,8951402325,코리엔탈깻잎두마리치킨,강원특별자치도 삼척시 대학로 6-2,강원특별자치도 삼척시 읍중동 4-1,3224004,5123010400,2023-08-26 19:35,1,22800,,
f_f011303,2308270002,2,0,0,1,4,4623001107,오프더월,강원특별자치도 강릉시 토성로 133,강원특별자치도 강릉시 용강동 40-3,3220046,5115010700,2023-08-27 12:20,1,22600,옥수수타르트;보늬밤 타르트;옥수수 푸딩 파르페,
f_f011303,2308260004,3,0,0,1,4,8038702451,장호1리어촌계영어조합법인,강원특별자치도 삼척시 근덕면 장호길 122,,4472278,5123031034,2023-08-26 10:22,1,40000,테이블(하루),
f_f011303,2308270004,3,0,0,1,4,2268310063,오죽헌/시립박물관,강원특별자치도 강릉시 율곡로3139번길 24,강원특별자치도 강릉시 죽헌동 177-4,4460817,5115013300,2023-08-27 15:15,1,2000,입장권,
f_f011303,2308270004,3,0,0,2,4,2268310063,오죽헌/시립박물관,강원특별자치도 강릉시 율곡로3139번길 24,,4460817,5115013300,2023-08-27 15:15,1,9000,입장권 ,
f_f011303,2308260003,2,1,1,1,4,8669800391,바다회활어,강원특별자치도 삼척시 진주로 12-21,,3224029,5123012000,2023-08-26 09:07,1,49000,,
f_f011314,2308270003,6,2,2,0,2,,속초해수욕장 썸머,속초 해수욕장,,,,,3,10000,,4221010800
f_f011314,2308270003,6,6,6,0,2,,속초해수욕장 코인샤워장,속초해수욕장 샤워실,,,,,3,2000,,4221010800
f_f011314,2308270004,1,6,6,1,2,,팔팔순대국,,,,,2023-08-27 14:14,3,18000,,
f_f011314,2308270003,6,7,7,0,2,,포토이즘 박스 속초해변점,해오름로 171 B동 1층 104호,,,,,3,4000,,4221010800
f_f011314,2308270004,6,7,7,0,2,,k팝스타 코인노래연습장 속초중앙로점,금호동 473-98,,,,,3,4000,,4221010400
f_f011314,2308270004,6,8,8,1,2,,,,,,,2023-08-27 14:29,3,7000,도토리 캐리커쳐 1인 ,
f_f011548,2308230004,1,0,0,0,1,,이희성즉석빵,경북 포항시 북구 죽도시장길 11,,,,,5,4500,,4711311600
f_f011548,2308230005,1,0,0,0,1,,동막골수제강정,경북 포항시 북구 죽도시장2길 27 1층  우측,,,,,5,3500,,4711311600
f_f011548,2308230008,1,0,0,1,1,2368702097,오브레멘,경북 포항시 북구 해안로 191-1,,3304045,4711312000,2023-08-23 12:09,1,6500,메리고라운드(ice),
f_f011548,2308230009,1,0,0,1,1,5060497355,환여횟집,경북 포항시 북구 해안로 189,경북 포항시 북구 두호동 1000-23,3304045,4711312000,2023-08-23 15:09,1,17000,물회,
f_f011548,2308230003,1,1,1,0,1,,밀밭분식,경북 포항시 북구 죽도시장9길 8,,,,,5,5000,,4711311600
f_f011719,2308260005,1,0,0,1,2,6901900111,고바우식당,강원특별자치도 강릉시 주문진읍 시장길 43-1,강원특별자치도 강릉시 주문진읍 주문리 312-210,4460615,5115025021,2023-08-26 12:59,1,14000,,
f_f011719,2308260002,1,2,2,1,2,3028507172,옥천(부산)휴게소,충북 옥천군 옥천읍 서대구일로 265-19,,3242017,4373025028,2023-08-26 08:04,1,16000,콩나물밥;송고버섯비빔밥(놀부),
f_f011863,2308260005,1,0,0,1,2,2268124374,MONA ,강원특별자치도 평창군 대관령면 올림픽로 715,,3228021,5176038026,2023-08-26 12:23,1,6000,참치김밥,
f_f011863,2308270003,1,0,0,1,2,5837900461,선재길식당,강원특별자치도 평창군 진부면 오대산로 152,,3228020,5176036027,2023-08-27 12:06,1,42000,,
f_f011863,2308270004,1,0,0,1,2,1268501540,탐앤탐스,경기 여주시 가남읍 화평길 116,경기 여주시 가남읍 본두리 677-2,4442499,4167025032,2023-08-27 14:17,1,5300,청포도 슬러쉬,
f_f011863,2308270002,3,0,0,1,2,2268267609,문화재구역 주차료(월정사),강원특별자치도 평창군 진부면 오대산로 374-8,,3228020,5176036027,2023-08-27 10:00,1,2500,주차비,
f_f011863,2308260004,1,1,1,1,2,2952800747,GS25,강원특별자치도 강릉시 창해로 10,강원특별자치도 강릉시 견소동 287-100,3220043,5115011500,2023-08-26 11:21,1,2500,포카리 ,
f_f011863,2308260005,3,1,1,1,2,,플레이스토리,서울 강남구 언주로 415,서울 강남구 역삼동 721-37,3005086,1168010100,2023-08-26 00:00,3,39600,용평리조트 발왕산케이블카&스카이워크,
f_f011949,2309020004,1,0,0,1,3,2228127156,백두대간 몽토랑 산양목장,강원특별자치도 태백시 효자1길 27-2,,4466248,5119010900,2023-09-02 14:17,1,26000,산양유 블루베리요거트;딸기요거트;산양유아이스크림;베이커리,
f_f011949,2309030002,1,0,0,1,3,2250347191,함백산돌솥밥,강원특별자치도 정선군 고한읍 함백산로 1454-11,,3222015,5177025321,2023-09-03 15:00,1,36000,함백산돌솥밥 ,
f_f011949,2309030003,1,0,0,1,3,2248508959,보은의전설-치악(춘천)방향 휴게소,강원특별자치도 원주시 신림면 다리실2길 32,,4457129,5113039022,2023-09-03 16:35,1,3500,(I)아메리카노,
f_f011949,2309030005,1,0,0,1,3,5630101827,미카도스시,인천 남동구 논고개로123번길 17,인천 남동구 논현동 632-2,4259209,2820011000,2023-09-03 19:42,1,38000,초밥,
f_f011949,2309030001,3,0,0,1,3,2228304308,한국안전체험관,강원특별자치도 태백시 평화길 15,,4466214,5119010200,2023-09-03 09:01,1,0,체험비,
f_f011949,2309030004,6,0,0,1,3,5598200089,문막(인천)주유소,강원특별자치도 원주시 문막읍 개나루길 13,,4457024,5113025028,2023-09-03 17:17,1,112000,주유비 ,
f_f011949,2309030003,1,0,0,2,3,2248508959,치악(춘천)휴게소,강원특별자치도 원주시 신림면 다리실2길 32,,4457129,5113039022,2023-09-03 16:35,1,5000,호두과자5천 ,
f_f011949,2309030001,3,0,0,2,3,2228304308,한국안전체험관,강원특별자치도 태백시 평화길 15,강원특별자치도 태백시 장성동 31-2,4466214,5119010200,2023-09-03 13:24,1,4000,9D VR,
f_f011949,2309030001,3,0,0,3,3,5288701094,(주)코어웍스,서울 송파구 백제고분로17길 52,서울 송파구 잠실동 208-3,4169169,1171010100,2023-08-31 09:33,1,66000,365세이프타운,
f_f011949,2309020004,3,1,1,0,3,,백두대간 몽토랑 산양목장,효자1길 27-2,,,,,3,25000,,4219010900
f_f011949,2309020006,1,1,1,1,3,2280132131,GS25,강원특별자치도 태백시 장성로 35-1,강원특별자치도 태백시 장성동 160-9,3222014,5119010200,2023-09-02 19:08,1,5800,편스오삼불고기;새우탕큰사발;짜파게티범벅;오뚜기치즈볶이,
f_f011949,2309020006,1,1,1,2,3,2220998636,네네치킨,강원특별자치도 태백시 장성로 43-2,강원특별자치도 태백시 장성동 160-20,3222014,5119010200,2023-09-02 18:50,1,20000,,
f_f012113,2308250004,1,0,0,1,4,1268105325,횡성(강릉)휴게소,강원특별자치도 횡성군 안흥면 영동고속도로 154,강원특별자치도 횡성군 안흥면 소사리 1530-1,1000022,5173032026,2023-08-25 21:12,1,17000,닭강정,
f_f012113,2308260002,1,0,0,1,4,5028142903,동해보양온천컨벤션호,강원특별자치도 동해시 동해대로 6285,강원특별자치도 동해시 망상동 396-18,2000023,5117012900,2023-08-26 09:42,1,9000,,
f_f012113,2308260004,1,0,0,1,4,1574000511,거동탕수육,강원특별자치도 동해시 일출로 83,강원특별자치도 동해시 묵호진동 13,3221030,5117012300,2023-08-26 12:58,1,69000,거동M반반;문어쟁반짜장;생맥주;음료캔;통오징어짬뽕,
f_f012113,2308260006,1,0,0,1,4,3705200397,무위,강원특별자치도 동해시 일출로 185,강원특별자치도 동해시 묵호진동 2-5,3221030,5117012300,2023-08-26 16:51,1,24500,아메리카노ICE;기문홍차ICE;스모키얼그레이ICE;패션후르츠에이드,
f_f012113,2308260008,1,0,0,1,4,7670400848,봉평메밀애막국수,강원특별자치도 동해시 동굴로 130,강원특별자치도 동해시 천곡동 961-2,3221015,5117010100,2023-08-26 19:32,1,24000,,
f_f012113,2308260005,3,0,0,1,4,2228301937,동해시청,강원특별자치도 동해시 이기로 97,강원특별자치도 동해시 삼화동 762-6,3221029,5117012400,2023-08-26 13:43,1,104000,무릉별유천지 입장권,
f_f012113,2308260003,2,0,0,2,4,8800302045,영공방,강원특별자치도 동해시 효자로 661,강원특별자치도 동해시 동회동 201-5,3221043,5117010700,2023-08-26 11:50,1,12000,,
f_f012113,2308260005,3,0,0,2,4,2228301937,무릉별유천지,강원특별자치도 동해시 삼화로 380,,3221048,5117012400,2023-08-26 16:09,1,2000,주차비,
f_f012113,2308260003,2,0,0,3,4,8800302045,영공방,강원특별자치도 동해시 효자로 661,강원특별자치도 동해시 동회동 201-5,3221043,5117010700,2023-08-26 11:51,1,12000,,
f_f012113,2308260003,2,0,0,4,4,8800302045,영공방,강원특별자치도 동해시 효자로 661,강원특별자치도 동해시 동회동 201-5,3221043,5117010700,2023-08-26 11:51,1,24000,,
f_f012113,2308260001,1,1,1,1,4,3792800458,이마트24,강원특별자치도 동해시 동해대로 6270-20,강원특별자치도 동해시 망상동 393-36,2000023,5117012900,2023-08-26 02:00,1,7200,트레비라임;토레타페트;모구모구)리치;모구모구)요거트;모구모구)복숭아,
f_f012113,2308250004,2,1,1,1,4,7508502492,CU,서울 강동구 천호대로 1053,,2000008,1174010900,2023-08-25 00:00,1,2000,미네랄워터,
f_f012113,2308260002,2,1,1,1,4,5028142903,동해보양온천컨벤션호텔 여탕,강원특별자치도 동해시 동해대로 6285,강원특별자치도 동해시 망상동 396-18,2000023,5117012900,2023-08-26 08:45,1,8000,,
f_f012113,2308250003,1,2,2,1,4,1187800334,경상도 횟집,강원특별자치도 동해시 일출로 151,강원특별자치도 동해시 묵호진동 2-2,3221030,5117012300,2023-08-25 22:20,1,104800,모듬회문어 숙회,
f_f012113,2308260002,3,2,2,1,4,5028142903,동해보양온천컨벤션호텔 온천,강원특별자치도 동해시 동해대로 6285,강원특별자치도 동해시 망상동 396-18,2000023,5117012900,2023-08-26 08:41,1,84000,,
f_f012113,2308250003,1,3,3,1,4,2220878706,경일슈퍼,강원특별자치도 동해시 동해대로 6271,강원특별자치도 동해시 망상동 360-1,2000023,5117012900,,1,14600,동해밤바다;바다한잔동해;별빛청하;테라 캔;보석얼음,
f_f012113,2308260005,1,3,3,1,4,7742701204,무릉 별유천지 전망카페,강원특별자치도 동해시 이기로 97,,3221029,5117012400,2023-08-26 15:27,1,23000,아이스아메리카노;시멘트아이스크림,
f_f012140,2308310006,1,0,0,0,2,,솔향초당순두부,초당순두부길67,,,,,3,31000,,4215011200
f_f012140,2308310005,1,0,0,1,2,3930201415,346 coffee story,강원특별자치도 강릉시 창해로 348,강원특별자치도 강릉시 강문동 159-34,3220043,5115011300,2023-08-31 13:27,1,15500,카야잼 소금빵;단호박 테린느;두근두근 바,
f_f012140,2308310002,2,1,1,0,2,,스토리웨이 상봉역맞이방편의점,100-9,,,,,1,2500,,1126010200
f_f012140,2308310007,2,1,1,0,2,,상봉역후식,회기로26길15,,,,,3,9000,,1123010800
f_f012204,2308250005,1,1,1,1,2,,원리73,경북 청도군 청도읍 새마을로 904,경북 청도군 청도읍 원리 73,3350737,4782025332,2023-08-25 17:05,1,23500,,
f_f012222,2308250006,3,0,0,0,6,,아이서프,뒷나루 2길 17,,,,,4,300000,,4283035000
f_f012222,2308250004,1,0,0,1,6,2270214587,범바우막국수,강원특별자치도 양양군 강현면 동해대로 3277-22,강원특별자치도 양양군 강현면 용호리 17-1,2000023,5183035037,2023-08-25 11:43,1,54000,,
f_f012222,2308250007,1,0,0,1,6,6652701308,GS25,강원특별자치도 양양군 양양읍 동해대로 2700,,2000023,5183025027,2023-08-25 19:00,1,2900,팔도왕뚜껑대컵;풀)베이컨참마1,
f_f012225,2308260005,1,0,0,0,2,,에그카페24,124-15,,,,,1,4600,,2611012000
f_f012225,2308260003,1,0,0,1,2,6020141600,18번완당집,부산 중구 비프광장로 31,부산 중구 남포동3가 1-1,3125004,2611013800,2023-08-26 10:59,1,19000,,
f_f012225,2308260006,1,0,0,1,2,3752200978,깡돼후 야시장,부산 중구 부평1길 57,부산 중구 부평동2가 75-1,4175175,2611012400,2023-08-26 13:32,1,14000,,
f_f012225,2308260008,1,0,0,1,2,7541702103,미드타운볼,부산 수영구 민락로19번길 19,부산 수영구 민락동 173-14,4214207,2650010300,2023-08-26 17:20,1,41000,제로콜라;칠리콘까르네 밥;립아이 피자M,
f_f012225,2308260009,1,0,0,1,2,1058675358,호텔1,부산 수영구 광안해변로 203,부산 수영구 광안동 196-3,3138005,2650010400,2023-08-26 17:37,1,23600,,
f_f012426,2309110004,1,0,0,1,2,1968103229,주식회사 통나무집숯불닭갈비,강원특별자치도 춘천시 신북읍 신샘밭로 655,강원특별자치도 춘천시 신북읍 천전리 97-5,3218027,5111025022,2023-09-11 13:15,1,35000,,
f_f012426,2309110005,1,0,0,1,2,8118701716,농업회사 법인 밭 주식회사,강원특별자치도 춘천시 신북읍 신샘밭로 674,강원특별자치도 춘천시 신북읍 천전리 99-13,3218027,5111025022,2023-09-11 13:24,1,35700,감자빵 10개입;감자라떼,
f_f012426,2309110003,3,0,0,1,2,,춘천시청 소양강스카이워크,강원특별자치도 춘천시 삭주로 3,강원특별자치도 춘천시 교동 36,3218017,5111012200,2023-09-11 11:48,1,4000,입장권,
f_f012426,2309110007,3,1,1,1,2,2148557846,한화솔루션(주)인사이트 제이드,강원특별자치도 춘천시 남산면 햇골길 80,,4454759,5111040028,2023-09-11 16:19,1,20000,입장권 ,
f_f012536,2308280002,1,0,0,0,1,,들녘,장안로 18-3,,,,,1,8000,,4221010200
f_f012536,2308280009,1,0,0,0,1,,아바이냉면마을,동해대로3978,,,,,1,11000,,4221010800
f_f012536,2308280008,1,0,0,1,1,1884700950,카페새마을,강원특별자치도 속초시 새마을9길 10,,4469126,5121010800,2023-08-28 15:53,1,6500,아이스초코,
f_f012536,2308280003,2,1,1,0,1,,코엘,장사항해안길25 1층,,,,,1,7500,,4221011300
f_f012536,2308280005,1,1,1,1,1,1042292745,녹쟌니,강원특별자치도 속초시 해오름로 171,,3223022,5121010800,2023-08-28 14:08,1,5000,컵_2가지,
f_f012536,2308280010,2,1,1,1,1,2398802545,웨일라잇,강원특별자치도 속초시 청호해안길 2,강원특별자치도 속초시 조양동 1450-143,4469283,5121010800,2023-08-28 18:14,1,18000,대관람차 샌드,
f_f012536,2308280003,2,2,2,1,1,8740402635,세븐일레븐,강원특별자치도 속초시 장사항해안길 27,강원특별자치도 속초시 장사동 577-30,4469192,5121011300,2023-08-28 12:09,1,3250,PB)아침햇살흑미;광동)제주삼다수,
f_f012595,2308260009,2,0,0,0,2,,페이퍼가든,312-1 2층,,,,,5,13800,,2623010200
f_f012595,2308260002,1,0,0,1,2,1268105325,CU,경북 청도군 청도읍 하지길 59-49,경북 청도군 청도읍 거연리 958,4757491,4782025333,2023-08-26 08:57,1,5000,핫식스더킹파워캔;로스터에스프레,
f_f012595,2308260004,1,0,0,1,2,3302400590,목촌돼지국밥,부산 영도구 태종로 692-5,부산 영도구 동삼동 681-26,3006003,2620012100,2023-08-26 13:12,3,20000,돼지국밥;사이다,
f_f012595,2308260005,1,0,0,1,2,2811302252,브레드 밋 파리,부산 영도구 청학로37번길 22,부산 영도구 청학동 429-2,4853696,2620012000,2023-08-26 13:33,1,16600,돌체라떼 ice;말차라떼 ice;에그타르트 ,
f_f012595,2308270001,1,0,0,1,2,6050682041,포항돼지국밥,부산 부산진구 서면로68번길 25,부산 부산진구 부전동 255-13,4187416,2623010300,2023-08-27 10:53,1,20000,,
f_f012595,2308270002,1,0,0,1,2,7778502202,(주)케이엘디엔씨(아테네학당),부산 중구 대청로 63,부산 중구 보수동1가 133-2,3125010,2611012000,2023-08-27 11:38,1,14600,ICE 돌체라떼;ICE 아메리카노;소금빵,
f_f012595,2308260002,1,0,0,2,2,1268105325,청도(부산)휴게소,경북 청도군 청도읍 하지길 59-49,경북 청도군 청도읍 거연리 958,4757491,4782025333,2023-08-26 08:58,1,17000,특판)롱닭꼬치;특판)직화순살닭꼬치;특판)닭강정,
f_f012595,2308260003,2,3,3,1,2,8248102515,상상마당부산,부산 부산진구 서면로 39,부산 부산진구 부전동 521-1,3129025,2623010300,2023-08-26 11:26,1,48100,도록;마당봉투;하드케이스 아이폰13pro01;투명포토카드_06,
f_f012595,2308260003,3,4,4,1,2,,미디어앤아트,서울 성동구 아차산로17길 49,,4109391,1120011500,2023-08-26 10:25,1,30000,입장권 ,
f_f012624,2308310003,1,0,0,1,2,6011351317,등촌칼국수,대구 중구 중앙대로 406-14,대구 중구 남일동 94-1,2007001,2711011700,2023-08-31 12:22,1,30000,,
f_f012624,2308310006,1,0,0,1,2,5012347512,오가닉 모가,대구 중구 동덕로 48-5,대구 중구 대봉동 40-17,3141005,2711015700,2023-08-31 17:57,1,14000,수박주스;소르베,
f_f012624,2308310007,1,0,0,1,2,6430201718,걸리버막창동성로점,대구 중구 동성로3길 32-20,대구 중구 삼덕동1가 29-4,4223085,2711010500,2023-08-31 20:09,1,50000,,
f_f012624,2309010002,1,0,0,1,2,5011042045,삼송제시카즈베이커리,경기 안산시 단원구 중앙대로 397,경기 안산시 단원구 신길동 1687,2190002,4127310300,2023-09-01 12:11,1,5600,통옥수수빵;먹물빵,
f_f012624,2309010004,1,0,0,1,2,1382700961,태산만두,대구 중구 달구벌대로 2109-32,대구 중구 덕산동 124-10,2007002,2711011200,2023-09-01 14:40,1,16000,,
f_f012624,2308310004,3,0,0,1,2,5023098782,수성레이크보트,대구 수성구 용학로 45,대구 수성구 두산동 926-3,3146020,2726011100,2023-08-31 14:51,1,15000,,
f_f012624,2308310002,6,1,1,1,2,2208742885,주식회사 야놀자,서울 강남구 테헤란로108길 42,서울 강남구 대치동 1003,4166713,1168010600,2023-08-27 00:00,1,50000,대구 동성로 뷰티크호텔 에오스(EOS) ,
f_f012624,2309010005,1,2,2,1,2,5978800216,PIPER,대구 북구 호국로 300-22,대구 북구 서변동 495-9,3018037,2723011500,2023-09-01 15:21,1,13000,(ICED)아메리카노;큐컴버 모히또,
f_f012639,2309070003,1,0,0,1,1,,몬베튼,부산 부산진구 서전로58번길 62,부산 부산진구 전포동 312-25,4187425,2623010200,2023-09-07 13:16,1,13000,,
f_f012639,2309070006,1,0,0,1,1,,꾸오이,,,,,2023-09-07 14:19,3,6000,,
f_f012639,2309070004,2,0,0,1,1,1740401502,마벨미뇽,부산 부산진구 서전로58번길 94,,4187425,2623010200,2023-09-07 13:44,1,3000,mood postcard;엽서_김녕1,
f_f012639,2309070007,2,1,1,1,1,,포셋 전포,부산 부산진구 전포대로223번길 20,부산 부산진구 전포동 671-1,4187667,2623010200,2023-09-07 14:52,3,5000,,
f_f012639,2309070008,2,2,2,1,1,8248102515,상상마당_갤러리매장POS,부산 부산진구 서면로 39,부산 부산진구 부전동 521-1,3129025,2623010300,2023-09-07 15:40,1,2000,요시고-엽서 13 ,
f_f012649,2309020009,1,0,0,0,2,,어구어 숯불구이,풍물시장 내 야시장 상점,,,,,3,15000,,4211012100
f_f012649,2309020004,2,0,0,0,2,,전병전문점,풍물시장 내,,,,,3,10000,,4211012100
f_f012649,2309020005,1,0,0,1,2,1162101274,온이,강원특별자치도 춘천시 영서로 2297,강원특별자치도 춘천시 온의동 152-23,3013022,5111012100,2023-09-02 12:12,1,10800,카페 라떼(ICE);오미자 크림 라떼,
f_f012649,2309020007,1,0,0,1,2,1688701214,(주)스퀴즈브루어리,강원특별자치도 춘천시 공지로 353,강원특별자치도 춘천시 효자동 685-10,3218003,5111011200,2023-09-02 17:07,1,65000,,
f_f012649,2309020008,1,0,0,1,2,6144500697,감자아일랜드,강원특별자치도 춘천시 사우로 163,강원특별자치도 춘천시 우두동 167-7,3218016,5111011800,2023-09-02 18:57,1,53900,감자옹뇨미;감자 맥주;춘천 필스너;단팥 맥주;3알(2알+1알),
f_f012755,2308260005,6,0,0,0,2,,포토인더박스 동성로점,대구 중구 동성로5길 44,,,,,1,4000,,2711010500
f_f012755,2308260002,1,0,0,1,2,7787200416,몬도카츠,대구 중구 남성로 40-1,대구 중구 남성로 102-1,3141002,2711013700,2023-08-26 13:22,1,31000,특로스카츠 정식(밥);경양식카츠,
f_f012755,2308260004,1,0,0,1,2,5490401521,굿데이마마,대구 중구 달구벌대로401길 1,대구 중구 동산동 681,4223049,2711014000,2023-08-26 15:06,1,18000,Flat White(ICE);cream milk tea;순우유메론,
f_f012755,2308260006,1,0,0,1,2,4028701429,레드버튼,대구 중구 동성로5길 25,,4223087,2711010500,2023-08-26 17:58,1,16400,치킨 포테이토 세트;선택: 슈프림 치킨 변경;선택:치킨 [L] 사이즈 변경;선택:허니버터갈릭변경,
f_f012755,2308260006,6,1,1,1,2,4028701429,레드버튼,대구 중구 동성로5길 25,대구 중구 삼덕동1가 5-2,4223087,2711010500,2023-08-26 22:21,1,27000,입장권,
f_f012755,2308260006,1,2,2,1,2,4028701429,레드버튼,대구 중구 동성로5길 25,,4223087,2711010500,2023-08-26 19:03,1,5000,제로콜라,
f_f012755,2308260003,2,2,2,1,2,5048534746,현대백화점 대구점,대구 중구 달구벌대로 2077,,2007002,2711013900,2023-08-26 13:49,1,20300,프라임타임(오벤져스),
f_f012755,2308260003,2,4,4,1,2,5048534746,(주)현대백화점 더현대 대구,대구 중구 달구벌대로 2077,,2007002,2711013900,2023-08-26 14:15,1,47000,우주먼지(캐릭플레이스),
f_f012889,2309100015,1,0,0,0,1,,카페아를,사정로 50번길 11-3 1층,,,,,3,20000,,4713010900
f_f012889,2309100007,1,0,0,1,1,5050242493,고향밀면,경북 경주시 태종로791번길 7,경북 경주시 황오동 331-4,4716215,4713010500,2023-09-10 11:22,1,14000,물밀면(소);찐만두 ,
f_f012889,2309100008,1,0,0,1,1,5248701995,어마무시(커피),경북 경주시 양정로 41-13,경북 경주시 인왕동 538-9,3305041,4713011200,2023-09-10 12:23,1,5000,아메리카노(ICE) ,
f_f012946,2309100008,1,0,0,0,1,,노벰버,포석로 1051,,,,,1,11500,,4713010900
f_f012946,2309100006,6,0,0,0,1,,제일포토,포석로 1079길 6,,,,,1,25000,,4713010900
f_f012946,2309100004,1,0,0,1,1,3617100093,카페오하이,경북 경주시 포석로 1070,경북 경주시 황남동 302-2,3305063,4713011000,2023-09-10 09:41,1,10800,아메리카노(ICE);콜드브루(ICE),
f_f012946,2309100005,1,0,0,1,1,5414200516,향화정,경북 경주시 사정로57번길 17,경북 경주시 사정동 7,4715587,4713010900,2023-09-10 12:22,1,28000,경주육회물회;경주육회비빔밥;공기밥,
f_f012946,2309100007,1,1,1,0,1,,황금십원빵 본점,포석로 1075 황금십원빵 본점,,,,,1,3000,,4713011000
f_f012957,2308290002,1,0,0,1,2,5120952829,연화덮밥,부산 부산진구 서면로 39,부산 부산진구 부전동 521-1,3129025,2623010300,2023-08-29 14:25,1,25020,부채살 스테이크 간장 덮밥;동파육 카레 덮밥,
f_f012957,2308290005,1,0,0,1,2,6812300211,모던테이블,부산 부산진구 중앙대로680번길 45-9,부산 부산진구 부전동 220-1,4187686,2623010300,2023-08-29 18:15,1,22300,피스타치오 와플 A SET(디카페인),
f_f012976,2309090004,1,0,0,0,2,,덴켄,182-1,,,,,1,18500,,4215011300
f_f012976,2309090003,1,0,0,1,2,3520701030,강릉불고기,강원특별자치도 강릉시 초당순두부길 2,,4460947,5115011200,2023-09-09 14:47,1,59000,한우불고기;소주;맥주,
f_f012976,2309090006,1,0,0,1,2,7524400537,오봉이해물칼국수,강원특별자치도 강릉시 창해로 461,,3220043,5115011300,2023-09-09 19:45,1,64000,참이슬;오봉이해물칼국수 2인;초당 삼색두부;칠성제로사이다,
f_f012976,2309100002,1,0,0,1,2,1490202535,김우정초당짬뽕순두부본점,강원특별자치도 강릉시 초당순두부길 102,강원특별자치도 강릉시 초당동 5-3,4460947,5115011200,2023-09-10 13:21,1,48000,,
f_f012976,2309090007,1,1,1,1,2,,이마트24,강원특별자치도 강릉시 창해로 491,,3220043,5115011300,2023-09-09 21:32,1,4700,,
f_f012976,2309100004,2,1,1,1,2,2212563167,강릉중화짬뽕빵,강원특별자치도 강릉시 금성로13번길 17,강원특별자치도 강릉시 성남동 51-106,4460218,5115010800,2023-09-10 14:47,1,27000,불2크림2잡채2,
f_f012976,2309090007,1,1,1,2,2,,이마트24,강원특별자치도 강릉시 창해로 491,,3220043,5115011300,2023-09-09 21:35,1,3400,,
f_f012976,2309090007,1,1,1,3,2,,GS25,강원특별자치도 강릉시 경포로475번길 42,강원특별자치도 강릉시 안현동 860,4460153,5115013800,2023-09-09 20:10,1,9100,,
f_f012976,2309090007,1,1,1,4,2,,이마트24,강원특별자치도 강릉시 창해로 491,,3220043,5115011300,2023-09-09 21:22,1,16700,,
f_f012976,2309090007,1,1,1,5,2,,CU,강원특별자치도 강릉시 해안로 476,강원특별자치도 강릉시 강문동 258-4,3220050,5115011300,2023-09-09 23:31,1,4400,,
f_f012987,2308300002,1,0,0,1,3,2268210431,강원양돈농협하나로마트,강원특별자치도 강릉시 성덕로 277,강원특별자치도 강릉시 입암동 183-2,3220016,5115012500,2023-08-30 17:18,1,33040,제주삼다수 2L;코카콜라(1.5L펫);팔도도시락면;고기전용 쌈장,
f_f012987,2308300003,1,0,0,1,3,1338122244,가평(춘천)휴게소,경기 가평군 설악면 미사리로540번길 51,경기 가평군 설악면 미사리 149-4,4448077,4182031026,2023-08-30 12:08,1,4500,사각꼬치어묵(2개입),
f_f012987,2308300004,1,0,0,1,3,7417500259,태광회식당,강원특별자치도 강릉시 창해로 382,,3220043,5115011300,2023-08-30 15:57,1,41000,모듬물회;공기밥 ,
f_f012987,2308310003,1,0,0,1,3,6813101234,굴리아케이크,강원특별자치도 강릉시 금성로13번길 1,강원특별자치도 강릉시 금학동 4-5,4460218,5115010600,2023-08-31 13:51,1,3000,할인 (ICE)아메리카노,
f_f012987,2308310004,2,0,0,1,3,5861901301,가평휴게소하이샵,경기 가평군 설악면 미사리로 544,,3216014,4182031026,2023-08-31 17:03,1,10000,,
f_f012987,2308300003,1,0,0,2,3,1338122244,가평(춘천)휴게소,경기 가평군 설악면 미사리로540번길 51,경기 가평군 설악면 미사리 149-4,4448077,4182031026,2023-08-30 12:09,1,4500,마성떡볶이,
f_f012987,2308300003,1,0,0,3,3,1338122244,가평(춘천)휴게소,경기 가평군 설악면 미사리로540번길 51,경기 가평군 설악면 미사리 149-4,4448077,4182031026,2023-08-30 12:14,1,5000,통감자,
f_f012987,2308300003,1,0,0,4,3,1338122244,가평(춘천)휴게소,경기 가평군 설악면 미사리로540번길 51,,4448077,4182031026,2023-08-30 12:24,1,4000,신토)콜팝치킨,
f_f012987,2308310002,1,1,1,1,3,6838601813,순두부젤라또,강원특별자치도 강릉시 초당순두부길 95-5,강원특별자치도 강릉시 초당동 354-4,4460947,5115011200,2023-08-31 12:29,1,4000,,
f_f012987,2308310004,1,1,1,1,3,1338122244,가평(서울)휴게소,경기 가평군 설악면 미사리로 541,경기 가평군 설악면 미사리 269-1,3216014,4182031026,2023-08-31 17:05,1,6000,호두잣과자,
f_f012987,2308310003,2,1,1,1,3,2502201926,배니닭강정,강원특별자치도 강릉시 금성로13번길 3-1,강원특별자치도 강릉시 성남동 51-119,4460218,5115010800,2023-08-31 13:34,1,22000,,
f_f012987,2308310003,2,2,2,0,3,,티각태각,금성로 13번길12,,,,,5,10000,,4215010800
f_f013057,2308260002,1,0,0,1,4,5088504448,군위(춘천)휴게소,대구 군위군 군위읍 경북대로 4084,대구 군위군 군위읍 오곡리 산 66-2,2018002,2772025031,2023-08-26 13:35,1,6500,의성마늘라면;한식공기밥,
f_f013057,2308260007,2,0,0,1,4,4419201879,영덕대게센타,경북 영덕군 강구면 영덕대게로 108-1,경북 영덕군 강구면 강구리 253-3,3318005,4777031031,2023-08-26 17:07,1,70000,,
f_f013057,2308260003,2,0,0,2,4,5078204008,강구농협 하나로마트,경북 영덕군 강구면 강구시장길 40-6,경북 영덕군 강구면 오포리 555-7,4754018,4777031032,2023-08-26 15:30,1,145380,포카리스웨트펫트;일회용수저;대호고급나무젓가락;부대찌개;테라(캔),
f_f013167,2308260003,1,0,0,1,2,4563400149,카페윤,부산 기장군 기장읍 기장해안로 34-16,부산 기장군 기장읍 시랑리 631,3140057,2671025033,2023-08-26 13:20,1,19000,아몬드크림치즈 베이글;[ICE]라이트 아메리카노;오미자에이드,
f_f013167,2308260005,1,0,0,1,2,4933400172,부부횟집,부산 기장군 기장읍 차성로 410,부산 기장군 기장읍 교리 332-1,3140052,2671025022,2023-08-26 20:12,1,58000,,
f_f013167,2308270001,1,0,0,1,2,5402900848,딤타오,부산 해운대구 우동1로 25-5,부산 해운대구 우동 495-6,3133030,2635010500,2023-08-27 12:10,1,37500,매운완탕면;가지튀김;부추새우교자;자스민티;차슈바오번,
f_f013167,2308270002,1,0,0,1,2,2738501579,문화의물결 까사 부사안노,부산 해운대구 구남로 17-1,부산 해운대구 우동 618-15,3132002,2635010500,2023-08-27 12:49,1,7500,busano espresso;레몬크림샷,
f_f013167,2308270005,1,0,0,1,2,3068517600,수변최고돼지국밥,부산 수영구 광안해변로370번길 9-32,부산 수영구 민락동 110-54,4214081,2650010300,2023-08-27 18:41,1,28000,항정국밥;항정수백;콜라,
f_f013167,2308260004,2,0,0,1,2,,동부산롯데몰,부산 기장군 기장읍 기장해안로 147,부산 기장군 기장읍 당사리 524,3140057,2671025032,2023-08-26 16:52,1,40000,CTN PQE PLO SS RLX PLO(26S);W CTN DNM SHRTS,
f_f013167,2308270004,3,0,0,1,2,2598700262,해운대블루라인(주),부산 해운대구 청사포로 116,,3133042,2635010600,2023-08-27 00:00,1,0,탑승권 ,
f_f013167,2308270004,3,0,0,2,2,,해운대블루라인파크,부산 해운대구 청사포로 116,부산 해운대구 중동 555-2,3133042,2635010600,2023-08-27 15:30,1,0,탑승권,
f_f013167,2308270003,1,1,1,1,2,6298501660,카페미뇽,부산 해운대구 청사포로 116,,3133042,2635010600,2023-08-27 14:38,1,8500,,
f_f013167,2308260002,6,7,7,1,2,6212268639,기장해동용궁사(일반),부산 기장군 기장읍 용궁길 57,부산 기장군 기장읍 시랑리 415,4220172,2671025033,2023-08-26 12:57,1,2000,주차비,
f_f013202,2308260002,1,0,0,1,1,5334200908,빽다방,강원특별자치도 원주시 지정면 소금산길 22,,4457367,5113033021,2023-08-26 09:03,1,2000,아메리카노(ICED) ,
f_f013202,2308260005,1,0,0,1,1,1011992881,모멘도르,강원특별자치도 원주시 지정면 송정로 192,강원특별자치도 원주시 지정면 월송리 67,3219034,5113033026,2023-08-26 14:43,1,7000,콘라떼,
f_f013202,2308260006,1,0,0,1,1,6428502212,온센여주신세계아울렛점,경기 여주시 명품로 360,,3214025,4167011200,2023-08-26 17:55,1,10900,온센텐동,
f_f013202,2308260003,3,0,0,1,1,,MUSEUM,,,,,2023-08-26 11:42,1,22000,입장권,
f_f013202,2308260006,2,1,1,1,1,1268561500,여주프리미엄아울렛,경기 여주시 명품로 360,,3214025,4167011200,2023-08-26 18:26,1,79000,탠디,
f_f013202,2308260002,3,2,2,1,1,7738200308,간현관광지,강원특별자치도 원주시 지정면 소금산길 12,,4457367,5113033021,2023-08-26 09:14,1,9000,입장권 ,
f_f013320,2308280004,1,0,0,0,1,,커피커퍼박물관,146-7,,,,,1,5000,,4215011300
f_f013320,2308270006,1,0,0,1,1,2261214910,강릉수제어묵고로케,강원특별자치도 강릉시 금성로13번길 8,강원특별자치도 강릉시 성남동 53-1,4460218,5115010800,2023-08-27 15:52,1,3000,,
f_f013320,2308270007,1,0,0,1,1,2480402947,교동김밥,강원특별자치도 강릉시 율곡로 2866,강원특별자치도 강릉시 교동 156-69,3220032,5115011000,2023-08-27 16:49,1,5000,,
f_f013320,2308280002,1,0,0,1,1,6688802229,주식회사 툇마루,강원특별자치도 강릉시 난설헌로 232,강원특별자치도 강릉시 초당동 355,3220009,5115011200,2023-08-28 12:07,1,6000,툇마루커피 ,
f_f013320,2308280003,1,0,0,1,1,4418101999,주식회사 동화가든원조짬순,강원특별자치도 강릉시 초당순두부길77번길 15,강원특별자치도 강릉시 초당동 309-1,4460952,5115011200,2023-08-28 14:11,1,13000,,
f_f013320,2308270005,2,0,0,1,1,4598602408,만동제과,강원특별자치도 강릉시 금성로 6,강원특별자치도 강릉시 옥천동 62-3,3220007,5115010900,2023-08-27 15:34,1,13000,마늘바게트,
f_f013320,2308270003,2,1,1,1,1,1068123498,롯데리아,서울 용산구 한강대로 405,서울 용산구 동자동 43-205,2005005,1117010700,2023-08-27 12:55,1,2500,아이스아메리카노,
f_f013320,2308270003,2,2,2,1,1,1101733602,아리랑,서울 용산구 청파로 378,,3101023,1117010700,2023-08-27 12:52,1,3000,호두,
f_f013320,2308270006,1,3,3,0,1,,오징어순대나라,51-126,,,,,5,15000,,4215010800
f_f013422,2309090003,1,0,0,1,2,8085100314,해미가,강원특별자치도 강릉시 솔올로 103,강원특별자치도 강릉시 교동 1807-2,3220019,5115011000,2023-09-09 11:55,1,38000,물회2인분,
f_f013422,2309090004,1,0,0,1,2,4960702697,고래빵집,강원특별자치도 강릉시 율곡로 2848,강원특별자치도 강릉시 옥천동 145-2,3220032,5115010900,2023-09-09 12:45,1,12500,고래에이드;아메리카노ICE,
f_f013422,2309090006,1,0,0,1,2,7906900283,강릉 조개랑 대게랑,강원특별자치도 강릉시 창해로 13,강원특별자치도 강릉시 견소동 268-48,3220043,5115011500,2023-09-09 19:43,1,155000,2인(조개구이);새로;음료;가리비구이,
f_f013422,2309100001,1,0,0,1,2,2161019874,강문떡갈비,강원특별자치도 강릉시 창해로 360-1,강원특별자치도 강릉시 강문동 172,3220043,5115011300,2023-09-10 11:58,1,34000,,
f_f013422,2309100003,1,0,0,1,2,2018121515,스타벅스,강원특별자치도 강릉시 창해로350번길 3,강원특별자치도 강릉시 강문동 182-2,4460933,5115011300,2023-09-10 13:15,1,13200,G)시크릿강원;I-T)오렌지FYT,
f_f013422,2309100007,1,0,0,1,2,2261181843,강릉꼬막집 독도네본점,강원특별자치도 강릉시 옥천로 47,,3220025,5115010900,2023-09-10 19:33,1,53000,,
f_f013422,2309100004,2,0,0,1,2,7546200347,유리알유희,강원특별자치도 강릉시 창해로 351-2,강원특별자치도 강릉시 강문동 154-5,3220043,5115011300,2023-09-10 15:21,1,15500,자석;책갈피 투명(대),
f_f013460,2308310002,1,0,0,1,3,1338122244,가평(춘천)휴게소,경기 가평군 설악면 미사리로540번길 51,경기 가평군 설악면 미사리 149-4,4448077,4182031026,2023-08-31 08:30,1,7500,새우튀김우동,
f_f013460,2308310004,1,0,0,1,3,8322100867,평창송어,경기 양평군 용문면 지평로 1-6,경기 양평군 용문면 광탄리 164-3,3217025,4183040027,2023-08-31 20:30,1,32000,,
f_f013460,2308310002,1,0,0,2,3,8268501295,던킨,경기 가평군 설악면 미사리로540번길 51,,4448077,4182031026,2023-08-31 09:07,1,4100,아이스 아메리카노,
f_f013460,2308310002,1,0,0,3,3,8268501295,던킨,경기 가평군 설악면 미사리로540번길 51,경기 가평군 설악면 미사리 149-4,4448077,4182031026,2023-08-31 09:09,1,1500,페이머스글레이즈드,
f_f013493,2309020002,1,0,0,1,1,1338122244,가평(춘천)휴게소,경기 가평군 설악면 미사리로540번길 51,,4448077,4182031026,2023-09-02 08:47,1,20000,가평잣소고기국밥 ,
f_f013493,2309020004,1,0,0,1,1,8971701075,팔봉산메밀촌막국수,강원특별자치도 홍천군 서면 팔봉산로 967,강원특별자치도 홍천군 서면 반곡리 3-8,3225051,5172037021,2023-09-02 14:53,1,22000,,
f_f013493,2309020003,2,1,1,1,1,2238303199,팔봉산관리사무소,강원특별자치도 홍천군 서면 한치골길 1124,,4475627,5172037022,2023-09-02 10:26,1,3000,,
f_f013942,2308300005,1,0,0,0,6,,오빠야횟집,중동 1379-4,,,,,1,84000,,2635010600
f_f013942,2308310001,1,0,0,0,6,,HEYDAY,524-5,,,,,1,15500,,2635010500
f_f013942,2308300004,1,0,0,1,6,2018121515,스타벅스,부산 수영구 광안로62번길 39,부산 수영구 광안동 193-4,4214065,2650010400,2023-08-30 18:16,3,5700,T)자몽허니블랙티 ,
f_f013942,2308310002,1,0,0,1,6,2018132195,(주)신세계,부산 해운대구 센텀남대로 35,부산 해운대구 우동 1495,2133001,2635010500,2023-08-31 11:42,1,5000,IM 대표단품코드,
f_f013942,2308310003,1,0,0,1,6,6470202529,차선책,부산 수영구 광안해변로 237,부산 수영구 민락동 179-11,3138005,2650010300,2023-08-31 14:57,1,7500,밀크티초코갸또,
f_f013942,2308310004,1,0,0,1,6,1078657147,(주)코레일유통주식회사 푸드코트,부산 동구 중앙대로 206,부산 동구 초량동 1187-1,2000010,2617010100,2023-08-31 17:41,1,8500,어묵우동 ,
f_f013942,2308310002,2,1,1,1,6,2018132195,(주)신세계,부산 해운대구 센텀남대로 35,부산 해운대구 우동 1495,2133001,2635010500,2023-08-31 13:49,1,5000,펭수행사 대표코드,
f_f014045,2309050007,3,0,0,0,1,,갯배선착장,중앙동 482-17,,,,,3,500,,4221010300
f_f014045,2309050006,1,0,0,1,1,4980500518,단천식당,강원특별자치도 속초시 아바이마을길 17,강원특별자치도 속초시 청호동 842,4469151,5121010900,2023-09-05 11:00,1,31000,,
f_f014045,2309050008,1,0,0,1,1,2205100533,강원도막걸리빵,강원특별자치도 속초시 중앙시장로6길 14,,4469248,5121010300,2023-09-05 11:42,1,5000,,
f_f014045,2309050009,1,0,0,1,1,2159362390,11호 일광호,강원특별자치도 속초시 설악금강대교로 206,강원특별자치도 속초시 동명동 383-1,3223027,5121010200,2023-09-05 13:09,1,39000,,
f_f014045,2309050012,2,0,0,1,1,2270575440,만석닭강정,강원특별자치도 속초시 청초호반로 72,강원특별자치도 속초시 조양동 1549-2,3223018,5121010800,2023-09-05 18:40,1,20000,보통맛(순살) ,
f_f014097,2309090003,1,0,0,1,2,6131161361,우리식당,경남 남해군 삼동면 동부대로1876번가길 1,경남 남해군 삼동면 지족리 288-5,4829192,4884033022,2023-09-09 15:38,1,26000,,
f_f014097,2309090005,1,0,0,1,2,4050474137,카페 샘성,경남 남해군 삼동면 죽방로 24,경남 남해군 삼동면 지족리 291-12,3343033,4884033022,2023-09-09 15:47,1,9000,카페라떼(ICE);유자에이드,
f_f014097,2309100002,1,0,0,1,2,6132358888,램스하우스,경남 남해군 삼동면 동부대로 1078,경남 남해군 삼동면 물건리 373,2343002,4884033026,2023-09-10 11:40,1,48600,프렌치 랙 스테이크;남해 시금치 크림 파스타;청귤에이드,
f_f014097,2309100003,1,0,0,1,2,8738601809,주식회사 돌창고,경남 남해군 삼동면 봉화로 538,경남 남해군 삼동면 영지리 1197-10,3343019,4884033021,2023-09-10 12:24,1,4700,토판염 브라우니 ,
f_f014097,2309100007,1,0,0,1,2,2356700235,카페 톨,경남 남해군 남면 남면로679번길 17-39,경남 남해군 남면 홍현리 918-13,4829064,4884035023,2023-09-10 15:28,1,15000,(시즌단품)유자스무디;1톨 아아,
f_f014097,2309090007,2,0,0,1,2,8221400732,독일전통빵,경남 남해군 삼동면 독일로 35,경남 남해군 삼동면 물건리 235-30,3343011,4884033026,2023-09-09 17:43,1,16000,마이빅팻 ,
f_f014097,2309100003,1,0,0,2,2,8738601809,주식회사 돌창고,경남 남해군 삼동면 봉화로 538,경남 남해군 삼동면 영지리 1197-10,3343019,4884033021,2023-09-10 12:05,1,16000,이파리빵;ice 라떼;ice 아메리카노,
f_f014097,2309090007,2,0,0,2,2,2111165026,베를리너,경남 남해군 삼동면 독일로 67,경남 남해군 삼동면 물건리 1168,3343011,4884033026,2023-09-09 17:36,1,23000,벨텐부르거헬레바이쎄;그리시니 올리브;튀링어,
f_f014104,2309030002,1,0,0,1,5,2083764429,디저트39,경남 고성군 회화면 회진로 517,,3329070,4882040023,2023-09-03 11:24,1,16600,청포도스무디;카페라떼;소시지크로아상,
f_f014131,2309020007,1,0,0,0,3,,여량농협하나로마트나전점,북평중앙로 41,,,,,1,50399,,4277034000
f_f014131,2309020003,1,0,0,1,3,2240570941,솔밭상회,강원특별자치도 원주시 소초면 구룡사로 425,,3219007,5113031028,2023-09-02 12:13,1,46000,,
f_f014131,2309030003,1,0,0,1,3,7257200241,이병태의 함흥냉면,서울 은평구 서오릉로 12,서울 은평구 녹번동 83-26,3000007,1138010200,2023-09-03 16:23,1,45000,회냉면;비빔냉면;만두,
f_f014131,2309020002,2,0,0,1,3,2248208865,대한불교조계종구룡사매점,강원특별자치도 원주시 소초면 구룡사로 500,강원특별자치도 원주시 소초면 학곡리 1016,3219007,5113031028,2023-09-02 10:33,3,12000,손수건,
f_f014131,2309020005,2,0,0,1,3,6068232233,여량 농협하나로마트 나전점,강원특별자치도 정선군 북평면 북평중앙로 41,,3229018,5177034022,2023-09-02 16:08,1,50399,오겹살;삼겹살;강원평창수;농협 우리샘물 수;클라우드 생 드래프트,
f_f014134,2308290006,2,0,0,1,2,4373401263,부산샌드,부산 해운대구 우동1로 13-29,부산 해운대구 우동 497-15,3133030,2635010500,2023-08-29 14:31,1,17000,부산샌드,
f_f014134,2308290008,2,0,0,1,2,1078657147,스토리웨이,부산 동구 중앙대로196번길 16-8,부산 동구 초량동 1203-5,4181413,2617010100,2023-08-29 17:09,1,1800,코카)레몬에이드펫,
f_f014134,2308290007,3,0,0,1,2,2299502191,명상철학관,부산 해운대구 송정중앙로27번길 46,부산 해운대구 송정동 194-1,4199094,2635010800,2023-08-29 15:36,1,20000,,
f_f014134,2308290007,1,1,1,1,2,6173678644,미스공구슬떡볶이,부산 해운대구 구남로 43,부산 해운대구 중동 1392-7,3132002,2635010600,2023-08-29 15:42,1,3500,,
f_f014134,2308290004,1,2,2,1,2,7265100763,극동돼지국밥,부산 수영구 광안해변로 153,부산 수영구 광안동 204-13,3138005,2650010400,2023-08-29 13:30,1,20000,돼지국밥;살코기국밥,
f_f014140,2309010003,1,0,0,0,2,,50년 원조집,35-33번지,,,,,5,12000,,2611012300
f_f014140,2309020001,1,0,0,1,2,6728601619,이재모피자,부산 중구 광복중앙로 31,부산 중구 신창동1가 2-1,3125002,2611012700,2023-09-02 11:40,1,31000,,
f_f014140,2309020004,1,0,0,1,2,3943700968,유동커피,부산 중구 광복로55번길 8,부산 중구 창선동1가 6-1,4175013,2611013100,2023-09-02 13:57,1,12500,딸기 크리미;해운대커피,
f_f014140,2309020010,1,0,0,1,2,6218537733,롯데쇼핑(주) 롯데몰,부산 기장군 기장읍 기장해안로 147,부산 기장군 기장읍 당사리 524,3140057,2671025032,2023-09-02 19:52,1,12000,고등어구이 ,
f_f014140,2309010004,2,0,0,1,2,8098101574,CJ올리브영(주),부산 중구 비프광장로 36,부산 중구 남포동5가 18-1,3125004,2611014000,2023-09-01 22:07,1,15300,무지개맨션 오브제 워터,
f_f014140,2309020002,2,0,0,1,2,6020359803,피카,부산 중구 광복중앙로 32,부산 중구 대청동2가 32-2,3125002,2611011700,2023-09-02 12:39,1,44000,,
f_f014140,2309020003,2,0,0,1,2,6594400392,가진혼수이불,부산 중구 광복로35번길 25-3,부산 중구 신창동3가 33-3,4175008,2611012900,2023-09-02 13:14,1,210000,,
f_f014140,2309020009,2,0,0,1,2,2798102753,주식회사코리안클로딩,부산 부산진구 중앙대로702번길 50,부산 부산진구 부전동 169-2,4187690,2623010300,2023-09-02 17:44,1,18000,롤리SET/카,
f_f014140,2309020010,1,2,2,0,2,,부타동,524,,,,,1,13400,,2671025032
f_f014163,2308300010,1,0,0,1,1,1323800687,한끼밥집,강원특별자치도 강릉시 창해로14번길 22-1,강원특별자치도 강릉시 견소동 287-76,4460931,5115011500,2023-08-30 19:07,1,10000,,
f_f014163,2308300011,1,0,0,1,1,6838601813,순두부 젤라또,강원특별자치도 강릉시 경강로 2542,강원특별자치도 강릉시 견소동 205-2,3000145,5115011500,2023-08-30 19:18,1,4500,젤라또,
f_f014163,2308310003,1,0,0,1,1,5490302426,발리코코넛,강원특별자치도 강릉시 창해로14번길 14,,4460931,5115011500,2023-08-31 10:12,1,6000,,
f_f014163,2308310004,1,0,0,1,1,1078657147,코레일유통강릉역,강원특별자치도 강릉시 용지로 176,강원특별자치도 강릉시 교동 95-10,3220028,5115011000,2023-08-31 11:06,1,4000,,
f_f014163,2308300009,2,0,0,1,1,,강릉네컷 안목,강원특별자치도 강릉시 창해로14번길 26,강원특별자치도 강릉시 견소동 287-80,4460931,5115011500,2023-08-30 18:17,1,3000,,
f_f014163,2308310001,2,0,0,1,1,2080852224,강릉당 커피콩빵 ,강원특별자치도 강릉시 창해로14번길 6,강원특별자치도 강릉시 견소동 287-43,4460931,5115011500,2023-08-31 09:59,1,10000,,
f_f014163,2308300002,1,1,1,1,1,1048507883,맥도날드,서울 용산구 한강대로 405,서울 용산구 동자동 43-205,2005005,1117010700,2023-08-30 13:15,1,5400,상하이 치킨 스낵랩,
f_f014170,2308290003,1,0,0,1,2,1860101708,카페동화,강원특별자치도 강릉시 초당순두부길77번길 15,강원특별자치도 강릉시 초당동 309-1,4460952,5115011200,2023-08-29 11:40,1,8000,누룽지;순두부,
f_f014170,2308290004,1,0,0,1,2,4418101999,주식회사 동화가든원조짬순,강원특별자치도 강릉시 초당순두부길77번길 15,강원특별자치도 강릉시 초당동 309-1,4460952,5115011200,2023-08-29 14:13,1,24000,,
f_f014170,2308290003,1,0,0,2,2,1860101708,카페동화,강원특별자치도 강릉시 초당순두부길77번길 15,강원특별자치도 강릉시 초당동 309-1,4460952,5115011200,2023-08-29 12:48,1,4000,,
f_f014170,2308300002,1,2,2,0,2,,CU 강릉터미널점,990-6,,,,,5,5650,음료,4215010100
f_f014175,2308290005,1,0,0,1,3,2270448951,대청마루,강원특별자치도 속초시 관광로 430,강원특별자치도 속초시 노학동 980-52,3223001,5121010700,2023-08-29 12:01,1,44000,초당순두부;얼큰순두부;메밀꽃 동동주,
f_f014175,2308290011,1,0,0,1,3,5331201138,흑돼지삼백식당,강원특별자치도 속초시 청초호반로 77,강원특별자치도 속초시 조양동 1008-1,3223018,5121010800,2023-08-29 18:42,1,52500,흑돼지삼겹살;병맥주;공기밥,
f_f014175,2308290012,2,0,0,1,3,2270575440,만석닭강정,강원특별자치도 속초시 청초호반로 72,강원특별자치도 속초시 조양동 1549-2,3223018,5121010800,2023-08-29 18:46,1,20000,보통맛(순살),
f_f014175,2308290014,2,0,0,1,3,7280501757,GS25,강원특별자치도 속초시 청초호반로 28,강원특별자치도 속초시 조양동 1558-2,3223018,5121010800,2023-08-29 20:25,1,16500,매운새우깡;별빛청하 스파클링;필라이트 후레쉬;참이슬F,
f_f014175,2308290006,3,0,0,1,3,4628801603,주식회사 쥬간도,강원특별자치도 속초시 청호해안길 2,강원특별자치도 속초시 조양동 1450-143,4469283,5121010800,2023-08-29 12:31,1,24000,속초아이,
f_f014175,2308290009,1,1,1,1,3,5117100102,에이플레이스,강원특별자치도 속초시 청호해안길 31,강원특별자치도 속초시 조양동 1450-26,4469283,5121010800,2023-08-29 13:31,1,22000,카라멜마끼야또ICE;아메리카노ICE;미숫가루;티라미수,
f_f014175,2308290013,6,2,2,1,3,1473400828,청솔당구장,강원특별자치도 속초시 청초호반로 43,강원특별자치도 속초시 조양동 1022-7,3223018,5121010800,2023-08-29 20:18,1,12000,,
f_f014452,2309080002,1,0,0,1,4,2212808898,춘천명물닭갈비,강원특별자치도 춘천시 옛경춘로 813,강원특별자치도 춘천시 삼천동 37-85,3218030,5111012500,2023-09-08 11:54,1,53000,닭갈비;어린이메뉴;감자전;우동사리,
f_f014452,2309080003,3,2,2,1,4,,레고랜드 코리아 유한회사,강원특별자치도 춘천시 하중도길 128,강원특별자치도 춘천시 중도동 603,4454745,5111012900,2023-09-01 00:37,1,60000,레고랜드 입장,
f_f014452,2309080003,3,2,2,2,4,6178199974,레고랜드코리아,강원특별자치도 춘천시 하중도길 128,강원특별자치도 춘천시 중도동 603,4454745,5111012900,2023-09-01 12:32,3,60000,입장권 ,
f_f014452,2309080003,1,5,5,1,4,2211343566,삼천동카페,강원특별자치도 춘천시 옛경춘로 807,강원특별자치도 춘천시 삼천동 37-23,3218030,5111012500,2023-09-08 12:11,1,10500,아메리카노;삼천동라떼(only ice),
f_f014452,2309080003,2,6,6,1,4,6178199974,레고랜드 코리아 유한회사,강원특별자치도 춘천시 하중도길 128,강원특별자치도 춘천시 중도동 603,4454745,5111012900,2023-09-08 21:16,1,48500,,
f_f014452,2309080003,1,8,8,1,4,6178199974,레고랜드코리아 유한회사,강원특별자치도 춘천시 하중도길 128,강원특별자치도 춘천시 중도동 603,4454745,5111012900,2023-09-08 18:10,1,36800,돈까스;흰밥;닭강정;조미김,
f_f014452,2309080003,1,9,9,1,4,6178199974,레고랜드 코리아 유한회사,강원특별자치도 춘천시 하중도길 128,강원특별자치도 춘천시 중도동 603,4454745,5111012900,2023-09-08 15:27,1,14000,아이스 아메리카노;망고 바;쿠우 오렌지,
f_f014901,2309010004,1,0,0,1,2,6986100598,한다솥,부산 기장군 기장읍 기장해안로 128,부산 기장군 기장읍 시랑리 723,3140057,2671025033,2023-09-01 15:04,1,32000,연어솥밥;갈비솥밥,
f_f014901,2309010005,1,0,0,1,2,2718501461,공극 샌드커피,부산 기장군 기장읍 공수해안길 41,부산 기장군 기장읍 시랑리 546-1,4220021,2671025033,2023-09-01 15:22,1,17000,라떼-디카페인(hot);찰떡 소보로빵,
f_f014901,2309010003,2,0,0,1,2,6218538974,(주)동일라코스테 ,부산 기장군 기장읍 기장해안로 147,부산 기장군 기장읍 당사리 524,3140057,2671025032,2023-09-01 13:16,1,118700,라코스테 기타패션잡화;라코스테 쇼핑백,
f_f014901,2309010006,2,0,0,1,2,1068682871,이케아코리아,부산 기장군 기장읍 동부산관광3로 17,,3350896,2671025032,2023-09-01 18:10,1,31700,냄비뚜껑정리대 스테인리스;폴뤼케 걸이식 다용도 진열대;유스티나 의자패드,
f_f014901,2309010003,2,1,1,1,2,6218539158,아디다스 롯데몰,부산 기장군 기장읍 기장해안로 147,부산 기장군 기장읍 당사리 524,3140057,2671025032,2023-09-01 14:10,1,132200,아디다스 남성트레이닝,
f_f014972,2309030003,1,0,0,1,2,6980600207,무남정,경남 김해시 관동로27번길 4-17,경남 김해시 관동동 1059-4,4805086,4825013000,2023-09-03 13:45,1,42000,,
f_f014972,2309030004,1,0,0,1,2,6151479679,팔로,경남 김해시 신안계곡1길 18,경남 김해시 관동동 777,4829306,4825013000,2023-09-03 14:42,1,10000,,
f_f014972,2309030008,1,0,0,1,2,8174400775,장독계,경남 김해시 율하뜰천길 20,경남 김해시 장유동 834-9,4857154,4825013200,2023-09-03 21:18,1,37000,닭구이모듬(반)판;청국장,
f_f015247,2309090003,1,0,0,1,3,2262950398,남경식당,강원특별자치도 평창군 대관령면 대관령마루길 347,강원특별자치도 평창군 대관령면 횡계리 21-5,4484080,5176038024,2023-09-09 15:56,1,46000,,
f_f015247,2309090004,1,0,0,1,3,2261205293,바람의언덕,강원특별자치도 평창군 대관령면 대관령마루길 365,,4484080,5176038024,2023-09-09 16:09,1,12000,,
f_f015247,2309090002,2,2,2,1,3,1042301412,세븐일레븐,강원특별자치도 강릉시 하평1길 8,강원특별자치도 강릉시 포남동 1290-1,4460996,5115011100,2023-09-09 10:27,1,5500,농심)백산수;크라운)새콤달콤레몬;크라운)마이쮸복숭아;오리온)닥터유단백질바;깨끗한)여행용티슈,
f_f015250,2309010002,1,0,0,1,4,,클럽디 오아시스,,,,,2023-09-01 13:12,1,44000,대왕돈가스;어묵꼬치우동;소시지골든커리덮밥,
f_f015250,2309010003,2,0,0,1,4,2018132195,(주) 신세계,부산 해운대구 센텀남대로 35,부산 해운대구 우동 1495,2133001,2635010500,2023-09-01 18:13,1,19500,건담베이스 대표단품용,
f_f015250,2309010002,1,0,0,2,4,1338602980,클럽디 오아시스,부산 해운대구 달맞이길 30,,4199011,2635010600,2023-09-01 16:34,1,48000,대왕돈가스;소시지골든커리덮밥;어묵꼬치우동;공기밥,
f_f015250,2309010003,2,0,0,2,4,1068186950,건담베이스,부산 해운대구 센텀4로 15,부산 해운대구 우동 1493,3133047,2635010500,2023-09-01 18:12,1,19500,SDEX 건담 데스사이즈 헬;SD건담월드 히어로즈 조운;더블오 건담 커맨드패키지;종이봉투,
f_f015250,2309010002,3,1,1,0,4,,클럽디오아시스 워터파크,워터파크 내 파도풀  슬라이드  체온유지탕  몰놀이터 등 다양한 시설을 이용,,,,,4,192000,입장권,2635010600
f_f015285,2309020002,1,0,0,1,2,3282500328,춘천우미닭갈비,강원특별자치도 춘천시 시청길10번길 15,강원특별자치도 춘천시 조양동 47-8,4454452,5111010800,2023-09-02 14:41,1,41000,,
f_f015285,2309020005,1,0,0,1,2,7173101208,인필드,강원특별자치도 춘천시 동면 가락재로 40,,3013015,5111031024,2023-09-02 18:18,1,27600,축구공빵;잠봉 샌드위치;콘 필드;딸기&애플 에이드,
f_f015285,2309020007,1,0,0,1,2,2211033903,땡촌닭발,강원특별자치도 춘천시 삭주로 128,강원특별자치도 춘천시 후평동 711-29,3218017,5111012000,2023-09-02 20:15,1,23000,,
f_f015285,2309020003,2,0,0,1,2,2210715128,세기상사,강원특별자치도 춘천시 중앙로77번길 8,,4454632,5111010900,2023-09-02 15:04,1,21000,,
f_f015285,2309020004,3,1,1,1,2,5248601528,네이버파이낸셜 주식회사,경기 성남시 분당구 정자일로 95,경기 성남시 분당구 정자동 178-4,3180021,4113510300,2023-09-02 00:00,1,20000,9월 제이드가든 입장권 외 1건,
f_f015285,2309020006,3,1,1,1,2,2218300385,소양강스카이워크,강원특별자치도 춘천시 영서로 2663,강원특별자치도 춘천시 근화동 8-1,3013022,5111011700,2023-09-02 19:06,1,4000,입장권,
f_f015319,2309090002,1,0,0,1,3,2218602540,아화전통국수,경북 경주시 북군길 25,경북 경주시 북군동 221,4715517,4713014000,2023-09-09 13:47,1,28000,칼국수(안맵게);고기만두;부추전,
f_f015319,2309090005,1,0,0,1,3,1698602956,주식회사 벤자마스,경북 경주시 알천북로 369,경북 경주시 동천동 160-1,3305039,4713012600,2023-09-09 15:58,1,25000,오렌지 생과일주스;아메리카노 과테말라(I);헤이즐넛초코;어니언베이글,
f_f015319,2309090006,3,0,0,1,3,3580902273,황리단길전동스쿠터,경북 경주시 포석로1050번길 37-1,경북 경주시 황남동 215-3,4716228,4713011000,2023-09-09 17:27,1,40000,,
f_f015319,2309090006,2,3,3,1,3,7688102966,치즈오,경북 경주시 첨성로 71-1,경북 경주시 황남동 328-6,3305057,4713011000,2023-09-09 18:32,1,20000,1SetBOX,
f_f015367,2309080002,1,0,0,1,2,7092200787,언니네김밥,울산 동구 대송로 73,울산 동구 일산동 535-23,3171003,3117010300,2023-09-08 09:07,3,3000,꼬마야채땡초;꼬마스팸;꼬마김밥,
f_f015367,2309080003,1,0,0,1,2,4028537525,굿즈,경북 경주시 첨성로99번길 23-8,경북 경주시 황남동 229-18,4716146,4713011000,2023-09-08 14:52,1,17500,,
f_f015367,2309080002,2,1,1,1,2,5148183305,데일리라이크,경북 경주시 보문로 544,경북 경주시 천군동 191-5,3305021,4713013500,2023-09-08 14:21,1,8000,피카츄 삑삑이,
f_f015367,2309080007,2,1,1,1,2,2834000896,경주십원빵,경북 경주시 포석로1092번길 70,,4716231,4713011000,2023-09-08 17:42,1,6000,,
f_f015367,2309080007,1,2,2,1,2,5051378319,일레븐체스터필드웨이,경북 경주시 화랑로37번길 30-1,경북 경주시 성건동 456-3,4716297,4713010800,2023-09-08 18:59,1,86000,랍스터파스타;뇨끼;치킨;제로콜라;리치몬드라거,
f_f015367,2309080004,2,2,2,1,2,2859400366,어서어서,경북 경주시 포석로 1083,경북 경주시 황남동 278-1,3305063,4713011000,2023-09-08 16:24,1,13000,,
f_f015367,2309080002,2,4,4,1,2,5058515586,경주월드,경북 경주시 보문로 544,경북 경주시 천군동 191-5,3305021,4713013500,2023-09-08 13:08,1,2500,우의,
f_f015409,2309030002,1,0,0,1,2,2270812975,완도회식당,강원특별자치도 속초시 먹거리4길 21,강원특별자치도 속초시 교동 962-14,4469053,5121010600,2023-09-03 09:01,1,15000,오징어물회,
f_f015409,2309030003,1,0,0,1,2,2278121031,봉포머구리  속초,강원특별자치도 속초시 영랑해안길 223,강원특별자치도 속초시 영랑동 148-30,4469178,5121010100,2023-09-03 10:07,1,41000,전복물회;성게알밥,
f_f015409,2309030010,1,0,0,1,2,2270249709,소연이네조개구이,강원특별자치도 속초시 대포항희망길 53,강원특별자치도 속초시 대포동 964-13,4469296,5121011000,2023-09-03 13:17,1,30000,,
f_f015409,2309030005,2,0,0,1,2,7608101167,(주)봉브레드,강원특별자치도 속초시 동해대로 4344-1,강원특별자치도 속초시 교동 799-173,2000023,5121010600,2023-09-03 10:39,1,23300,마늘바게트;소금빵;꿀호두바게트;찹쌀도넛;봉투(소),
f_f015409,2309030007,2,0,0,1,2,1331902601,마카오박,강원특별자치도 속초시 중앙로129번길 4,,4469219,5121010300,2023-09-03 11:44,1,21600,타6;타1,
f_f015409,2309030011,2,0,0,1,2,1328194293,가평잣사랑및산림경영영농조합법인,경기 가평군 북면 멱골로 202-9,,3216010,4182035021,2023-09-03 15:39,1,7000,,
f_f015409,2309030006,2,4,4,1,2,2278118711,만석닭강정,강원특별자치도 속초시 중앙로147번길 16,강원특별자치도 속초시 중앙동 471-4,4469221,5121010300,2023-09-03 11:12,1,20000,보통맛(순살),
f_f015410,2309230002,1,0,0,1,2,6210845310,경기식당,경남 양산시 하북면 신평강변로 86,경남 양산시 하북면 순지리 537-2,3338058,4833034021,2023-09-23 12:46,1,35000,,
f_f015410,2309230003,1,0,0,1,2,3020241099,백비헌 ,경남 양산시 하북면 통도사로 77,경남 양산시 하북면 지산리 4-6,3338081,4833034022,2023-09-23 12:48,1,12000,아메리카노 ICE;오미자에이드,
f_f015448,2309100004,1,0,0,1,21,5078202048,남울진농협하나로마트본점,경북 울진군 후포면 울진대게로 28,,3325021,4793038022,2023-09-10 16:35,1,59800,참이슬;카스큐팩;청우 스타프룻포도;청우젤리코 쥬라기공룡;광동 비타500젤리,
f_f015477,2309020005,1,0,0,1,2,,뮤지엄산,강원특별자치도 원주시 지정면 오크밸리2길 260,강원특별자치도 원주시 지정면 월송리 999-13,4457706,5113033026,2023-09-02 15:47,1,23500,(아)마타리;초코아크림,
f_f015477,2309020006,1,0,0,1,2,3445100334,월송리경양식,강원특별자치도 원주시 지정면 월송석화로 503,강원특별자치도 원주시 지정면 월송리 921-6,3013006,5113033026,2023-09-02 18:28,1,29900,투움바 함박;카레우동;밥 ,
f_f015477,2309020003,3,0,0,1,2,2118211985,뮤지엄 산,강원특별자치도 원주시 지정면 오크밸리2길 260,강원특별자치도 원주시 지정면 월송리 999-13,4457706,5113033026,2023-09-02 13:12,1,32000,명상추가 대인 ,
f_f015477,2309020004,3,0,0,1,2,2118211985,뮤지엄산,강원특별자치도 원주시 지정면 오크밸리2길 260,강원특별자치도 원주시 지정면 월송리 999-13,4457706,5113033026,2023-09-02 13:12,1,44000,입장권 ,
f_f015529,2309170004,1,0,0,1,3,5772001701,토곡정원,경남 양산시 하북면 충렬로 1701-34,경남 양산시 하북면 초산리 160-4,3338101,4833034023,2023-09-17 12:40,1,51000,마르게리따;알리오감베리;소고기필라프;사이다,
f_f015600,2309140004,1,0,0,0,2,,고하버거,,,,,,1,37000,,4885035000
f_f015610,2309090005,1,0,0,0,2,,됴심,288-16,,,,,1,10800,,4728025030
f_f015610,2309090004,1,0,0,1,2,5233300404,채가네들깨국수,경북 문경시 문경읍 온천1길 7,경북 문경시 문경읍 하리 353-4,4736505,4728025022,2023-09-09 14:14,1,18000,들깨칼국수,
f_f015610,2309090011,1,0,0,1,2,3858102418,주식회사 명주정원,경북 상주시 함창읍 새잼이길 7,경북 상주시 함창읍 교촌리 20-2,4733405,4725025025,2023-09-09 19:03,1,13300,여름라떼;I명주라떼 ,
f_f015610,2309090013,1,0,0,1,2,5021681096,고인돌,대구 동구 아양로9길 5,대구 동구 신암동 596-4,4226234,2714010100,2023-09-09 22:14,1,12000,,
f_f015610,2309090009,2,0,0,1,2,5118303325,농특산품직판장,경북 문경시 문경읍 새재로 933,경북 문경시 문경읍 상초리 347-6,3000165,4728025030,2023-09-09 17:46,1,4000,(만복유통)오미자탁배기;(이로하)오미자차,
f_f015610,2309090008,3,0,0,1,2,5118303816,문경새재(오픈세트장),경북 문경시 문경읍 새재로 932,경북 문경시 문경읍 상초리 288-1,3000165,4728025030,2023-09-09 16:16,1,4000,입장권,
f_f015610,2309090003,1,1,1,1,2,2018121515,스타벅스,대구 북구 침산로 126,대구 북구 침산동 245-1,3007023,2723010600,2023-09-09 11:32,1,12300,T)바닐라C콜드브루;I-T)B글레이즈드L,
f_f015610,2309090012,2,1,1,1,2,2068650913,이마트,대구 북구 침산로 93,대구 북구 칠성동2가 20-1,3007023,2723010200,2023-09-09 21:47,1,23680,노브랜드 미네랄워터;롯데 자일리톨알파용;비비고썰은김치;CJ비비고썰은배추풍부,
f_f015610,2309090007,3,1,1,1,2,,문경생태 미로공원,경북 문경시 문경읍 새재로 951,경북 문경시 문경읍 상초리 210,3000165,4728025030,2023-09-09 15:30,1,6000,입장권,
f_f015610,2309090008,3,2,2,0,2,,문경새재오픈세트장,288-1,,,,,5,24000,,4728025030
f_f015610,2309090008,3,3,3,1,2,5118303816,문경새재(전동차),경북 문경시 문경읍 새재로 932,경북 문경시 문경읍 상초리 288-1,3000165,4728025030,2023-09-09 17:29,1,4000,탑승권,
f_f015615,2309150002,1,0,0,0,1,,덕평자연휴게소 가판대2,덕이로 154번길 287-76,,,,,1,5000,,4150034000
f_f015615,2309150003,1,0,0,0,1,,소나무집초당순두부,초당순두부길95-5,,,,,1,13000,,4215011200
f_f015615,2309150004,1,0,0,0,1,,그리우니,난설헌로166 가  나동,,,,,1,8500,,4215011200
f_f015615,2309150006,3,0,0,0,1,,(주)디스트릭트코리아(강릉점),505-4,,,,,1,17000,,4215011200
f_f015615,2309150002,1,1,1,0,1,,덕평자연휴게소 던킨도너츠,덕이로 154번길 287-76,,,,,1,4100,,4150034000
f_f015615,2309150003,1,1,1,0,1,,순두부젤라또,초당순두부길95-5 1층,,,,,1,4000,,4215011200
f_f015615,2309150007,2,1,1,0,1,,주식회사 강릉커피빵,창해로 350번길 29,,,,,1,12000,,4215011300
f_f015615,2309150007,2,4,4,0,1,,강릉옥수수빵,154-13,,,,,1,18000,,4215011300
f_f015615,2309150007,2,5,5,0,1,,유리알유희,창해로351-2,,,,,1,4000,,4215011300
f_f015703,2309230002,1,0,0,1,2,5673100472,양산라이옥쌀국수,경남 양산시 물금읍 화합길 12,경남 양산시 물금읍 범어리 2699-6,4814881,4833025324,2023-09-23 12:54,1,18000,쌀국수;분팃사오,
f_f015703,2309230004,1,0,0,1,2,1078556253,무타블랑,경남 양산시 상북면 수서로 164-10,경남 양산시 상북면 좌삼리 22-1,3338050,4833033026,2023-09-23 16:07,1,23300,ice 백향과쥬스;hot 카푸치노;맘모스빵;크랜베리피칸스콘,
f_f015703,2309230008,1,0,0,1,2,7454200651,라이온식당,경남 양산시 물금읍 물금역2길 26,경남 양산시 물금읍 물금리 392-39,4814247,4833025321,2023-09-23 19:24,1,34000,동파육덮밥;아이스크림;연어새우장덮밥,
f_f015714,2309170003,1,0,0,1,2,2241477683,운채,강원특별자치도 원주시 고문골길 47,강원특별자치도 원주시 행구동 148-2,4457044,5113011400,2023-09-17 12:24,1,44000,,
f_f015714,2309170006,1,0,0,1,2,2425100493,수피다 원주,강원특별자치도 원주시 고문골길 147,,4457044,5113011400,2023-09-17 17:19,1,15000,수피다라떼;자몽에이드;번(치즈),
f_f015714,2309170007,1,0,0,1,2,1238524767,맥도날드,경기 과천시 별양상가3로 11,경기 과천시 별양동 1-19,3195023,4129010900,2023-09-17 20:38,1,12300,탄산음료M;상하이버거/세트;베이컨 토마토 디럭스,
f_f015714,2309170004,3,0,0,1,2,,뮤지엄산,강원특별자치도 원주시 지정면 오크밸리2길 260,강원특별자치도 원주시 지정면 월송리 999-13,4457706,5113033026,2023-09-17 13:11,1,44000,입장권,
f_f015714,2309170007,2,1,1,1,2,2068650913,이마트,경기 과천시 별양상가3로 11,경기 과천시 별양동 1-19,3195023,4129010900,2023-09-17 21:28,1,11440,피즈 블루베리;노브랜드 짜장라면;노브랜드 주방세제;노브랜드 라면한그릇,
f_f015740,2309030007,1,0,0,1,2,1338602980,클럽디 오아시스,부산 해운대구 달맞이길 30,,4199011,2635010600,2023-09-03 16:58,1,24000,고추튀김떡볶이;아메리카노ICE,
f_f015740,2309030008,2,0,0,1,2,1078657147,스토리웨이,부산 동구 중앙대로196번길 16-8,부산 동구 초량동 1203-5,4181413,2617010100,2023-09-03 18:25,1,24900,어묵;새우김말이;고기어삼밥;통새우크런치;어썸멘치카츠,
f_f015841,2309160004,1,0,0,1,2,5853000401,보릿고개,강원특별자치도 춘천시 동면 서부대성로 483,,3218018,5111031022,2023-09-16 12:31,1,28000,,
f_f015841,2309160005,1,0,0,1,2,5103602159,육림닭강정,강원특별자치도 춘천시 중앙로77번길 30,강원특별자치도 춘천시 죽림동 30-22,4454632,5111010900,2023-09-16 13:01,1,22000,닭강정,
f_f015841,2309160007,1,0,0,1,2,2836400233,월송유로베이커리&로스터리,강원특별자치도 춘천시 서면 경춘로 349-1,강원특별자치도 춘천시 서면 안보리 782-2,3000120,5111035030,2023-09-16 16:31,1,31200,소금빵;모카번;빨미에;크로크무슈;아메리카노(ICE)-게이샤;아메리카노(ICE)-다이아몬드,
f_f015841,2309160003,3,0,0,1,2,2148557846,한화솔루션(주)인사이트제이드,강원특별자치도 춘천시 남산면 햇골길 80,,4454759,5111040028,2023-09-16 09:45,1,20000,입장권,
f_f015841,2309160003,1,3,3,1,2,2148557846,살롱제이드,강원특별자치도 춘천시 남산면 햇골길 80,,4454759,5111040028,2023-09-16 11:07,1,4800,슈모스(커스터드),
f_f015841,2309160003,2,4,4,1,2,2148557846,한화솔루션(주)인사이트제이드,강원특별자치도 춘천시 남산면 햇골길 80,,4454759,5111040028,2023-09-16 11:02,1,10800,헤브론프로젝트_롤온,
f_f015842,2309160003,1,0,0,1,2,6043654291,용철이떡갈비,경북 포항시 북구 죽도시장길 21-1,경북 포항시 북구 죽도동 584-18,4712591,4711311600,2023-09-16 14:48,1,10000,,
f_f015842,2309160003,1,0,0,2,2,8914200672,이디야,경북 포항시 북구 죽도시장1길 24-1,경북 포항시 북구 죽도동 2-188,4712583,4711311600,2023-09-16 14:07,1,6900,딸기듬뿍 라떼;카페 아메리카노,
f_f015842,2309160003,2,1,1,1,2,3904400611,동막골수제강정,경북 포항시 북구 죽도시장2길 27,경북 포항시 북구 죽도동 574-10,4712584,4711311600,2023-09-16 14:51,1,10000,,
f_f015905,2309030003,1,0,0,0,2,,통도참숯가마,경남 양산시 상북면 공원로 291,,,,,3,42000,,4833033000
f_f015954,2309110002,1,0,0,1,2,4181601685,장사부,경남 밀양시 남천강변로3길 9-1,,4808150,4827010400,2023-09-11 12:40,1,29000,직화짬뽕;영남루미니 모듬 ,
f_f015954,2309110004,1,0,0,1,2,3972101607,CU,경남 밀양시 창밀로 3534,경남 밀양시 내이동 184-5,3336075,4827010200,2023-09-11 14:04,1,1800,오곡누룽지,
f_f015954,2309110005,1,0,0,1,2,6092096602,대영식당,경남 창원시 의창구 대산면 진산대로 410,경남 창원시 의창구 대산면 제동리 265-6,3019034,4812132025,2023-09-11 16:55,1,17500,순두부+밥;쌈싸먹는 납딱만두,
f_f015954,2309110004,1,0,0,2,2,2118686937,,경남 밀양시 산외면 산외로 42-57,,3336033,4827033025,2023-09-11 14:28,3,1000,,
f_f015954,2309110004,1,0,0,3,2,2831801477,바래미바네사,경남 밀양시 삼랑진읍 만어로 440,경남 밀양시 삼랑진읍 우곡리 786-1,3336010,4827025026,2023-09-11 14:43,1,21300,선라이즈에이드;수제1인팥빙수;오리지널 버터바,
f_f015975,2309150007,1,0,0,1,1,3891700162,게르,경남 창원시 성산구 마디미동로 54,경남 창원시 성산구 상남동 36-2,3328011,4812312700,2023-09-15 18:59,1,108000,양다리(소);연태고량주;계란찜;국산맥주,
f_f015975,2309150008,1,0,0,1,1,7564901004,어썸,경남 창원시 성산구 마디미동로 34,경남 창원시 성산구 상남동 20-4,3328011,4812312700,2023-09-15 23:04,1,41000,룸비;치즈크래커플래터;진로이즈백,
f_f015975,2309150006,2,0,0,1,1,7374500684,캔럿,경남 창원시 성산구 외동반림로74번길 35-1,경남 창원시 성산구 중앙동 59-11,4784193,4812312500,2023-09-15 16:39,1,31400,[피팔레트]cookies and cream mug cup;[soso]거울보는 키치리본토끼 키링;[캔럿]선물포장,
f_f015975,2309150005,1,1,1,1,1,7230501257,밀집,경남 창원시 성산구 용지로239번길 30,경남 창원시 성산구 용호동 29-11,4781414,4812313500,2023-09-15 15:09,1,11700,아메리카노 ICE;오리지널 츄러스(5EA),
f_f016036,2309050005,1,0,0,1,2,,트래프풍트,경남 김해시 율하4로 46,경남 김해시 장유동 839-5,3335076,4825013200,2023-09-05 19:52,1,48000,,
f_f016036,2309050004,2,0,0,1,2,,젝시믹스,,,,,,1,52000,XWFSG01H2 블랙;XWFSG01H2 콤부그린,
f_f016036,2309050004,2,1,1,1,2,2208809068,유한회사 나이키코리아,경남 김해시 장유로 469,경남 김해시 신문동 1414,3335054,4825012700,2023-09-05 18:20,1,80000,090 AS W NP 365 TOP SS E;L AS W NP 365 TOP SS E;Reusable Tote Bag M,
f_f016036,2309050003,3,1,1,1,2,6158532747,(주)롯데 워터파크,경남 김해시 장유로 555,경남 김해시 신문동 1417,3335054,4825012700,2023-09-05 10:30,1,57000,입장권,
f_f016036,2309050003,1,4,4,1,2,6158532747,(주)롯데 워터파크(롯데리아),경남 김해시 장유로 555,경남 김해시 신문동 1417,3335054,4825012700,2023-09-05 00:00,3,2400,치즈스틱,
f_f016094,2309130003,1,0,0,1,2,6731101268,털보매운탕,경북 경주시 안강읍 딱실길 14-6,경북 경주시 안강읍 두류리 108-5,4715387,4713025329,2023-09-13 12:09,1,66000,걸매운탕(대);파전,
f_f016094,2309130004,1,0,0,1,2,2250663682,GS25,경북 경주시 안강읍 호국로 2378,경북 경주시 안강읍 옥산리 783-5,3018037,4713025328,2023-09-13 12:17,1,9900,아이스아메큰컵;네오부스트;Y)얼음컵M;Y)헤이즐넛230;웅진누룽지차,
f_f016094,2309130006,3,0,0,1,2,5058300022,양동마을,경북 경주시 강동면 양동마을길 93,경북 경주시 강동면 양동리 52-1,4715804,4713037031,2023-09-13 13:55,1,4000,입장권,
f_f016105,2309050002,1,0,0,1,2,1268105325,탐앤탐스(휴)청도(부산),경북 청도군 청도읍 하지길 59-49,경북 청도군 청도읍 거연리 958,4757491,4782025333,2023-09-05 09:22,1,4400,카페 아메리카노,
f_f016105,2309050004,1,0,0,1,2,7064200016,3파운드,부산 부산진구 전포대로189번길 30,부산 부산진구 전포동 693-2,4187660,2623010200,2023-09-05 12:42,1,83000,리코타 샐러드;라구파스타;트리플A 안심스테이크;유자에이드;위스키하이볼,
f_f016105,2309050007,1,0,0,1,2,8682001290,뚜벅스,부산 수영구 광안해변로 239,부산 수영구 민락동 179-1,3138005,2650010300,2023-09-05 14:51,1,14500,광안리 돌체라떼;블루오렌지쥬스,
f_f016105,2309050006,3,0,0,1,2,8248102515,주식회사 인터파크트리플,서울 강남구 삼성로 512,,3122005,1168010500,2023-09-05 13:15,1,30000,요시고 사진전-부산-입장권,
f_f016105,2309050006,2,1,1,1,2,8248102515,상상마당부산_갤러리매장POS,부산 부산진구 서면로 39,부산 부산진구 부전동 521-1,3129025,2623010300,2023-09-05 14:03,1,39000,패브릭포스터(L)_01마요르카,
f_f016105,2309050003,3,1,1,1,2,2128701898,서면미술관,부산 부산진구 동천로 58,부산 부산진구 전포동 692-2,3129010,2623010200,2023-09-05 11:01,1,20000,입장권,
f_f016354,2309140008,1,0,0,0,2,,오브닛,6-11,,,,,1,8500,,2711012100
f_f016354,2309140004,2,0,0,0,2,,얼짱스티커사진,동성로6길 44,,,,,1,6000,,2711012200
f_f016354,2309140005,1,0,0,1,2,6480302228,폴인포케,대구 중구 동성로1길 50,,4223083,2711010800,2023-09-14 14:26,1,23800,연어 스파이스크림 포케;연어 퐁당 포케,
f_f016354,2309140009,1,0,0,1,2,2018189723,KFC,대구 중구 국채보상로 608,대구 중구 문화동 18-1,3007001,2711012100,2023-09-14 18:23,1,3300,닭껍질튀김,
f_f016354,2309140006,2,0,0,1,2,5048534746,현대백화점 대구점,대구 중구 달구벌대로 2077,,2007002,2711013900,2023-09-14 15:54,1,8000,D-SQUARE,
f_f016354,2309140007,2,0,0,1,2,1888802456,라이크디즈,대구 중구 동성로 63,대구 중구 동성로1가 33,3141006,2711014800,2023-09-14 16:49,1,4500,700_엽서4;700_엽서3;LUNA_엽서25,
f_f016354,2309140010,2,0,0,1,2,2018609893,(주)대현프리몰 ,대구 중구 동성로2길 80,,4223084,2711012200,2023-09-14 18:47,1,16000,주차비,
f_f016354,2309140011,2,0,0,1,2,2068650913,이마트,경북 구미시 이계북로 23,경북 구미시 임수동 92-28,3308052,4719012500,2023-09-14 20:32,1,16600,청정원파스타600g로제;키친델리 매콤양념소;키친델리 치킨무;한마리로스트치킨;오뚜기케찹,
f_f016354,2309140011,2,1,1,1,2,4430902377,배스킨라빈스,경북 구미시 이계북로 23,경북 구미시 임수동 92-28,3308052,4719012500,2023-09-14 19:38,1,3900,싱글레귤러컵,
f_f016354,2309140003,2,2,2,1,2,7758100516,짱오락실,서울 영등포구 선유로 146,,3005074,1156012700,2023-09-14 13:37,1,10000,게임,
f_f016354,2309140007,3,2,2,1,2,1888802456,라이크디즈,대구 중구 동성로 63,대구 중구 동성로1가 33,3141006,2711014800,2023-09-14 16:26,1,14000,통합권,
f_f016357,2309100005,1,0,0,1,2,2362900314,제주가,부산 동구 중앙대로196번길 6-9,부산 동구 초량동 1204-8,4181413,2617010100,2023-09-10 10:36,1,28000,옥돔구이(중);전복해물뚝배기,
f_f016357,2309100009,1,0,0,1,2,6298501660,잠시머물다,부산 해운대구 송정중앙로8번길 60,부산 해운대구 송정동 299-2,4199100,2635010800,2023-09-10 13:10,1,3000,식혜,
f_f016357,2309100010,1,0,0,1,2,2018121515,스타벅스,부산 해운대구 송정해변로 36,부산 해운대구 송정동 297-31,3133026,2635010800,2023-09-10 14:06,3,5400,G)콜드브루,
f_f016357,2309100015,1,0,0,1,2,8667400172,개미집,부산 해운대구 구남로 34,부산 해운대구 우동 1338,3132002,2635010500,2023-09-10 17:41,1,30000,낙곱새;우동사리,
f_f016357,2309100016,2,0,0,1,2,6648802547,(주)부산바다샌드,부산 해운대구 우동1로38번가길 11,부산 해운대구 우동 515-5,4199131,2635010500,2023-09-10 17:53,1,35500,부산바다샌드;보냉팩기본형,
f_f016357,2309100018,2,0,0,1,2,5478102767,신발원,부산 동구 대영로243번길 62,부산 동구 초량동 561-1,4006002,2617010100,2023-09-10 19:27,1,22000,물만두;새우교자;군만두;고기만두,
f_f016357,2309100010,1,0,0,2,2,2018121515,스타벅스,부산 해운대구 송정해변로 36,부산 해운대구 송정동 297-31,3133026,2635010800,2023-09-10 14:13,3,2700,더블치즈 베이글칩,
f_f016357,2309100013,2,1,1,1,2,6298501660,블루스텝(미포),부산 해운대구 청사포로 116,,3133042,2635010600,2023-09-10 16:18,1,4500,엽서_뿌리실사;엽서-실사(청사표캡슐),
f_f016357,2309100016,2,2,2,1,2,1710602656,고래서이뻐,부산 해운대구 우동1로38번길 15-1,부산 해운대구 우동 519-10,4199132,2635010500,2023-09-10 18:11,1,16000,,
f_f016391,2309080004,1,0,0,1,2,5033614545,계림규동,경북 경주시 포석로1068번길 17,경북 경주시 황남동 74-14,4716229,4713011000,2023-09-08 12:57,1,28000,규동;에비후라이(새우튀김)4P;치즈 가츠동,
f_f016391,2309080006,3,0,0,1,2,2173201011,경주 한복나드리,경북 경주시 포석로 1055,경북 경주시 사정동 128-5,3305063,4713010900,2023-09-08 15:56,3,20000,전통한복3시간,
f_f016456,2309150005,1,0,0,1,2,1472000966,비비드13,부산 수영구 광남로 129,부산 수영구 광안동 173-20,3138002,2650010400,2023-09-15 13:01,1,37000,프렌치토스트;라구파스타;캐모마일(ICE),
f_f016456,2309150009,1,0,0,1,2,2671501310,코지,부산 부산진구 서전로46번길 22,부산 부산진구 전포동 671-10,4187422,2623010200,2023-09-15 19:08,1,40000,포크치미창가;핫 치킨퀘사디아;사이다,
f_f016456,2309150004,2,0,0,1,2,6912100704,바닷마을과자점,부산 수영구 광남로48번길 43,부산 수영구 남천동 5-12,4214035,2650010500,2023-09-15 12:36,1,9300,그해여름;보냉가방,
f_f016456,2309150010,2,0,0,1,2,2980302528,칠스,부산 부산진구 전포대로209번길 39,부산 부산진구 전포동 684-2,4187664,2623010200,2023-09-15 17:09,1,3500,키링,
f_f016457,2309180002,1,0,0,0,2,,대한불교 조계종 수선사,1117-2,,,,,1,18000,,4886025034
f_f016457,2309180003,3,0,0,0,2,,삼성궁,묵계리 산306-11,,,,,1,14000,,4885040000
f_f016470,2309080005,2,0,0,0,2,,올포유,700 광덕물산,,,,,3,29000,,2632010300
f_f016470,2309080004,1,0,0,1,2,8562900802,샤브쌈주머니,부산 북구 만덕3로33번길 4-9,,4196170,2632010300,2023-09-08 16:04,1,31600,점특 소고기샤브 기본+얼큰 ,
f_f016470,2309080003,2,0,0,1,2,,행운생선,부산 북구 구포시장1길 9,부산 북구 구포동 599-9,4196026,2632010500,2023-09-08 12:15,3,109000,,
f_f016495,2309090003,1,0,0,1,2,2258502429,(주)강원랜드,강원특별자치도 정선군 고한읍 고한7길 399,강원특별자치도 정선군 고한읍 고한리 424,4487024,5177025321,2023-09-09 12:11,1,24000,버섯육개장;왕 돈까스,
f_f016495,2309090004,1,0,0,1,2,2250381559,예림식당,강원특별자치도 정선군 정선읍 5일장길 37-2,강원특별자치도 정선군 정선읍 봉양리 344-16,4487001,5177025021,2023-09-09 17:30,1,28000,모듬전(대);손칼국수;콧등치기,
f_f016495,2309090004,2,1,1,1,2,5899400875,원조 윤춘자 산나물,강원특별자치도 정선군 정선읍 봉양7길 43,,4487147,5177025021,2023-09-09 17:41,1,20000,,
f_f016495,2309090003,3,1,1,1,2,2258502429,(주)강원랜드 하이원,,,,,2023-09-09 10:38,1,114000,워터월드 입장권,
f_f016495,2309090004,1,3,3,1,2,2259840651,중앙식육점,강원특별자치도 정선군 정선읍 5일장길 31-1,강원특별자치도 정선군 정선읍 봉양리 344-4,4487001,5177025021,2023-09-09 17:36,1,8000,,
f_f016495,2309090004,2,5,5,0,2,,산나물식당,344-27,,,,,5,5000,,4277025021
f_f016536,2309130004,1,0,0,1,1,5570300448,오이쏘이식당,대구 중구 봉산문화2길 14,대구 중구 봉산동 78-2,4223107,2711010800,2023-09-13 12:37,1,13000,,
f_f016536,2309130012,1,0,0,1,1,6159503085,심플,대구 동구 동부로34길 4,대구 동구 신천동 388-5,4226071,2714010200,2023-09-13 17:05,1,7000,미도리사워,
f_f016536,2309130006,2,0,0,1,1,5142716745,고스트북스,대구 중구 경상감영길 212,대구 중구 동문동 14-1,4223003,2711012000,2023-09-13 13:27,1,22500,,
f_f016536,2309130007,2,0,0,1,1,8120601796,홀리데이비지터,대구 중구 경상감영길 184,,4223003,2711012100,2023-09-13 13:45,1,4000,피규어&인형,
f_f016536,2309130011,2,0,0,1,1,6850800938,게타상스,대구 중구 국채보상로150길 76-12,대구 중구 삼덕동3가 169-9,4223025,2711010700,2023-09-13 16:24,1,10000,비즈 꽃 폰스트랩,
f_f016536,2309130010,1,1,1,1,1,7341302358,뉴뜨,대구 중구 국채보상로 738,대구 중구 동인동4가 439-2,3007001,2711010400,2023-09-13 15:26,1,7500,파르페,
f_f016536,2309130004,2,1,1,1,1,1782601170,CU,대구 중구 달구벌대로 2145,대구 중구 삼덕동1가 41-8,2007002,2711010500,2023-09-13 11:54,1,8700,템포탐폰레귤라10P;볼록맞춤울날중4P,
f_f016571,2309100004,1,0,0,1,1,6078188941,(주)갓파스시,부산 부산진구 중앙대로702번길 43,부산 부산진구 부전동 168-451,4187690,2623010300,2023-09-10 14:03,1,24800,"E 주말,공휴일 레귤러 ",
f_f016571,2309100005,3,0,0,1,1,,메가쓰리팝,부산 부산진구 서전로10번길 61,부산 부산진구 부전동 183-1,4187419,2623010300,2023-09-10 14:07,1,3000,,
f_f016634,2309170002,1,0,0,1,3,2118642619,아웃백,강원특별자치도 원주시 시청로 27,강원특별자치도 원주시 무실동 1722-1,3219035,5113011500,2023-09-17 13:42,1,105900,런치베이비백립;런치투움바파스타;허니머스타드 샐러드;치킨핑거2개;골드코스트코코넛슈림프,
f_f016634,2309170003,1,0,0,1,3,2240397683,들꽃이야기,강원특별자치도 원주시 신림면 성남로 323-12,강원특별자치도 원주시 신림면 성남리 633,3219078,5113039025,2023-09-17 14:28,1,18000,아메리카노 ICE,
f_f016699,2309170004,1,0,0,0,2,,희야갈치&양념게장,강정길 6,,,,,1,36000,,4874042000
f_f016699,2309170002,1,0,0,1,2,6088525025,(주)연합진흥 칠서(양평방향)휴게소,경남 함안군 칠서면 계룡로 122-1,,3340041,4873035027,2023-09-17 11:23,1,3000,호두과자,
f_f016699,2309170006,1,0,0,1,2,8348702004,진영복합휴게소,경남 김해시 진영읍 하계로96번길 94-4,,4805823,4825025021,2023-09-17 19:10,1,26000,돈까스;새우튀김우동;호두과자,
f_f016699,2309170005,3,1,1,0,2,,세진리자전거대여점,우포늪길 218,,,,,5,6000,,4874035000
f_f016739,2309170004,1,0,0,1,2,6110412380,거창추어탕,경남 거창군 거창읍 강남로 114,경남 거창군 거창읍 김천리 472-99,3347013,4888025025,2023-09-17 13:09,1,18000,,
f_f016739,2309170007,1,0,0,1,2,4983401346,플로라,경남 거창군 거창읍 거함대로 3446,경남 거창군 거창읍 정장리 67,2346002,4888025028,2023-09-17 15:25,1,10500,파인애플스무디;아메리카노A(ice),
f_f016818,2309160003,1,0,0,1,2,3991601666,원조숯불닭불고기집,강원특별자치도 춘천시 낙원길 28-4,,4454113,5111010500,2023-09-16 15:08,1,41000,뼈없는 닭갈비;막국수;느린마을막걸리,
f_f016818,2309160005,1,0,0,1,2,2218216411,(사)담배인삼공제회(댄싱카페인）,강원특별자치도 춘천시 스포츠타운길399번길 25,강원특별자치도 춘천시 삼천동 223-2,4454446,5111012500,2023-09-16 16:18,1,18300,브리오슈블랑;아메리카노 ICED;헤이즐넛 아메리카노 ICED,
f_f016818,2309160002,3,0,0,1,2,,소양강 스카이워크,강원특별자치도 춘천시 영서로 2663,강원특별자치도 춘천시 근화동 8-1,3013022,5111011700,2023-09-16 15:30,1,4000,입장권,
