TRAVEL_ID,TRIP_ID,START_VISIT_AREA_ID,END_VISIT_AREA_ID,START_DT_MIN,END_DT_MIN,MVMN_CD_1,MVMN_CD_2
e_e005633,2307260001,2307260001,,2023-07-26 10:00,,,
e_e005633,2307260002,,2307260002,,2023-07-26 10:00,15,
e_e005633,2307260003,,2307260003,,2023-07-26 16:00,12,5
e_e005633,2307260004,,2307260004,,2023-07-26 16:30,15,
e_e005633,2307260005,,2307260005,,2023-07-26 19:00,4,
e_e005633,2307260006,,2307260006,,2023-07-26 21:30,13,
e_e005633,2307270001,,2307270001,,2023-07-27 13:30,13,
e_e005633,2307270002,,2307270002,,2023-07-27 22:00,13,
e_e005633,2307270003,,2307270003,,2023-07-27 20:30,4,
e_e005633,2307280001,,2307280001,,2023-07-28 13:00,13,
e_e005633,2307280002,,2307280002,,2023-07-28 14:00,15,
e_e005633,2307280003,,2307280003,,2023-07-28 14:30,4,
e_e005633,2307280004,,2307280004,,2023-07-28 22:30,12,
e_e005633,2307280005,,2307280005,,2023-07-28 19:00,7,
f_f000011,2304290001,2304290001,,2023-04-29 15:30,,,
f_f000011,2304290002,,2304290002,,2023-04-29 21:30,1,
f_f000011,2304290003,,2304290003,,2023-04-29 20:00,1,
f_f000011,2304290004,,2304290004,,2023-04-29 20:30,15,
f_f000011,2304290005,,2304290005,,2023-04-29 16:30,1,
f_f000011,2304300001,,2304300001,,2023-04-30 10:00,1,
f_f000011,2304300002,,2304300002,,2023-04-30 11:30,1,
f_f000011,2304300003,,2304300003,,2023-04-30 15:00,1,
f_f000011,2304300004,,2304300004,,2023-04-30 15:30,1,
f_f000011,2304300005,,2304300005,,2023-04-30 22:00,1,
f_f000011,2304300006,,2304300006,,2023-04-30 16:00,1,
f_f000011,2304300007,,2304300007,,2023-04-30 17:30,1,
f_f000011,2304300008,,2304300008,,2023-04-30 18:00,1,
f_f000011,2304300009,,2304300009,,2023-04-30 21:00,1,
f_f000011,2305010001,,2305010001,,2023-05-01 19:00,1,
f_f000011,2305010002,,2305010002,,2023-05-01 12:00,1,
f_f000011,2305010003,,2305010003,,2023-05-01 13:00,15,
f_f000011,2305010004,,2305010004,,2023-05-01 13:30,1,
f_f000011,2305010005,,2305010005,,2023-05-01 14:00,1,
f_f000011,2305010006,,2305010006,,2023-05-01 17:00,1,
f_f000013,2304280001,2304280001,,2023-04-28 20:30,,,
f_f000013,2304280002,,2304280002,,2023-04-28 23:00,1,
f_f000013,2304290001,,2304290001,,2023-04-29 09:00,1,
f_f000013,2304290002,,2304290002,,2023-04-29 09:30,1,
f_f000013,2304290003,,2304290003,,2023-04-29 11:00,1,
f_f000013,2304290004,,2304290004,,2023-04-29 11:30,1,
f_f000013,2304290005,,2304290005,,2023-04-29 12:00,1,
f_f000013,2304290006,,2304290006,,2023-04-29 12:30,1,
f_f000013,2304290007,,2304290007,,2023-04-29 13:30,1,
f_f000013,2304290008,,2304290008,,2023-04-29 15:00,1,
f_f000013,2304290009,,2304290009,,2023-04-29 16:30,1,
f_f000013,2304300001,,2304300001,,2023-04-30 10:30,1,
f_f000013,2304300002,,2304300002,,2023-04-30 11:30,1,
f_f000013,2304300003,,2304300003,,2023-04-30 13:30,1,
f_f000027,2304280001,2304280001,,2023-04-28 07:00,,,
f_f000027,2304280002,,2304280002,,2023-04-28 10:30,1,
f_f000027,2304280003,,2304280003,,2023-04-28 11:00,1,
f_f000027,2304280004,,2304280004,,2023-04-28 12:00,1,
f_f000027,2304280005,,2304280005,,2023-04-28 13:30,1,
f_f000027,2304280006,,2304280006,,2023-04-28 16:30,1,
f_f000027,2304280007,,2304280007,,2023-04-28 17:30,15,
f_f000027,2304280008,,2304280008,,2023-04-28 18:00,15,
f_f000027,2304280009,,2304280009,,2023-04-28 20:30,1,
f_f000027,2304290001,,2304290001,,2023-04-29 10:00,1,
f_f000027,2304290002,,2304290002,,2023-04-29 11:30,1,
f_f000027,2304290003,,2304290003,,2023-04-29 13:00,1,
f_f000027,2304290004,,2304290004,,2023-04-29 14:30,1,
f_f000027,2304290005,,2304290005,,2023-04-29 16:30,1,
f_f000027,2304290006,,2304290006,,2023-04-29 21:30,15,
f_f000027,2304290007,,2304290007,,2023-04-29 23:00,15,
f_f000027,2304300001,,2304300001,,2023-04-30 10:30,15,
f_f000027,2304300002,,2304300002,,2023-04-30 12:30,1,
f_f000027,2304300003,,2304300003,,2023-04-30 13:00,15,
f_f000027,2304300004,,2304300004,,2023-04-30 15:00,1,
f_f000027,2304300005,,2304300005,,2023-04-30 16:30,1,
f_f000027,2304300006,,2304300006,,2023-04-30 18:00,1,
f_f000027,2304300007,,2304300007,,2023-04-30 19:30,1,
f_f000027,2304300008,,2304300008,,2023-04-30 23:00,1,
f_f000040,2304280001,,2304280001,,2023-04-28 18:30,1,
f_f000040,2304280002,,2304280002,,2023-04-28 20:00,4,
f_f000040,2304280007,2304280007,,2023-04-28 15:30,,,
f_f000040,2304280008,,2304280008,,2023-04-28 23:00,4,
f_f000040,2304290001,,2304290001,,2023-04-29 10:00,1,
f_f000040,2304290002,,2304290002,,2023-04-29 11:00,1,
f_f000040,2304290003,,2304290003,,2023-04-29 12:30,1,
f_f000040,2304290004,,2304290004,,2023-04-29 17:00,1,5
f_f000267,2305190001,2305190001,,2023-05-19 07:00,,,
f_f000267,2305190002,,2305190002,,2023-05-19 08:30,5,
f_f000267,2305190003,,2305190003,,2023-05-19 10:30,7,
f_f000267,2305190004,,2305190004,,2023-05-19 12:00,11,
f_f000267,2305190005,,2305190005,,2023-05-19 13:00,15,
f_f000267,2305190006,,2305190006,,2023-05-19 14:00,11,
f_f000267,2305190008,,2305190008,,2023-05-19 16:00,11,
f_f000267,2305200001,,2305200001,,2023-05-20 11:00,15,
f_f000267,2305200002,,2305200002,,2023-05-20 15:00,13,
f_f000267,2305200003,,2305200003,,2023-05-20 16:00,15,
f_f000267,2305200004,,2305200004,,2023-05-20 18:30,7,
f_f000291,2305190001,2305190001,,2023-05-19 10:30,,,
f_f000291,2305190002,,2305190002,,2023-05-19 19:30,5,16
f_f000291,2305190003,,2305190003,,2023-05-19 12:00,5,
f_f000291,2305190004,,2305190004,,2023-05-19 13:30,13,
f_f000291,2305190005,,2305190005,,2023-05-19 16:00,13,
f_f000338,2305200001,2305200001,,2023-05-20 10:00,,,
f_f000338,2305200002,,2305200002,,2023-05-20 18:30,1,
f_f000338,2305200003,,2305200003,,2023-05-20 11:30,1,
f_f000338,2305200004,,2305200004,,2023-05-20 13:00,1,
f_f000338,2305200005,,2305200005,,2023-05-20 13:30,1,
f_f000338,2305200006,,2305200006,,2023-05-20 15:30,1,
f_f000338,2305200007,,2305200007,,2023-05-20 18:00,1,
f_f000338,2305210001,,2305210001,,2023-05-21 15:30,1,
f_f000338,2305210002,,2305210002,,2023-05-21 10:30,1,
f_f000338,2305210003,,2305210003,,2023-05-21 11:00,1,
f_f000338,2305210004,,2305210004,,2023-05-21 11:30,1,
f_f000338,2305210005,,2305210005,,2023-05-21 12:30,1,
f_f000382,2305190001,2305190001,,2023-05-19 13:30,,,
f_f000382,2305190002,,2305190002,,2023-05-19 15:30,1,
f_f000382,2305190003,,2305190003,,2023-05-19 16:00,1,
f_f000382,2305190004,,2305190004,,2023-05-19 18:00,1,
f_f000382,2305190006,,2305190006,,2023-05-19 19:00,1,
f_f000382,2305200001,,2305200001,,2023-05-20 10:00,1,
f_f000384,2305190001,2305190001,,2023-05-19 08:30,,,
f_f000384,2305190002,,2305190002,,2023-05-19 11:30,1,15
f_f000384,2305190003,,2305190003,,2023-05-19 12:30,15,15
f_f000384,2305190004,,2305190004,,2023-05-19 13:30,1,15
f_f000384,2305190010,,2305190010,,2023-05-19 15:00,1,1
f_f000384,2305200001,,2305200001,,2023-05-20 10:00,1,15
f_f000384,2305200002,,2305200002,,2023-05-20 12:00,1,15
f_f000384,2305200003,,2305200003,,2023-05-20 13:30,1,15
f_f000384,2305200004,,2305200004,,2023-05-20 15:00,1,15
f_f000384,2305200005,,2305200005,,2023-05-20 19:30,1,15
f_f000429,2305190001,2305190001,,2023-05-19 09:30,,,
f_f000429,2305190002,,2305190002,,2023-05-19 10:00,5,
f_f000429,2305190003,,2305190003,,2023-05-19 13:00,7,
f_f000429,2305190004,,2305190004,,2023-05-19 13:30,5,
f_f000429,2305190005,,2305190005,,2023-05-19 14:00,15,
f_f000429,2305190006,,2305190006,,2023-05-19 16:00,15,
f_f000429,2305190007,,2305190007,,2023-05-19 18:00,5,13
f_f000429,2305190008,,2305190008,,2023-05-19 19:30,15,
f_f000429,2305190009,,2305190009,,2023-05-19 21:00,15,
f_f000429,2305200001,,2305200001,,2023-05-20 09:30,13,
f_f000429,2305200002,,2305200002,,2023-05-20 11:30,13,
f_f000429,2305200003,,2305200003,,2023-05-20 12:00,15,
f_f000429,2305200004,,2305200004,,2023-05-20 13:00,5,
f_f000429,2305200005,,2305200005,,2023-05-20 15:30,5,13
f_f000429,2305200006,,2305200006,,2023-05-20 18:00,5,13
f_f000429,2305200007,,2305200007,,2023-05-20 19:00,15,
f_f000429,2305200008,,2305200008,,2023-05-20 22:00,5,13
f_f000429,2305200009,,2305200009,,2023-05-20 10:30,15,
f_f000429,2305210001,,2305210001,,2023-05-21 11:00,15,
f_f000429,2305210002,,2305210002,,2023-05-21 15:30,15,
f_f000429,2305210003,,2305210003,,2023-05-21 16:00,10,
f_f000429,2305210004,,2305210004,,2023-05-21 17:30,15,
f_f000429,2305210005,,2305210005,,2023-05-21 19:30,13,
f_f000429,2305210006,,2305210006,,2023-05-21 20:00,13,
f_f000429,2305210007,,2305210007,,2023-05-21 23:30,7,15
f_f000433,2306020001,2306020001,,2023-06-02 14:30,,,
f_f000433,2306020002,,2306020002,,2023-06-02 19:00,1,
f_f000433,2306020003,,2306020003,,2023-06-02 21:00,1,
f_f000433,2306020004,,2306020004,,2023-06-02 22:30,1,
f_f000433,2306030001,,2306030001,,2023-06-03 14:00,1,
f_f000433,2306030002,,2306030002,,2023-06-03 15:30,1,
f_f000433,2306030003,,2306030003,,2023-06-03 16:00,1,
f_f000433,2306030004,,2306030004,,2023-06-03 18:30,1,
f_f000433,2306030005,,2306030005,,2023-06-03 21:00,1,
f_f000433,2306030006,,2306030006,,2023-06-03 22:30,15,
f_f000433,2306030007,,2306030007,,2023-06-03 23:30,15,
f_f000433,2306040001,,2306040001,,2023-06-04 13:00,1,
f_f000433,2306040002,,2306040002,,2023-06-04 16:00,1,
f_f000433,2306040003,,2306040003,,2023-06-04 17:00,15,
f_f000433,2306040004,,2306040004,,2023-06-04 18:30,1,
f_f000437,2305160001,2305160001,,2023-05-16 08:00,,,
f_f000437,2305160002,,2305160002,,2023-05-16 21:30,4,
f_f000437,2305160003,,2305160003,,2023-05-16 12:00,7,11
f_f000437,2305160004,,2305160004,,2023-05-16 13:00,11,
f_f000437,2305160005,,2305160005,,2023-05-16 13:30,15,
f_f000437,2305160006,,2305160006,,2023-05-16 14:30,11,
f_f000437,2305160007,,2305160007,,2023-05-16 15:00,11,
f_f000437,2305160008,,2305160008,,2023-05-16 16:00,11,
f_f000437,2305160009,,2305160009,,2023-05-16 17:30,11,
f_f000437,2305160010,,2305160010,,2023-05-16 18:30,15,
f_f000437,2305160011,,2305160011,,2023-05-16 19:30,4,
f_f000437,2305170001,,2305170001,,2023-05-17 22:30,6,5
f_f000437,2305170002,,2305170002,,2023-05-17 11:30,11,
f_f000437,2305170003,,2305170003,,2023-05-17 12:00,11,
f_f000437,2305170004,,2305170004,,2023-05-17 13:00,11,
f_f000437,2305170005,,2305170005,,2023-05-17 14:00,11,
f_f000437,2305170006,,2305170006,,2023-05-17 17:30,11,
f_f000437,2305170007,,2305170007,,2023-05-17 18:30,4,
f_f000461,2306020001,2306020001,,2023-06-02 12:00,,,
f_f000461,2306020002,,2306020002,,2023-06-02 12:30,13,15
f_f000461,2306020003,,2306020003,,2023-06-02 15:30,8,
f_f000461,2306020004,,2306020004,,2023-06-02 18:00,7,
f_f000461,2306020005,,2306020005,,2023-06-02 19:00,4,
f_f000461,2306020006,,2306020006,,2023-06-02 20:30,15,
f_f000461,2306020007,,2306020007,,2023-06-02 20:30,15,
f_f000461,2306020008,,2306020008,,2023-06-02 21:30,4,
f_f000461,2306020009,,2306020009,,2023-06-02 22:30,7,
f_f000461,2306020010,,2306020010,,2023-06-02 23:30,5,15
f_f000461,2306030001,,2306030001,,2023-06-03 11:00,15,
f_f000461,2306030002,,2306030002,,2023-06-03 13:30,15,
f_f000461,2306030003,,2306030003,,2023-06-03 14:00,15,
f_f000461,2306030004,,2306030004,,2023-06-03 14:30,15,
f_f000461,2306030005,,2306030005,,2023-06-03 14:30,15,
f_f000461,2306030006,,2306030006,,2023-06-03 17:30,4,15
f_f000461,2306030007,,2306030007,,2023-06-03 19:00,15,
f_f000461,2306030008,,2306030008,,2023-06-03 21:00,5,15
f_f000461,2306030009,,2306030009,,2023-06-03 23:30,5,15
f_f000461,2306030010,,2306030010,,2023-06-03 01:30,15,
f_f000461,2306040001,,2306040001,,2023-06-04 11:00,15,
f_f000461,2306040002,,2306040002,,2023-06-04 11:30,15,
f_f000461,2306040003,,2306040003,,2023-06-04 13:00,15,
f_f000461,2306040004,,2306040004,,2023-06-04 14:30,15,
f_f000461,2306040005,,2306040005,,2023-06-04 17:00,5,15
f_f000461,2306040006,,2306040006,,2023-06-04 22:00,4,15
f_f000461,2306040007,,2306040007,,2023-06-04 21:30,6,15
f_f000473,2305270001,2305270001,,2023-05-27 09:00,,,
f_f000473,2305270002,,2305270002,,2023-05-27 09:30,1,
f_f000473,2305270003,,2305270003,,2023-05-27 13:00,1,
f_f000473,2305270004,,2305270004,,2023-05-27 14:00,1,
f_f000473,2305270005,,2305270005,,2023-05-27 19:00,1,15
f_f000473,2305270006,,2305270006,,2023-05-27 22:00,1,
f_f000473,2305280001,,2305280001,,2023-05-28 10:00,1,
f_f000473,2305280002,,2305280002,,2023-05-28 13:30,1,15
f_f000473,2305280003,,2305280003,,2023-05-28 16:30,15,
f_f000473,2305280004,,2305280004,,2023-05-28 18:00,15,
f_f000473,2305280005,,2305280005,,2023-05-28 19:30,15,
f_f000473,2305280006,,2305280006,,2023-05-28 20:30,15,
f_f000473,2305280007,,2305280007,,2023-05-28 23:30,15,
f_f000473,2305290001,,2305290001,,2023-05-29 12:30,1,
f_f000473,2305290002,,2305290002,,2023-05-29 14:30,1,
f_f000484,2305230001,2305230001,,2023-05-23 11:00,,,
f_f000484,2305230002,,2305230002,,2023-05-23 13:30,1,
f_f000484,2305230003,,2305230003,,2023-05-23 17:30,1,
f_f000484,2305230004,,2305230004,,2023-05-23 18:30,15,
f_f000484,2305230005,,2305230005,,2023-05-23 21:00,15,
f_f000484,2305230007,,2305230007,,2023-05-23 22:00,15,
f_f000484,2305240001,,2305240001,,2023-05-24 22:00,1,
f_f000484,2305240002,,2305240002,,2023-05-24 13:00,15,
f_f000484,2305240003,,2305240003,,2023-05-24 14:30,15,
f_f000484,2305240004,,2305240004,,2023-05-24 15:30,15,
f_f000484,2305240005,,2305240005,,2023-05-24 20:00,1,
f_f000484,2305250001,,2305250001,,2023-05-25 13:00,1,
f_f000484,2305250002,,2305250002,,2023-05-25 12:00,1,
f_f000484,2305260001,,2305260001,,2023-05-26 15:30,1,
f_f000484,2305260002,,2305260002,,2023-05-26 13:00,1,
f_f000484,2305270001,,2305270001,,2023-05-27 11:00,15,
f_f000484,2305270002,,2305270002,,2023-05-27 21:30,1,
f_f000484,2305270003,,2305270003,,2023-05-27 13:00,1,
f_f000484,2305270004,,2305270004,,2023-05-27 15:00,1,
f_f000484,2305270005,,2305270005,,2023-05-27 18:00,1,
f_f000484,2305270006,,2305270006,,2023-05-27 19:00,1,
f_f000484,2305280001,,2305280001,,2023-05-28 12:00,1,
f_f000484,2305280002,,2305280002,,2023-05-28 14:00,1,
f_f000484,2305290001,,2305290001,,2023-05-29 20:30,1,
f_f000484,2305290002,,2305290002,,2023-05-29 10:00,15,
f_f000484,2305290003,,2305290003,,2023-05-29 12:30,1,
f_f000484,2305290004,,2305290004,,2023-05-29 19:30,1,
f_f000489,2306060001,2306060001,,2023-06-06 09:30,,,
f_f000489,2306060002,,2306060002,,2023-06-06 10:00,4,
f_f000489,2306060003,,2306060003,,2023-06-06 12:30,12,
f_f000489,2306060004,,2306060004,,2023-06-06 13:00,1,
f_f000489,2306060005,,2306060005,,2023-06-06 13:30,1,
f_f000489,2306060006,,2306060006,,2023-06-06 15:00,1,
f_f000489,2306060007,,2306060007,,2023-06-06 16:30,1,
f_f000489,2306060008,,2306060008,,2023-06-06 18:00,1,
f_f000489,2306060009,,2306060009,,2023-06-06 19:30,1,15
f_f000489,2306060010,,2306060010,,2023-06-06 21:30,15,
f_f000489,2306070001,,2306070001,,2023-06-07 20:30,13,
f_f000489,2306070002,,2306070002,,2023-06-07 09:30,13,
f_f000489,2306070003,,2306070003,,2023-06-07 13:00,13,
f_f000489,2306070004,,2306070004,,2023-06-07 14:30,15,
f_f000489,2306070005,,2306070005,,2023-06-07 15:00,15,
f_f000489,2306070006,,2306070006,,2023-06-07 19:00,12,
f_f000492,2305150001,2305150001,,2023-05-15 10:00,,,
f_f000492,2305150002,,2305150002,,2023-05-15 16:00,1,
f_f000492,2305150003,,2305150003,,2023-05-15 13:00,1,
f_f000492,2305150004,,2305150004,,2023-05-15 11:00,1,
f_f000492,2305150005,,2305150005,,2023-05-15 14:30,1,
f_f000492,2305160001,,2305160001,,2023-05-16 18:00,1,
f_f000492,2305160002,,2305160002,,2023-05-16 10:00,15,
f_f000492,2305160003,,2305160003,,2023-05-16 16:30,1,
f_f000492,2305170001,,2305170001,,2023-05-17 20:30,1,
f_f000492,2305170002,,2305170002,,2023-05-17 12:30,1,
f_f000492,2305170003,,2305170003,,2023-05-17 14:00,1,
f_f000492,2305170004,,2305170004,,2023-05-17 19:00,1,
f_f000492,2305170005,,2305170005,,2023-05-17 17:00,1,
f_f000492,2305180001,,2305180001,,2023-05-18 10:00,15,
f_f000492,2305180002,,2305180002,,2023-05-18 19:30,1,
f_f000493,2305190001,2305190001,,2023-05-19 06:30,,,
f_f000493,2305190002,,2305190002,,2023-05-19 18:30,1,1
f_f000493,2305190003,,2305190003,,2023-05-19 11:00,1,1
f_f000493,2305190004,,2305190004,,2023-05-19 13:00,1,1
f_f000493,2305190005,,2305190005,,2023-05-19 14:30,1,1
f_f000493,2305200001,,2305200001,,2023-05-20 21:00,1,1
f_f000493,2305200002,,2305200002,,2023-05-20 09:30,1,1
f_f000493,2305200003,,2305200003,,2023-05-20 11:00,1,1
f_f000493,2305200004,,2305200004,,2023-05-20 12:30,1,1
f_f000493,2305200005,,2305200005,,2023-05-20 12:00,1,1
f_f000493,2305200006,,2305200006,,2023-05-20 15:30,1,1
f_f000493,2305200007,,2305200007,,2023-05-20 18:00,1,1
f_f000493,2305210001,,2305210001,,2023-05-21 19:30,1,1
f_f000493,2305210002,,2305210002,,2023-05-21 09:00,1,1
f_f000493,2305210003,,2305210003,,2023-05-21 13:00,1,1
f_f000516,2305190001,2305190001,,2023-05-19 11:30,,,
f_f000516,2305190002,,2305190002,,2023-05-19 15:00,1,
f_f000516,2305190003,,2305190003,,2023-05-19 15:30,15,
f_f000516,2305190004,,2305190004,,2023-05-19 17:30,1,
f_f000516,2305190005,,2305190005,,2023-05-19 18:30,1,
f_f000516,2305200001,,2305200001,,2023-05-20 10:30,1,
f_f000516,2305200002,,2305200002,,2023-05-20 12:00,15,
f_f000516,2305200003,,2305200003,,2023-05-20 12:30,15,
f_f000516,2305200004,,2305200004,,2023-05-20 14:00,15,
f_f000516,2305200005,,2305200005,,2023-05-20 14:30,15,
f_f000516,2305200006,,2305200006,,2023-05-20 17:30,15,
f_f000516,2305200007,,2305200007,,2023-05-20 18:30,15,
f_f000516,2305200008,,2305200008,,2023-05-20 19:00,15,
f_f000516,2305200009,,2305200009,,2023-05-20 20:00,15,
f_f000516,2305210001,,2305210001,,2023-05-21 12:00,1,
f_f000530,2305190001,2305190001,,2023-05-19 08:30,,,
f_f000530,2305190002,,2305190002,,2023-05-19 12:30,1,
f_f000530,2305190003,,2305190003,,2023-05-19 13:30,1,
f_f000530,2305190004,,2305190004,,2023-05-19 15:00,1,
f_f000530,2305190005,,2305190005,,2023-05-19 15:00,1,
f_f000530,2305200001,,2305200001,,2023-05-20 11:30,1,
f_f000530,2305200002,,2305200002,,2023-05-20 12:30,1,
f_f000530,2305200003,,2305200003,,2023-05-20 13:30,1,
f_f000530,2305200004,,2305200004,,2023-05-20 15:00,1,
f_f000530,2305200005,,2305200005,,2023-05-20 18:00,1,
f_f000532,2306020001,2306020001,,2023-06-02 05:00,,,
f_f000532,2306020003,,2306020003,,2023-06-02 09:00,1,
f_f000532,2306020004,,2306020004,,2023-06-02 10:30,1,
f_f000532,2306020005,,2306020005,,2023-06-02 11:30,1,
f_f000532,2306020006,,2306020006,,2023-06-02 15:00,10,
f_f000532,2306020007,,2306020007,,2023-06-02 19:00,1,
f_f000532,2306020008,,2306020008,,2023-06-02 20:00,1,
f_f000532,2306020009,,2306020009,,2023-06-02 21:30,1,
f_f000532,2306030001,,2306030001,,2023-06-03 10:30,1,
f_f000532,2306030002,,2306030002,,2023-06-03 11:30,1,
f_f000532,2306030003,,2306030003,,2023-06-03 17:00,1,
f_f000532,2306030004,,2306030004,,2023-06-03 20:30,1,
f_f000532,2306040001,,2306040001,,2023-06-04 11:00,1,
f_f000532,2306040002,,2306040002,,2023-06-04 12:30,1,
f_f000532,2306040003,,2306040003,,2023-06-04 23:30,1,
f_f000538,2306030001,2306030001,,2023-06-03 06:30,,,
f_f000538,2306030002,,2306030002,,2023-06-03 08:30,1,1
f_f000538,2306030003,,2306030003,,2023-06-03 11:00,1,1
f_f000538,2306030004,,2306030004,,2023-06-03 12:00,1,1
f_f000538,2306030005,,2306030005,,2023-06-03 12:30,15,15
f_f000538,2306030006,,2306030006,,2023-06-03 13:30,1,1
f_f000538,2306030007,,2306030007,,2023-06-03 14:30,1,1
f_f000538,2306030008,,2306030008,,2023-06-03 16:30,1,1
f_f000538,2306030009,,2306030009,,2023-06-03 18:30,1,1
f_f000538,2306030010,,2306030010,,2023-06-03 18:30,1,1
f_f000538,2306030011,,2306030011,,2023-06-03 19:00,1,1
f_f000538,2306040001,,2306040001,,2023-06-04 12:30,1,1
f_f000538,2306040002,,2306040002,,2023-06-04 13:00,1,1
f_f000538,2306040003,,2306040003,,2023-06-04 16:00,1,1
f_f000538,2306040004,,2306040004,,2023-06-04 18:00,1,1
f_f000538,2306040005,,2306040005,,2023-06-04 19:00,15,15
f_f000538,2306040006,,2306040006,,2023-06-04 20:00,1,1
f_f000538,2306050001,,2306050001,,2023-06-05 11:00,15,15
f_f000538,2306050002,,2306050002,,2023-06-05 17:00,15,15
f_f000538,2306050003,,2306050003,,2023-06-05 17:30,1,1
f_f000538,2306050004,,2306050004,,2023-06-05 21:00,1,1
f_f000538,2306050005,,2306050005,,2023-06-05 22:30,1,1
f_f000543,2305160001,2305160001,,2023-05-16 07:00,,,
f_f000543,2305160002,,2305160002,,2023-05-16 07:30,13,
f_f000543,2305160003,,2305160003,,2023-05-16 09:00,8,
f_f000543,2305160004,,2305160004,,2023-05-16 11:00,7,
f_f000543,2305160005,,2305160005,,2023-05-16 11:30,15,
f_f000543,2305160006,,2305160006,,2023-05-16 13:00,13,15
f_f000543,2305160007,,2305160007,,2023-05-16 14:30,2,
f_f000543,2305160008,,2305160008,,2023-05-16 16:00,2,
f_f000543,2305160009,,2305160009,,2023-05-16 18:00,2,
f_f000543,2305160010,,2305160010,,2023-05-16 18:30,2,
f_f000543,2305160011,,2305160011,,2023-05-16 19:30,2,15
f_f000543,2305170001,,2305170001,,2023-05-17 10:00,15,
f_f000543,2305170002,,2305170002,,2023-05-17 12:30,15,
f_f000543,2305170003,,2305170003,,2023-05-17 13:00,15,
f_f000543,2305170004,,2305170004,,2023-05-17 13:30,15,
f_f000543,2305170005,,2305170005,,2023-05-17 14:00,15,
f_f000543,2305170006,,2305170006,,2023-05-17 14:30,8,
f_f000543,2305170007,,2305170007,,2023-05-17 15:00,15,
f_f000543,2305170008,,2305170008,,2023-05-17 15:30,15,
f_f000543,2305170009,,2305170009,,2023-05-17 16:00,15,
f_f000543,2305170010,,2305170010,,2023-05-17 17:00,15,
f_f000543,2305170011,,2305170011,,2023-05-17 17:30,4,15
f_f000543,2305170012,,2305170012,,2023-05-17 17:30,15,
f_f000543,2305170013,,2305170013,,2023-05-17 18:00,15,
f_f000543,2305170014,,2305170014,,2023-05-17 19:00,15,
f_f000543,2305170015,,2305170015,,2023-05-17 20:30,4,15
f_f000543,2305180001,,2305180001,,2023-05-18 05:00,15,
f_f000543,2305180002,,2305180002,,2023-05-18 05:30,15,
f_f000543,2305180003,,2305180003,,2023-05-18 10:30,4,15
f_f000543,2305180004,,2305180004,,2023-05-18 11:00,15,
f_f000543,2305180005,,2305180005,,2023-05-18 12:00,15,
f_f000543,2305180006,,2305180006,,2023-05-18 12:30,15,
f_f000543,2305180007,,2305180007,,2023-05-18 13:30,13,15
f_f000543,2305180008,,2305180008,,2023-05-18 14:30,13,15
f_f000543,2305180009,,2305180009,,2023-05-18 16:00,15,
f_f000543,2305180010,,2305180010,,2023-05-18 17:30,4,
f_f000543,2305180011,,2305180011,,2023-05-18 18:30,15,
f_f000543,2305180012,,2305180012,,2023-05-18 22:00,7,
f_f000543,2305180013,,2305180013,,2023-05-18 23:00,8,
f_f000543,2305180014,,2305180014,,2023-05-18 23:30,13,15
f_f000568,2305190001,2305190001,,2023-05-19 22:00,,,
f_f000568,2305190002,,2305190002,,2023-05-19 00:00,7,4
f_f000568,2305200001,,2305200001,,2023-05-20 22:30,7,5
f_f000568,2305200002,,2305200002,,2023-05-20 08:30,15,
f_f000568,2305200003,,2305200003,,2023-05-20 09:30,15,
f_f000568,2305200004,,2305200004,,2023-05-20 11:30,15,
f_f000568,2305200005,,2305200005,,2023-05-20 13:00,15,
f_f000568,2305200006,,2305200006,,2023-05-20 14:00,15,
f_f000568,2305200007,,2305200007,,2023-05-20 15:00,15,
f_f000568,2305200008,,2305200008,,2023-05-20 16:00,4,
f_f000568,2305200009,,2305200009,,2023-05-20 18:00,4,
f_f000568,2305200010,,2305200010,,2023-05-20 19:00,15,
f_f000586,2305310001,2305310001,,2023-05-31 12:00,,,
f_f000586,2305310002,,2305310002,,2023-05-31 15:00,1,
f_f000586,2305310003,,2305310003,,2023-05-31 17:00,1,
f_f000586,2305310004,,2305310004,,2023-05-31 17:00,1,
f_f000586,2305310005,,2305310005,,2023-05-31 17:30,1,
f_f000586,2305310006,,2305310006,,2023-05-31 18:30,1,
f_f000586,2305310007,,2305310007,,2023-05-31 19:30,1,
f_f000586,2306010001,,2306010001,,2023-06-01 11:30,1,
f_f000586,2306010002,,2306010002,,2023-06-01 12:30,1,
f_f000586,2306010003,,2306010003,,2023-06-01 17:30,1,
f_f000586,2306010004,,2306010004,,2023-06-01 18:00,1,
f_f000586,2306010005,,2306010005,,2023-06-01 19:00,1,
f_f000586,2306010006,,2306010006,,2023-06-01 19:30,1,
f_f000586,2306020001,,2306020001,,2023-06-02 13:00,1,1
f_f000586,2306020002,,2306020002,,2023-06-02 11:30,1,
f_f000591,2305270001,,2305270001,,2023-05-27 14:30,1,1
f_f000591,2305270002,2305270002,,2023-05-27 13:30,,,
f_f000591,2305270003,,2305270003,,2023-05-27 15:00,15,
f_f000591,2305270004,,2305270004,,2023-05-27 03:30,15,
f_f000591,2305270005,,2305270005,,2023-05-27 17:30,15,15
f_f000591,2305270006,,2305270006,,2023-05-27 14:30,1,1
f_f000591,2305270007,,2305270007,,2023-05-27 15:30,15,15
f_f000591,2305270008,,2305270008,,2023-05-27 15:30,15,
f_f000591,2305280001,,2305280001,,2023-05-28 12:30,1,1
f_f000591,2305280002,,2305280002,,2023-05-28 12:30,1,
f_f000591,2305280003,,2305280003,,2023-05-28 01:30,1,1
f_f000591,2305280004,,2305280004,,2023-05-28 14:30,1,1
f_f000609,2305190001,2305190001,,2023-05-19 09:30,,,
f_f000609,2305190002,,2305190002,,2023-05-19 12:00,1,
f_f000609,2305190003,,2305190003,,2023-05-19 13:30,1,
f_f000609,2305190004,,2305190004,,2023-05-19 15:00,1,
f_f000609,2305190005,,2305190005,,2023-05-19 16:30,1,
f_f000609,2305190006,,2305190006,,2023-05-19 17:00,1,
f_f000609,2305190007,,2305190007,,2023-05-19 19:00,15,
f_f000609,2305190008,,2305190008,,2023-05-19 20:30,15,
f_f000609,2305200001,,2305200001,,2023-05-20 10:00,1,
f_f000609,2305200002,,2305200002,,2023-05-20 11:30,1,
f_f000609,2305200003,,2305200003,,2023-05-20 12:00,1,
f_f000609,2305200004,,2305200004,,2023-05-20 12:30,1,
f_f000609,2305200005,,2305200005,,2023-05-20 14:00,1,
f_f000609,2305200006,,2305200006,,2023-05-20 15:00,1,
f_f000609,2305200007,,2305200007,,2023-05-20 16:00,1,
f_f000609,2305200008,,2305200008,,2023-05-20 17:30,1,
f_f000609,2305200009,,2305200009,,2023-05-20 18:00,1,
f_f000609,2305200010,,2305200010,,2023-05-20 19:00,1,
f_f000609,2305210001,,2305210001,,2023-05-21 10:30,1,
f_f000609,2305210002,,2305210002,,2023-05-21 12:00,1,
f_f000609,2305210003,,2305210003,,2023-05-21 13:00,1,
f_f000609,2305210004,,2305210004,,2023-05-21 13:30,1,
f_f000609,2305210005,,2305210005,,2023-05-21 19:30,1,
f_f000611,2305280001,2305280001,,2023-05-28 10:30,,,
f_f000611,2305280002,,2305280002,,2023-05-28 13:00,1,
f_f000611,2305280003,,2305280003,,2023-05-28 19:30,1,
f_f000611,2305280004,,2305280004,,2023-05-28 18:30,1,
f_f000611,2305290001,,2305290001,,2023-05-29 18:30,1,
f_f000611,2305290002,,2305290002,,2023-05-29 09:30,15,
f_f000627,2306030001,2306030001,,2023-06-03 11:30,,,
f_f000627,2306030002,,2306030002,,2023-06-03 15:00,1,
f_f000627,2306030003,,2306030003,,2023-06-03 12:30,1,15
f_f000627,2306030004,,2306030004,,2023-06-03 13:00,1,
f_f000627,2306030005,,2306030005,,2023-06-03 14:30,1,
f_f000627,2306040001,,2306040001,,2023-06-04 21:00,1,
f_f000627,2306040002,,2306040002,,2023-06-04 12:30,15,
f_f000627,2306040003,,2306040003,,2023-06-04 13:30,15,
f_f000627,2306040004,,2306040004,,2023-06-04 20:00,1,
f_f000650,2306060001,2306060001,,2023-06-06 06:30,,,
f_f000650,2306060002,,2306060002,,2023-06-06 16:30,15,
f_f000650,2306060003,,2306060003,,2023-06-06 07:00,13,
f_f000650,2306060004,,2306060004,,2023-06-06 10:00,12,
f_f000650,2306060005,,2306060005,,2023-06-06 10:30,12,
f_f000650,2306060006,,2306060006,,2023-06-06 11:00,4,
f_f000650,2306060007,,2306060007,,2023-06-06 13:00,4,
f_f000650,2306060008,,2306060008,,2023-06-06 13:30,15,
f_f000650,2306060009,,2306060009,,2023-06-06 15:00,4,
f_f000650,2306060010,,2306060010,,2023-06-06 15:30,15,
f_f000650,2306070001,,2306070001,,2023-06-07 20:00,4,
f_f000650,2306070002,,2306070002,,2023-06-07 06:30,15,
f_f000650,2306070003,,2306070003,,2023-06-07 10:30,15,
f_f000650,2306070004,,2306070004,,2023-06-07 11:30,16,
f_f000650,2306070005,,2306070005,,2023-06-07 12:00,4,
f_f000650,2306070006,,2306070006,,2023-06-07 12:30,15,
f_f000650,2306070007,,2306070007,,2023-06-07 13:00,15,
f_f000650,2306070008,,2306070008,,2023-06-07 14:30,15,
f_f000650,2306070009,,2306070009,,2023-06-07 14:30,15,
f_f000650,2306070010,,2306070010,,2023-06-07 14:30,15,
f_f000650,2306070011,,2306070011,,2023-06-07 17:30,4,
f_f000650,2306070012,,2306070012,,2023-06-07 18:30,15,
f_f000650,2306070013,,2306070013,,2023-06-07 18:30,15,
f_f000650,2306080001,,2306080001,,2023-06-08 16:30,15,
f_f000650,2306080002,,2306080002,,2023-06-08 13:00,15,
f_f000650,2306080003,,2306080003,,2023-06-08 13:30,15,
f_f000650,2306080004,,2306080004,,2023-06-08 14:00,15,
f_f000650,2306080005,,2306080005,,2023-06-08 15:00,4,
f_f000650,2306090001,,2306090001,,2023-06-09 19:00,4,
f_f000650,2306090002,,2306090002,,2023-06-09 11:00,15,
f_f000650,2306090003,,2306090003,,2023-06-09 12:30,4,
f_f000650,2306090004,,2306090004,,2023-06-09 13:30,15,
f_f000650,2306090005,,2306090005,,2023-06-09 17:00,7,
f_f000650,2306090006,,2306090006,,2023-06-09 18:00,7,
f_f000655,2306040001,2306040001,,2023-06-04 04:30,,,
f_f000655,2306040002,,2306040002,,2023-06-04 05:30,4,12
f_f000655,2306040004,,2306040004,,2023-06-04 08:00,15,
f_f000655,2306040005,,2306040005,,2023-06-04 18:00,4,
f_f000655,2306040006,,2306040006,,2023-06-04 11:00,16,
f_f000655,2306040007,,2306040007,,2023-06-04 15:00,4,
f_f000655,2306040008,,2306040008,,2023-06-04 03:30,15,
f_f000655,2306040009,,2306040009,,2023-06-04 05:00,4,
f_f000655,2306040010,,2306040010,,2023-06-04 08:00,7,
f_f000655,2306040011,,2306040011,,2023-06-04 11:30,15,
f_f000655,2306040012,,2306040012,,2023-06-04 14:00,8,
f_f000655,2306050001,,2306050001,,2023-06-05 10:00,15,
f_f000655,2306050002,,2306050002,,2023-06-05 12:00,4,
f_f000655,2306050003,,2306050003,,2023-06-05 12:30,15,
f_f000655,2306050004,,2306050004,,2023-06-05 14:30,13,
f_f000655,2306050005,,2306050005,,2023-06-05 16:00,15,
f_f000655,2306050006,,2306050006,,2023-06-05 19:00,15,
f_f000655,2306050007,,2306050007,,2023-06-05 11:30,6,
f_f000655,2306060001,,2306060001,,2023-06-06 10:00,1,
f_f000655,2306060002,,2306060002,,2023-06-06 11:00,1,
f_f000655,2306060003,,2306060003,,2023-06-06 11:30,15,
f_f000655,2306060004,,2306060004,,2023-06-06 12:30,13,
f_f000655,2306060005,,2306060005,,2023-06-06 17:00,15,
f_f000655,2306060006,,2306060006,,2023-06-06 16:30,7,5
f_f000657,2305270001,2305270001,,2023-05-27 13:00,,,
f_f000657,2305270002,,2305270002,,2023-05-27 14:00,12,
f_f000657,2305270003,,2305270003,,2023-05-27 14:30,5,
f_f000657,2305270004,,2305270004,,2023-05-27 15:30,15,
f_f000657,2305270005,,2305270005,,2023-05-27 16:30,13,
f_f000657,2305270006,,2305270006,,2023-05-27 21:00,5,
f_f000657,2305270007,,2305270007,,2023-05-27 22:00,13,
f_f000669,2306030001,2306030001,,2023-06-03 06:00,,,
f_f000669,2306030002,,2306030002,,2023-06-03 09:30,7,
f_f000669,2306030003,,2306030003,,2023-06-03 13:30,13,
f_f000669,2306030004,,2306030004,,2023-06-03 18:00,5,
f_f000669,2306040001,,2306040001,,2023-06-04 15:00,1,
f_f000669,2306040002,,2306040002,,2023-06-04 20:00,15,
f_f000669,2306040003,,2306040003,,2023-06-04 21:00,1,
f_f000669,2306050001,,2306050001,,2023-06-05 16:00,1,
f_f000669,2306050002,,2306050002,,2023-06-05 05:00,1,
f_f000669,2306050003,,2306050003,,2023-06-05 19:00,1,
f_f000669,2306050004,,2306050004,,2023-06-05 20:30,1,
f_f000669,2306060001,,2306060001,,2023-06-06 11:30,1,
f_f000669,2306060002,,2306060002,,2023-06-06 16:30,1,
f_f000669,2306060003,,2306060003,,2023-06-06 19:00,7,
f_f000689,2305150001,2305150001,,2023-05-15 13:00,,,
f_f000689,2305150002,,2305150002,,2023-05-15 13:30,1,1
f_f000689,2305150003,,2305150003,,2023-05-15 15:30,1,1
f_f000689,2305150004,,2305150004,,2023-05-15 15:30,1,1
f_f000689,2305150005,,2305150005,,2023-05-15 16:30,1,1
f_f000689,2305160001,,2305160001,,2023-05-16 11:30,1,1
f_f000689,2305160002,,2305160002,,2023-05-16 11:30,1,1
f_f000689,2305160003,,2305160003,,2023-05-16 13:00,1,1
f_f000689,2305160004,,2305160004,,2023-05-16 15:00,1,1
f_f000690,2305180001,2305180001,,2023-05-18 13:30,,,
f_f000690,2305180002,,2305180002,,2023-05-18 17:00,1,
f_f000690,2305180003,,2305180003,,2023-05-18 15:00,1,
f_f000710,2305270001,2305270001,,2023-05-27 10:00,,,
f_f000710,2305270002,,2305270002,,2023-05-27 18:30,1,
f_f000710,2305270003,,2305270003,,2023-05-27 16:00,1,
f_f000710,2305280001,,2305280001,,2023-05-28 16:30,1,
f_f000710,2305280002,,2305280002,,2023-05-28 11:00,1,
f_f000710,2305280003,,2305280003,,2023-05-28 12:30,1,
f_f000710,2305280004,,2305280004,,2023-05-28 13:30,1,
f_f000710,2305280005,,2305280005,,2023-05-28 15:30,1,
f_f000710,2305290001,,2305290001,,2023-05-29 14:00,1,
f_f000710,2305290002,,2305290002,,2023-05-29 08:00,1,
f_f000730,2305200001,2305200001,,2023-05-20 11:00,,,
f_f000730,2305200002,,2305200002,,2023-05-20 14:00,1,
f_f000730,2305200003,,2305200003,,2023-05-20 16:00,15,
f_f000730,2305200004,,2305200004,,2023-05-20 16:30,15,
f_f000730,2305200005,,2305200005,,2023-05-20 18:00,15,
f_f000730,2305210001,,2305210001,,2023-05-21 10:30,15,
f_f000730,2305210002,,2305210002,,2023-05-21 15:00,1,
f_f000730,2305210003,,2305210003,,2023-05-21 19:00,1,
f_f000740,2305260001,2305260001,,2023-05-26 13:00,,,
f_f000740,2305260002,,2305260002,,2023-05-26 13:30,1,
f_f000740,2305260003,,2305260003,,2023-05-26 17:30,1,
f_f000740,2305260004,,2305260004,,2023-05-26 18:30,15,
f_f000740,2305260005,,2305260005,,2023-05-26 19:00,15,
f_f000740,2305270001,,2305270001,,2023-05-27 15:00,16,
f_f000740,2305270002,,2305270002,,2023-05-27 21:00,16,
f_f000740,2305270003,,2305270003,,2023-05-27 14:30,15,
f_f000740,2305270004,,2305270004,,2023-05-27 21:00,15,
f_f000740,2305280001,,2305280001,,2023-05-28 16:00,1,
f_f000740,2305280002,,2305280002,,2023-05-28 11:00,1,
f_f000740,2305280003,,2305280003,,2023-05-28 09:30,15,
f_f000740,2305280004,,2305280004,,2023-05-28 14:30,1,
f_f000767,2306030001,2306030001,,2023-06-03 11:30,,,
f_f000767,2306030002,,2306030002,,2023-06-03 21:00,1,
f_f000767,2306030003,,2306030003,,2023-06-03 13:30,1,
f_f000767,2306030004,,2306030004,,2023-06-03 16:30,1,
f_f000767,2306030005,,2306030005,,2023-06-03 18:00,1,
f_f000767,2306030006,,2306030006,,2023-06-03 20:00,1,
f_f000767,2306040001,,2306040001,,2023-06-04 21:30,1,
f_f000767,2306040002,,2306040002,,2023-06-04 12:00,1,
f_f000767,2306040003,,2306040003,,2023-06-04 13:30,1,
f_f000767,2306040004,,2306040004,,2023-06-04 17:30,1,
f_f000767,2306040005,,2306040005,,2023-06-04 20:30,15,
f_f000767,2306050001,,2306050001,,2023-06-05 12:00,1,
f_f000767,2306050002,,2306050002,,2023-06-05 15:00,1,
f_f000767,2306050003,,2306050003,,2023-06-05 16:30,1,
f_f000782,2305200001,2305200001,,2023-05-20 08:00,,,
f_f000782,2305200002,,2305200002,,2023-05-20 13:00,1,
f_f000782,2305200003,,2305200003,,2023-05-20 17:00,15,
f_f000782,2305210001,,2305210001,,2023-05-21 15:30,1,
f_f000790,2305190001,2305190001,,2023-05-19 15:30,,,
f_f000790,2305190002,,2305190002,,2023-05-19 17:00,1,
f_f000790,2305190003,,2305190003,,2023-05-19 17:30,1,
f_f000790,2305190004,,2305190004,,2023-05-19 18:30,1,
f_f000790,2305190005,,2305190005,,2023-05-19 19:30,1,
f_f000790,2305190006,,2305190006,,2023-05-19 21:30,1,
f_f000790,2305200001,,2305200001,,2023-05-20 10:00,1,
f_f000790,2305200002,,2305200002,,2023-05-20 11:30,1,
f_f000790,2305200003,,2305200003,,2023-05-20 12:30,1,
f_f000790,2305200004,,2305200004,,2023-05-20 15:00,1,
f_f000790,2305200005,,2305200005,,2023-05-20 16:30,1,15
f_f000790,2305200006,,2305200006,,2023-05-20 19:00,1,15
f_f000790,2305200007,,2305200007,,2023-05-20 19:30,15,
f_f000790,2305200008,,2305200008,,2023-05-20 20:00,1,15
f_f000790,2305210001,,2305210001,,2023-05-21 22:00,1,
f_f000790,2305210002,,2305210002,,2023-05-21 10:30,1,15
f_f000790,2305210003,,2305210003,,2023-05-21 11:00,15,
f_f000790,2305210004,,2305210004,,2023-05-21 12:30,15,
f_f000790,2305210005,,2305210005,,2023-05-21 13:30,15,
f_f000790,2305210006,,2305210006,,2023-05-21 15:00,1,
f_f000790,2305210007,,2305210007,,2023-05-21 17:00,1,
f_f000796,2305270001,2305270001,,2023-05-27 10:00,,,
f_f000796,2305270002,,2305270002,,2023-05-27 19:30,1,
f_f000796,2305270003,,2305270003,,2023-05-27 12:00,1,
f_f000796,2305270004,,2305270004,,2023-05-27 14:00,1,
f_f000796,2305270005,,2305270005,,2023-05-27 15:00,1,
f_f000796,2305270006,,2305270006,,2023-05-27 17:00,1,
f_f000831,2305260001,2305260001,,2023-05-26 14:30,,,
f_f000831,2305260002,,2305260002,,2023-05-26 17:00,1,
f_f000831,2305260003,,2305260003,,2023-05-26 18:00,1,
f_f000831,2305260004,,2305260004,,2023-05-26 19:30,1,
f_f000831,2305260005,,2305260005,,2023-05-26 20:00,1,
f_f000831,2305270001,,2305270001,,2023-05-27 13:30,1,
f_f000831,2305270002,,2305270002,,2023-05-27 15:00,1,
f_f000831,2305270003,,2305270003,,2023-05-27 16:00,1,
f_f000831,2305280001,,2305280001,,2023-05-28 11:00,1,
f_f000831,2305280002,,2305280002,,2023-05-28 11:30,1,
f_f000835,2305190001,2305190001,,2023-05-19 18:00,,,
f_f000835,2305190002,,2305190002,,2023-05-19 02:00,5,7
f_f000835,2305190003,,2305190003,,2023-05-19 19:30,5,
f_f000835,2305190004,,2305190004,,2023-05-19 18:30,5,
f_f000835,2305190005,,2305190005,,2023-05-19 20:30,5,
f_f000835,2305200001,,2305200001,,2023-05-20 08:30,15,
f_f000835,2305200002,,2305200002,,2023-05-20 09:30,15,
f_f000835,2305200003,,2305200003,,2023-05-20 10:00,13,
f_f000835,2305200004,,2305200004,,2023-05-20 11:30,12,
f_f000835,2305200005,,2305200005,,2023-05-20 14:30,13,
f_f000835,2305200006,,2305200006,,2023-05-20 18:30,15,
f_f000835,2305200007,,2305200007,,2023-05-20 20:00,15,
f_f000835,2305200008,,2305200008,,2023-05-20 20:30,15,
f_f000835,2305200009,,2305200009,,2023-05-20 21:00,13,
f_f000835,2305210001,,2305210001,,2023-05-21 00:30,7,4
f_f000835,2305210002,,2305210002,,2023-05-21 12:00,5,
f_f000835,2305210003,,2305210003,,2023-05-21 12:30,15,
f_f000835,2305210004,,2305210004,,2023-05-21 14:00,15,
f_f000835,2305210005,,2305210005,,2023-05-21 16:00,5,
f_f000844,2305190001,2305190001,,2023-05-19 19:00,,,
f_f000844,2305190002,,2305190002,,2023-05-19 23:00,7,1
f_f000844,2305200001,,2305200001,,2023-05-20 11:30,1,
f_f000844,2305200002,,2305200002,,2023-05-20 12:30,1,
f_f000844,2305200003,,2305200003,,2023-05-20 02:00,1,
f_f000844,2305200004,,2305200004,,2023-05-20 15:30,1,
f_f000844,2305200005,,2305200005,,2023-05-20 19:30,1,
f_f000844,2305200006,,2305200006,,2023-05-20 22:00,1,
f_f000844,2305200007,,2305200007,,2023-05-20 23:00,1,
f_f000844,2305210001,,2305210001,,2023-05-21 13:00,1,
f_f000844,2305210002,,2305210002,,2023-05-21 14:00,1,
f_f000844,2305210003,,2305210003,,2023-05-21 23:30,7,
f_f000869,2305200001,2305200001,,2023-05-20 09:00,,,
f_f000869,2305200002,,2305200002,,2023-05-20 13:00,1,
f_f000869,2305200003,,2305200003,,2023-05-20 14:00,1,
f_f000869,2305200004,,2305200004,,2023-05-20 16:30,1,
f_f000869,2305200006,,2305200006,,2023-05-20 18:00,1,
f_f000869,2305210001,,2305210001,,2023-05-21 12:00,1,
f_f000869,2305210002,,2305210002,,2023-05-21 13:00,1,
f_f000869,2305210003,,2305210003,,2023-05-21 19:00,1,
f_f000879,2306030001,2306030001,,2023-06-03 08:30,,,
f_f000879,2306030002,,2306030002,,2023-06-03 23:30,13,
f_f000879,2306030003,,2306030003,,2023-06-03 10:00,5,
f_f000879,2306030004,,2306030004,,2023-06-03 13:30,7,
f_f000879,2306030005,,2306030005,,2023-06-03 14:00,5,
f_f000879,2306030006,,2306030006,,2023-06-03 15:00,15,
f_f000879,2306030007,,2306030007,,2023-06-03 16:00,15,
f_f000879,2306030008,,2306030008,,2023-06-03 17:30,15,
f_f000879,2306030009,,2306030009,,2023-06-03 19:00,15,
f_f000879,2306030010,,2306030010,,2023-06-03 20:30,5,
f_f000879,2306040001,,2306040001,,2023-06-04 22:00,13,15
f_f000879,2306040002,,2306040002,,2023-06-04 12:00,13,
f_f000879,2306040003,,2306040003,,2023-06-04 12:30,15,
f_f000879,2306040004,,2306040004,,2023-06-04 15:30,13,
f_f000879,2306040005,,2306040005,,2023-06-04 16:30,15,
f_f000879,2306040006,,2306040006,,2023-06-04 17:30,5,
f_f000879,2306040007,,2306040007,,2023-06-04 20:00,5,
f_f000879,2306050001,,2306050001,,2023-06-05 21:00,15,
f_f000879,2306050002,,2306050002,,2023-06-05 10:00,15,
f_f000879,2306050003,,2306050003,,2023-06-05 13:00,13,
f_f000879,2306050004,,2306050004,,2023-06-05 20:00,13,
f_f000879,2306060001,,2306060001,,2023-06-06 22:00,5,15
f_f000879,2306060002,,2306060002,,2023-06-06 10:30,15,
f_f000879,2306060003,,2306060003,,2023-06-06 12:30,15,
f_f000879,2306060004,,2306060004,,2023-06-06 13:30,15,
f_f000879,2306060005,,2306060005,,2023-06-06 15:00,13,
f_f000879,2306060006,,2306060006,,2023-06-06 18:30,7,
f_f000879,2306060007,,2306060007,,2023-06-06 19:00,15,
f_f000889,2305260001,2305260001,,2023-05-26 15:00,,,
f_f000889,2305260002,,2305260002,,2023-05-26 22:00,15,
f_f000889,2305260003,,2305260003,,2023-05-26 16:00,5,
f_f000889,2305260004,,2305260004,,2023-05-26 19:00,7,
f_f000889,2305260005,,2305260005,,2023-05-26 19:30,13,
f_f000889,2305260006,,2305260006,,2023-05-26 21:00,13,
f_f000889,2305270001,,2305270001,,2023-05-27 16:30,15,
f_f000889,2305270002,,2305270002,,2023-05-27 12:00,15,
f_f000889,2305270003,,2305270003,,2023-05-27 12:30,15,
f_f000889,2305270004,,2305270004,,2023-05-27 13:30,15,
f_f000889,2305270005,,2305270005,,2023-05-27 14:30,15,
f_f000889,2305280001,,2305280001,,2023-05-28 16:30,13,
f_f000889,2305280002,,2305280002,,2023-05-28 14:00,13,
f_f000889,2305280003,,2305280003,,2023-05-28 15:00,15,
f_f000889,2305290001,,2305290001,,2023-05-29 15:30,5,
f_f000889,2305290002,,2305290002,,2023-05-29 10:00,4,13
f_f000889,2305290003,,2305290003,,2023-05-29 14:30,12,
f_f000925,2305190001,2305190001,,2023-05-19 14:00,,,
f_f000925,2305190002,,2305190002,,2023-05-19 23:30,1,1
f_f000925,2305190003,,2305190003,,2023-05-19 17:00,1,1
f_f000925,2305190004,,2305190004,,2023-05-19 20:00,1,1
f_f000925,2305190005,,2305190005,,2023-05-19 21:30,1,1
f_f000925,2305200001,,2305200001,,2023-05-20 20:00,1,1
f_f000925,2305200002,,2305200002,,2023-05-20 21:30,1,1
f_f000925,2305210001,,2305210001,,2023-05-21 00:00,1,1
f_f000925,2305210002,,2305210002,,2023-05-21 06:00,1,1
f_f000925,2305210003,,2305210003,,2023-05-21 21:30,1,1
f_f000925,2305210004,,2305210004,,2023-05-21 23:30,1,1
f_f000925,2305220001,,2305220001,,2023-05-22 05:00,1,1
f_f000925,2305220002,,2305220002,,2023-05-22 06:00,1,1
f_f000925,2305220003,,2305220003,,2023-05-22 23:30,1,1
f_f000935,2305270001,2305270001,,2023-05-27 06:30,,,
f_f000935,2305270002,,2305270002,,2023-05-27 10:30,1,
f_f000935,2305270003,,2305270003,,2023-05-27 15:00,1,
f_f000935,2305270004,,2305270004,,2023-05-27 20:30,1,
f_f000935,2305270006,,2305270006,,2023-05-27 17:30,1,
f_f000935,2305270007,,2305270007,,2023-05-27 17:30,1,
f_f000935,2305270008,,2305270008,,2023-05-27 18:30,1,
f_f000935,2305270009,,2305270009,,2023-05-27 19:00,1,
f_f000935,2305280001,,2305280001,,2023-05-28 12:00,1,
f_f000935,2305280002,,2305280002,,2023-05-28 13:00,1,
f_f000935,2305280003,,2305280003,,2023-05-28 14:30,1,
f_f000935,2305280004,,2305280004,,2023-05-28 18:00,1,
f_f000935,2305280005,,2305280005,,2023-05-28 20:00,1,
f_f000935,2305280006,,2305280006,,2023-05-28 22:00,1,
f_f000940,2306050001,2306050001,,2023-06-05 10:30,,,
f_f000940,2306050002,,2306050002,,2023-06-05 22:00,1,
f_f000940,2306050003,,2306050003,,2023-06-05 12:00,1,
f_f000940,2306050004,,2306050004,,2023-06-05 13:30,1,
f_f000940,2306050005,,2306050005,,2023-06-05 17:30,1,
f_f000940,2306050006,,2306050006,,2023-06-05 18:30,1,
f_f000940,2306050007,,2306050007,,2023-06-05 19:30,15,
f_f000940,2306050008,,2306050008,,2023-06-05 20:00,15,
f_f000940,2306050009,,2306050009,,2023-06-05 20:30,15,
f_f000940,2306060001,,2306060001,,2023-06-06 11:00,1,
f_f000940,2306060002,,2306060002,,2023-06-06 11:30,1,
f_f000940,2306060003,,2306060003,,2023-06-06 12:30,1,
f_f000940,2306060004,,2306060004,,2023-06-06 15:30,1,
f_f000940,2306060005,,2306060005,,2023-06-06 18:00,1,
f_f000952,2305220001,2305220001,,2023-05-22 09:30,,,
f_f000952,2305220002,,2305220002,,2023-05-22 11:00,1,1
f_f000952,2305220003,,2305220003,,2023-05-22 13:00,1,1
f_f000952,2305220004,,2305220004,,2023-05-22 17:00,1,1
f_f000952,2305220005,,2305220005,,2023-05-22 18:30,15,15
f_f000952,2305220006,,2305220006,,2023-05-22 19:30,15,15
f_f000952,2305220007,,2305220007,,2023-05-22 21:00,15,15
f_f000952,2305220008,,2305220008,,2023-05-22 22:00,15,15
f_f000952,2305230001,,2305230001,,2023-05-23 10:00,1,1
f_f000952,2305230002,,2305230002,,2023-05-23 12:00,1,1
f_f000952,2305230003,,2305230003,,2023-05-23 13:30,1,1
f_f000952,2305230004,,2305230004,,2023-05-23 14:30,15,15
f_f000952,2305230005,,2305230005,,2023-05-23 16:30,15,15
f_f000952,2305230006,,2305230006,,2023-05-23 17:00,15,15
f_f000952,2305230007,,2305230007,,2023-05-23 18:00,15,15
f_f000952,2305230008,,2305230008,,2023-05-23 19:30,15,15
f_f000952,2305230009,,2305230009,,2023-05-23 20:00,15,15
f_f000952,2305230010,,2305230010,,2023-05-23 21:30,15,15
f_f000952,2305230011,,2305230011,,2023-05-23 22:00,15,4
f_f000952,2305240001,,2305240001,,2023-05-24 11:00,15,15
f_f000952,2305240002,,2305240002,,2023-05-24 13:00,1,1
f_f000952,2305240003,,2305240003,,2023-05-24 15:00,1,1
f_f000952,2305240004,,2305240004,,2023-05-24 17:00,1,1
f_f000952,2305240005,,2305240005,,2023-05-24 18:30,1,1
f_f000959,2305210001,2305210001,,2023-05-21 07:30,,,
f_f000959,2305210002,,2305210002,,2023-05-21 09:30,1,
f_f000959,2305210003,,2305210003,,2023-05-21 12:30,1,
f_f000959,2305210004,,2305210004,,2023-05-21 14:00,15,
f_f000959,2305210005,,2305210005,,2023-05-21 16:30,1,
f_f000959,2305210006,,2305210006,,2023-05-21 19:00,1,
f_f000959,2305210007,,2305210007,,2023-05-21 20:00,1,
f_f000959,2305210013,,2305210013,,2023-05-21 21:00,1,
f_f000959,2305220001,,2305220001,,2023-05-22 08:00,15,
f_f000959,2305220002,,2305220002,,2023-05-22 12:00,15,
f_f000959,2305220003,,2305220003,,2023-05-22 21:00,1,
f_f000959,2305220004,,2305220004,,2023-05-22 16:00,1,
f_f000959,2305220005,,2305220005,,2023-05-22 17:00,1,
f_f000959,2305220006,,2305220006,,2023-05-22 18:30,1,
f_f000973,2305270001,2305270001,,2023-05-27 10:30,,,
f_f000973,2305270002,,2305270002,,2023-05-27 14:00,1,
f_f000973,2305270003,,2305270003,,2023-05-27 15:30,1,
f_f000973,2305270004,,2305270004,,2023-05-27 17:00,1,
f_f000973,2305270005,,2305270005,,2023-05-27 17:30,1,
f_f000973,2305280001,,2305280001,,2023-05-28 11:30,1,
f_f000973,2305280002,,2305280002,,2023-05-28 12:30,1,
f_f000973,2305280003,,2305280003,,2023-05-28 14:00,1,
f_f000973,2305280004,,2305280004,,2023-05-28 18:30,1,
f_f000973,2305280005,,2305280005,,2023-05-28 08:00,1,
f_f000973,2305290001,,2305290001,,2023-05-29 11:00,1,
f_f000973,2305290002,,2305290002,,2023-05-29 12:30,1,
f_f000973,2305290003,,2305290003,,2023-05-29 01:30,1,
f_f000973,2305290004,,2305290004,,2023-05-29 02:30,1,
f_f000973,2305290005,,2305290005,,2023-05-29 17:30,1,
f_f000973,2305290006,,2305290006,,2023-05-29 18:30,1,
f_f000979,2305270001,2305270001,,2023-05-27 06:30,,,
f_f000979,2305270002,,2305270002,,2023-05-27 10:30,1,
f_f000979,2305270003,,2305270003,,2023-05-27 12:00,1,
f_f000979,2305270004,,2305270004,,2023-05-27 13:30,1,
f_f000979,2305270005,,2305270005,,2023-05-27 15:00,1,
f_f000979,2305280001,,2305280001,,2023-05-28 11:30,1,
f_f000979,2305280002,,2305280002,,2023-05-28 14:30,1,
f_f000979,2305280003,,2305280003,,2023-05-28 19:30,1,
f_f001026,2305260001,2305260001,,2023-05-26 18:00,,,
f_f001026,2305260002,,2305260002,,2023-05-26 23:30,1,
f_f001026,2305260003,,2305260003,,2023-05-26 18:30,1,
f_f001026,2305270001,,2305270001,,2023-05-27 11:30,1,
f_f001026,2305270002,,2305270002,,2023-05-27 13:00,1,
f_f001026,2305270003,,2305270003,,2023-05-27 16:30,1,
f_f001026,2305270004,,2305270004,,2023-05-27 18:00,15,
f_f001026,2305270005,,2305270005,,2023-05-27 23:00,1,
f_f001026,2305280001,,2305280001,,2023-05-28 01:00,1,
f_f001026,2305280002,,2305280002,,2023-05-28 14:30,15,
f_f001026,2305280003,,2305280003,,2023-05-28 16:30,1,
f_f001026,2305280004,,2305280004,,2023-05-28 18:30,1,
f_f001026,2305290001,,2305290001,,2023-05-29 10:00,1,
f_f001026,2305290002,,2305290002,,2023-05-29 10:30,15,
f_f001026,2305290003,,2305290003,,2023-05-29 13:30,1,
f_f001026,2305290004,,2305290004,,2023-05-29 15:00,1,
f_f001026,2305290005,,2305290005,,2023-05-29 15:30,15,
f_f001026,2305290006,,2305290006,,2023-05-29 16:00,15,
f_f001026,2305290007,,2305290007,,2023-05-29 16:30,15,
f_f001026,2305290008,,2305290008,,2023-05-29 19:30,1,
f_f001059,2305210001,2305210001,,2023-05-21 09:00,,,
f_f001059,2305210002,,2305210002,,2023-05-21 09:30,1,
f_f001059,2305210003,,2305210003,,2023-05-21 15:30,1,
f_f001059,2305210004,,2305210004,,2023-05-21 10:30,1,
f_f001059,2305210005,,2305210005,,2023-05-21 11:30,1,
f_f001059,2305210006,,2305210006,,2023-05-21 13:00,1,
f_f001074,2306050001,2306050001,,2023-06-05 14:00,,,
f_f001074,2306050002,,2306050002,,2023-06-05 15:00,1,
f_f001074,2306050003,,2306050003,,2023-06-05 16:00,1,
f_f001074,2306050004,,2306050004,,2023-06-05 16:30,15,
f_f001074,2306050005,,2306050005,,2023-06-05 17:00,15,
f_f001074,2306050006,,2306050006,,2023-06-05 17:30,15,
f_f001074,2306050007,,2306050007,,2023-06-05 18:00,15,
f_f001074,2306050008,,2306050008,,2023-06-05 19:30,15,
f_f001074,2306050009,,2306050009,,2023-06-05 20:30,1,
f_f001074,2306050010,,2306050010,,2023-06-05 22:00,1,
f_f001074,2306060001,,2306060001,,2023-06-06 12:00,1,
f_f001074,2306060002,,2306060002,,2023-06-06 13:00,1,
f_f001074,2306060003,,2306060003,,2023-06-06 14:30,1,
f_f001074,2306060004,,2306060004,,2023-06-06 16:00,1,
f_f001074,2306060005,,2306060005,,2023-06-06 18:30,1,
f_f001074,2306060006,,2306060006,,2023-06-06 19:00,1,
f_f001074,2306060007,,2306060007,,2023-06-06 19:30,1,
f_f001074,2306060008,,2306060008,,2023-06-06 20:30,1,
f_f001074,2306060009,,2306060009,,2023-06-06 22:00,1,
f_f001074,2306070001,,2306070001,,2023-06-07 11:30,1,
f_f001074,2306070002,,2306070002,,2023-06-07 12:30,1,
f_f001074,2306070003,,2306070003,,2023-06-07 14:30,1,
f_f001074,2306070004,,2306070004,,2023-06-07 13:30,1,
f_f001081,2305220001,2305220001,,2023-05-22 09:00,,,
f_f001081,2305220002,,2305220002,,2023-05-22 19:00,1,
f_f001081,2305220003,,2305220003,,2023-05-22 11:00,1,
f_f001081,2305220004,,2305220004,,2023-05-22 12:00,1,15
f_f001081,2305220005,,2305220005,,2023-05-22 13:00,1,
f_f001081,2305220006,,2305220006,,2023-05-22 14:00,1,15
f_f001081,2305220007,,2305220007,,2023-05-22 14:30,15,
f_f001081,2305220008,,2305220008,,2023-05-22 16:00,1,15
f_f001081,2305220009,,2305220009,,2023-05-22 17:00,15,
f_f001081,2305220010,,2305220010,,2023-05-22 18:00,1,
f_f001081,2305230001,,2305230001,,2023-05-23 19:00,1,
f_f001081,2305230002,,2305230002,,2023-05-23 09:30,1,
f_f001081,2305230003,,2305230003,,2023-05-23 10:00,1,
f_f001081,2305230004,,2305230004,,2023-05-23 11:30,1,
f_f001081,2305230005,,2305230005,,2023-05-23 10:30,1,
f_f001081,2305230006,,2305230006,,2023-05-23 13:30,1,
f_f001081,2305230007,,2305230007,,2023-05-23 15:30,15,
f_f001081,2305230008,,2305230008,,2023-05-23 18:00,1,
f_f001081,2305240001,,2305240001,,2023-05-24 17:00,1,
f_f001081,2305240002,,2305240002,,2023-05-24 10:00,1,
f_f001081,2305240003,,2305240003,,2023-05-24 12:00,1,
f_f001081,2305240004,,2305240004,,2023-05-24 13:30,1,
f_f001092,2306020001,2306020001,,2023-06-02 17:30,,,
f_f001092,2306020005,,2306020005,,2023-06-02 18:30,1,
f_f001092,2306030001,,2306030001,,2023-06-03 09:30,1,
f_f001092,2306030002,,2306030002,,2023-06-03 15:30,1,
f_f001092,2306030003,,2306030003,,2023-06-03 16:30,1,
f_f001092,2306030004,,2306030004,,2023-06-03 19:00,15,
f_f001092,2306030005,,2306030005,,2023-06-03 16:30,1,
f_f001092,2306040001,,2306040001,,2023-06-04 10:00,1,
f_f001092,2306040002,,2306040002,,2023-06-04 11:00,1,
f_f001092,2306040003,,2306040003,,2023-06-04 14:00,1,
f_f001092,2306040004,,2306040004,,2023-06-04 20:00,1,
f_f001112,2306030001,2306030001,,2023-06-03 13:00,,,
f_f001112,2306030002,,2306030002,,2023-06-03 13:00,4,
f_f001112,2306030003,,2306030003,,2023-06-03 16:00,7,
f_f001112,2306030004,,2306030004,,2023-06-03 16:00,13,
f_f001112,2306030005,,2306030005,,2023-06-03 16:30,15,
f_f001112,2306030006,,2306030006,,2023-06-03 17:00,15,
f_f001112,2306030007,,2306030007,,2023-06-03 18:00,15,
f_f001112,2306030008,,2306030008,,2023-06-03 19:00,15,
f_f001112,2306030009,,2306030009,,2023-06-03 20:30,15,
f_f001112,2306040001,,2306040001,,2023-06-04 11:30,5,
f_f001112,2306040002,,2306040002,,2023-06-04 13:30,5,
f_f001112,2306040003,,2306040003,,2023-06-04 19:00,5,
f_f001112,2306040004,,2306040004,,2023-06-04 21:00,15,
f_f001112,2306040005,,2306040005,,2023-06-04 22:00,15,
f_f001112,2306050001,,2306050001,,2023-06-05 10:00,15,
f_f001112,2306050002,,2306050002,,2023-06-05 11:00,5,
f_f001112,2306050003,,2306050003,,2023-06-05 18:00,5,
f_f001112,2306050004,,2306050004,,2023-06-05 20:00,15,
f_f001112,2306050005,,2306050005,,2023-06-05 22:00,4,
f_f001112,2306060001,,2306060001,,2023-06-06 12:00,15,
f_f001112,2306060002,,2306060002,,2023-06-06 17:30,4,
f_f001112,2306060003,,2306060003,,2023-06-06 14:00,5,
f_f001112,2306060004,,2306060004,,2023-06-06 17:00,7,
f_f001116,2305260001,2305260001,,2023-05-26 13:30,,,
f_f001116,2305260002,,2305260002,,2023-05-26 14:00,5,
f_f001116,2305260003,,2305260003,,2023-05-26 16:30,6,
f_f001116,2305260004,,2305260004,,2023-05-26 17:30,4,
f_f001116,2305260006,,2305260006,,2023-05-26 19:30,3,
f_f001116,2305270001,,2305270001,,2023-05-27 00:00,3,
f_f001116,2305280001,,2305280001,,2023-05-28 13:00,1,
f_f001116,2305280002,,2305280002,,2023-05-28 14:00,1,
f_f001116,2305280003,,2305280003,,2023-05-28 20:30,1,
f_f001116,2305280004,,2305280004,,2023-05-28 19:00,1,
f_f001116,2305290001,,2305290001,,2023-05-29 21:00,1,
f_f001116,2305290002,,2305290002,,2023-05-29 23:30,4,
f_f001116,2305290003,,2305290003,,2023-05-29 23:00,6,
f_f001117,2305260001,2305260001,,2023-05-26 19:30,,,
f_f001117,2305260002,,2305260002,,2023-05-26 20:00,1,
f_f001117,2305260003,,2305260003,,2023-05-26 23:30,1,
f_f001117,2305270001,,2305270001,,2023-05-27 01:00,1,
f_f001117,2305270002,,2305270002,,2023-05-27 01:30,1,
f_f001117,2305270003,,2305270003,,2023-05-27 10:00,1,
f_f001117,2305270004,,2305270004,,2023-05-27 12:00,1,1
f_f001117,2305270005,,2305270005,,2023-05-27 13:00,1,1
f_f001117,2305270006,,2305270006,,2023-05-27 13:30,1,1
f_f001117,2305270007,,2305270007,,2023-05-27 23:00,1,
f_f001117,2305280001,,2305280001,,2023-05-28 01:00,1,1
f_f001117,2305280002,,2305280002,,2023-05-28 06:30,1,
f_f001117,2305280003,,2305280003,,2023-05-28 23:00,1,
f_f001124,2305250001,2305250001,,2023-05-25 09:30,,,
f_f001124,2305250002,,2305250002,,2023-05-25 10:00,1,
f_f001124,2305250003,,2305250003,,2023-05-25 12:30,1,
f_f001124,2305250004,,2305250004,,2023-05-25 13:30,1,
f_f001124,2305250005,,2305250005,,2023-05-25 14:00,1,
f_f001124,2305250006,,2305250006,,2023-05-25 15:30,1,
f_f001124,2305250007,,2305250007,,2023-05-25 18:30,1,
f_f001124,2305250008,,2305250008,,2023-05-25 19:30,1,
f_f001124,2305260001,,2305260001,,2023-05-26 19:00,1,
f_f001124,2305260002,,2305260002,,2023-05-26 09:30,1,
f_f001124,2305260003,,2305260003,,2023-05-26 10:30,1,
f_f001131,2306040001,2306040001,,2023-06-04 10:30,,,
f_f001131,2306040002,,2306040002,,2023-06-04 16:00,1,1
f_f001131,2306040003,,2306040003,,2023-06-04 12:30,1,1
f_f001131,2306040004,,2306040004,,2023-06-04 13:00,1,1
f_f001131,2306040005,,2306040005,,2023-06-04 03:00,1,1
f_f001131,2306050001,,2306050001,,2023-06-05 09:30,1,1
f_f001131,2306050002,,2306050002,,2023-06-05 12:00,1,1
f_f001131,2306050003,,2306050003,,2023-06-05 15:00,1,1
f_f001131,2306050004,,2306050004,,2023-06-05 16:30,1,1
f_f001131,2306050005,,2306050005,,2023-06-05 17:00,1,1
f_f001131,2306050006,,2306050006,,2023-06-05 18:00,1,1
f_f001131,2306050007,,2306050007,,2023-06-05 19:00,1,1
f_f001131,2306060001,,2306060001,,2023-06-06 11:00,1,1
f_f001131,2306060002,,2306060002,,2023-06-06 12:30,1,1
f_f001131,2306060003,,2306060003,,2023-06-06 15:00,1,1
f_f001134,2305270001,2305270001,,2023-05-27 07:00,,,
f_f001134,2305270002,,2305270002,,2023-05-27 09:00,1,
f_f001134,2305270003,,2305270003,,2023-05-27 01:00,1,
f_f001134,2305270004,,2305270004,,2023-05-27 14:00,1,
f_f001134,2305270005,,2305270005,,2023-05-27 15:00,1,
f_f001134,2305270008,,2305270008,,2023-05-27 18:00,1,
f_f001134,2305280001,,2305280001,,2023-05-28 10:00,1,
f_f001134,2305280002,,2305280002,,2023-05-28 12:00,1,
f_f001134,2305280003,,2305280003,,2023-05-28 16:00,1,
f_f001181,2306020001,2306020001,,2023-06-02 21:00,,,
f_f001181,2306020002,,2306020002,,2023-06-02 22:30,1,
f_f001181,2306020003,,2306020003,,2023-06-02 23:00,1,
f_f001181,2306030001,,2306030001,,2023-06-03 11:00,15,
f_f001181,2306030002,,2306030002,,2023-06-03 11:30,15,
f_f001181,2306030003,,2306030003,,2023-06-03 16:00,1,
f_f001181,2306030004,,2306030004,,2023-06-03 17:00,1,
f_f001181,2306030005,,2306030005,,2023-06-03 18:30,1,
f_f001181,2306030006,,2306030006,,2023-06-03 20:00,1,
f_f001181,2306040001,,2306040001,,2023-06-04 14:30,1,
f_f001181,2306040002,,2306040002,,2023-06-04 11:00,15,
f_f001184,2306020001,2306020001,,2023-06-02 08:00,,,
f_f001184,2306020002,,2306020002,,2023-06-02 09:30,1,
f_f001184,2306020003,,2306020003,,2023-06-02 13:00,1,
f_f001184,2306020004,,2306020004,,2023-06-02 15:00,1,
f_f001184,2306020005,,2306020005,,2023-06-02 03:30,15,
f_f001184,2306020006,,2306020006,,2023-06-02 04:00,1,
f_f001184,2306020007,,2306020007,,2023-06-02 05:30,1,
f_f001184,2306020008,,2306020008,,2023-06-02 08:00,1,
f_f001184,2306020009,,2306020009,,2023-06-02 09:00,15,
f_f001184,2306020010,,2306020010,,2023-06-02 10:30,1,
f_f001184,2306020011,,2306020011,,2023-06-02 23:30,1,
f_f001184,2306020012,,2306020012,,2023-06-02 00:00,1,
f_f001184,2306030001,,2306030001,,2023-06-03 12:00,1,
f_f001184,2306030002,,2306030002,,2023-06-03 13:30,1,
f_f001184,2306030003,,2306030003,,2023-06-03 16:00,1,
f_f001184,2306030004,,2306030004,,2023-06-03 17:30,1,
f_f001184,2306030005,,2306030005,,2023-06-03 18:30,1,
f_f001184,2306030006,,2306030006,,2023-06-03 19:30,1,
f_f001184,2306040001,,2306040001,,2023-06-04 11:30,1,
f_f001184,2306040002,,2306040002,,2023-06-04 13:30,1,
f_f001184,2306040003,,2306040003,,2023-06-04 15:30,1,
f_f001184,2306040004,,2306040004,,2023-06-04 17:00,1,
f_f001184,2306040005,,2306040005,,2023-06-04 19:00,1,
f_f001184,2306040006,,2306040006,,2023-06-04 21:00,1,
f_f001184,2306040007,,2306040007,,2023-06-04 21:30,1,
f_f001184,2306050001,,2306050001,,2023-06-05 14:30,1,
f_f001184,2306050002,,2306050002,,2023-06-05 18:30,1,
f_f001226,2305270001,2305270001,,2023-05-27 06:30,,,
f_f001226,2305270002,,2305270002,,2023-05-27 08:30,1,
f_f001226,2305270003,,2305270003,,2023-05-27 12:30,1,
f_f001226,2305270004,,2305270004,,2023-05-27 13:00,1,
f_f001226,2305270005,,2305270005,,2023-05-27 14:00,1,
f_f001226,2305270006,,2305270006,,2023-05-27 16:00,1,
f_f001226,2305270007,,2305270007,,2023-05-27 17:30,1,
f_f001226,2305270008,,2305270008,,2023-05-27 18:00,15,
f_f001226,2305270009,,2305270009,,2023-05-27 19:30,15,
f_f001226,2305280001,,2305280001,,2023-05-28 10:00,1,
f_f001226,2305280002,,2305280002,,2023-05-28 10:30,1,
f_f001226,2305280003,,2305280003,,2023-05-28 12:00,1,
f_f001226,2305280004,,2305280004,,2023-05-28 14:00,1,
f_f001226,2305280005,,2305280005,,2023-05-28 14:30,1,
f_f001226,2305280006,,2305280006,,2023-05-28 15:30,1,
f_f001226,2305280007,,2305280007,,2023-05-28 16:00,1,
f_f001226,2305280008,,2305280008,,2023-05-28 16:30,1,
f_f001226,2305280009,,2305280009,,2023-05-28 17:00,1,
f_f001226,2305280010,,2305280010,,2023-05-28 18:00,1,
f_f001226,2305280011,,2305280011,,2023-05-28 18:30,1,
f_f001226,2305290001,,2305290001,,2023-05-29 10:00,1,
f_f001226,2305290002,,2305290002,,2023-05-29 11:30,1,
f_f001226,2305290003,,2305290003,,2023-05-29 12:00,1,
f_f001226,2305290004,,2305290004,,2023-05-29 14:30,1,
f_f001226,2305290005,,2305290005,,2023-05-29 15:00,1,
f_f001226,2305290006,,2305290006,,2023-05-29 17:00,1,
f_f001226,2305290007,,2305290007,,2023-05-29 21:00,1,
f_f001233,2305270001,2305270001,,2023-05-27 07:00,,,
f_f001233,2305270002,,2305270002,,2023-05-27 11:30,1,1
f_f001233,2305270003,,2305270003,,2023-05-27 13:00,1,1
f_f001233,2305270004,,2305270004,,2023-05-27 14:00,1,1
f_f001233,2305270005,,2305270005,,2023-05-27 15:00,1,1
f_f001233,2305270006,,2305270006,,2023-05-27 16:00,1,1
f_f001233,2305280001,,2305280001,,2023-05-28 10:00,1,1
f_f001233,2305280002,,2305280002,,2023-05-28 12:00,1,1
f_f001233,2305280003,,2305280003,,2023-05-28 14:00,1,1
f_f001233,2305280004,,2305280004,,2023-05-28 17:00,1,1
f_f001233,2305280005,,2305280005,,2023-05-28 21:00,1,1
f_f001233,2305290001,,2305290001,,2023-05-29 12:00,1,1
f_f001233,2305290002,,2305290002,,2023-05-29 14:00,1,1
f_f001233,2305290003,,2305290003,,2023-05-29 16:00,1,1
f_f001245,2305270001,2305270001,,2023-05-27 08:00,,,
f_f001245,2305270002,,2305270002,,2023-05-27 09:00,1,
f_f001245,2305270003,,2305270003,,2023-05-27 11:00,9,
f_f001245,2305270004,,2305270004,,2023-05-27 11:30,2,
f_f001245,2305270005,,2305270005,,2023-05-27 13:00,2,
f_f001245,2305270006,,2305270006,,2023-05-27 14:00,2,
f_f001245,2305270007,,2305270007,,2023-05-27 15:00,15,
f_f001245,2305270008,,2305270008,,2023-05-27 18:00,2,
f_f001245,2305270009,,2305270009,,2023-05-27 19:30,15,
f_f001245,2305270010,,2305270010,,2023-05-27 21:00,2,
f_f001245,2305270011,,2305270011,,2023-05-27 18:30,15,
f_f001245,2305270012,,2305270012,,2023-05-27 18:30,15,
f_f001245,2305270013,,2305270013,,2023-05-27 23:00,2,
f_f001245,2305280001,,2305280001,,2023-05-28 13:00,2,
f_f001245,2305280003,,2305280003,,2023-05-28 14:30,15,
f_f001245,2305280004,,2305280004,,2023-05-28 14:00,2,15
f_f001245,2305280005,,2305280005,,2023-05-28 17:30,15,
f_f001245,2305290001,,2305290001,,2023-05-29 13:00,2,
f_f001245,2305290002,,2305290002,,2023-05-29 13:30,2,
f_f001245,2305290003,,2305290003,,2023-05-29 15:30,2,4
f_f001245,2305290004,,2305290004,,2023-05-29 22:00,12,4
f_f001321,2305270001,2305270001,,2023-05-27 07:30,,,
f_f001321,2305270002,,2305270002,,2023-05-27 11:30,1,
f_f001321,2305270003,,2305270003,,2023-05-27 13:30,1,
f_f001321,2305270004,,2305270004,,2023-05-27 16:00,1,
f_f001321,2305270005,,2305270005,,2023-05-27 21:00,1,
f_f001321,2305270006,,2305270006,,2023-05-27 18:30,15,
f_f001321,2305270007,,2305270007,,2023-05-27 08:30,15,
f_f001321,2305280001,,2305280001,,2023-05-28 22:00,15,
f_f001321,2305280002,,2305280002,,2023-05-28 14:30,1,
f_f001321,2305280003,,2305280003,,2023-05-28 19:30,1,
f_f001321,2305280004,,2305280004,,2023-05-28 11:30,1,
f_f001336,2305260001,2305260001,,2023-05-26 11:00,,,
f_f001336,2305260002,,2305260002,,2023-05-26 11:30,1,
f_f001336,2305260003,,2305260003,,2023-05-26 12:00,15,
f_f001336,2305260004,,2305260004,,2023-05-26 16:00,8,
f_f001336,2305260005,,2305260005,,2023-05-26 20:30,15,
f_f001336,2305260006,,2305260006,,2023-05-26 17:30,15,
f_f001336,2305260007,,2305260007,,2023-05-26 19:00,15,
f_f001336,2305270001,,2305270001,,2023-05-27 11:30,15,
f_f001336,2305270002,,2305270002,,2023-05-27 14:30,13,
f_f001336,2305270003,,2305270003,,2023-05-27 18:00,15,
f_f001336,2305270004,,2305270004,,2023-05-27 21:00,13,
f_f001336,2305280001,,2305280001,,2023-05-28 12:30,15,
f_f001336,2305280002,,2305280002,,2023-05-28 13:30,15,
f_f001336,2305280003,,2305280003,,2023-05-28 15:00,15,
f_f001336,2305280004,,2305280004,,2023-05-28 16:30,15,
f_f001336,2305280005,,2305280005,,2023-05-28 18:00,15,
f_f001336,2305280006,,2305280006,,2023-05-28 19:30,15,
f_f001336,2305280007,,2305280007,,2023-05-28 21:00,15,
f_f001336,2305290001,,2305290001,,2023-05-29 12:30,15,
f_f001336,2305290002,,2305290002,,2023-05-29 16:30,8,
f_f001336,2305290003,,2305290003,,2023-05-29 18:00,13,15
f_f001336,2305290004,,2305290004,,2023-05-29 18:30,1,
f_f001363,2306020001,2306020001,,2023-06-02 02:30,,,
f_f001363,2306020002,,2306020002,,2023-06-02 05:00,1,
f_f001363,2306020003,,2306020003,,2023-06-02 05:30,15,
f_f001363,2306020004,,2306020004,,2023-06-02 19:00,15,
f_f001363,2306020005,,2306020005,,2023-06-02 20:30,15,
f_f001363,2306020006,,2306020006,,2023-06-02 22:00,15,
f_f001363,2306030001,,2306030001,,2023-06-03 10:00,15,
f_f001363,2306030002,,2306030002,,2023-06-03 11:00,1,
f_f001363,2306030003,,2306030003,,2023-06-03 12:30,15,
f_f001363,2306030004,,2306030004,,2023-06-03 13:30,1,
f_f001363,2306030005,,2306030005,,2023-06-03 15:00,15,
f_f001363,2306030006,,2306030006,,2023-06-03 17:00,15,
f_f001363,2306030007,,2306030007,,2023-06-03 19:00,15,
f_f001363,2306030008,,2306030008,,2023-06-03 22:00,15,
f_f001363,2306040001,,2306040001,,2023-06-04 09:30,1,
f_f001363,2306040002,,2306040002,,2023-06-04 10:30,15,
f_f001363,2306040003,,2306040003,,2023-06-04 12:00,1,
f_f001363,2306040004,,2306040004,,2023-06-04 17:30,1,
f_f001380,2306030001,2306030001,,2023-06-03 14:00,,,
f_f001380,2306030002,,2306030002,,2023-06-03 15:30,1,1
f_f001380,2306030003,,2306030003,,2023-06-03 16:30,1,1
f_f001380,2306030004,,2306030004,,2023-06-03 18:00,1,1
f_f001380,2306030005,,2306030005,,2023-06-03 19:30,1,1
f_f001380,2306040001,,2306040001,,2023-06-04 10:30,1,1
f_f001380,2306040002,,2306040002,,2023-06-04 13:00,1,1
f_f001380,2306040003,,2306040003,,2023-06-04 14:00,1,1
f_f001380,2306040004,,2306040004,,2023-06-04 15:00,1,1
f_f001380,2306040005,,2306040005,,2023-06-04 16:00,1,1
f_f001380,2306040006,,2306040006,,2023-06-04 18:00,1,1
f_f001380,2306050001,,2306050001,,2023-06-05 10:00,1,1
f_f001380,2306050002,,2306050002,,2023-06-05 18:00,1,1
f_f001380,2306060001,,2306060001,,2023-06-06 19:30,1,1
f_f001408,2306040001,2306040001,,2023-06-04 07:30,,,
f_f001408,2306040002,,2306040002,,2023-06-04 08:00,1,
f_f001408,2306040003,,2306040003,,2023-06-04 09:30,1,
f_f001408,2306040004,,2306040004,,2023-06-04 11:30,1,
f_f001408,2306040005,,2306040005,,2023-06-04 01:00,15,
f_f001408,2306040006,,2306040006,,2023-06-04 02:30,1,
f_f001408,2306040007,,2306040007,,2023-06-04 20:00,1,
f_f001412,2306030001,2306030001,,2023-06-03 13:00,,,
f_f001412,2306030002,,2306030002,,2023-06-03 15:00,1,
f_f001412,2306040001,,2306040001,,2023-06-04 11:00,1,
f_f001412,2306040002,,2306040002,,2023-06-04 12:30,1,15
f_f001412,2306040003,,2306040003,,2023-06-04 16:00,1,
f_f001412,2306040004,,2306040004,,2023-06-04 18:00,1,15
f_f001412,2306040005,,2306040005,,2023-06-04 07:30,1,
f_f001421,2305270001,2305270001,,2023-05-27 17:30,,,
f_f001421,2305270002,,2305270002,,2023-05-27 19:00,13,
f_f001421,2305270003,,2305270003,,2023-05-27 21:00,1,
f_f001421,2305270004,,2305270004,,2023-05-27 11:30,1,
f_f001421,2305280001,,2305280001,,2023-05-28 11:30,1,
f_f001421,2305280002,,2305280002,,2023-05-28 12:00,1,
f_f001421,2305280003,,2305280003,,2023-05-28 13:30,1,
f_f001421,2305280004,,2305280004,,2023-05-28 14:30,1,
f_f001421,2305280005,,2305280005,,2023-05-28 16:00,1,
f_f001421,2305280006,,2305280006,,2023-05-28 17:30,1,
f_f001421,2305280007,,2305280007,,2023-05-28 19:30,1,
f_f001440,2305250001,2305250001,,2023-05-25 10:00,,,
f_f001440,2305250002,,2305250002,,2023-05-25 13:00,1,
f_f001440,2305250003,,2305250003,,2023-05-25 14:00,1,
f_f001440,2305250004,,2305250004,,2023-05-25 17:00,1,
f_f001440,2305250005,,2305250005,,2023-05-25 19:00,1,
f_f001440,2305250006,,2305250006,,2023-05-25 20:00,1,
f_f001440,2305250013,,2305250013,,2023-05-25 21:00,1,
f_f001440,2305260001,,2305260001,,2023-05-26 14:30,1,
f_f001440,2305260002,,2305260002,,2023-05-26 09:30,1,
f_f001440,2305260003,,2305260003,,2023-05-26 10:30,1,
f_f001440,2305260004,,2305260004,,2023-05-26 11:30,15,
f_f001440,2305260005,,2305260005,,2023-05-26 12:00,15,
f_f001440,2305260006,,2305260006,,2023-05-26 12:30,1,
f_f001442,2305270001,2305270001,,2023-05-27 08:30,,,
f_f001442,2305270002,,2305270002,,2023-05-27 11:00,1,
f_f001442,2305270003,,2305270003,,2023-05-27 13:00,1,
f_f001442,2305270004,,2305270004,,2023-05-27 15:00,1,
f_f001442,2305270005,,2305270005,,2023-05-27 18:30,1,
f_f001446,2305260001,2305260001,,2023-05-26 12:30,,,
f_f001446,2305260002,,2305260002,,2023-05-26 17:00,8,5
f_f001446,2305260003,,2305260003,,2023-05-26 18:30,15,
f_f001446,2305260004,,2305260004,,2023-05-26 19:30,15,
f_f001446,2305260005,,2305260005,,2023-05-26 20:30,14,
f_f001446,2305260006,,2305260006,,2023-05-26 23:00,13,
f_f001446,2305270001,,2305270001,,2023-05-27 13:30,5,
f_f001446,2305270002,,2305270002,,2023-05-27 15:00,15,
f_f001446,2305270003,,2305270003,,2023-05-27 16:30,15,
f_f001446,2305270004,,2305270004,,2023-05-27 19:00,5,15
f_f001446,2305270005,,2305270005,,2023-05-27 20:00,15,
f_f001446,2305270006,,2305270006,,2023-05-27 22:30,7,
f_f001487,2306100001,2306100001,,2023-06-10 11:00,,,
f_f001487,2306100002,,2306100002,,2023-06-10 12:00,1,
f_f001487,2306100003,,2306100003,,2023-06-10 13:00,1,
f_f001487,2306110001,,2306110001,,2023-06-11 11:30,1,
f_f001487,2306110002,,2306110002,,2023-06-11 13:00,1,
f_f001487,2306110003,,2306110003,,2023-06-11 14:30,1,
f_f001487,2306110004,,2306110004,,2023-06-11 16:30,1,
f_f001514,2305260001,2305260001,,2023-05-26 11:30,,,
f_f001514,2305260002,,2305260002,,2023-05-26 12:30,1,
f_f001514,2305260003,,2305260003,,2023-05-26 20:00,15,
f_f001514,2305260004,,2305260004,,2023-05-26 21:30,15,
f_f001514,2305260005,,2305260005,,2023-05-26 22:30,15,
f_f001514,2305260006,,2305260006,,2023-05-26 23:30,15,
f_f001514,2305270001,,2305270001,,2023-05-27 12:00,15,
f_f001514,2305270002,,2305270002,,2023-05-27 13:30,1,
f_f001514,2305270003,,2305270003,,2023-05-27 20:00,15,
f_f001514,2305270004,,2305270004,,2023-05-27 15:30,1,
f_f001514,2305270005,,2305270005,,2023-05-27 16:00,1,
f_f001514,2305270006,,2305270006,,2023-05-27 21:00,15,
f_f001514,2305270007,,2305270007,,2023-05-27 23:00,15,
f_f001514,2305270008,,2305270008,,2023-05-27 22:30,15,
f_f001514,2305280001,,2305280001,,2023-05-28 12:00,15,
f_f001514,2305280002,,2305280002,,2023-05-28 15:00,1,
f_f001514,2305280003,,2305280003,,2023-05-28 17:00,1,
f_f001514,2305280004,,2305280004,,2023-05-28 21:00,1,
f_f001516,2306050001,2306050001,,2023-06-05 11:00,,,
f_f001516,2306050002,,2306050002,,2023-06-05 19:00,4,4
f_f001516,2306050003,,2306050003,,2023-06-05 13:00,4,6
f_f001544,2306040001,2306040001,,2023-06-04 17:30,,,
f_f001544,2306040002,,2306040002,,2023-06-04 18:00,5,15
f_f001544,2306040003,,2306040003,,2023-06-04 20:00,1,
f_f001544,2306040004,,2306040004,,2023-06-04 20:00,1,
f_f001544,2306050001,,2306050001,,2023-06-05 10:30,15,
f_f001544,2306050002,,2306050002,,2023-06-05 13:00,15,
f_f001544,2306050003,,2306050003,,2023-06-05 14:00,1,
f_f001544,2306050004,,2306050004,,2023-06-05 14:30,1,
f_f001544,2306050005,,2306050005,,2023-06-05 17:30,1,
f_f001544,2306050006,,2306050006,,2023-06-05 19:00,1,
f_f001544,2306050007,,2306050007,,2023-06-05 19:30,1,
f_f001544,2306050008,,2306050008,,2023-06-05 20:30,1,
f_f001544,2306060001,,2306060001,,2023-06-06 10:30,1,
f_f001544,2306060002,,2306060002,,2023-06-06 12:00,1,
f_f001544,2306060003,,2306060003,,2023-06-06 13:30,1,
f_f001544,2306060004,,2306060004,,2023-06-06 14:30,15,
f_f001544,2306060005,,2306060005,,2023-06-06 15:30,15,
f_f001544,2306060006,,2306060006,,2023-06-06 16:30,1,
f_f001550,2306040001,2306040001,,2023-06-04 11:00,,,
f_f001550,2306040002,,2306040002,,2023-06-04 18:30,1,
f_f001550,2306040003,,2306040003,,2023-06-04 14:30,1,
f_f001550,2306050001,,2306050001,,2023-06-05 10:30,1,
f_f001550,2306050002,,2306050002,,2023-06-05 14:00,1,
f_f001550,2306050003,,2306050003,,2023-06-05 13:00,1,
f_f001550,2306050004,,2306050004,,2023-06-05 19:00,1,
f_f001550,2306060001,,2306060001,,2023-06-06 14:00,1,
f_f001643,2305280001,2305280001,,2023-05-28 09:00,,,
f_f001643,2305280002,,2305280002,,2023-05-28 11:30,1,
f_f001643,2305280003,,2305280003,,2023-05-28 13:00,1,
f_f001643,2305280004,,2305280004,,2023-05-28 17:30,1,
f_f001643,2305290001,,2305290001,,2023-05-29 09:00,1,
f_f001643,2305290002,,2305290002,,2023-05-29 09:30,1,
f_f001643,2305290003,,2305290003,,2023-05-29 13:00,1,
f_f001643,2305290004,,2305290004,,2023-05-29 18:00,1,
f_f001658,2305270001,2305270001,,2023-05-27 10:00,,,
f_f001658,2305270002,,2305270002,,2023-05-27 21:00,1,
f_f001658,2305270003,,2305270003,,2023-05-27 11:30,1,
f_f001658,2305270004,,2305270004,,2023-05-27 12:00,1,
f_f001707,2305270001,2305270001,,2023-05-27 13:00,,,
f_f001707,2305270002,,2305270002,,2023-05-27 13:30,1,
f_f001707,2305270003,,2305270003,,2023-05-27 14:00,1,
f_f001707,2305270004,,2305270004,,2023-05-27 15:00,1,
f_f001707,2305270005,,2305270005,,2023-05-27 17:30,1,
f_f001707,2305270006,,2305270006,,2023-05-27 21:00,1,
f_f001707,2305270007,,2305270007,,2023-05-27 18:30,15,
f_f001726,2305270001,2305270001,,2023-05-27 07:00,,,
f_f001726,2305270002,,2305270002,,2023-05-27 08:00,1,
f_f001726,2305270003,,2305270003,,2023-05-27 12:00,1,
f_f001726,2305270004,,2305270004,,2023-05-27 03:00,1,
f_f001726,2305270005,,2305270005,,2023-05-27 22:30,1,
f_f001726,2305270006,,2305270006,,2023-05-27 12:30,1,
f_f001726,2305270007,,2305270007,,2023-05-27 05:00,1,
f_f001762,2306030001,2306030001,,2023-06-03 06:30,,,
f_f001762,2306030002,,2306030002,,2023-06-03 15:30,1,
f_f001762,2306030003,,2306030003,,2023-06-03 10:00,1,
f_f001762,2306030004,,2306030004,,2023-06-03 12:00,1,
f_f001762,2306030005,,2306030005,,2023-06-03 12:30,1,
f_f001762,2306030006,,2306030006,,2023-06-03 14:30,1,
f_f001762,2306040001,,2306040001,,2023-06-04 16:30,1,
f_f001762,2306040002,,2306040002,,2023-06-04 10:30,1,
f_f001843,2306030001,2306030001,,2023-06-03 15:30,,,
f_f001843,2306030002,,2306030002,,2023-06-03 18:00,1,
f_f001843,2306030003,,2306030003,,2023-06-03 17:30,1,
f_f001843,2306040001,,2306040001,,2023-06-04 22:00,1,
f_f001843,2306040002,,2306040002,,2023-06-04 10:00,15,
f_f001843,2306040003,,2306040003,,2023-06-04 14:30,1,
f_f001843,2306040004,,2306040004,,2023-06-04 16:00,1,
f_f001848,2305280001,2305280001,,2023-05-28 04:30,,,
f_f001848,2305280002,,2305280002,,2023-05-28 14:00,1,
f_f001848,2305280003,,2305280003,,2023-05-28 07:00,1,
f_f001848,2305280004,,2305280004,,2023-05-28 13:00,1,
f_f001848,2305290001,,2305290001,,2023-05-29 14:00,1,
f_f001848,2305290002,,2305290002,,2023-05-29 11:00,1,
f_f001901,2306010001,,2306010001,,2023-06-01 16:00,1,
f_f001901,2306010002,2306010002,,2023-06-01 10:00,,,
f_f001901,2306010003,,2306010003,,2023-06-01 10:30,1,
f_f001901,2306010004,,2306010004,,2023-06-01 12:00,1,
f_f001901,2306010005,,2306010005,,2023-06-01 13:30,1,
f_f001901,2306010006,,2306010006,,2023-06-01 16:00,1,
f_f001901,2306010007,,2306010007,,2023-06-01 22:30,1,
f_f001901,2306020001,,2306020001,,2023-06-02 15:00,1,
f_f001901,2306020002,,2306020002,,2023-06-02 10:30,1,
f_f001901,2306020003,,2306020003,,2023-06-02 12:00,1,
f_f001902,2305300001,2305300001,,2023-05-30 17:30,,,
f_f001902,2305300002,,2305300002,,2023-05-30 23:30,15,
f_f001902,2305300003,,2305300003,,2023-05-30 18:00,4,
f_f001902,2305300004,,2305300004,,2023-05-30 20:30,8,
f_f001902,2305300005,,2305300005,,2023-05-30 20:30,15,
f_f001902,2305300006,,2305300006,,2023-05-30 21:30,5,
f_f001902,2305310001,,2305310001,,2023-05-31 23:30,4,
f_f001902,2305310002,,2305310002,,2023-05-31 10:00,13,15
f_f001902,2305310003,,2305310003,,2023-05-31 11:00,13,15
f_f001902,2305310004,,2305310004,,2023-05-31 15:30,1,
f_f001902,2305310005,,2305310005,,2023-05-31 15:30,15,
f_f001902,2305310006,,2305310006,,2023-05-31 16:30,15,
f_f001902,2305310007,,2305310007,,2023-05-31 17:00,15,
f_f001902,2305310008,,2305310008,,2023-05-31 18:30,15,
f_f001902,2305310009,,2305310009,,2023-05-31 19:00,15,
f_f001902,2305310010,,2305310010,,2023-05-31 19:00,1,
f_f001902,2305310011,,2305310011,,2023-05-31 20:30,1,
f_f001902,2305310012,,2305310012,,2023-05-31 21:00,15,
f_f001902,2305310013,,2305310013,,2023-05-31 23:30,8,
f_f001906,2305280001,2305280001,,2023-05-28 07:00,,,
f_f001906,2305280002,,2305280002,,2023-05-28 09:00,1,
f_f001906,2305280003,,2305280003,,2023-05-28 11:00,1,
f_f001906,2305280004,,2305280004,,2023-05-28 14:30,1,
f_f001906,2305280005,,2305280005,,2023-05-28 15:30,1,
f_f001906,2305280006,,2305280006,,2023-05-28 18:30,1,
f_f001906,2305280007,,2305280007,,2023-05-28 20:30,1,
f_f001906,2305280009,,2305280009,,2023-05-28 22:00,15,
f_f001906,2305290001,,2305290001,,2023-05-29 11:00,1,
f_f001906,2305290002,,2305290002,,2023-05-29 16:00,1,
f_f001906,2305290003,,2305290003,,2023-05-29 17:30,1,
f_f001906,2305290004,,2305290004,,2023-05-29 22:30,1,
f_f001912,2305290001,2305290001,,2023-05-29 10:30,,,
f_f001912,2305290002,,2305290002,,2023-05-29 22:00,7,13
f_f001912,2305290003,,2305290003,,2023-05-29 11:00,1,
f_f001912,2305290004,,2305290004,,2023-05-29 13:30,4,
f_f001912,2305290005,,2305290005,,2023-05-29 17:00,4,
f_f001912,2305290006,,2305290006,,2023-05-29 18:00,4,
f_f001912,2305290007,,2305290007,,2023-05-29 19:30,15,
f_f001925,2305290001,2305290001,,2023-05-29 10:00,,,
f_f001925,2305290002,,2305290002,,2023-05-29 18:00,13,4
f_f001925,2305290003,,2305290003,,2023-05-29 12:00,4,13
f_f001925,2305290004,,2305290004,,2023-05-29 13:00,15,
f_f001925,2305290005,,2305290005,,2023-05-29 14:00,15,
f_f001925,2305290006,,2305290006,,2023-05-29 15:00,15,
f_f002098,2306030001,2306030001,,2023-06-03 12:30,,,
f_f002098,2306030002,,2306030002,,2023-06-03 14:30,1,
f_f002098,2306030003,,2306030003,,2023-06-03 16:30,1,
f_f002098,2306030004,,2306030004,,2023-06-03 17:30,1,
f_f002098,2306040001,,2306040001,,2023-06-04 09:30,1,
f_f002098,2306040002,,2306040002,,2023-06-04 10:30,1,
f_f002098,2306040003,,2306040003,,2023-06-04 11:00,1,
f_f002098,2306040004,,2306040004,,2023-06-04 14:00,1,
f_f002429,2306030001,2306030001,,2023-06-03 07:00,,,
f_f002429,2306030002,,2306030002,,2023-06-03 07:30,5,15
f_f002429,2306030003,,2306030003,,2023-06-03 10:30,12,
f_f002429,2306030004,,2306030004,,2023-06-03 14:00,12,5
f_f002429,2306030005,,2306030005,,2023-06-03 15:00,4,13
f_f002429,2306030006,,2306030006,,2023-06-03 16:00,14,15
f_f002429,2306030007,,2306030007,,2023-06-03 17:00,5,15
f_f002429,2306030008,,2306030008,,2023-06-03 18:30,15,
f_f002429,2306040001,,2306040001,,2023-06-04 13:00,5,13
f_f002429,2306040002,,2306040002,,2023-06-04 14:30,15,
f_f002429,2306040003,,2306040003,,2023-06-04 15:00,15,
f_f002429,2306040004,,2306040004,,2023-06-04 16:00,13,15
f_f002429,2306040005,,2306040005,,2023-06-04 17:00,13,15
f_f002429,2306040008,,2306040008,,2023-06-04 23:00,7,5
f_f002429,2306040009,,2306040009,,2023-06-04 18:00,15,
f_f002429,2306040010,,2306040010,,2023-06-04 18:30,15,
f_f002444,2306070001,2306070001,,2023-06-07 11:00,,,
f_f002444,2306070002,,2306070002,,2023-06-07 15:00,1,
f_f002444,2306070003,,2306070003,,2023-06-07 18:00,1,
f_f002444,2306070004,,2306070004,,2023-06-07 19:00,1,
f_f002444,2306080001,,2306080001,,2023-06-08 10:00,1,
f_f002444,2306080002,,2306080002,,2023-06-08 13:00,1,
f_f002444,2306080003,,2306080003,,2023-06-08 14:00,1,
f_f002444,2306080004,,2306080004,,2023-06-08 15:00,1,
f_f002444,2306080005,,2306080005,,2023-06-08 19:00,1,
f_f002486,2306030001,2306030001,,2023-06-03 08:30,,,
f_f002486,2306030002,,2306030002,,2023-06-03 13:30,1,
f_f002486,2306040001,,2306040001,,2023-06-04 11:30,1,
f_f002486,2306040002,,2306040002,,2023-06-04 13:00,1,
f_f002486,2306040003,,2306040003,,2023-06-04 15:30,1,
f_f002600,2306090001,2306090001,,2023-06-09 09:00,,,
f_f002600,2306090002,,2306090002,,2023-06-09 20:30,1,
f_f002600,2306090003,,2306090003,,2023-06-09 10:30,1,
f_f002600,2306090004,,2306090004,,2023-06-09 12:30,1,
f_f002600,2306090005,,2306090005,,2023-06-09 13:00,15,
f_f002600,2306090006,,2306090006,,2023-06-09 13:30,1,
f_f002600,2306090007,,2306090007,,2023-06-09 14:00,15,
f_f002600,2306090008,,2306090008,,2023-06-09 14:30,1,
f_f002600,2306090009,,2306090009,,2023-06-09 18:30,1,
f_f002600,2306090010,,2306090010,,2023-06-09 20:00,1,
f_f002600,2306100001,,2306100001,,2023-06-10 19:00,1,
f_f002600,2306100002,,2306100002,,2023-06-10 08:00,1,
f_f002600,2306100003,,2306100003,,2023-06-10 21:00,1,
f_f002600,2306100004,,2306100004,,2023-06-10 12:30,1,
f_f002600,2306100005,,2306100005,,2023-06-10 01:00,1,
f_f002600,2306100006,,2306100006,,2023-06-10 14:00,1,
f_f002600,2306100007,,2306100007,,2023-06-10 11:00,1,
f_f002626,2306020001,2306020001,,2023-06-02 18:30,,,
f_f002626,2306020003,,2306020003,,2023-06-02 19:00,1,
f_f002626,2306020004,,2306020004,,2023-06-02 20:30,1,15
f_f002626,2306020005,,2306020005,,2023-06-02 21:30,15,
f_f002626,2306020006,,2306020006,,2023-06-02 23:00,15,
f_f002626,2306020007,,2306020007,,2023-06-02 23:30,1,15
f_f002626,2306030001,,2306030001,,2023-06-03 09:30,1,15
f_f002626,2306030002,,2306030002,,2023-06-03 11:00,1,15
f_f002626,2306030003,,2306030003,,2023-06-03 12:30,1,15
f_f002626,2306030004,,2306030004,,2023-06-03 13:30,1,15
f_f002626,2306030005,,2306030005,,2023-06-03 18:00,1,15
f_f002627,2306060001,2306060001,,2023-06-06 08:00,,,
f_f002627,2306060002,,2306060002,,2023-06-06 10:30,7,4
f_f002627,2306060003,,2306060003,,2023-06-06 17:00,13,
f_f002627,2306060004,,2306060004,,2023-06-06 19:00,15,
f_f002627,2306060005,,2306060005,,2023-06-06 21:00,7,13
f_f002696,2306020001,2306020001,,2023-06-02 10:30,,,
f_f002696,2306020002,,2306020002,,2023-06-02 11:30,1,
f_f002696,2306020003,,2306020003,,2023-06-02 12:30,1,
f_f002696,2306020004,,2306020004,,2023-06-02 13:30,1,
f_f002696,2306020005,,2306020005,,2023-06-02 14:30,1,
f_f002696,2306020006,,2306020006,,2023-06-02 16:30,1,
f_f002730,2306070001,2306070001,,2023-06-07 07:00,,,
f_f002730,2306070002,,2306070002,,2023-06-07 19:00,12,4
f_f002730,2306070003,,2306070003,,2023-06-07 10:30,4,
f_f002730,2306070004,,2306070004,,2023-06-07 11:00,15,
f_f002730,2306070005,,2306070005,,2023-06-07 11:30,4,
f_f002730,2306070006,,2306070006,,2023-06-07 12:00,15,
f_f002750,2306050001,2306050001,,2023-06-05 12:30,,,
f_f002750,2306050002,,2306050002,,2023-06-05 16:00,1,
f_f002750,2306050003,,2306050003,,2023-06-05 14:30,1,
f_f002750,2306050004,,2306050004,,2023-06-05 15:30,1,
f_f002750,2306060001,,2306060001,,2023-06-06 11:30,1,
f_f002750,2306060002,,2306060002,,2023-06-06 12:30,1,
f_f002750,2306060003,,2306060003,,2023-06-06 13:30,1,
f_f002750,2306060004,,2306060004,,2023-06-06 16:00,1,
f_f002755,2306030001,2306030001,,2023-06-03 09:30,,,
f_f002755,2306030002,,2306030002,,2023-06-03 18:00,1,
f_f002755,2306030003,,2306030003,,2023-06-03 10:00,1,
f_f002755,2306030004,,2306030004,,2023-06-03 12:00,1,
f_f002755,2306030005,,2306030005,,2023-06-03 13:00,1,
f_f002755,2306030006,,2306030006,,2023-06-03 15:00,15,
f_f002762,2306030001,2306030001,,2023-06-03 13:00,,,
f_f002762,2306030002,,2306030002,,2023-06-03 15:00,1,
f_f002762,2306030003,,2306030003,,2023-06-03 15:00,15,
f_f002762,2306030004,,2306030004,,2023-06-03 16:00,15,
f_f002762,2306030005,,2306030005,,2023-06-03 17:00,1,
f_f002762,2306030006,,2306030006,,2023-06-03 18:00,1,15
f_f002762,2306030007,,2306030007,,2023-06-03 19:00,15,
f_f002762,2306030008,,2306030008,,2023-06-03 21:00,15,
f_f002762,2306030009,,2306030009,,2023-06-03 22:30,15,
f_f002762,2306030010,,2306030010,,2023-06-03 23:00,15,
f_f002762,2306030011,,2306030011,,2023-06-03 00:00,1,15
f_f002771,2306030001,2306030001,,2023-06-03 05:00,,,
f_f002771,2306030002,,2306030002,,2023-06-03 22:00,4,
f_f002771,2306030003,,2306030003,,2023-06-03 06:30,12,
f_f002771,2306030004,,2306030004,,2023-06-03 09:00,7,
f_f002771,2306030005,,2306030005,,2023-06-03 13:00,13,
f_f002771,2306030006,,2306030006,,2023-06-03 19:00,13,
f_f002771,2306030007,,2306030007,,2023-06-03 09:30,15,
f_f002771,2306030008,,2306030008,,2023-06-03 09:00,5,
f_f002771,2306030009,,2306030009,,2023-06-03 11:00,15,
f_f002771,2306030010,,2306030010,,2023-06-03 09:00,15,
f_f002771,2306030011,,2306030011,,2023-06-03 11:30,15,
f_f002771,2306030012,,2306030012,,2023-06-03 10:30,15,
f_f002771,2306030013,,2306030013,,2023-06-03 10:30,15,
f_f002771,2306030014,,2306030014,,2023-06-03 20:00,15,
f_f002771,2306030015,,2306030015,,2023-06-03 10:00,15,
f_f002771,2306040001,,2306040001,,2023-06-04 22:00,5,
f_f002771,2306040002,,2306040002,,2023-06-04 18:30,5,
f_f002771,2306040003,,2306040003,,2023-06-04 18:00,15,
f_f002771,2306040004,,2306040004,,2023-06-04 17:30,15,
f_f002771,2306040005,,2306040005,,2023-06-04 16:00,13,
f_f002771,2306040006,,2306040006,,2023-06-04 17:00,15,
f_f002771,2306040007,,2306040007,,2023-06-04 11:00,14,
f_f002771,2306040008,,2306040008,,2023-06-04 12:00,15,
f_f002771,2306040010,,2306040010,,2023-06-04 14:30,15,
f_f002830,2306060001,2306060001,,2023-06-06 09:00,,,
f_f002830,2306060002,,2306060002,,2023-06-06 10:30,1,
f_f002830,2306060003,,2306060003,,2023-06-06 12:30,1,
f_f002830,2306060004,,2306060004,,2023-06-06 14:30,1,
f_f002830,2306060005,,2306060005,,2023-06-06 15:00,1,
f_f002830,2306060006,,2306060006,,2023-06-06 15:30,1,
f_f002830,2306060007,,2306060007,,2023-06-06 16:30,15,
f_f002830,2306060008,,2306060008,,2023-06-06 18:30,15,
f_f002830,2306060009,,2306060009,,2023-06-06 19:30,15,
f_f002830,2306060010,,2306060010,,2023-06-06 22:00,15,
f_f002830,2306060011,,2306060011,,2023-06-06 22:30,15,
f_f002830,2306070001,,2306070001,,2023-06-07 10:30,1,
f_f002830,2306070002,,2306070002,,2023-06-07 13:00,1,
f_f002830,2306070003,,2306070003,,2023-06-07 18:00,1,
f_f002860,2306030001,2306030001,,2023-06-03 10:00,,,
f_f002860,2306030002,,2306030002,,2023-06-03 15:30,1,
f_f002860,2306030003,,2306030003,,2023-06-03 13:30,1,
f_f002860,2306030005,,2306030005,,2023-06-03 19:30,15,
f_f002860,2306030006,,2306030006,,2023-06-03 20:30,15,
f_f002860,2306030007,,2306030007,,2023-06-03 21:30,1,
f_f002860,2306040001,,2306040001,,2023-06-04 10:30,15,
f_f002860,2306040002,,2306040002,,2023-06-04 11:00,15,
f_f002860,2306040003,,2306040003,,2023-06-04 12:00,1,
f_f002860,2306040004,,2306040004,,2023-06-04 12:30,1,
f_f002860,2306040005,,2306040005,,2023-06-04 13:00,1,
f_f002860,2306040006,,2306040006,,2023-06-04 15:00,1,
f_f002860,2306040007,,2306040007,,2023-06-04 16:00,15,
f_f002860,2306040008,,2306040008,,2023-06-04 18:00,1,
f_f002860,2306040009,,2306040009,,2023-06-04 21:00,1,
f_f002894,2306030001,2306030001,,2023-06-03 16:30,,,
f_f002894,2306030002,,2306030002,,2023-06-03 22:30,2,
f_f002894,2306030003,,2306030003,,2023-06-03 17:00,5,
f_f002894,2306030004,,2306030004,,2023-06-03 20:00,7,
f_f002894,2306030005,,2306030005,,2023-06-03 20:30,2,
f_f002894,2306040001,,2306040001,,2023-06-04 23:30,7,5
f_f002894,2306040002,,2306040002,,2023-06-04 11:30,2,
f_f002894,2306040003,,2306040003,,2023-06-04 13:00,2,
f_f002894,2306040004,,2306040004,,2023-06-04 15:00,15,
f_f002894,2306040005,,2306040005,,2023-06-04 17:00,2,
f_f002894,2306040006,,2306040006,,2023-06-04 18:00,15,
f_f002894,2306040007,,2306040007,,2023-06-04 19:30,2,
f_f002958,2306050001,2306050001,,2023-06-05 13:30,,,
f_f002958,2306050002,,2306050002,,2023-06-05 14:30,1,
f_f002958,2306050003,,2306050003,,2023-06-05 15:30,1,
f_f002958,2306050004,,2306050004,,2023-06-05 16:30,1,
f_f002958,2306050005,,2306050005,,2023-06-05 17:30,1,
f_f002958,2306050006,,2306050006,,2023-06-05 18:30,1,
f_f002958,2306050007,,2306050007,,2023-06-05 20:00,1,
f_f003256,2306230001,2306230001,,2023-06-23 11:00,,,
f_f003256,2306230002,,2306230002,,2023-06-23 22:00,1,
f_f003256,2306230003,,2306230003,,2023-06-23 12:30,1,
f_f003256,2306230004,,2306230004,,2023-06-23 13:30,1,
f_f003256,2306230005,,2306230005,,2023-06-23 15:30,1,
f_f003256,2306230006,,2306230006,,2023-06-23 17:00,15,
f_f003256,2306230007,,2306230007,,2023-06-23 18:30,15,
f_f003380,2306240001,2306240001,,2023-06-24 10:30,,,
f_f003380,2306240002,,2306240002,,2023-06-24 11:30,1,
f_f003380,2306240003,,2306240003,,2023-06-24 12:30,1,
f_f003380,2306240004,,2306240004,,2023-06-24 13:00,15,
f_f003380,2306240005,,2306240005,,2023-06-24 13:30,1,
f_f003380,2306240006,,2306240006,,2023-06-24 15:30,1,
f_f003440,2306150001,2306150001,,2023-06-15 10:00,,,
f_f003440,2306150002,,2306150002,,2023-06-15 20:00,1,15
f_f003440,2306150003,,2306150003,,2023-06-15 11:30,1,
f_f003440,2306150004,,2306150004,,2023-06-15 13:00,15,
f_f003440,2306150005,,2306150005,,2023-06-15 14:30,1,
f_f003440,2306150006,,2306150006,,2023-06-15 16:00,1,
f_f003440,2306150007,,2306150007,,2023-06-15 16:30,1,15
f_f003440,2306150008,,2306150008,,2023-06-15 19:00,1,15
f_f003469,2306170001,2306170001,,2023-06-17 10:30,,,
f_f003469,2306170002,,2306170002,,2023-06-17 12:30,1,
f_f003469,2306170003,,2306170003,,2023-06-17 13:30,15,
f_f003469,2306170004,,2306170004,,2023-06-17 15:00,1,
f_f003469,2306170005,,2306170005,,2023-06-17 17:00,1,
f_f003469,2306170006,,2306170006,,2023-06-17 19:00,1,
f_f003469,2306170007,,2306170007,,2023-06-17 20:00,1,15
f_f003509,2306180001,2306180001,,2023-06-18 11:30,,,
f_f003509,2306180002,,2306180002,,2023-06-18 13:00,1,
f_f003509,2306180003,,2306180003,,2023-06-18 13:30,1,
f_f003509,2306180004,,2306180004,,2023-06-18 14:30,1,
f_f003509,2306180005,,2306180005,,2023-06-18 15:00,1,
f_f003509,2306180006,,2306180006,,2023-06-18 16:00,1,
f_f003509,2306180007,,2306180007,,2023-06-18 17:30,1,
f_f003509,2306180008,,2306180008,,2023-06-18 18:30,1,
f_f003509,2306180009,,2306180009,,2023-06-18 21:00,1,
f_f003519,2306190001,2306190001,,2023-06-19 06:00,,,
f_f003519,2306190002,,2306190002,,2023-06-19 19:00,8,5
f_f003519,2306190003,,2306190003,,2023-06-19 09:30,8,13
f_f003519,2306190004,,2306190004,,2023-06-19 11:30,13,
f_f003519,2306190005,,2306190005,,2023-06-19 14:00,15,
f_f003538,2306300001,2306300001,,2023-06-30 15:30,,,
f_f003538,2306300002,,2306300002,,2023-06-30 18:30,1,
f_f003538,2306300003,,2306300003,,2023-06-30 19:30,15,
f_f003538,2306300004,,2306300004,,2023-06-30 21:30,1,
f_f003538,2306300005,,2306300005,,2023-06-30 23:30,1,
f_f003543,2306240001,2306240001,,2023-06-24 11:00,,,
f_f003543,2306240002,,2306240002,,2023-06-24 22:30,1,
f_f003543,2306240003,,2306240003,,2023-06-24 12:30,1,
f_f003543,2306240004,,2306240004,,2023-06-24 15:00,1,
f_f003543,2306240005,,2306240005,,2023-06-24 15:30,15,
f_f003543,2306240006,,2306240006,,2023-06-24 16:00,15,
f_f003543,2306240007,,2306240007,,2023-06-24 16:30,15,
f_f003543,2306240008,,2306240008,,2023-06-24 17:30,1,
f_f003543,2306240009,,2306240009,,2023-06-24 19:00,15,
f_f003613,2306230001,2306230001,,2023-06-23 14:00,,,
f_f003613,2306230002,,2306230002,,2023-06-23 15:30,1,15
f_f003613,2306230003,,2306230003,,2023-06-23 16:00,15,
f_f003613,2306230004,,2306230004,,2023-06-23 16:30,1,
f_f003613,2306230005,,2306230005,,2023-06-23 17:00,1,15
f_f003613,2306230006,,2306230006,,2023-06-23 18:00,1,
f_f003613,2306230007,,2306230007,,2023-06-23 18:30,1,
f_f003613,2306230008,,2306230008,,2023-06-23 21:00,1,
f_f003631,2307010001,2307010001,,2023-07-01 10:00,,,
f_f003631,2307010002,,2307010002,,2023-07-01 11:00,1,
f_f003631,2307010003,,2307010003,,2023-07-01 17:00,1,
f_f003631,2307010004,,2307010004,,2023-07-01 18:00,1,
f_f003747,2307040001,2307040001,,2023-07-04 08:30,,,
f_f003747,2307040002,,2307040002,,2023-07-04 19:30,1,
f_f003747,2307040003,,2307040003,,2023-07-04 09:30,1,
f_f003747,2307040004,,2307040004,,2023-07-04 10:30,1,
f_f003747,2307040005,,2307040005,,2023-07-04 17:00,1,
f_f003747,2307040006,,2307040006,,2023-07-04 18:30,1,
f_f003757,2307040001,2307040001,,2023-07-04 08:30,,,
f_f003757,2307040002,,2307040002,,2023-07-04 20:30,1,
f_f003757,2307040003,,2307040003,,2023-07-04 10:30,1,
f_f003757,2307040004,,2307040004,,2023-07-04 16:00,1,
f_f003757,2307040005,,2307040005,,2023-07-04 18:00,15,
f_f003783,2307060001,2307060001,,2023-07-06 07:30,,,
f_f003783,2307060002,,2307060002,,2023-07-06 23:30,2,8
f_f003783,2307060003,,2307060003,,2023-07-06 11:00,7,2
f_f003783,2307060004,,2307060004,,2023-07-06 18:30,2,
f_f003783,2307060005,,2307060005,,2023-07-06 19:00,2,
f_f003828,2307010001,2307010001,,2023-07-01 12:00,,,
f_f003828,2307010002,,2307010002,,2023-07-01 13:00,1,
f_f003828,2307010003,,2307010003,,2023-07-01 14:30,1,
f_f003828,2307010004,,2307010004,,2023-07-01 16:00,1,
f_f003828,2307010005,,2307010005,,2023-07-01 18:00,1,
f_f003828,2307010006,,2307010006,,2023-07-01 19:30,1,
f_f003828,2307010007,,2307010007,,2023-07-01 21:30,1,
f_f004013,2307150001,2307150001,,2023-07-15 09:00,,,
f_f004013,2307150002,,2307150002,,2023-07-15 11:00,1,
f_f004013,2307150003,,2307150003,,2023-07-15 13:30,1,15
f_f004013,2307150004,,2307150004,,2023-07-15 16:00,1,15
f_f004013,2307150005,,2307150005,,2023-07-15 17:00,1,15
f_f004013,2307150006,,2307150006,,2023-07-15 18:00,1,15
f_f004013,2307150007,,2307150007,,2023-07-15 20:30,1,15
f_f004013,2307160001,,2307160001,,2023-07-16 12:00,1,15
f_f004013,2307160002,,2307160002,,2023-07-16 15:00,1,15
f_f004078,2307150001,2307150001,,2023-07-15 12:00,,,
f_f004078,2307150002,,2307150002,,2023-07-15 13:30,1,
f_f004078,2307150003,,2307150003,,2023-07-15 14:00,15,
f_f004078,2307150004,,2307150004,,2023-07-15 14:30,15,
f_f004078,2307150005,,2307150005,,2023-07-15 15:00,1,
f_f004078,2307150006,,2307150006,,2023-07-15 17:00,1,
f_f004078,2307160001,,2307160001,,2023-07-16 19:00,1,
f_f004078,2307160002,,2307160002,,2023-07-16 11:00,1,
f_f004078,2307160003,,2307160003,,2023-07-16 14:30,15,
f_f004078,2307160004,,2307160004,,2023-07-16 13:30,15,
f_f004078,2307160005,,2307160005,,2023-07-16 12:30,1,
f_f004078,2307160006,,2307160006,,2023-07-16 14:30,1,
f_f004103,2307170001,2307170001,,2023-07-17 09:30,,,
f_f004103,2307170002,,2307170002,,2023-07-17 20:00,1,
f_f004103,2307170003,,2307170003,,2023-07-17 11:30,1,
f_f004103,2307170004,,2307170004,,2023-07-17 12:00,1,
f_f004103,2307170005,,2307170005,,2023-07-17 13:30,1,
f_f004103,2307170006,,2307170006,,2023-07-17 16:30,1,
f_f004103,2307170007,,2307170007,,2023-07-17 18:00,1,
f_f004103,2307170008,,2307170008,,2023-07-17 19:00,15,
f_f004103,2307170009,,2307170009,,2023-07-17 15:00,1,
f_f004103,2307180001,,2307180001,,2023-07-18 11:00,1,
f_f004103,2307180002,,2307180002,,2023-07-18 12:00,1,
f_f004103,2307180003,,2307180003,,2023-07-18 14:00,1,
f_f004103,2307180004,,2307180004,,2023-07-18 22:00,1,
f_f004103,2307180005,,2307180005,,2023-07-18 19:00,1,
f_f004112,2307080001,2307080001,,2023-07-08 07:30,,,
f_f004112,2307080002,,2307080002,,2023-07-08 22:00,7,12
f_f004112,2307080003,,2307080003,,2023-07-08 14:00,1,
f_f004112,2307080004,,2307080004,,2023-07-08 12:00,12,
f_f004112,2307080005,,2307080005,,2023-07-08 15:00,1,
f_f004112,2307080006,,2307080006,,2023-07-08 19:00,1,
f_f004112,2307090001,,2307090001,,2023-07-09 20:30,7,4
f_f004112,2307090002,,2307090002,,2023-07-09 13:30,1,
f_f004112,2307090003,,2307090003,,2023-07-09 15:00,1,
f_f004112,2307090004,,2307090004,,2023-07-09 17:00,1,
f_f004131,2307080001,2307080001,,2023-07-08 10:00,,,
f_f004131,2307080002,,2307080002,,2023-07-08 11:30,1,
f_f004131,2307080003,,2307080003,,2023-07-08 12:30,15,
f_f004131,2307080004,,2307080004,,2023-07-08 13:00,1,
f_f004131,2307080005,,2307080005,,2023-07-08 14:00,1,
f_f004131,2307080006,,2307080006,,2023-07-08 17:00,1,
f_f004131,2307090001,,2307090001,,2023-07-09 12:00,1,
f_f004131,2307090002,,2307090002,,2023-07-09 12:30,15,
f_f004131,2307090003,,2307090003,,2023-07-09 14:00,1,
f_f004131,2307090004,,2307090004,,2023-07-09 15:30,1,
f_f004305,2307300001,2307300001,,2023-07-30 09:00,,,
f_f004305,2307300002,,2307300002,,2023-07-30 11:00,1,
f_f004305,2307300003,,2307300003,,2023-07-30 12:00,15,
f_f004305,2307300004,,2307300004,,2023-07-30 12:30,15,
f_f004305,2307300005,,2307300005,,2023-07-30 13:30,15,
f_f004305,2307300006,,2307300006,,2023-07-30 16:00,1,
f_f004470,2307150001,2307150001,,2023-07-15 10:30,,,
f_f004470,2307150002,,2307150002,,2023-07-15 04:00,1,15
f_f004470,2307150003,,2307150003,,2023-07-15 11:00,1,15
f_f004470,2307150004,,2307150004,,2023-07-15 11:30,15,15
f_f004470,2307150005,,2307150005,,2023-07-15 12:30,15,15
f_f004470,2307150006,,2307150006,,2023-07-15 13:30,1,15
f_f004552,2307160001,2307160001,,2023-07-16 10:30,,,
f_f004552,2307160002,,2307160002,,2023-07-16 19:00,1,
f_f004552,2307160003,,2307160003,,2023-07-16 12:00,1,
f_f004552,2307160004,,2307160004,,2023-07-16 14:00,1,
f_f004552,2307160005,,2307160005,,2023-07-16 03:30,1,
f_f004552,2307160006,,2307160006,,2023-07-16 16:30,1,
f_f004618,2307230001,2307230001,,2023-07-23 12:00,,,
f_f004618,2307230002,,2307230002,,2023-07-23 13:00,1,
f_f004618,2307230003,,2307230003,,2023-07-23 14:00,1,
f_f004618,2307230004,,2307230004,,2023-07-23 15:30,1,
f_f004618,2307230005,,2307230005,,2023-07-23 18:00,1,
f_f004618,2307230006,,2307230006,,2023-07-23 19:30,1,
f_f004657,2308050001,2308050001,,2023-08-05 11:30,,,
f_f004657,2308050002,,2308050002,,2023-08-05 21:00,13,15
f_f004657,2308050003,,2308050003,,2023-08-05 12:30,5,15
f_f004657,2308050004,,2308050004,,2023-08-05 16:00,12,15
f_f004657,2308050005,,2308050005,,2023-08-05 16:30,15,15
f_f004657,2308050006,,2308050006,,2023-08-05 17:00,15,15
f_f004657,2308050007,,2308050007,,2023-08-05 17:30,15,15
f_f004657,2308050008,,2308050008,,2023-08-05 18:00,4,15
f_f004657,2308060001,,2308060001,,2023-08-06 17:00,1,15
f_f004657,2308060002,,2308060002,,2023-08-06 10:00,15,15
f_f004657,2308060003,,2308060003,,2023-08-06 12:30,15,15
f_f004657,2308060004,,2308060004,,2023-08-06 16:30,12,12
f_f004703,2307250001,2307250001,,2023-07-25 07:30,,,
f_f004703,2307250002,,2307250002,,2023-07-25 12:00,7,13
f_f004703,2307250003,,2307250003,,2023-07-25 12:30,15,
f_f004703,2307250004,,2307250004,,2023-07-25 14:00,15,
f_f004703,2307250005,,2307250005,,2023-07-25 16:00,13,
f_f004703,2307250006,,2307250006,,2023-07-25 17:00,15,
f_f004703,2307250007,,2307250007,,2023-07-25 17:30,15,
f_f004703,2307250008,,2307250008,,2023-07-25 18:00,15,
f_f004703,2307250009,,2307250009,,2023-07-25 20:00,4,
f_f004703,2307250010,,2307250010,,2023-07-25 23:30,7,5
f_f004717,2308050001,2308050001,,2023-08-05 08:00,,,
f_f004717,2308050002,,2308050002,,2023-08-05 21:30,1,15
f_f004717,2308050003,,2308050003,,2023-08-05 12:30,1,15
f_f004717,2308050004,,2308050004,,2023-08-05 14:00,1,15
f_f004717,2308050005,,2308050005,,2023-08-05 16:30,1,15
f_f004717,2308050006,,2308050006,,2023-08-05 20:00,1,15
f_f004717,2308060001,,2308060001,,2023-08-06 21:30,1,15
f_f004717,2308060002,,2308060002,,2023-08-06 12:30,1,15
f_f004717,2308060003,,2308060003,,2023-08-06 19:00,1,15
f_f004740,2307290001,2307290001,,2023-07-29 05:30,,,
f_f004740,2307290002,,2307290002,,2023-07-29 11:00,12,
f_f004740,2307290003,,2307290003,,2023-07-29 12:00,15,
f_f004740,2307290004,,2307290004,,2023-07-29 12:00,15,
f_f004740,2307290005,,2307290005,,2023-07-29 12:00,15,
f_f004740,2307290006,,2307290006,,2023-07-29 12:30,15,
f_f004740,2307290007,,2307290007,,2023-07-29 13:00,4,
f_f004740,2307290008,,2307290008,,2023-07-29 15:00,13,
f_f004740,2307290009,,2307290009,,2023-07-29 16:30,13,
f_f004740,2307290010,,2307290010,,2023-07-29 19:00,13,
f_f004740,2307290011,,2307290011,,2023-07-29 23:00,15,
f_f004740,2307300001,,2307300001,,2023-07-30 11:00,15,
f_f004740,2307300002,,2307300002,,2023-07-30 11:30,15,
f_f004740,2307300003,,2307300003,,2023-07-30 12:30,15,
f_f004740,2307300004,,2307300004,,2023-07-30 18:00,12,
f_f004760,2307270001,2307270001,,2023-07-27 11:30,,,
f_f004760,2307270002,,2307270002,,2023-07-27 22:30,15,
f_f004760,2307270003,,2307270003,,2023-07-27 13:30,1,
f_f004760,2307270004,,2307270004,,2023-07-27 16:30,1,
f_f004760,2307270005,,2307270005,,2023-07-27 17:30,1,
f_f004760,2307270006,,2307270006,,2023-07-27 21:00,15,
f_f004760,2307270007,,2307270007,,2023-07-27 22:30,15,
f_f004760,2307280001,,2307280001,,2023-07-28 10:30,1,
f_f004760,2307280002,,2307280002,,2023-07-28 11:00,1,
f_f004760,2307280003,,2307280003,,2023-07-28 12:00,1,
f_f004760,2307280004,,2307280004,,2023-07-28 13:00,1,
f_f004760,2307280005,,2307280005,,2023-07-28 13:30,1,
f_f004760,2307280006,,2307280006,,2023-07-28 14:30,1,
f_f004760,2307280007,,2307280007,,2023-07-28 16:30,15,
f_f004760,2307280008,,2307280008,,2023-07-28 19:00,1,
f_f004760,2307280009,,2307280009,,2023-07-28 21:30,1,
f_f004764,2307230001,2307230001,,2023-07-23 09:00,,,
f_f004764,2307230002,,2307230002,,2023-07-23 11:00,5,7
f_f004764,2307230003,,2307230003,,2023-07-23 11:30,13,15
f_f004764,2307230004,,2307230004,,2023-07-23 14:00,13,15
f_f004764,2307230005,,2307230005,,2023-07-23 15:00,15,
f_f004764,2307230006,,2307230006,,2023-07-23 15:30,15,
f_f004764,2307230007,,2307230007,,2023-07-23 17:00,4,
f_f004764,2307230008,,2307230008,,2023-07-23 18:30,4,
f_f004764,2307230009,,2307230009,,2023-07-23 20:30,15,
f_f004764,2307240001,,2307240001,,2023-07-24 12:00,15,
f_f004764,2307240002,,2307240002,,2023-07-24 13:00,15,
f_f004764,2307240003,,2307240003,,2023-07-24 14:00,15,
f_f004764,2307240004,,2307240004,,2023-07-24 14:30,15,
f_f004764,2307240005,,2307240005,,2023-07-24 15:00,15,
f_f004764,2307240006,,2307240006,,2023-07-24 15:00,4,
f_f004764,2307240007,,2307240007,,2023-07-24 17:30,4,15
f_f004768,2307220001,2307220001,,2023-07-22 08:30,,,
f_f004768,2307220002,,2307220002,,2023-07-22 11:30,1,
f_f004768,2307220003,,2307220003,,2023-07-22 13:00,1,
f_f004768,2307220004,,2307220004,,2023-07-22 18:00,15,
f_f004768,2307220005,,2307220005,,2023-07-22 20:00,15,
f_f004768,2307220006,,2307220006,,2023-07-22 16:30,1,
f_f004768,2307230001,,2307230001,,2023-07-23 10:30,1,
f_f004768,2307230002,,2307230002,,2023-07-23 12:30,1,
f_f004768,2307230003,,2307230003,,2023-07-23 17:00,1,
f_f004768,2307230004,,2307230004,,2023-07-23 16:00,1,
f_f004768,2307230005,,2307230005,,2023-07-23 18:00,1,
f_f004768,2307230006,,2307230006,,2023-07-23 22:00,1,
f_f004947,2307310001,2307310001,,2023-07-31 13:00,,,
f_f004947,2307310002,,2307310002,,2023-07-31 14:00,5,
f_f004947,2307310003,,2307310003,,2023-07-31 16:00,8,
f_f004947,2307310004,,2307310004,,2023-07-31 17:00,5,
f_f004947,2307310005,,2307310005,,2023-07-31 18:30,15,
f_f004947,2307310006,,2307310006,,2023-07-31 19:30,15,
f_f004947,2307310007,,2307310007,,2023-07-31 20:30,15,
f_f004947,2308010001,,2308010001,,2023-08-01 09:00,15,
f_f004947,2308010002,,2308010002,,2023-08-01 10:00,15,
f_f004947,2308010003,,2308010003,,2023-08-01 17:00,15,
f_f004947,2308010004,,2308010004,,2023-08-01 19:00,5,
f_f004947,2308010005,,2308010005,,2023-08-01 21:30,5,
f_f004947,2308010006,,2308010006,,2023-08-01 19:30,15,
f_f004947,2308010007,,2308010007,,2023-08-01 20:30,7,
f_f004975,2308030001,2308030001,,2023-08-03 07:30,,,
f_f004975,2308030002,,2308030002,,2023-08-03 23:30,12,5
f_f004975,2308030003,,2308030003,,2023-08-03 12:30,12,4
f_f004975,2308030004,,2308030004,,2023-08-03 13:30,15,
f_f004975,2308030005,,2308030005,,2023-08-03 14:00,15,
f_f004975,2308030006,,2308030006,,2023-08-03 14:30,13,
f_f004975,2308030007,,2308030007,,2023-08-03 03:00,15,
f_f004975,2308030008,,2308030008,,2023-08-03 04:00,15,
f_f004975,2308030010,,2308030010,,2023-08-03 17:00,13,
f_f004975,2308030011,,2308030011,,2023-08-03 17:30,15,
f_f004975,2308030012,,2308030012,,2023-08-03 15:30,15,
f_f004975,2308030013,,2308030013,,2023-08-03 18:30,15,
f_f004975,2308030014,,2308030014,,2023-08-03 19:30,13,
f_f004975,2308030015,,2308030015,,2023-08-03 20:00,15,
f_f004975,2308030016,,2308030016,,2023-08-03 20:30,13,
f_f004975,2308030017,,2308030017,,2023-08-03 21:00,15,
f_f004975,2308030018,,2308030018,,2023-08-03 21:30,15,
f_f005042,2308060001,2308060001,,2023-08-06 08:30,,,
f_f005042,2308060002,,2308060002,,2023-08-06 12:00,5,7
f_f005042,2308060003,,2308060003,,2023-08-06 12:30,13,15
f_f005042,2308060004,,2308060004,,2023-08-06 13:00,15,
f_f005042,2308060006,,2308060006,,2023-08-06 14:30,15,
f_f005042,2308060010,,2308060010,,2023-08-06 15:00,13,15
f_f005042,2308070001,,2308070001,,2023-08-07 11:00,13,15
f_f005042,2308070002,,2308070002,,2023-08-07 12:00,15,
f_f005042,2308070003,,2308070003,,2023-08-07 18:30,7,5
f_f005042,2308070004,,2308070004,,2023-08-07 15:00,13,15
f_f005062,2308060001,2308060001,,2023-08-06 08:00,,,
f_f005062,2308060002,,2308060002,,2023-08-06 20:30,15,
f_f005062,2308060003,,2308060003,,2023-08-06 08:30,5,
f_f005062,2308060004,,2308060004,,2023-08-06 11:00,7,
f_f005062,2308060005,,2308060005,,2023-08-06 11:30,4,
f_f005062,2308060006,,2308060006,,2023-08-06 12:00,15,
f_f005062,2308060007,,2308060007,,2023-08-06 12:30,15,
f_f005062,2308060008,,2308060008,,2023-08-06 01:00,4,
f_f005062,2308060009,,2308060009,,2023-08-06 03:00,15,
f_f005062,2308060010,,2308060010,,2023-08-06 05:30,15,
f_f005062,2308060011,,2308060011,,2023-08-06 18:30,15,
f_f005062,2308070001,,2308070001,,2023-08-07 10:30,15,
f_f005062,2308070002,,2308070002,,2023-08-07 11:30,4,
f_f005062,2308070003,,2308070003,,2023-08-07 02:00,15,
f_f005062,2308070004,,2308070004,,2023-08-07 04:00,4,
f_f005062,2308070005,,2308070005,,2023-08-07 16:00,15,
f_f005062,2308070006,,2308070006,,2023-08-07 19:00,7,
f_f005062,2308070007,,2308070007,,2023-08-07 20:00,5,15
f_f005086,2308070001,2308070001,,2023-08-07 11:30,,,
f_f005086,2308070002,,2308070002,,2023-08-07 13:30,1,
f_f005086,2308070003,,2308070003,,2023-08-07 14:30,15,
f_f005086,2308070004,,2308070004,,2023-08-07 15:30,15,
f_f005086,2308070005,,2308070005,,2023-08-07 20:00,15,
f_f005086,2308070006,,2308070006,,2023-08-07 20:30,4,
f_f005086,2308080001,,2308080001,,2023-08-08 11:00,1,
f_f005086,2308080002,,2308080002,,2023-08-08 13:00,1,
f_f005086,2308080003,,2308080003,,2023-08-08 15:30,1,
f_f005086,2308080004,,2308080004,,2023-08-08 19:00,1,
f_f005096,2308060001,2308060001,,2023-08-06 11:00,,,
f_f005096,2308060002,,2308060002,,2023-08-06 14:30,1,
f_f005096,2308060003,,2308060003,,2023-08-06 15:00,15,
f_f005096,2308060004,,2308060004,,2023-08-06 16:00,15,
f_f005096,2308060005,,2308060005,,2023-08-06 18:30,13,
f_f005096,2308060006,,2308060006,,2023-08-06 20:30,13,
f_f005096,2308060007,,2308060007,,2023-08-06 22:30,15,
f_f005096,2308070001,,2308070001,,2023-08-07 11:00,1,
f_f005096,2308070002,,2308070002,,2023-08-07 12:00,1,
f_f005096,2308070003,,2308070003,,2023-08-07 12:30,15,
f_f005096,2308070004,,2308070004,,2023-08-07 14:00,1,15
f_f005096,2308070005,,2308070005,,2023-08-07 20:00,1,
f_f005133,2307300001,2307300001,,2023-07-30 06:00,,,
f_f005133,2307300002,,2307300002,,2023-07-30 07:30,5,
f_f005133,2307300003,,2307300003,,2023-07-30 10:30,7,
f_f005133,2307300004,,2307300004,,2023-07-30 12:00,13,
f_f005133,2307300005,,2307300005,,2023-07-30 13:00,15,
f_f005133,2307300006,,2307300006,,2023-07-30 14:00,16,15
f_f005133,2307300007,,2307300007,,2023-07-30 15:00,15,
f_f005133,2307300008,,2307300008,,2023-07-30 16:00,4,
f_f005133,2307300009,,2307300009,,2023-07-30 19:30,13,15
f_f005133,2307300010,,2307300010,,2023-07-30 21:00,13,15
f_f005133,2307300011,,2307300011,,2023-07-30 22:00,15,
f_f005133,2307300012,,2307300012,,2023-07-30 22:30,15,
f_f005133,2307310001,,2307310001,,2023-07-31 09:30,15,
f_f005133,2307310002,,2307310002,,2023-07-31 11:00,13,
f_f005133,2307310003,,2307310003,,2023-07-31 12:30,4,
f_f005133,2307310004,,2307310004,,2023-07-31 14:00,8,
f_f005133,2307310005,,2307310005,,2023-07-31 15:00,13,15
f_f005133,2307310006,,2307310006,,2023-07-31 17:00,13,
f_f005133,2307310007,,2307310007,,2023-07-31 18:30,15,
f_f005133,2307310008,,2307310008,,2023-07-31 23:00,12,4
f_f005161,2308020001,2308020001,,2023-08-02 05:00,,,
f_f005161,2308020002,,2308020002,,2023-08-02 17:30,1,15
f_f005161,2308020003,,2308020003,,2023-08-02 18:30,1,15
f_f005161,2308020004,,2308020004,,2023-08-02 19:00,15,
f_f005161,2308020005,,2308020005,,2023-08-02 19:30,1,
f_f005161,2308020006,,2308020006,,2023-08-02 20:00,1,
f_f005287,2308020001,2308020001,,2023-08-02 11:00,,,
f_f005287,2308020002,,2308020002,,2023-08-02 19:30,1,
f_f005287,2308020003,,2308020003,,2023-08-02 13:00,1,
f_f005287,2308020004,,2308020004,,2023-08-02 14:30,1,
f_f005287,2308020005,,2308020005,,2023-08-02 15:00,15,
f_f005289,2308260001,2308260001,,2023-08-26 06:30,,,
f_f005289,2308260002,,2308260002,,2023-08-26 08:30,1,
f_f005289,2308260003,,2308260003,,2023-08-26 11:00,1,
f_f005289,2308260004,,2308260004,,2023-08-26 13:00,1,
f_f005289,2308260005,,2308260005,,2023-08-26 14:00,1,
f_f005289,2308260006,,2308260006,,2023-08-26 19:30,1,
f_f005289,2308260007,,2308260007,,2023-08-26 21:00,1,
f_f005289,2308260008,,2308260008,,2023-08-26 23:00,15,
f_f005289,2308270001,,2308270001,,2023-08-27 09:30,1,15
f_f005289,2308270002,,2308270002,,2023-08-27 12:30,1,
f_f005289,2308270003,,2308270003,,2023-08-27 14:00,1,
f_f005289,2308270004,,2308270004,,2023-08-27 17:00,1,
f_f005289,2308270005,,2308270005,,2023-08-27 19:00,1,
f_f005289,2308270006,,2308270006,,2023-08-27 19:00,1,
f_f005289,2308270007,,2308270007,,2023-08-27 22:00,1,
f_f005385,2308140001,2308140001,,2023-08-14 10:30,,,
f_f005385,2308140002,,2308140002,,2023-08-14 23:30,1,
f_f005385,2308140003,,2308140003,,2023-08-14 14:00,1,
f_f005385,2308140004,,2308140004,,2023-08-14 15:30,15,
f_f005385,2308140005,,2308140005,,2023-08-14 16:30,1,
f_f005385,2308140006,,2308140006,,2023-08-14 18:00,1,
f_f005385,2308140007,,2308140007,,2023-08-14 18:30,1,
f_f005385,2308140008,,2308140008,,2023-08-14 19:00,1,
f_f005385,2308140009,,2308140009,,2023-08-14 20:00,1,
f_f005403,2308040001,2308040001,,2023-08-04 08:00,,,
f_f005403,2308040002,,2308040002,,2023-08-04 09:30,1,
f_f005403,2308040003,,2308040003,,2023-08-04 11:00,1,
f_f005403,2308040004,,2308040004,,2023-08-04 12:30,1,
f_f005403,2308040005,,2308040005,,2023-08-04 13:30,1,
f_f005403,2308040006,,2308040006,,2023-08-04 18:00,1,
f_f005414,2308080001,2308080001,,2023-08-08 15:30,,,
f_f005414,2308080002,,2308080002,,2023-08-08 16:00,5,
f_f005414,2308080003,,2308080003,,2023-08-08 17:30,1,
f_f005414,2308080004,,2308080004,,2023-08-08 18:00,15,
f_f005414,2308080005,,2308080005,,2023-08-08 18:30,15,
f_f005414,2308080006,,2308080006,,2023-08-08 19:00,1,
f_f005414,2308080007,,2308080007,,2023-08-08 20:00,15,
f_f005414,2308080008,,2308080008,,2023-08-08 20:00,15,
f_f005414,2308080009,,2308080009,,2023-08-08 21:00,1,
f_f005414,2308080010,,2308080010,,2023-08-08 21:30,1,
f_f005414,2308080011,,2308080011,,2023-08-08 22:00,1,
f_f005414,2308090001,,2308090001,,2023-08-09 12:30,1,
f_f005414,2308090002,,2308090002,,2023-08-09 14:00,1,
f_f005414,2308090003,,2308090003,,2023-08-09 15:00,1,
f_f005414,2308090004,,2308090004,,2023-08-09 17:30,1,
f_f005414,2308090005,,2308090005,,2023-08-09 18:30,15,
f_f005414,2308090006,,2308090006,,2023-08-09 19:00,5,
f_f005414,2308090007,,2308090007,,2023-08-09 19:30,15,
f_f005444,2308060001,2308060001,,2023-08-06 08:00,,,
f_f005444,2308060002,,2308060002,,2023-08-06 08:30,1,
f_f005444,2308060003,,2308060003,,2023-08-06 09:30,1,
f_f005444,2308060004,,2308060004,,2023-08-06 11:30,1,
f_f005444,2308060005,,2308060005,,2023-08-06 12:30,1,
f_f005444,2308060006,,2308060006,,2023-08-06 14:00,1,
f_f005444,2308060007,,2308060007,,2023-08-06 15:30,1,
f_f005444,2308070001,,2308070001,,2023-08-07 12:00,1,
f_f005444,2308070002,,2308070002,,2023-08-07 12:30,1,
f_f005444,2308070003,,2308070003,,2023-08-07 14:00,1,
f_f005444,2308070004,,2308070004,,2023-08-07 15:00,1,
f_f005445,2308250001,2308250001,,2023-08-25 17:00,,,
f_f005445,2308250002,,2308250002,,2023-08-25 18:30,1,
f_f005445,2308250003,,2308250003,,2023-08-25 19:30,1,
f_f005445,2308250004,,2308250004,,2023-08-25 19:30,15,
f_f005445,2308250007,,2308250007,,2023-08-25 20:30,1,
f_f005445,2308260001,,2308260001,,2023-08-26 00:00,15,
f_f005445,2308260002,,2308260002,,2023-08-26 06:00,15,
f_f005445,2308260003,,2308260003,,2023-08-26 13:00,1,
f_f005445,2308260004,,2308260004,,2023-08-26 14:00,15,
f_f005445,2308260005,,2308260005,,2023-08-26 17:30,15,
f_f005445,2308260006,,2308260006,,2023-08-26 18:30,1,
f_f005445,2308260007,,2308260007,,2023-08-26 21:00,1,
f_f005449,2308060001,2308060001,,2023-08-06 13:00,,,
f_f005449,2308060002,,2308060002,,2023-08-06 16:00,1,
f_f005449,2308060003,,2308060003,,2023-08-06 19:00,1,
f_f005449,2308060004,,2308060004,,2023-08-06 19:30,1,
f_f005449,2308060005,,2308060005,,2023-08-06 20:00,1,
f_f005449,2308060006,,2308060006,,2023-08-06 20:30,1,
f_f005449,2308060007,,2308060007,,2023-08-06 21:30,1,
f_f005501,2308150001,2308150001,,2023-08-15 09:00,,,
f_f005501,2308150002,,2308150002,,2023-08-15 10:00,1,
f_f005501,2308150003,,2308150003,,2023-08-15 11:30,1,
f_f005501,2308150004,,2308150004,,2023-08-15 12:30,15,
f_f005501,2308150005,,2308150005,,2023-08-15 15:30,1,
f_f005535,2308030001,2308030001,,2023-08-03 07:00,,,
f_f005535,2308030002,,2308030002,,2023-08-03 07:30,1,
f_f005535,2308030003,,2308030003,,2023-08-03 08:30,12,
f_f005535,2308030005,,2308030005,,2023-08-03 19:00,8,15
f_f005535,2308030006,,2308030006,,2023-08-03 09:00,13,
f_f005535,2308030007,,2308030007,,2023-08-03 15:30,13,
f_f005535,2308030008,,2308030008,,2023-08-03 16:00,15,
f_f005535,2308030009,,2308030009,,2023-08-03 16:30,15,
f_f005535,2308030010,,2308030010,,2023-08-03 17:30,13,
f_f005573,2308260001,2308260001,,2023-08-26 06:00,,,
f_f005573,2308260002,,2308260002,,2023-08-26 07:00,1,
f_f005573,2308260003,,2308260003,,2023-08-26 09:00,1,
f_f005573,2308260004,,2308260004,,2023-08-26 11:00,1,
f_f005573,2308260005,,2308260005,,2023-08-26 12:30,1,
f_f005573,2308260006,,2308260006,,2023-08-26 13:00,1,
f_f005573,2308260007,,2308260007,,2023-08-26 15:30,1,
f_f005573,2308260008,,2308260008,,2023-08-26 19:30,1,
f_f005573,2308260009,,2308260009,,2023-08-26 21:00,1,
f_f005573,2308270001,,2308270001,,2023-08-27 09:30,1,
f_f005573,2308270002,,2308270002,,2023-08-27 13:00,1,
f_f005573,2308270003,,2308270003,,2023-08-27 13:30,15,
f_f005573,2308270004,,2308270004,,2023-08-27 14:30,15,
f_f005573,2308270005,,2308270005,,2023-08-27 16:30,15,
f_f005573,2308270006,,2308270006,,2023-08-27 18:00,1,
f_f005573,2308270007,,2308270007,,2023-08-27 19:30,1,
f_f005573,2308270008,,2308270008,,2023-08-27 22:30,1,
f_f005573,2308270009,,2308270009,,2023-08-27 23:30,1,
f_f005602,2308050001,2308050001,,2023-08-05 12:00,,,
f_f005602,2308050002,,2308050002,,2023-08-05 22:00,4,15
f_f005602,2308050003,,2308050003,,2023-08-05 14:30,4,
f_f005602,2308050004,,2308050004,,2023-08-05 14:00,13,7
f_f005602,2308050006,,2308050006,,2023-08-05 17:00,4,
f_f005602,2308050007,,2308050007,,2023-08-05 18:30,4,
f_f005602,2308050008,,2308050008,,2023-08-05 15:30,4,
f_f005602,2308060001,,2308060001,,2023-08-06 10:30,4,15
f_f005602,2308060002,,2308060002,,2023-08-06 11:30,15,
f_f005602,2308060003,,2308060003,,2023-08-06 15:30,7,13
f_f005661,2309090001,2309090001,,2023-09-09 09:30,,,
f_f005661,2309090002,,2309090002,,2023-09-09 12:00,1,
f_f005661,2309090003,,2309090003,,2023-09-09 14:30,1,
f_f005661,2309090004,,2309090004,,2023-09-09 16:00,15,
f_f005661,2309090005,,2309090005,,2023-09-09 18:00,1,
f_f005661,2309090006,,2309090006,,2023-09-09 19:00,15,
f_f005661,2309090007,,2309090007,,2023-09-09 19:30,15,
f_f005661,2309090010,,2309090010,,2023-09-09 20:30,1,
f_f005661,2309100001,,2309100001,,2023-09-10 12:30,1,
f_f005661,2309100002,,2309100002,,2023-09-10 16:30,1,
f_f005686,2308170001,2308170001,,2023-08-17 08:30,,,
f_f005686,2308170002,,2308170002,,2023-08-17 08:30,1,
f_f005686,2308170003,,2308170003,,2023-08-17 10:00,12,
f_f005686,2308170004,,2308170004,,2023-08-17 14:30,12,
f_f005686,2308170005,,2308170005,,2023-08-17 15:00,4,
f_f005686,2308170006,,2308170006,,2023-08-17 16:00,4,
f_f005686,2308170007,,2308170007,,2023-08-17 16:30,15,
f_f005686,2308170008,,2308170008,,2023-08-17 17:30,4,
f_f005686,2308170009,,2308170009,,2023-08-17 18:00,15,
f_f005686,2308170010,,2308170010,,2023-08-17 19:00,4,
f_f005686,2308170011,,2308170011,,2023-08-17 20:30,15,
f_f005686,2308170012,,2308170012,,2023-08-17 21:00,15,
f_f005686,2308170013,,2308170013,,2023-08-17 21:30,4,
f_f005686,2308170014,,2308170014,,2023-08-17 22:30,15,
f_f005686,2308170015,,2308170015,,2023-08-17 23:00,15,
f_f005686,2308180001,,2308180001,,2023-08-18 11:00,4,
f_f005686,2308180002,,2308180002,,2023-08-18 12:00,15,
f_f005686,2308180003,,2308180003,,2023-08-18 13:00,15,
f_f005686,2308180004,,2308180004,,2023-08-18 14:00,4,
f_f005686,2308180005,,2308180005,,2023-08-18 14:30,12,
f_f005686,2308180006,,2308180006,,2023-08-18 14:30,4,
f_f005686,2308180007,,2308180007,,2023-08-18 16:00,4,
f_f005686,2308180008,,2308180008,,2023-08-18 18:00,12,
f_f005686,2308180009,,2308180009,,2023-08-18 19:30,12,
f_f005686,2308180010,,2308180010,,2023-08-18 22:00,12,15
f_f005823,2308110001,2308110001,,2023-08-11 10:00,,,
f_f005823,2308110002,,2308110002,,2023-08-11 20:00,1,
f_f005823,2308110003,,2308110003,,2023-08-11 13:00,1,
f_f005823,2308110004,,2308110004,,2023-08-11 14:30,1,
f_f005823,2308110005,,2308110005,,2023-08-11 15:30,1,
f_f005823,2308110006,,2308110006,,2023-08-11 16:00,1,
f_f005823,2308110007,,2308110007,,2023-08-11 17:30,1,
f_f005914,2309100001,2309100001,,2023-09-10 08:00,,,
f_f005914,2309100002,,2309100002,,2023-09-10 10:30,7,5
f_f005914,2309100003,,2309100003,,2023-09-10 12:00,15,
f_f005914,2309100004,,2309100004,,2023-09-10 12:30,15,
f_f005914,2309100005,,2309100005,,2023-09-10 13:00,15,
f_f005914,2309100006,,2309100006,,2023-09-10 14:30,15,
f_f005914,2309100007,,2309100007,,2023-09-10 15:30,13,
f_f005914,2309100008,,2309100008,,2023-09-10 20:00,15,
f_f005914,2309100009,,2309100009,,2023-09-10 20:30,15,
f_f005914,2309110001,,2309110001,,2023-09-11 18:00,7,8
f_f005914,2309110002,,2309110002,,2023-09-11 10:00,15,
f_f005914,2309110003,,2309110003,,2023-09-11 11:00,16,15
f_f005914,2309110004,,2309110004,,2023-09-11 12:00,15,
f_f005914,2309110005,,2309110005,,2023-09-11 13:30,15,
f_f006004,2308240001,2308240001,,2023-08-24 09:00,,,
f_f006004,2308240002,,2308240002,,2023-08-24 10:00,12,15
f_f006004,2308240003,,2308240003,,2023-08-24 10:00,15,15
f_f006004,2308240004,,2308240004,,2023-08-24 13:00,7,15
f_f006004,2308240005,,2308240005,,2023-08-24 13:30,4,15
f_f006004,2308240006,,2308240006,,2023-08-24 14:30,15,15
f_f006004,2308240007,,2308240007,,2023-08-24 16:00,2,15
f_f006004,2308240008,,2308240008,,2023-08-24 16:30,2,15
f_f006004,2308240009,,2308240009,,2023-08-24 18:30,2,15
f_f006004,2308240010,,2308240010,,2023-08-24 20:00,2,15
f_f006004,2308240011,,2308240011,,2023-08-24 21:00,2,15
f_f006004,2308240012,,2308240012,,2023-08-24 22:00,2,15
f_f006004,2308250001,,2308250001,,2023-08-25 12:30,2,15
f_f006004,2308250002,,2308250002,,2023-08-25 13:30,2,15
f_f006004,2308250003,,2308250003,,2023-08-25 14:30,15,15
f_f006004,2308250004,,2308250004,,2023-08-25 16:00,15,15
f_f006004,2308250005,,2308250005,,2023-08-25 18:00,13,15
f_f006004,2308250006,,2308250006,,2023-08-25 20:00,7,15
f_f006004,2308250007,,2308250007,,2023-08-25 21:00,12,15
f_f006004,2308250008,,2308250008,,2023-08-25 22:00,13,15
f_f006006,2308200001,2308200001,,2023-08-20 09:30,,,
f_f006006,2308200002,,2308200002,,2023-08-20 11:30,12,5
f_f006006,2308200003,,2308200003,,2023-08-20 12:30,15,
f_f006006,2308200004,,2308200004,,2023-08-20 13:00,15,
f_f006006,2308200005,,2308200005,,2023-08-20 13:30,15,
f_f006006,2308200006,,2308200006,,2023-08-20 16:30,5,
f_f006006,2308200007,,2308200007,,2023-08-20 18:30,15,
f_f006006,2308200008,,2308200008,,2023-08-20 19:00,15,
f_f006006,2308200009,,2308200009,,2023-08-20 22:00,12,5
f_f006357,2308160001,2308160001,,2023-08-16 14:30,,,
f_f006357,2308160002,,2308160002,,2023-08-16 15:30,1,
f_f006357,2308160003,,2308160003,,2023-08-16 17:00,1,
f_f006357,2308160004,,2308160004,,2023-08-16 18:00,1,
f_f006357,2308160005,,2308160005,,2023-08-16 21:00,1,1
f_f006380,2308140001,2308140001,,2023-08-14 10:00,,,
f_f006380,2308140002,,2308140002,,2023-08-14 10:30,15,
f_f006380,2308140003,,2308140003,,2023-08-14 13:00,15,
f_f006380,2308140004,,2308140004,,2023-08-14 14:00,1,
f_f006380,2308140005,,2308140005,,2023-08-14 18:00,1,
f_f006380,2308140006,,2308140006,,2023-08-14 19:30,1,
f_f006481,2308190001,2308190001,,2023-08-19 10:30,,,
f_f006481,2308190002,,2308190002,,2023-08-19 13:30,5,6
f_f006481,2308190003,,2308190003,,2023-08-19 13:30,15,
f_f006481,2308190004,,2308190004,,2023-08-19 14:30,4,
f_f006481,2308190005,,2308190005,,2023-08-19 15:00,15,
f_f006481,2308190006,,2308190006,,2023-08-19 15:30,4,
f_f006481,2308190007,,2308190007,,2023-08-19 16:00,4,
f_f006481,2308190008,,2308190008,,2023-08-19 17:30,15,16
f_f006481,2308190009,,2308190009,,2023-08-19 23:30,15,
f_f006481,2308200001,,2308200001,,2023-08-20 11:00,4,
f_f006481,2308200002,,2308200002,,2023-08-20 12:00,15,
f_f006481,2308200003,,2308200003,,2023-08-20 12:30,15,
f_f006481,2308200004,,2308200004,,2023-08-20 15:00,4,
f_f006481,2308200005,,2308200005,,2023-08-20 18:00,4,
f_f006481,2308200006,,2308200006,,2023-08-20 20:30,6,5
f_f006520,2309100001,2309100001,,2023-09-10 05:00,,,
f_f006520,2309100002,,2309100002,,2023-09-10 23:00,15,15
f_f006520,2309100003,,2309100003,,2023-09-10 05:30,1,1
f_f006520,2309100004,,2309100004,,2023-09-10 08:30,7,7
f_f006520,2309100005,,2309100005,,2023-09-10 09:30,15,15
f_f006520,2309100006,,2309100006,,2023-09-10 11:00,2,2
f_f006520,2309100007,,2309100007,,2023-09-10 13:30,2,5
f_f006520,2309100008,,2309100008,,2023-09-10 15:00,2,2
f_f006520,2309100009,,2309100009,,2023-09-10 17:30,2,2
f_f006520,2309100010,,2309100010,,2023-09-10 19:00,15,15
f_f006520,2309100011,,2309100011,,2023-09-10 21:00,15,15
f_f006520,2309100012,,2309100012,,2023-09-10 21:30,15,15
f_f006520,2309100013,,2309100013,,2023-09-10 22:30,15,15
f_f006520,2309100014,,2309100014,,2023-09-10 12:30,2,15
f_f006520,2309110001,,2309110001,,2023-09-11 18:00,7,13
f_f006520,2309110002,,2309110002,,2023-09-11 10:30,15,15
f_f006520,2309110003,,2309110003,,2023-09-11 11:30,15,15
f_f006520,2309110004,,2309110004,,2023-09-11 13:30,5,5
f_f006520,2309110005,,2309110005,,2023-09-11 14:00,15,15
f_f006520,2309110006,,2309110006,,2023-09-11 17:00,7,7
f_f006526,2308130001,2308130001,,2023-08-13 13:30,,,
f_f006526,2308130002,,2308130002,,2023-08-13 20:30,1,
f_f006526,2308130003,,2308130003,,2023-08-13 15:30,1,
f_f006526,2308130004,,2308130004,,2023-08-13 16:30,15,
f_f006526,2308130005,,2308130005,,2023-08-13 19:00,1,
f_f006526,2308130006,,2308130006,,2023-08-13 20:00,1,
f_f006526,2308140001,,2308140001,,2023-08-14 16:00,1,
f_f006526,2308140002,,2308140002,,2023-08-14 11:30,1,
f_f006526,2308140003,,2308140003,,2023-08-14 12:30,1,
f_f006605,2308190001,,2308190001,,2023-08-19 16:30,1,
f_f006605,2308190002,,2308190002,,2023-08-19 17:30,15,
f_f006605,2308190003,,2308190003,,2023-08-19 19:00,15,
f_f006605,2308190004,,2308190004,,2023-08-19 20:00,15,
f_f006605,2308190005,2308190005,,2023-08-19 15:30,,,
f_f006605,2308190006,,2308190006,,2023-08-19 21:30,1,
f_f006655,2308120001,2308120001,,2023-08-12 07:00,,,
f_f006655,2308120003,,2308120003,,2023-08-12 08:00,1,
f_f006655,2308120004,,2308120004,,2023-08-12 11:30,1,
f_f006655,2308120005,,2308120005,,2023-08-12 13:00,15,
f_f006655,2308120006,,2308120006,,2023-08-12 14:30,15,
f_f006655,2308120007,,2308120007,,2023-08-12 18:00,15,
f_f006655,2308120008,,2308120008,,2023-08-12 19:30,15,
f_f006655,2308120009,,2308120009,,2023-08-12 23:30,15,
f_f006655,2308130001,,2308130001,,2023-08-13 23:30,15,
f_f006655,2308130002,,2308130002,,2023-08-13 11:30,1,
f_f006655,2308130003,,2308130003,,2023-08-13 13:30,1,
f_f006655,2308130004,,2308130004,,2023-08-13 18:30,1,
f_f006739,2308260001,2308260001,,2023-08-26 11:00,,,
f_f006739,2308260002,,2308260002,,2023-08-26 14:30,1,1
f_f006739,2308260003,,2308260003,,2023-08-26 16:30,1,1
f_f006739,2308260004,,2308260004,,2023-08-26 17:00,15,15
f_f006739,2308260005,,2308260005,,2023-08-26 18:30,1,1
f_f006739,2308260006,,2308260006,,2023-08-26 21:00,15,15
f_f006739,2308260007,,2308260007,,2023-08-26 23:00,15,15
f_f006739,2308270001,,2308270001,,2023-08-27 11:00,1,1
f_f006739,2308270002,,2308270002,,2023-08-27 13:00,1,1
f_f006739,2308270003,,2308270003,,2023-08-27 14:00,1,1
f_f006739,2308270004,,2308270004,,2023-08-27 19:00,1,1
f_f006739,2308270005,,2308270005,,2023-08-27 20:00,1,1
f_f006739,2308270006,,2308270006,,2023-08-27 23:00,1,1
f_f006888,2308160001,2308160001,,2023-08-16 10:00,,,
f_f006888,2308160002,,2308160002,,2023-08-16 19:00,1,
f_f006888,2308160003,,2308160003,,2023-08-16 11:00,1,
f_f006888,2308160004,,2308160004,,2023-08-16 12:00,1,
f_f006888,2308160005,,2308160005,,2023-08-16 12:30,1,
f_f006888,2308160006,,2308160006,,2023-08-16 14:30,15,
f_f006888,2308160007,,2308160007,,2023-08-16 15:00,1,
f_f006888,2308160008,,2308160008,,2023-08-16 17:00,1,
f_f006895,2308300001,2308300001,,2023-08-30 09:00,,,
f_f006895,2308300002,,2308300002,,2023-08-30 20:00,1,
f_f006895,2308300003,,2308300003,,2023-08-30 09:30,1,
f_f006895,2308300004,,2308300004,,2023-08-30 10:00,15,
f_f006895,2308300005,,2308300005,,2023-08-30 14:30,1,
f_f006895,2308300006,,2308300006,,2023-08-30 11:00,1,
f_f006895,2308300007,,2308300007,,2023-08-30 15:00,1,
f_f006895,2308300008,,2308300008,,2023-08-30 17:00,1,
f_f006895,2308300009,,2308300009,,2023-08-30 19:00,15,
f_f006895,2308310001,,2308310001,,2023-08-31 23:30,1,
f_f006895,2308310002,,2308310002,,2023-08-31 13:30,15,
f_f006895,2308310003,,2308310003,,2023-08-31 14:00,15,
f_f006895,2308310004,,2308310004,,2023-08-31 16:00,1,
f_f006895,2308310005,,2308310005,,2023-08-31 17:00,1,
f_f006895,2308310006,,2308310006,,2023-08-31 20:30,1,
f_f006926,2308260001,2308260001,,2023-08-26 07:00,,,
f_f006926,2308260002,,2308260002,,2023-08-26 07:30,1,
f_f006926,2308260003,,2308260003,,2023-08-26 09:00,1,
f_f006926,2308260004,,2308260004,,2023-08-26 10:00,1,
f_f006926,2308260005,,2308260005,,2023-08-26 13:00,1,
f_f006926,2308260006,,2308260006,,2023-08-26 17:30,15,
f_f006926,2308260011,,2308260011,,2023-08-26 23:00,15,
f_f006926,2308270001,,2308270001,,2023-08-27 10:00,15,
f_f006926,2308270002,,2308270002,,2023-08-27 11:00,1,
f_f006926,2308270003,,2308270003,,2023-08-27 12:00,1,
f_f006926,2308270004,,2308270004,,2023-08-27 13:30,1,
f_f006926,2308270005,,2308270005,,2023-08-27 17:00,1,
f_f006932,2308260001,2308260001,,2023-08-26 06:00,,,
f_f006932,2308260002,,2308260002,,2023-08-26 01:00,4,5
f_f006932,2308260003,,2308260003,,2023-08-26 08:30,7,
f_f006932,2308260004,,2308260004,,2023-08-26 09:30,5,
f_f006932,2308260005,,2308260005,,2023-08-26 13:30,15,
f_f006932,2308260006,,2308260006,,2023-08-26 15:30,5,
f_f006932,2308270001,,2308270001,,2023-08-27 12:30,1,
f_f006932,2308270002,,2308270002,,2023-08-27 02:00,1,
f_f006932,2308270003,,2308270003,,2023-08-27 03:00,15,
f_f006932,2308270004,,2308270004,,2023-08-27 04:30,1,
f_f006932,2308270005,,2308270005,,2023-08-27 11:00,7,
f_f007107,2308130001,2308130001,,2023-08-13 08:00,,,
f_f007107,2308130002,,2308130002,,2023-08-13 09:00,1,
f_f007107,2308130003,,2308130003,,2023-08-13 09:30,1,
f_f007107,2308130004,,2308130004,,2023-08-13 11:00,1,
f_f007107,2308130005,,2308130005,,2023-08-13 11:00,1,
f_f007107,2308130006,,2308130006,,2023-08-13 11:30,1,
f_f007107,2308130007,,2308130007,,2023-08-13 14:00,1,
f_f007107,2308130008,,2308130008,,2023-08-13 16:00,1,
f_f007107,2308130009,,2308130009,,2023-08-13 18:30,1,
f_f007107,2308130010,,2308130010,,2023-08-13 20:30,1,
f_f007107,2308130011,,2308130011,,2023-08-13 21:30,1,
f_f007188,2309040001,2309040001,,2023-09-04 13:00,,,
f_f007188,2309040002,,2309040002,,2023-09-04 14:30,1,
f_f007188,2309040003,,2309040003,,2023-09-04 16:00,1,
f_f007188,2309050001,,2309050001,,2023-09-05 12:30,1,
f_f007188,2309050002,,2309050002,,2023-09-05 16:30,1,
f_f007188,2309050003,,2309050003,,2023-09-05 17:30,1,
f_f007228,2308220001,2308220001,,2023-08-22 00:00,,,
f_f007228,2308220002,,2308220002,,2023-08-22 00:00,1,1
f_f007228,2308220003,,2308220003,,2023-08-22 10:30,1,
f_f007228,2308220004,,2308220004,,2023-08-22 14:00,1,
f_f007228,2308220005,,2308220005,,2023-08-22 15:00,1,
f_f007228,2308220006,,2308220006,,2023-08-22 19:30,15,
f_f007228,2308220007,,2308220007,,2023-08-22 20:30,15,
f_f007228,2308220008,,2308220008,,2023-08-22 21:30,1,
f_f007228,2308230001,,2308230001,,2023-08-23 09:00,1,
f_f007228,2308230002,,2308230002,,2023-08-23 10:00,1,
f_f007228,2308230003,,2308230003,,2023-08-23 10:30,1,
f_f007228,2308230004,,2308230004,,2023-08-23 11:30,1,
f_f007228,2308230005,,2308230005,,2023-08-23 13:00,1,
f_f007228,2308230006,,2308230006,,2023-08-23 14:00,1,
f_f007228,2308230007,,2308230007,,2023-08-23 21:00,1,
f_f007234,2308280001,2308280001,,2023-08-28 09:00,,,
f_f007234,2308280002,,2308280002,,2023-08-28 13:00,7,5
f_f007234,2308280003,,2308280003,,2023-08-28 15:00,15,15
f_f007234,2308280004,,2308280004,,2023-08-28 16:00,15,15
f_f007234,2308280005,,2308280005,,2023-08-28 16:30,15,15
f_f007234,2308280006,,2308280006,,2023-08-28 17:30,13,15
f_f007234,2308280007,,2308280007,,2023-08-28 19:00,15,15
f_f007234,2308280008,,2308280008,,2023-08-28 19:30,15,15
f_f007234,2308280009,,2308280009,,2023-08-28 21:00,15,15
f_f007234,2308280010,,2308280010,,2023-08-28 21:30,15,15
f_f007234,2308290001,,2308290001,,2023-08-29 11:00,15,15
f_f007234,2308290002,,2308290002,,2023-08-29 12:00,15,15
f_f007234,2308290003,,2308290003,,2023-08-29 12:00,15,15
f_f007234,2308290004,,2308290004,,2023-08-29 12:30,15,15
f_f007234,2308290005,,2308290005,,2023-08-29 13:00,15,15
f_f007234,2308290006,,2308290006,,2023-08-29 16:30,15,15
f_f007234,2308290007,,2308290007,,2023-08-29 17:00,15,15
f_f007234,2308290008,,2308290008,,2023-08-29 19:00,7,15
f_f007234,2308290009,,2308290009,,2023-08-29 21:30,12,15
f_f007260,2308200001,2308200001,,2023-08-20 06:30,,,
f_f007260,2308200002,,2308200002,,2023-08-20 07:30,2,
f_f007260,2308200003,,2308200003,,2023-08-20 09:00,2,
f_f007260,2308200004,,2308200004,,2023-08-20 10:00,2,
f_f007260,2308200005,,2308200005,,2023-08-20 10:30,15,
f_f007260,2308200006,,2308200006,,2023-08-20 12:00,2,
f_f007260,2308200007,,2308200007,,2023-08-20 14:00,2,
f_f007260,2308200008,,2308200008,,2023-08-20 16:00,2,
f_f007260,2308200009,,2308200009,,2023-08-20 17:00,2,
f_f007260,2308200010,,2308200010,,2023-08-20 20:00,2,15
f_f007260,2308200011,,2308200011,,2023-08-20 21:00,2,
f_f007260,2308200012,,2308200012,,2023-08-20 21:30,2,
f_f007260,2308210001,,2308210001,,2023-08-21 11:00,2,
f_f007260,2308210002,,2308210002,,2023-08-21 12:00,2,
f_f007260,2308210003,,2308210003,,2023-08-21 12:30,15,
f_f007260,2308210004,,2308210004,,2023-08-21 13:30,2,
f_f007260,2308210005,,2308210005,,2023-08-21 14:00,2,
f_f007260,2308210006,,2308210006,,2023-08-21 14:30,2,
f_f007260,2308210007,,2308210007,,2023-08-21 17:30,2,
f_f007260,2308210008,,2308210008,,2023-08-21 18:30,2,
f_f007260,2308210009,,2308210009,,2023-08-21 20:30,2,
f_f007260,2308210010,,2308210010,,2023-08-21 22:30,2,
f_f007508,2308290001,2308290001,,2023-08-29 07:30,,,
f_f007508,2308290002,,2308290002,,2023-08-29 09:00,1,
f_f007508,2308290003,,2308290003,,2023-08-29 18:00,1,
f_f007508,2308290005,,2308290005,,2023-08-29 18:30,1,
f_f007508,2308290007,,2308290007,,2023-08-29 19:30,1,
f_f007508,2308290008,,2308290008,,2023-08-29 19:30,1,15
f_f007508,2308300001,,2308300001,,2023-08-30 18:30,15,
f_f007508,2308300002,,2308300002,,2023-08-30 22:00,15,
f_f007571,2308180001,2308180001,,2023-08-18 05:30,,,
f_f007571,2308180002,,2308180002,,2023-08-18 22:00,2,
f_f007571,2308180003,,2308180003,,2023-08-18 06:00,13,
f_f007571,2308180004,,2308180004,,2023-08-18 08:00,7,
f_f007571,2308180005,,2308180005,,2023-08-18 08:30,15,
f_f007571,2308180006,,2308180006,,2023-08-18 09:30,2,
f_f007571,2308180007,,2308180007,,2023-08-18 10:30,2,
f_f007571,2308180008,,2308180008,,2023-08-18 11:30,2,
f_f007571,2308180009,,2308180009,,2023-08-18 12:00,15,
f_f007571,2308180010,,2308180010,,2023-08-18 13:30,2,
f_f007571,2308180011,,2308180011,,2023-08-18 14:30,2,
f_f007571,2308180012,,2308180012,,2023-08-18 15:30,2,
f_f007571,2308180013,,2308180013,,2023-08-18 16:00,2,
f_f007571,2308180014,,2308180014,,2023-08-18 19:00,2,
f_f007571,2308180015,,2308180015,,2023-08-18 20:30,2,
f_f007571,2308190001,,2308190001,,2023-08-19 20:00,13,
f_f007571,2308190002,,2308190002,,2023-08-19 10:30,2,
f_f007571,2308190003,,2308190003,,2023-08-19 11:00,15,
f_f007571,2308190004,,2308190004,,2023-08-19 13:00,2,
f_f007571,2308190005,,2308190005,,2023-08-19 14:00,2,
f_f007571,2308190006,,2308190006,,2023-08-19 15:30,2,
f_f007571,2308190007,,2308190007,,2023-08-19 16:30,2,15
f_f007571,2308190008,,2308190008,,2023-08-19 19:30,7,
f_f007878,2308240001,,2308240001,,2023-08-24 15:00,1,
f_f007878,2308240002,,2308240002,,2023-08-24 19:00,1,
f_f007878,2308240003,,2308240003,,2023-08-24 16:00,1,
f_f007878,2308240004,,2308240004,,2023-08-24 16:30,15,
f_f007878,2308240005,,2308240005,,2023-08-24 18:00,1,
f_f007878,2308240006,,2308240006,,2023-08-24 18:30,1,
f_f007878,2308240007,2308240007,,2023-08-24 11:30,,,
f_f007878,2308250001,,2308250001,,2023-08-25 21:00,1,
f_f007878,2308250002,,2308250002,,2023-08-25 14:00,1,
f_f007878,2308250003,,2308250003,,2023-08-25 15:30,1,
f_f007878,2308250004,,2308250004,,2023-08-25 16:30,15,
f_f007889,2308180001,2308180001,,2023-08-18 08:00,,,
f_f007889,2308180002,,2308180002,,2023-08-18 08:30,13,
f_f007889,2308180003,,2308180003,,2023-08-18 09:00,5,
f_f007889,2308180004,,2308180004,,2023-08-18 12:00,7,4
f_f007889,2308180005,,2308180005,,2023-08-18 12:30,15,
f_f007889,2308180006,,2308180006,,2023-08-18 13:00,15,
f_f007889,2308180007,,2308180007,,2023-08-18 14:30,4,15
f_f007889,2308180008,,2308180008,,2023-08-18 15:30,15,
f_f007889,2308180009,,2308180009,,2023-08-18 19:00,4,
f_f007889,2308180011,,2308180011,,2023-08-18 20:00,4,
f_f007889,2308190001,,2308190001,,2023-08-19 06:30,15,
f_f007889,2308190002,,2308190002,,2023-08-19 12:00,4,
f_f007889,2308190003,,2308190003,,2023-08-19 16:30,15,
f_f007889,2308190004,,2308190004,,2023-08-19 17:30,4,
f_f007889,2308190005,,2308190005,,2023-08-19 18:00,15,
f_f007889,2308190006,,2308190006,,2023-08-19 21:00,7,5
f_f007925,2308260001,2308260001,,2023-08-26 08:00,,,
f_f007925,2308260002,,2308260002,,2023-08-26 23:30,15,
f_f007925,2308260003,,2308260003,,2023-08-26 14:00,4,
f_f007925,2308260004,,2308260004,,2023-08-26 14:30,15,
f_f007925,2308260005,,2308260005,,2023-08-26 18:30,15,
f_f007925,2308260006,,2308260006,,2023-08-26 08:30,13,
f_f007925,2308260007,,2308260007,,2023-08-26 18:30,15,
f_f007925,2308260008,,2308260008,,2023-08-26 18:30,4,
f_f007925,2308260009,,2308260009,,2023-08-26 21:00,4,
f_f007925,2308260010,,2308260010,,2023-08-26 21:30,15,
f_f007925,2308260011,,2308260011,,2023-08-26 22:30,4,
f_f007925,2308260012,,2308260012,,2023-08-26 13:00,12,4
f_f007925,2308270001,,2308270001,,2023-08-27 11:00,15,
f_f007925,2308270002,,2308270002,,2023-08-27 12:00,4,
f_f007925,2308270003,,2308270003,,2023-08-27 13:00,4,
f_f007925,2308270004,,2308270004,,2023-08-27 14:00,15,
f_f007925,2308270005,,2308270005,,2023-08-27 18:30,13,
f_f007925,2308270006,,2308270006,,2023-08-27 14:30,15,
f_f008076,2308180001,2308180001,,2023-08-18 11:30,,,
f_f008076,2308180002,,2308180002,,2023-08-18 12:00,1,
f_f008076,2308180003,,2308180003,,2023-08-18 14:00,1,
f_f008076,2308180004,,2308180004,,2023-08-18 14:30,1,
f_f008076,2308180005,,2308180005,,2023-08-18 16:30,1,
f_f008076,2308180006,,2308180006,,2023-08-18 18:30,1,
f_f008076,2308180007,,2308180007,,2023-08-18 21:00,1,
f_f008076,2308190001,,2308190001,,2023-08-19 09:00,1,
f_f008076,2308190002,,2308190002,,2023-08-19 11:00,1,
f_f008076,2308190003,,2308190003,,2023-08-19 13:30,1,
f_f008079,2308230001,2308230001,,2023-08-23 13:00,,,
f_f008079,2308230002,,2308230002,,2023-08-23 15:30,1,1
f_f008079,2308230003,,2308230003,,2023-08-23 16:00,1,1
f_f008079,2308230004,,2308230004,,2023-08-23 17:30,1,1
f_f008079,2308230005,,2308230005,,2023-08-23 19:00,1,1
f_f008079,2308240001,,2308240001,,2023-08-24 11:30,1,1
f_f008079,2308240002,,2308240002,,2023-08-24 13:00,1,1
f_f008079,2308240003,,2308240003,,2023-08-24 14:00,1,1
f_f008079,2308240004,,2308240004,,2023-08-24 19:30,1,1
f_f008113,2308210001,2308210001,,2023-08-21 09:00,,,
f_f008113,2308210002,,2308210002,,2023-08-21 11:30,8,
f_f008113,2308210003,,2308210003,,2023-08-21 09:30,5,
f_f008113,2308210004,,2308210004,,2023-08-21 12:00,15,
f_f008113,2308210005,,2308210005,,2023-08-21 12:30,15,
f_f008113,2308210006,,2308210006,,2023-08-21 14:30,15,
f_f008113,2308210007,,2308210007,,2023-08-21 15:00,15,
f_f008113,2308210008,,2308210008,,2023-08-21 15:30,15,
f_f008113,2308210009,,2308210009,,2023-08-21 15:30,15,
f_f008113,2308210010,,2308210010,,2023-08-21 16:00,15,
f_f008113,2308210011,,2308210011,,2023-08-21 17:00,15,
f_f008113,2308210012,,2308210012,,2023-08-21 17:30,15,
f_f008113,2308210013,,2308210013,,2023-08-21 20:30,15,
f_f008113,2308210014,,2308210014,,2023-08-21 21:00,15,
f_f008113,2308210016,,2308210016,,2023-08-21 22:30,15,
f_f008113,2308220001,,2308220001,,2023-08-22 10:30,15,
f_f008113,2308220002,,2308220002,,2023-08-22 12:00,13,
f_f008113,2308220003,,2308220003,,2023-08-22 12:00,15,
f_f008113,2308220004,,2308220004,,2023-08-22 13:30,13,5
f_f008113,2308220005,,2308220005,,2023-08-22 14:30,15,
f_f008113,2308220006,,2308220006,,2023-08-22 16:00,15,
f_f008113,2308220007,,2308220007,,2023-08-22 20:00,15,
f_f008113,2308220008,,2308220008,,2023-08-22 20:30,15,
f_f008113,2308220009,,2308220009,,2023-08-22 22:00,7,
f_f008113,2308220010,,2308220010,,2023-08-22 23:00,13,
f_f008157,2308300001,2308300001,,2023-08-30 07:00,,,
f_f008157,2308300002,,2308300002,,2023-08-30 08:30,13,5
f_f008157,2308300003,,2308300003,,2023-08-30 11:30,7,
f_f008157,2308300004,,2308300004,,2023-08-30 11:30,13,
f_f008157,2308300005,,2308300005,,2023-08-30 13:00,13,
f_f008157,2308300006,,2308300006,,2023-08-30 15:00,15,
f_f008157,2308300007,,2308300007,,2023-08-30 15:30,15,
f_f008157,2308300008,,2308300008,,2023-08-30 16:30,15,
f_f008157,2308300009,,2308300009,,2023-08-30 19:00,15,
f_f008157,2308300010,,2308300010,,2023-08-30 19:30,15,
f_f008157,2308300011,,2308300011,,2023-08-30 20:30,15,
f_f008157,2308310001,,2308310001,,2023-08-31 11:00,13,
f_f008157,2308310002,,2308310002,,2023-08-31 11:30,15,
f_f008157,2308310003,,2308310003,,2023-08-31 12:30,15,
f_f008157,2308310004,,2308310004,,2023-08-31 14:30,13,
f_f008157,2308310005,,2308310005,,2023-08-31 17:00,13,
f_f008157,2308310006,,2308310006,,2023-08-31 22:00,7,13
f_f008176,2308260001,2308260001,,2023-08-26 08:00,,,
f_f008176,2308260002,,2308260002,,2023-08-26 12:00,1,
f_f008176,2308260003,,2308260003,,2023-08-26 13:30,1,
f_f008176,2308260004,,2308260004,,2023-08-26 15:00,1,
f_f008176,2308260005,,2308260005,,2023-08-26 16:30,1,
f_f008176,2308260006,,2308260006,,2023-08-26 18:00,1,
f_f008176,2308260007,,2308260007,,2023-08-26 23:30,5,
f_f008176,2308270001,,2308270001,,2023-08-27 12:00,1,
f_f008176,2308270002,,2308270002,,2023-08-27 13:00,1,
f_f008176,2308270003,,2308270003,,2023-08-27 18:30,1,
f_f008182,2308210001,2308210001,,2023-08-21 04:30,,,
f_f008182,2308210002,,2308210002,,2023-08-21 09:00,12,
f_f008182,2308210003,,2308210003,,2023-08-21 15:00,13,
f_f008182,2308210004,,2308210004,,2023-08-21 15:30,15,
f_f008182,2308210005,,2308210005,,2023-08-21 21:00,15,
f_f008182,2308210007,,2308210007,,2023-08-21 01:00,15,
f_f008182,2308220001,,2308220001,,2023-08-22 11:00,15,
f_f008182,2308220002,,2308220002,,2023-08-22 11:30,15,
f_f008182,2308220003,,2308220003,,2023-08-22 13:00,15,
f_f008182,2308220004,,2308220004,,2023-08-22 14:00,15,
f_f008182,2308220005,,2308220005,,2023-08-22 14:30,13,
f_f008182,2308220006,,2308220006,,2023-08-22 19:00,12,
f_f008259,2308180001,2308180001,,2023-08-18 09:00,,,
f_f008259,2308180002,,2308180002,,2023-08-18 22:30,1,
f_f008259,2308180003,,2308180003,,2023-08-18 13:30,1,
f_f008259,2308180004,,2308180004,,2023-08-18 15:30,1,
f_f008259,2308180005,,2308180005,,2023-08-18 16:30,1,
f_f008259,2308180006,,2308180006,,2023-08-18 17:00,1,
f_f008259,2308180007,,2308180007,,2023-08-18 17:30,1,
f_f008259,2308180008,,2308180008,,2023-08-18 18:00,1,
f_f008259,2308180009,,2308180009,,2023-08-18 18:00,1,
f_f008379,2308190001,2308190001,,2023-08-19 09:30,,,
f_f008379,2308190002,,2308190002,,2023-08-19 13:30,1,
f_f008379,2308190003,,2308190003,,2023-08-19 11:00,1,
f_f008379,2308190004,,2308190004,,2023-08-19 12:00,1,
f_f008380,2309100001,2309100001,,2023-09-10 09:30,,,
f_f008380,2309100002,,2309100002,,2023-09-10 12:30,1,
f_f008380,2309100003,,2309100003,,2023-09-10 13:30,1,
f_f008380,2309100004,,2309100004,,2023-09-10 15:30,1,
f_f008380,2309100005,,2309100005,,2023-09-10 16:30,1,
f_f008380,2309100006,,2309100006,,2023-09-10 19:30,15,
f_f008380,2309100007,,2309100007,,2023-09-10 20:30,15,
f_f008380,2309110001,,2309110001,,2023-09-11 19:30,1,
f_f008380,2309110002,,2309110002,,2023-09-11 10:30,1,
f_f008380,2309110003,,2309110003,,2023-09-11 11:30,1,
f_f008380,2309110004,,2309110004,,2023-09-11 14:00,15,
f_f008380,2309110005,,2309110005,,2023-09-11 06:30,15,
f_f008418,2308250001,2308250001,,2023-08-25 09:30,,,
f_f008418,2308250002,,2308250002,,2023-08-25 11:00,5,13
f_f008418,2308250003,,2308250003,,2023-08-25 13:30,7,
f_f008418,2308250004,,2308250004,,2023-08-25 14:00,4,
f_f008418,2308250005,,2308250005,,2023-08-25 15:00,15,
f_f008418,2308250006,,2308250006,,2023-08-25 16:30,4,
f_f008418,2308250007,,2308250007,,2023-08-25 20:00,15,
f_f008418,2308250008,,2308250008,,2023-08-25 21:30,15,
f_f008418,2308250009,,2308250009,,2023-08-25 21:30,15,
f_f008418,2308260001,,2308260001,,2023-08-26 11:30,4,
f_f008418,2308260002,,2308260002,,2023-08-26 12:30,15,
f_f008418,2308260003,,2308260003,,2023-08-26 14:00,13,
f_f008418,2308260004,,2308260004,,2023-08-26 14:30,15,
f_f008418,2308260005,,2308260005,,2023-08-26 17:00,13,
f_f008418,2308260006,,2308260006,,2023-08-26 19:30,15,
f_f008418,2308260007,,2308260007,,2023-08-26 22:00,7,
f_f008418,2308260008,,2308260008,,2023-08-26 23:00,5,
f_f008427,2308190001,2308190001,,2023-08-19 07:00,,,
f_f008427,2308190002,,2308190002,,2023-08-19 11:00,1,
f_f008427,2308190003,,2308190003,,2023-08-19 12:30,1,
f_f008427,2308190004,,2308190004,,2023-08-19 15:00,1,
f_f008427,2308190005,,2308190005,,2023-08-19 15:30,15,
f_f008427,2308190006,,2308190006,,2023-08-19 19:30,15,
f_f008427,2308200001,,2308200001,,2023-08-20 09:00,15,
f_f008427,2308200002,,2308200002,,2023-08-20 09:30,15,
f_f008427,2308200003,,2308200003,,2023-08-20 11:00,1,
f_f008427,2308200004,,2308200004,,2023-08-20 11:30,1,
f_f008427,2308200005,,2308200005,,2023-08-20 12:00,1,
f_f008427,2308200006,,2308200006,,2023-08-20 12:30,1,
f_f008427,2308200007,,2308200007,,2023-08-20 14:00,1,
f_f008427,2308200008,,2308200008,,2023-08-20 18:30,1,
f_f008558,2308270001,2308270001,,2023-08-27 15:30,,,
f_f008558,2308270002,,2308270002,,2023-08-27 16:00,1,
f_f008558,2308270003,,2308270003,,2023-08-27 18:30,1,
f_f008558,2308270004,,2308270004,,2023-08-27 20:30,1,
f_f008567,2308270001,2308270001,,2023-08-27 09:30,,,
f_f008567,2308270002,,2308270002,,2023-08-27 10:30,1,
f_f008567,2308270003,,2308270003,,2023-08-27 13:00,1,
f_f008567,2308270004,,2308270004,,2023-08-27 14:30,1,
f_f008567,2308270005,,2308270005,,2023-08-27 16:00,1,
f_f008567,2308270006,,2308270006,,2023-08-27 18:00,1,
f_f008567,2308270007,,2308270007,,2023-08-27 20:00,1,
f_f008567,2308270008,,2308270008,,2023-08-27 19:00,1,
f_f008608,2308210001,2308210001,,2023-08-21 09:00,,,
f_f008608,2308210002,,2308210002,,2023-08-21 10:00,1,
f_f008608,2308210003,,2308210003,,2023-08-21 11:00,1,
f_f008608,2308210004,,2308210004,,2023-08-21 13:00,1,
f_f008608,2308210005,,2308210005,,2023-08-21 16:00,1,
f_f008814,2308260001,2308260001,,2023-08-26 14:00,,,
f_f008814,2308260002,,2308260002,,2023-08-26 15:00,1,
f_f008814,2308260003,,2308260003,,2023-08-26 16:30,1,
f_f008814,2308260004,,2308260004,,2023-08-26 17:30,1,
f_f008814,2308260005,,2308260005,,2023-08-26 18:30,1,
f_f008814,2308270001,,2308270001,,2023-08-27 12:00,1,
f_f008814,2308270002,,2308270002,,2023-08-27 13:00,1,
f_f008814,2308270003,,2308270003,,2023-08-27 15:30,1,
f_f008862,2308220001,2308220001,,2023-08-22 10:00,,,
f_f008862,2308220002,,2308220002,,2023-08-22 10:00,1,
f_f008862,2308220003,,2308220003,,2023-08-22 12:00,1,
f_f008862,2308220004,,2308220004,,2023-08-22 14:00,1,
f_f008862,2308220005,,2308220005,,2023-08-22 15:00,1,
f_f008862,2308220006,,2308220006,,2023-08-22 16:00,1,
f_f008862,2308220007,,2308220007,,2023-08-22 17:00,1,
f_f008862,2308220008,,2308220008,,2023-08-22 18:30,1,
f_f008862,2308230001,,2308230001,,2023-08-23 17:00,1,
f_f008862,2308230002,,2308230002,,2023-08-23 11:00,1,
f_f008862,2308230003,,2308230003,,2023-08-23 12:00,1,
f_f008862,2308230004,,2308230004,,2023-08-23 15:00,1,
f_f009182,2308220001,2308220001,,2023-08-22 06:00,,,
f_f009182,2308220002,,2308220002,,2023-08-22 06:30,13,
f_f009182,2308220003,,2308220003,,2023-08-22 09:00,7,
f_f009182,2308220004,,2308220004,,2023-08-22 10:00,13,
f_f009182,2308220005,,2308220005,,2023-08-22 13:00,15,
f_f009182,2308220006,,2308220006,,2023-08-22 14:30,13,
f_f009182,2308220007,,2308220007,,2023-08-22 16:30,13,
f_f009182,2308220008,,2308220008,,2023-08-22 18:30,7,
f_f009182,2308220009,,2308220009,,2023-08-22 19:00,5,
f_f009188,2308200001,2308200001,,2023-08-20 10:00,,,
f_f009188,2308200002,,2308200002,,2023-08-20 11:00,1,
f_f009188,2308200003,,2308200003,,2023-08-20 13:00,1,
f_f009188,2308200004,,2308200004,,2023-08-20 14:00,1,
f_f009188,2308200005,,2308200005,,2023-08-20 15:00,1,
f_f009188,2308200006,,2308200006,,2023-08-20 16:30,1,
f_f009201,2308270001,2308270001,,2023-08-27 11:00,,,
f_f009201,2308270002,,2308270002,,2023-08-27 13:30,2,
f_f009201,2308270003,,2308270003,,2023-08-27 15:00,2,
f_f009201,2308270004,,2308270004,,2023-08-27 16:30,2,
f_f009201,2308270005,,2308270005,,2023-08-27 19:00,2,
f_f009201,2308270006,,2308270006,,2023-08-27 20:30,2,
f_f009201,2308270007,,2308270007,,2023-08-27 23:30,2,
f_f009255,2308260001,2308260001,,2023-08-26 08:30,,,
f_f009255,2308260002,,2308260002,,2023-08-26 00:30,4,16
f_f009255,2308260003,,2308260003,,2023-08-26 17:00,13,15
f_f009255,2308260004,,2308260004,,2023-08-26 08:30,15,
f_f009255,2308260005,,2308260005,,2023-08-26 11:30,12,5
f_f009255,2308260006,,2308260006,,2023-08-26 09:30,12,
f_f009255,2308260007,,2308260007,,2023-08-26 11:00,12,5
f_f009255,2308260008,,2308260008,,2023-08-26 19:00,12,5
f_f009255,2308260009,,2308260009,,2023-08-26 20:00,12,5
f_f009255,2308260010,,2308260010,,2023-08-26 21:30,4,15
f_f009255,2308260011,,2308260011,,2023-08-26 23:00,15,
f_f009257,2308240001,2308240001,,2023-08-24 09:00,,,
f_f009257,2308240002,,2308240002,,2023-08-24 19:00,12,5
f_f009257,2308240003,,2308240003,,2023-08-24 09:30,5,
f_f009257,2308240004,,2308240004,,2023-08-24 11:00,12,
f_f009257,2308240005,,2308240005,,2023-08-24 11:30,15,
f_f009257,2308240006,,2308240006,,2023-08-24 12:00,15,
f_f009257,2308240007,,2308240007,,2023-08-24 12:30,15,
f_f009257,2308240008,,2308240008,,2023-08-24 13:00,15,
f_f009257,2308240009,,2308240009,,2023-08-24 13:30,15,
f_f009257,2308240010,,2308240010,,2023-08-24 15:00,15,
f_f009257,2308240011,,2308240011,,2023-08-24 15:30,15,
f_f009257,2308240012,,2308240012,,2023-08-24 16:30,15,
f_f009257,2308240013,,2308240013,,2023-08-24 17:00,4,
f_f009311,2308270001,2308270001,,2023-08-27 08:00,,,
f_f009311,2308270002,,2308270002,,2023-08-27 14:00,8,5
f_f009311,2308270003,,2308270003,,2023-08-27 15:30,13,
f_f009311,2308270004,,2308270004,,2023-08-27 16:00,4,
f_f009311,2308270005,,2308270005,,2023-08-27 17:00,15,
f_f009311,2308270006,,2308270006,,2023-08-27 18:00,16,15
f_f009311,2308270007,,2308270007,,2023-08-27 19:00,15,
f_f009311,2308270008,,2308270008,,2023-08-27 20:00,4,
f_f009311,2308270009,,2308270009,,2023-08-27 22:00,4,
f_f009311,2308270010,,2308270010,,2023-08-27 23:00,15,
f_f009311,2308280001,,2308280001,,2023-08-28 13:00,4,
f_f009311,2308280002,,2308280002,,2023-08-28 14:30,15,
f_f009311,2308280003,,2308280003,,2023-08-28 16:00,15,
f_f009311,2308280004,,2308280004,,2023-08-28 17:00,15,
f_f009311,2308280005,,2308280005,,2023-08-28 17:30,15,
f_f009311,2308280006,,2308280006,,2023-08-28 19:30,13,
f_f009311,2308280007,,2308280007,,2023-08-28 23:30,8,4
f_f009462,2308260001,2308260001,,2023-08-26 07:30,,,
f_f009462,2308260002,,2308260002,,2023-08-26 10:00,1,
f_f009462,2308260003,,2308260003,,2023-08-26 11:00,5,
f_f009462,2308260004,,2308260004,,2023-08-26 12:30,15,
f_f009462,2308260005,,2308260005,,2023-08-26 12:00,15,
f_f009462,2308260006,,2308260006,,2023-08-26 13:30,13,15
f_f009462,2308260007,,2308260007,,2023-08-26 16:00,15,
f_f009462,2308260008,,2308260008,,2023-08-26 16:00,15,
f_f009462,2308260009,,2308260009,,2023-08-26 19:30,7,13
f_f009530,2308290001,2308290001,,2023-08-29 05:30,,,
f_f009530,2308290002,,2308290002,,2023-08-29 21:00,2,15
f_f009530,2308290003,,2308290003,,2023-08-29 06:00,13,15
f_f009530,2308290004,,2308290004,,2023-08-29 08:30,7,
f_f009530,2308290005,,2308290005,,2023-08-29 09:00,13,15
f_f009530,2308290006,,2308290006,,2023-08-29 10:00,2,
f_f009530,2308290007,,2308290007,,2023-08-29 12:00,2,15
f_f009530,2308290008,,2308290008,,2023-08-29 13:00,2,
f_f009530,2308290009,,2308290009,,2023-08-29 13:30,2,15
f_f009530,2308290010,,2308290010,,2023-08-29 14:30,2,15
f_f009530,2308290011,,2308290011,,2023-08-29 15:30,2,15
f_f009530,2308290012,,2308290012,,2023-08-29 15:30,15,
f_f009530,2308290013,,2308290013,,2023-08-29 04:30,15,
f_f009530,2308290014,,2308290014,,2023-08-29 18:30,15,
f_f009530,2308290015,,2308290015,,2023-08-29 19:00,15,
f_f009530,2308290016,,2308290016,,2023-08-29 19:30,15,
f_f009530,2308290017,,2308290017,,2023-08-29 20:30,15,
f_f009530,2308290018,,2308290018,,2023-08-29 21:00,15,
f_f009530,2308300001,,2308300001,,2023-08-30 22:30,7,1
f_f009530,2308300002,,2308300002,,2023-08-30 12:00,15,
f_f009530,2308300003,,2308300003,,2023-08-30 13:00,15,
f_f009530,2308300004,,2308300004,,2023-08-30 13:30,15,
f_f009530,2308300005,,2308300005,,2023-08-30 14:00,15,
f_f009530,2308300006,,2308300006,,2023-08-30 15:00,15,
f_f009530,2308300007,,2308300007,,2023-08-30 17:00,15,
f_f009530,2308300008,,2308300008,,2023-08-30 18:30,15,
f_f009530,2308300009,,2308300009,,2023-08-30 19:00,13,
f_f009562,2308270001,2308270001,,2023-08-27 09:00,,,
f_f009562,2308270002,,2308270002,,2023-08-27 10:30,1,
f_f009562,2308270003,,2308270003,,2023-08-27 11:30,1,
f_f009562,2308270004,,2308270004,,2023-08-27 17:30,1,
f_f009750,2308270001,2308270001,,2023-08-27 13:30,,,
f_f009750,2308270002,,2308270002,,2023-08-27 15:30,1,
f_f009750,2308270003,,2308270003,,2023-08-27 16:30,1,1
f_f009750,2308270004,,2308270004,,2023-08-27 18:30,1,1
f_f009750,2308270005,,2308270005,,2023-08-27 17:00,1,1
f_f009756,2309090001,2309090001,,2023-09-09 08:30,,,
f_f009756,2309090002,,2309090002,,2023-09-09 10:00,13,15
f_f009756,2309090003,,2309090003,,2023-09-09 10:30,15,
f_f009756,2309090004,,2309090004,,2023-09-09 21:00,13,
f_f009756,2309090005,,2309090005,,2023-09-09 14:00,13,15
f_f009756,2309090006,,2309090006,,2023-09-09 15:00,15,
f_f009756,2309090007,,2309090007,,2023-09-09 16:00,15,
f_f009756,2309090008,,2309090008,,2023-09-09 17:30,15,
f_f009756,2309090009,,2309090009,,2023-09-09 18:30,15,
f_f009828,2308260001,2308260001,,2023-08-26 10:00,,,
f_f009828,2308260002,,2308260002,,2023-08-26 19:00,1,
f_f009828,2308260003,,2308260003,,2023-08-26 11:00,1,
f_f009828,2308260004,,2308260004,,2023-08-26 12:30,1,
f_f009828,2308260005,,2308260005,,2023-08-26 16:30,1,
f_f009828,2308260006,,2308260006,,2023-08-26 17:30,1,
f_f009968,2309020001,2309020001,,2023-09-02 06:00,,,
f_f009968,2309020002,,2309020002,,2023-09-02 09:00,1,
f_f009968,2309020003,,2309020003,,2023-09-02 10:30,1,
f_f009968,2309020004,,2309020004,,2023-09-02 17:00,1,
f_f009968,2309020005,,2309020005,,2023-09-02 18:00,1,
f_f009968,2309020006,,2309020006,,2023-09-02 20:00,1,
f_f009968,2309020007,,2309020007,,2023-09-02 21:00,1,
f_f009968,2309030001,,2309030001,,2023-09-03 21:00,1,
f_f009968,2309030002,,2309030002,,2023-09-03 11:00,1,
f_f009968,2309030003,,2309030003,,2023-09-03 12:30,15,
f_f009968,2309030004,,2309030004,,2023-09-03 11:30,1,
f_f009968,2309030005,,2309030005,,2023-09-03 18:00,1,
f_f010067,2308220001,2308220001,,2023-08-22 13:30,,,
f_f010067,2308220002,,2308220002,,2023-08-22 22:00,13,
f_f010067,2308220003,,2308220003,,2023-08-22 15:00,13,5
f_f010067,2308220004,,2308220004,,2023-08-22 16:00,15,
f_f010067,2308220005,,2308220005,,2023-08-22 17:00,15,
f_f010067,2308220006,,2308220006,,2023-08-22 17:30,15,
f_f010067,2308220007,,2308220007,,2023-08-22 19:00,15,
f_f010067,2308220008,,2308220008,,2023-08-22 19:30,15,
f_f010099,2308240001,2308240001,,2023-08-24 13:00,,,
f_f010099,2308240002,,2308240002,,2023-08-24 20:30,13,
f_f010099,2308240003,,2308240003,,2023-08-24 15:30,7,8
f_f010099,2308240004,,2308240004,,2023-08-24 16:30,15,
f_f010099,2308240005,,2308240005,,2023-08-24 17:00,15,
f_f010099,2308240006,,2308240006,,2023-08-24 18:30,13,
f_f010099,2308240007,,2308240007,,2023-08-24 20:00,13,
f_f010099,2308250001,,2308250001,,2023-08-25 11:30,15,
f_f010099,2308250002,,2308250002,,2023-08-25 13:00,15,
f_f010099,2308250003,,2308250003,,2023-08-25 15:00,13,
f_f010099,2308250004,,2308250004,,2023-08-25 15:30,4,
f_f010099,2308250005,,2308250005,,2023-08-25 16:30,5,
f_f010099,2308250006,,2308250006,,2023-08-25 07:00,7,8
f_f010302,2308240001,2308240001,,2023-08-24 10:30,,,
f_f010302,2308240002,,2308240002,,2023-08-24 12:00,1,
f_f010302,2308240003,,2308240003,,2023-08-24 14:00,1,
f_f010302,2308240004,,2308240004,,2023-08-24 15:30,1,
f_f010302,2308240005,,2308240005,,2023-08-24 18:30,1,
f_f010302,2308240006,,2308240006,,2023-08-24 21:30,1,
f_f010337,2308260001,2308260001,,2023-08-26 07:00,,,
f_f010337,2308260002,,2308260002,,2023-08-26 12:00,15,
f_f010337,2308260003,,2308260003,,2023-08-26 11:00,5,
f_f010337,2308260004,,2308260004,,2023-08-26 07:30,5,
f_f010337,2308260005,,2308260005,,2023-08-26 10:30,7,
f_f010337,2308260006,,2308260006,,2023-08-26 12:00,15,
f_f010337,2308260007,,2308260007,,2023-08-26 12:30,15,
f_f010337,2308260008,,2308260008,,2023-08-26 16:00,5,4
f_f010337,2308260009,,2308260009,,2023-08-26 16:30,4,
f_f010337,2308260010,,2308260010,,2023-08-26 18:30,15,
f_f010337,2308260011,,2308260011,,2023-08-26 19:30,15,
f_f010337,2308260012,,2308260012,,2023-08-26 20:30,15,
f_f010337,2308260013,,2308260013,,2023-08-26 21:30,15,
f_f010337,2308260014,,2308260014,,2023-08-26 22:30,15,
f_f010337,2308260015,,2308260015,,2023-08-26 23:30,15,
f_f010337,2308270001,,2308270001,,2023-08-27 11:30,15,
f_f010337,2308270002,,2308270002,,2023-08-27 13:00,15,
f_f010337,2308270003,,2308270003,,2023-08-27 14:00,15,
f_f010337,2308270004,,2308270004,,2023-08-27 15:00,13,4
f_f010337,2308270005,,2308270005,,2023-08-27 16:30,4,
f_f010337,2308270006,,2308270006,,2023-08-27 18:00,5,
f_f010337,2308270007,,2308270007,,2023-08-27 18:30,15,
f_f010337,2308270008,,2308270008,,2023-08-27 22:30,7,5
f_f010443,2308270001,2308270001,,2023-08-27 16:00,,,
f_f010443,2308270002,,2308270002,,2023-08-27 23:00,1,1
f_f010443,2308270003,,2308270003,,2023-08-27 17:30,1,1
f_f010443,2308270004,,2308270004,,2023-08-27 19:30,1,1
f_f010443,2308270005,,2308270005,,2023-08-27 21:00,1,1
f_f010522,2308270001,2308270001,,2023-08-27 10:00,,,
f_f010522,2308270002,,2308270002,,2023-08-27 11:00,1,
f_f010522,2308270003,,2308270003,,2023-08-27 12:00,1,
f_f010522,2308270004,,2308270004,,2023-08-27 13:30,1,
f_f010522,2308270005,,2308270005,,2023-08-27 15:00,1,
f_f010522,2308270006,,2308270006,,2023-08-27 16:00,1,
f_f010522,2308270007,,2308270007,,2023-08-27 18:30,1,
f_f010564,2308220001,2308220001,,2023-08-22 10:30,,,
f_f010564,2308220002,,2308220002,,2023-08-22 12:00,4,5
f_f010564,2308220003,,2308220003,,2023-08-22 18:00,13,
f_f010564,2308220004,,2308220004,,2023-08-22 20:00,5,
f_f010656,2308260001,2308260001,,2023-08-26 09:30,,,
f_f010656,2308260002,,2308260002,,2023-08-26 11:00,1,15
f_f010656,2308260003,,2308260003,,2023-08-26 12:00,1,15
f_f010656,2308260004,,2308260004,,2023-08-26 13:00,1,15
f_f010656,2308260005,,2308260005,,2023-08-26 13:30,1,15
f_f010656,2308260006,,2308260006,,2023-08-26 14:30,1,15
f_f010656,2308260007,,2308260007,,2023-08-26 16:30,1,15
f_f010656,2308260008,,2308260008,,2023-08-26 17:30,1,15
f_f010656,2308260009,,2308260009,,2023-08-26 22:00,1,15
f_f010778,2308250001,2308250001,,2023-08-25 09:30,,,
f_f010778,2308250002,,2308250002,,2023-08-25 23:30,1,
f_f010778,2308250003,,2308250003,,2023-08-25 10:00,1,
f_f010778,2308250004,,2308250004,,2023-08-25 12:00,1,
f_f010778,2308250005,,2308250005,,2023-08-25 13:00,1,
f_f010778,2308250006,,2308250006,,2023-08-25 13:30,1,
f_f010778,2308250007,,2308250007,,2023-08-25 15:00,1,
f_f010778,2308250008,,2308250008,,2023-08-25 16:00,1,
f_f010778,2308250009,,2308250009,,2023-08-25 16:30,1,
f_f010778,2308250010,,2308250010,,2023-08-25 18:30,1,
f_f010784,2308280001,2308280001,,2023-08-28 12:30,,,
f_f010784,2308280002,,2308280002,,2023-08-28 19:30,15,
f_f010784,2308280003,,2308280003,,2023-08-28 13:00,1,
f_f010784,2308280004,,2308280004,,2023-08-28 15:30,1,
f_f010784,2308280005,,2308280005,,2023-08-28 19:00,15,
f_f010784,2308290001,,2308290001,,2023-08-29 11:30,1,
f_f010784,2308290002,,2308290002,,2023-08-29 14:30,1,
f_f010785,2308270001,2308270001,,2023-08-27 11:30,,,
f_f010785,2308270002,,2308270002,,2023-08-27 12:30,1,1
f_f010785,2308270003,,2308270003,,2023-08-27 14:30,1,1
f_f010785,2308270004,,2308270004,,2023-08-27 15:00,1,1
f_f010785,2308270005,,2308270005,,2023-08-27 17:00,1,1
f_f010785,2308270006,,2308270006,,2023-08-27 18:00,1,1
f_f010785,2308270007,,2308270007,,2023-08-27 19:00,1,1
f_f010785,2308270008,,2308270008,,2023-08-27 22:00,1,1
f_f010875,2308280001,2308280001,,2023-08-28 11:30,,,
f_f010875,2308280002,,2308280002,,2023-08-28 18:00,12,4
f_f010875,2308280004,,2308280004,,2023-08-28 13:00,12,
f_f010875,2308280006,,2308280006,,2023-08-28 13:30,15,
f_f010875,2308280007,,2308280007,,2023-08-28 13:30,15,
f_f010875,2308280008,,2308280008,,2023-08-28 14:00,15,
f_f010875,2308280009,,2308280009,,2023-08-28 14:30,15,
f_f010875,2308280010,,2308280010,,2023-08-28 15:30,4,
f_f010875,2308280011,,2308280011,,2023-08-28 16:00,15,
f_f010914,2309020001,2309020001,,2023-09-02 09:30,,,
f_f010914,2309020002,,2309020002,,2023-09-02 21:30,6,5
f_f010914,2309020003,,2309020003,,2023-09-02 11:30,2,6
f_f010914,2309020004,,2309020004,,2023-09-02 12:30,2,
f_f010914,2309020005,,2309020005,,2023-09-02 14:00,2,
f_f010914,2309020006,,2309020006,,2023-09-02 16:00,2,
f_f010914,2309020007,,2309020007,,2023-09-02 17:30,2,
f_f010914,2309020008,,2309020008,,2023-09-02 18:30,2,
f_f010978,2308250001,2308250001,,2023-08-25 07:30,,,
f_f010978,2308250003,,2308250003,,2023-08-25 08:30,5,
f_f010978,2308250004,,2308250004,,2023-08-25 11:30,12,
f_f010978,2308250005,,2308250005,,2023-08-25 12:30,12,
f_f010978,2308250006,,2308250006,,2023-08-25 13:00,5,
f_f010978,2308250007,,2308250007,,2023-08-25 13:30,15,
f_f010978,2308250008,,2308250008,,2023-08-25 14:30,15,
f_f010978,2308250009,,2308250009,,2023-08-25 15:00,15,
f_f010978,2308250010,,2308250010,,2023-08-25 16:00,15,
f_f010978,2308250011,,2308250011,,2023-08-25 18:30,15,
f_f010978,2308250012,,2308250012,,2023-08-25 19:00,15,
f_f010978,2308250013,,2308250013,,2023-08-25 19:30,5,
f_f010978,2308250014,,2308250014,,2023-08-25 20:00,4,
f_f010978,2308250015,,2308250015,,2023-08-25 22:30,4,
f_f010978,2308260001,,2308260001,,2023-08-26 23:30,5,
f_f010978,2308260002,,2308260002,,2023-08-26 11:30,5,
f_f010978,2308260003,,2308260003,,2023-08-26 13:00,5,15
f_f010978,2308260004,,2308260004,,2023-08-26 14:00,15,
f_f010978,2308260005,,2308260005,,2023-08-26 15:00,15,
f_f010978,2308260006,,2308260006,,2023-08-26 17:30,15,
f_f010978,2308260007,,2308260007,,2023-08-26 18:30,15,
f_f010978,2308260008,,2308260008,,2023-08-26 20:00,5,
f_f010978,2308260009,,2308260009,,2023-08-26 22:30,7,
f_f011070,2308280001,2308280001,,2023-08-28 06:30,,,
f_f011070,2308280002,,2308280002,,2023-08-28 08:30,7,1
f_f011070,2308280003,,2308280003,,2023-08-28 12:30,15,15
f_f011070,2308280004,,2308280004,,2023-08-28 17:00,4,13
f_f011070,2308280005,,2308280005,,2023-08-28 18:30,15,15
f_f011070,2308280006,,2308280006,,2023-08-28 19:00,4,15
f_f011070,2308280007,,2308280007,,2023-08-28 20:00,15,15
f_f011070,2308280008,,2308280008,,2023-08-28 21:00,4,15
f_f011070,2308280009,,2308280009,,2023-08-28 22:30,7,15
f_f011070,2308280010,,2308280010,,2023-08-28 23:00,1,15
f_f011221,2308230001,2308230001,,2023-08-23 11:30,,,
f_f011221,2308230002,,2308230002,,2023-08-23 12:00,1,
f_f011221,2308230003,,2308230003,,2023-08-23 12:30,1,
f_f011221,2308230004,,2308230004,,2023-08-23 13:00,1,
f_f011221,2308230005,,2308230005,,2023-08-23 13:00,1,
f_f011221,2308230006,,2308230006,,2023-08-23 15:00,1,
f_f011221,2308230007,,2308230007,,2023-08-23 16:30,1,
f_f011221,2308230008,,2308230008,,2023-08-23 19:00,1,
f_f011221,2308230009,,2308230009,,2023-08-23 19:30,1,
f_f011268,2308300001,2308300001,,2023-08-30 07:00,,,
f_f011268,2308300002,,2308300002,,2023-08-30 07:30,15,15
f_f011268,2308300003,,2308300003,,2023-08-30 08:30,7,7
f_f011268,2308300004,,2308300004,,2023-08-30 10:00,4,4
f_f011268,2308300005,,2308300005,,2023-08-30 17:00,13,13
f_f011268,2308300006,,2308300006,,2023-08-30 17:30,13,13
f_f011268,2308300007,,2308300007,,2023-08-30 08:00,15,15
f_f011268,2308300008,,2308300008,,2023-08-30 09:00,15,15
f_f011268,2308300009,,2308300009,,2023-08-30 21:30,15,15
f_f011268,2308310001,,2308310001,,2023-08-31 12:00,4,4
f_f011268,2308310002,,2308310002,,2023-08-31 02:30,15,15
f_f011268,2308310003,,2308310003,,2023-08-31 16:00,15,15
f_f011268,2308310004,,2308310004,,2023-08-31 18:00,15,15
f_f011268,2308310005,,2308310005,,2023-08-31 19:00,13,13
f_f011268,2308310006,,2308310006,,2023-08-31 21:30,7,4
f_f011303,2308260001,2308260001,,2023-08-26 01:00,,,
f_f011303,2308260002,,2308260002,,2023-08-26 04:00,1,
f_f011303,2308260003,,2308260003,,2023-08-26 09:00,1,
f_f011303,2308260004,,2308260004,,2023-08-26 09:30,1,
f_f011303,2308260005,,2308260005,,2023-08-26 14:00,1,
f_f011303,2308260006,,2308260006,,2023-08-26 15:30,1,
f_f011303,2308260007,,2308260007,,2023-08-26 16:30,1,
f_f011303,2308260008,,2308260008,,2023-08-26 18:00,1,
f_f011303,2308260009,,2308260009,,2023-08-26 19:00,15,
f_f011303,2308260010,,2308260010,,2023-08-26 19:30,15,
f_f011303,2308260018,,2308260018,,2023-08-26 19:30,15,
f_f011303,2308270001,,2308270001,,2023-08-27 11:00,1,
f_f011303,2308270002,,2308270002,,2023-08-27 12:30,1,
f_f011303,2308270003,,2308270003,,2023-08-27 13:30,1,
f_f011303,2308270004,,2308270004,,2023-08-27 15:30,1,
f_f011303,2308270005,,2308270005,,2023-08-27 18:00,1,
f_f011303,2308270006,,2308270006,,2023-08-27 19:00,1,
f_f011303,2308270007,,2308270007,,2023-08-27 23:00,1,
f_f011314,2308270001,2308270001,,2023-08-27 06:00,,,
f_f011314,2308270002,,2308270002,,2023-08-27 21:00,12,1
f_f011314,2308270003,,2308270003,,2023-08-27 10:00,12,4
f_f011314,2308270004,,2308270004,,2023-08-27 13:00,4,
f_f011314,2308270005,,2308270005,,2023-08-27 03:30,4,
f_f011548,2308230001,2308230001,,2023-08-23 06:30,,,
f_f011548,2308230002,,2308230002,,2023-08-23 18:30,12,5
f_f011548,2308230003,,2308230003,,2023-08-23 09:30,13,15
f_f011548,2308230004,,2308230004,,2023-08-23 10:00,15,
f_f011548,2308230005,,2308230005,,2023-08-23 10:30,15,
f_f011548,2308230006,,2308230006,,2023-08-23 11:00,13,15
f_f011548,2308230007,,2308230007,,2023-08-23 11:30,15,
f_f011548,2308230008,,2308230008,,2023-08-23 12:00,15,
f_f011548,2308230009,,2308230009,,2023-08-23 14:30,15,
f_f011548,2308230010,,2308230010,,2023-08-23 16:00,13,
f_f011719,2308260001,2308260001,,2023-08-26 07:30,,,
f_f011719,2308260002,,2308260002,,2023-08-26 10:00,1,
f_f011719,2308260003,,2308260003,,2023-08-26 11:30,1,
f_f011719,2308260004,,2308260004,,2023-08-26 12:00,1,
f_f011719,2308260005,,2308260005,,2023-08-26 13:30,1,
f_f011719,2308260006,,2308260006,,2023-08-26 14:00,1,
f_f011719,2308260007,,2308260007,,2023-08-26 16:00,1,
f_f011719,2308260008,,2308260008,,2023-08-26 19:00,1,
f_f011719,2308260009,,2308260009,,2023-08-26 21:30,1,
f_f011863,2308260001,2308260001,,2023-08-26 06:30,,,
f_f011863,2308260003,,2308260003,,2023-08-26 09:30,1,
f_f011863,2308260004,,2308260004,,2023-08-26 10:30,15,
f_f011863,2308260005,,2308260005,,2023-08-26 12:00,1,
f_f011863,2308260006,,2308260006,,2023-08-26 15:00,1,
f_f011863,2308260007,,2308260007,,2023-08-26 08:00,1,
f_f011863,2308270001,,2308270001,,2023-08-27 09:00,15,
f_f011863,2308270002,,2308270002,,2023-08-27 10:00,1,
f_f011863,2308270003,,2308270003,,2023-08-27 12:00,1,
f_f011863,2308270004,,2308270004,,2023-08-27 14:30,1,
f_f011863,2308270005,,2308270005,,2023-08-27 16:00,1,
f_f011949,2309020001,2309020001,,2023-09-02 08:00,,,
f_f011949,2309020002,,2309020002,,2023-09-02 12:30,1,
f_f011949,2309020003,,2309020003,,2023-09-02 13:30,1,
f_f011949,2309020004,,2309020004,,2023-09-02 14:30,1,
f_f011949,2309020005,,2309020005,,2023-09-02 17:00,1,
f_f011949,2309020006,,2309020006,,2023-09-02 18:30,1,
f_f011949,2309030001,,2309030001,,2023-09-03 09:00,1,
f_f011949,2309030002,,2309030002,,2023-09-03 14:30,1,
f_f011949,2309030003,,2309030003,,2023-09-03 16:30,1,
f_f011949,2309030004,,2309030004,,2023-09-03 17:30,1,
f_f011949,2309030005,,2309030005,,2023-09-03 19:00,1,
f_f011949,2309030006,,2309030006,,2023-09-03 20:30,1,
f_f012113,2308250001,2308250001,,2023-08-25 18:00,,,
f_f012113,2308250003,,2308250003,,2023-08-25 22:30,2,
f_f012113,2308250004,,2308250004,,2023-08-25 21:00,2,5
f_f012113,2308260001,,2308260001,,2023-08-26 00:30,15,
f_f012113,2308260002,,2308260002,,2023-08-26 08:30,15,
f_f012113,2308260003,,2308260003,,2023-08-26 12:00,2,
f_f012113,2308260004,,2308260004,,2023-08-26 12:30,2,
f_f012113,2308260005,,2308260005,,2023-08-26 13:30,2,
f_f012113,2308260006,,2308260006,,2023-08-26 16:30,2,
f_f012113,2308260007,,2308260007,,2023-08-26 18:00,15,
f_f012113,2308260008,,2308260008,,2023-08-26 19:00,2,
f_f012113,2308260009,,2308260009,,2023-08-26 23:30,2,5
f_f012140,2308310001,2308310001,,2023-08-31 08:00,,,
f_f012140,2308310002,,2308310002,,2023-08-31 11:00,7,
f_f012140,2308310004,,2308310004,,2023-08-31 11:30,15,
f_f012140,2308310005,,2308310005,,2023-08-31 13:30,15,
f_f012140,2308310006,,2308310006,,2023-08-31 11:00,4,
f_f012140,2308310007,,2308310007,,2023-08-31 09:00,5,
f_f012140,2308310008,,2308310008,,2023-08-31 17:00,7,
f_f012140,2308310009,,2308310009,,2023-08-31 18:00,6,
f_f012204,2308250001,2308250001,,2023-08-25 14:00,,,
f_f012204,2308250002,,2308250002,,2023-08-25 19:30,1,
f_f012204,2308250003,,2308250003,,2023-08-25 14:30,1,
f_f012204,2308250004,,2308250004,,2023-08-25 15:30,1,
f_f012204,2308250005,,2308250005,,2023-08-25 17:00,1,
f_f012222,2308250001,2308250001,,2023-08-25 06:30,,,
f_f012222,2308250002,,2308250002,,2023-08-25 09:30,12,5
f_f012222,2308250003,,2308250003,,2023-08-25 10:30,12,
f_f012222,2308250004,,2308250004,,2023-08-25 11:00,4,
f_f012222,2308250005,,2308250005,,2023-08-25 12:00,15,
f_f012222,2308250006,,2308250006,,2023-08-25 13:00,15,
f_f012222,2308250007,,2308250007,,2023-08-25 18:30,13,15
f_f012222,2308250008,,2308250008,,2023-08-25 20:30,12,
f_f012222,2308250009,,2308250009,,2023-08-25 23:00,13,5
f_f012225,2308260001,2308260001,,2023-08-26 08:30,,,
f_f012225,2308260002,,2308260002,,2023-08-26 10:00,7,
f_f012225,2308260003,,2308260003,,2023-08-26 10:30,13,
f_f012225,2308260004,,2308260004,,2023-08-26 11:00,15,
f_f012225,2308260005,,2308260005,,2023-08-26 12:00,15,
f_f012225,2308260006,,2308260006,,2023-08-26 13:00,15,
f_f012225,2308260007,,2308260007,,2023-08-26 02:30,4,
f_f012225,2308260008,,2308260008,,2023-08-26 04:30,13,5
f_f012225,2308260009,,2308260009,,2023-08-26 05:30,15,
f_f012225,2308260010,,2308260010,,2023-08-26 08:00,15,
f_f012225,2308260011,,2308260011,,2023-08-26 23:30,7,13
f_f012426,2309110001,2309110001,,2023-09-11 08:30,,,
f_f012426,2309110002,,2309110002,,2023-09-11 09:00,1,
f_f012426,2309110003,,2309110003,,2023-09-11 11:30,1,
f_f012426,2309110004,,2309110004,,2023-09-11 12:30,1,
f_f012426,2309110005,,2309110005,,2023-09-11 13:30,1,
f_f012426,2309110006,,2309110006,,2023-09-11 14:00,1,
f_f012426,2309110007,,2309110007,,2023-09-11 16:30,1,
f_f012426,2309110008,,2309110008,,2023-09-11 19:30,1,
f_f012426,2309110009,,2309110009,,2023-09-11 20:00,1,
f_f012536,2308280001,2308280001,,2023-08-28 06:00,,,
f_f012536,2308280002,,2308280002,,2023-08-28 11:00,12,
f_f012536,2308280003,,2308280003,,2023-08-28 12:00,14,
f_f012536,2308280004,,2308280004,,2023-08-28 12:00,14,
f_f012536,2308280005,,2308280005,,2023-08-28 14:00,14,
f_f012536,2308280006,,2308280006,,2023-08-28 15:00,15,
f_f012536,2308280007,,2308280007,,2023-08-28 15:30,14,15
f_f012536,2308280008,,2308280008,,2023-08-28 16:00,13,
f_f012536,2308280009,,2308280009,,2023-08-28 17:30,15,
f_f012536,2308280010,,2308280010,,2023-08-28 18:00,15,
f_f012536,2308280011,,2308280011,,2023-08-28 22:30,12,5
f_f012595,2308260001,2308260001,,2023-08-26 08:00,,,
f_f012595,2308260002,,2308260002,,2023-08-26 09:00,1,
f_f012595,2308260003,,2308260003,,2023-08-26 10:00,1,
f_f012595,2308260004,,2308260004,,2023-08-26 13:00,1,
f_f012595,2308260005,,2308260005,,2023-08-26 13:30,1,
f_f012595,2308260006,,2308260006,,2023-08-26 15:30,1,
f_f012595,2308260007,,2308260007,,2023-08-26 16:30,1,
f_f012595,2308260008,,2308260008,,2023-08-26 17:00,15,
f_f012595,2308260009,,2308260009,,2023-08-26 17:30,15,
f_f012595,2308260010,,2308260010,,2023-08-26 19:00,15,
f_f012595,2308260011,,2308260011,,2023-08-26 22:00,15,
f_f012595,2308270001,,2308270001,,2023-08-27 10:30,1,
f_f012595,2308270002,,2308270002,,2023-08-27 11:30,1,15
f_f012595,2308270003,,2308270003,,2023-08-27 12:00,15,
f_f012595,2308270004,,2308270004,,2023-08-27 14:30,1,
f_f012624,2308310001,2308310001,,2023-08-31 08:00,,,
f_f012624,2308310002,,2308310002,,2023-08-31 21:00,15,
f_f012624,2308310003,,2308310003,,2023-08-31 11:00,8,5
f_f012624,2308310004,,2308310004,,2023-08-31 13:00,13,
f_f012624,2308310005,,2308310005,,2023-08-31 16:00,13,
f_f012624,2308310006,,2308310006,,2023-08-31 16:30,15,
f_f012624,2308310007,,2308310007,,2023-08-31 19:00,15,
f_f012624,2309010001,,2309010001,,2023-09-01 20:30,8,5
f_f012624,2309010002,,2309010002,,2023-09-01 12:00,15,
f_f012624,2309010003,,2309010003,,2023-09-01 12:30,15,
f_f012624,2309010004,,2309010004,,2023-09-01 14:00,15,
f_f012624,2309010005,,2309010005,,2023-09-01 15:30,12,15
f_f012639,2309070001,2309070001,,2023-09-07 09:30,,,
f_f012639,2309070002,,2309070002,,2023-09-07 21:30,5,8
f_f012639,2309070003,,2309070003,,2023-09-07 12:30,8,5
f_f012639,2309070004,,2309070004,,2023-09-07 13:30,15,
f_f012639,2309070005,,2309070005,,2023-09-07 02:00,15,
f_f012639,2309070006,,2309070006,,2023-09-07 02:30,15,
f_f012639,2309070007,,2309070007,,2023-09-07 15:00,15,
f_f012639,2309070008,,2309070008,,2023-09-07 03:30,15,
f_f012639,2309070009,,2309070009,,2023-09-07 16:30,5,
f_f012649,2309020001,2309020001,,2023-09-02 08:30,,,
f_f012649,2309020002,,2309020002,,2023-09-02 21:30,5,
f_f012649,2309020003,,2309020003,,2023-09-02 11:00,5,
f_f012649,2309020004,,2309020004,,2023-09-02 11:30,13,
f_f012649,2309020005,,2309020005,,2023-09-02 12:00,15,
f_f012649,2309020006,,2309020006,,2023-09-02 13:00,13,
f_f012649,2309020007,,2309020007,,2023-09-02 16:00,4,
f_f012649,2309020008,,2309020008,,2023-09-02 17:30,15,
f_f012649,2309020009,,2309020009,,2023-09-02 19:00,15,
f_f012755,2308260001,2308260001,,2023-08-26 09:30,,,
f_f012755,2308260002,,2308260002,,2023-08-26 11:30,12,5
f_f012755,2308260003,,2308260003,,2023-08-26 13:30,15,
f_f012755,2308260004,,2308260004,,2023-08-26 15:00,5,15
f_f012755,2308260005,,2308260005,,2023-08-26 17:00,15,
f_f012755,2308260006,,2308260006,,2023-08-26 17:30,15,
f_f012755,2308260007,,2308260007,,2023-08-26 01:00,6,16
f_f012889,2309100001,2309100001,,2023-09-10 09:00,,,
f_f012889,2309100002,,2309100002,,2023-09-10 21:00,12,13
f_f012889,2309100004,,2309100004,,2023-09-10 10:00,12,
f_f012889,2309100005,,2309100005,,2023-09-10 10:30,15,
f_f012889,2309100006,,2309100006,,2023-09-10 11:00,15,
f_f012889,2309100007,,2309100007,,2023-09-10 11:30,15,
f_f012889,2309100008,,2309100008,,2023-09-10 12:00,15,
f_f012889,2309100009,,2309100009,,2023-09-10 13:00,15,
f_f012889,2309100010,,2309100010,,2023-09-10 13:30,15,
f_f012889,2309100011,,2309100011,,2023-09-10 14:00,15,
f_f012889,2309100012,,2309100012,,2023-09-10 15:00,13,
f_f012889,2309100013,,2309100013,,2023-09-10 16:00,13,
f_f012889,2309100014,,2309100014,,2023-09-10 16:30,15,
f_f012889,2309100015,,2309100015,,2023-09-10 17:00,15,
f_f012889,2309100016,,2309100016,,2023-09-10 18:30,15,
f_f012889,2309100017,,2309100017,,2023-09-10 19:00,15,
f_f012889,2309100018,,2309100018,,2023-09-10 09:30,13,
f_f012946,2309100001,2309100001,,2023-09-10 05:00,,,
f_f012946,2309100002,,2309100002,,2023-09-10 23:30,7,13
f_f012946,2309100003,,2309100003,,2023-09-10 09:00,13,7
f_f012946,2309100004,,2309100004,,2023-09-10 09:30,15,
f_f012946,2309100005,,2309100005,,2023-09-10 11:30,15,
f_f012946,2309100006,,2309100006,,2023-09-10 12:30,15,
f_f012946,2309100007,,2309100007,,2023-09-10 13:00,15,
f_f012946,2309100008,,2309100008,,2023-09-10 14:30,15,
f_f012946,2309100009,,2309100009,,2023-09-10 15:30,15,
f_f012946,2309100010,,2309100010,,2023-09-10 17:30,15,
f_f012946,2309100011,,2309100011,,2023-09-10 18:30,15,
f_f012957,2308290001,2308290001,,2023-08-29 12:30,,,
f_f012957,2308290002,,2308290002,,2023-08-29 14:30,5,
f_f012957,2308290003,,2308290003,,2023-08-29 15:30,15,
f_f012957,2308290004,,2308290004,,2023-08-29 17:00,15,
f_f012957,2308290005,,2308290005,,2023-08-29 18:30,15,
f_f012957,2308290006,,2308290006,,2023-08-29 20:00,5,13
f_f012976,2309090001,2309090001,,2023-09-09 10:00,,,
f_f012976,2309090002,,2309090002,,2023-09-09 13:30,7,4
f_f012976,2309090003,,2309090003,,2023-09-09 14:00,4,
f_f012976,2309090004,,2309090004,,2023-09-09 15:30,13,
f_f012976,2309090005,,2309090005,,2023-09-09 04:00,15,
f_f012976,2309090006,,2309090006,,2023-09-09 18:00,4,
f_f012976,2309090007,,2309090007,,2023-09-09 19:30,15,
f_f012976,2309090008,,2309090008,,2023-09-09 23:30,15,
f_f012976,2309100001,,2309100001,,2023-09-10 11:30,15,
f_f012976,2309100002,,2309100002,,2023-09-10 12:30,1,
f_f012976,2309100003,,2309100003,,2023-09-10 13:00,15,
f_f012976,2309100004,,2309100004,,2023-09-10 14:00,4,
f_f012976,2309100005,,2309100005,,2023-09-10 15:00,4,
f_f012976,2309100006,,2309100006,,2023-09-10 19:00,7,12
f_f012987,2308300001,2308300001,,2023-08-30 10:00,,,
f_f012987,2308300002,,2308300002,,2023-08-30 18:00,2,
f_f012987,2308300003,,2308300003,,2023-08-30 12:00,2,
f_f012987,2308300004,,2308300004,,2023-08-30 15:00,2,
f_f012987,2308310001,,2308310001,,2023-08-31 18:30,2,
f_f012987,2308310002,,2308310002,,2023-08-31 12:00,2,
f_f012987,2308310003,,2308310003,,2023-08-31 13:30,2,
f_f012987,2308310004,,2308310004,,2023-08-31 17:00,2,
f_f013057,2308260001,2308260001,,2023-08-26 12:00,,,
f_f013057,2308260002,,2308260002,,2023-08-26 13:30,1,
f_f013057,2308260003,,2308260003,,2023-08-26 15:00,1,
f_f013057,2308260004,,2308260004,,2023-08-26 16:00,1,
f_f013057,2308260005,,2308260005,,2023-08-26 16:30,1,
f_f013057,2308260006,,2308260006,,2023-08-26 17:00,1,
f_f013057,2308260007,,2308260007,,2023-08-26 17:30,15,
f_f013057,2308260008,,2308260008,,2023-08-26 18:00,1,
f_f013057,2308270001,,2308270001,,2023-08-27 14:30,1,
f_f013167,2308260001,2308260001,,2023-08-26 11:00,,,
f_f013167,2308260002,,2308260002,,2023-08-26 12:30,1,
f_f013167,2308260003,,2308260003,,2023-08-26 13:00,1,
f_f013167,2308260004,,2308260004,,2023-08-26 16:00,1,
f_f013167,2308260005,,2308260005,,2023-08-26 18:30,1,15
f_f013167,2308260006,,2308260006,,2023-08-26 21:00,15,
f_f013167,2308270001,,2308270001,,2023-08-27 11:00,1,
f_f013167,2308270002,,2308270002,,2023-08-27 12:30,15,
f_f013167,2308270003,,2308270003,,2023-08-27 14:30,15,
f_f013167,2308270004,,2308270004,,2023-08-27 15:00,15,
f_f013167,2308270005,,2308270005,,2023-08-27 17:30,1,
f_f013167,2308270006,,2308270006,,2023-08-27 20:30,1,
f_f013202,2308260001,2308260001,,2023-08-26 07:30,,,
f_f013202,2308260002,,2308260002,,2023-08-26 09:00,1,
f_f013202,2308260003,,2308260003,,2023-08-26 11:30,1,
f_f013202,2308260004,,2308260004,,2023-08-26 13:00,15,
f_f013202,2308260005,,2308260005,,2023-08-26 14:30,1,
f_f013202,2308260006,,2308260006,,2023-08-26 16:00,1,
f_f013202,2308260007,,2308260007,,2023-08-26 20:30,1,
f_f013320,2308270001,2308270001,,2023-08-27 12:00,,,
f_f013320,2308270002,,2308270002,,2023-08-27 02:00,15,
f_f013320,2308270003,,2308270003,,2023-08-27 12:30,5,
f_f013320,2308270004,,2308270004,,2023-08-27 15:30,7,
f_f013320,2308270005,,2308270005,,2023-08-27 15:30,13,
f_f013320,2308270006,,2308270006,,2023-08-27 16:00,15,
f_f013320,2308270007,,2308270007,,2023-08-27 16:30,15,
f_f013320,2308270008,,2308270008,,2023-08-27 18:00,13,
f_f013320,2308270009,,2308270009,,2023-08-27 19:30,15,
f_f013320,2308270010,,2308270010,,2023-08-27 00:30,15,
f_f013320,2308280001,,2308280001,,2023-08-28 20:30,5,
f_f013320,2308280002,,2308280002,,2023-08-28 11:00,4,
f_f013320,2308280003,,2308280003,,2023-08-28 13:30,15,
f_f013320,2308280004,,2308280004,,2023-08-28 14:30,15,
f_f013320,2308280005,,2308280005,,2023-08-28 15:00,15,
f_f013320,2308280006,,2308280006,,2023-08-28 15:30,15,
f_f013320,2308280007,,2308280007,,2023-08-28 17:00,4,
f_f013320,2308280008,,2308280008,,2023-08-28 19:30,7,
f_f013422,2309090001,2309090001,,2023-09-09 07:30,,,
f_f013422,2309090002,,2309090002,,2023-09-09 08:30,5,
f_f013422,2309090003,,2309090003,,2023-09-09 11:00,7,4
f_f013422,2309090004,,2309090004,,2023-09-09 12:30,13,15
f_f013422,2309090005,,2309090005,,2023-09-09 15:00,4,
f_f013422,2309090006,,2309090006,,2023-09-09 18:00,13,
f_f013422,2309090007,,2309090007,,2023-09-09 20:00,15,
f_f013422,2309090008,,2309090008,,2023-09-09 20:30,4,15
f_f013422,2309100001,,2309100001,,2023-09-10 11:30,4,
f_f013422,2309100002,,2309100002,,2023-09-10 13:00,15,
f_f013422,2309100003,,2309100003,,2023-09-10 13:30,15,
f_f013422,2309100004,,2309100004,,2023-09-10 15:00,15,
f_f013422,2309100005,,2309100005,,2023-09-10 16:00,4,
f_f013422,2309100006,,2309100006,,2023-09-10 17:00,15,
f_f013422,2309100007,,2309100007,,2023-09-10 19:00,15,
f_f013422,2309100008,,2309100008,,2023-09-10 23:00,7,5
f_f013422,2309100009,,2309100009,,2023-09-10 20:00,15,
f_f013460,2308310001,2308310001,,2023-08-31 07:00,,,
f_f013460,2308310002,,2308310002,,2023-08-31 08:30,1,
f_f013460,2308310003,,2308310003,,2023-08-31 10:00,1,
f_f013460,2308310004,,2308310004,,2023-08-31 19:30,1,
f_f013460,2308310005,,2308310005,,2023-08-31 23:30,1,
f_f013493,2309020001,2309020001,,2023-09-02 07:00,,,
f_f013493,2309020002,,2309020002,,2023-09-02 08:30,1,
f_f013493,2309020003,,2309020003,,2023-09-02 10:00,1,
f_f013493,2309020004,,2309020004,,2023-09-02 14:30,1,
f_f013493,2309020005,,2309020005,,2023-09-02 17:30,1,
f_f013942,2308300001,2308300001,,2023-08-30 12:00,,,
f_f013942,2308300002,,2308300002,,2023-08-30 13:00,5,15
f_f013942,2308300003,,2308300003,,2023-08-30 17:00,7,13
f_f013942,2308300004,,2308300004,,2023-08-30 18:00,13,15
f_f013942,2308300005,,2308300005,,2023-08-30 19:30,13,15
f_f013942,2308300006,,2308300006,,2023-08-30 21:00,15,15
f_f013942,2308300007,,2308300007,,2023-08-30 21:30,15,15
f_f013942,2308300009,,2308300009,,2023-08-30 22:00,15,15
f_f013942,2308300010,,2308300010,,2023-08-30 23:00,15,15
f_f013942,2308310001,,2308310001,,2023-08-31 10:30,15,15
f_f013942,2308310002,,2308310002,,2023-08-31 11:30,5,15
f_f013942,2308310003,,2308310003,,2023-08-31 15:00,5,15
f_f013942,2308310004,,2308310004,,2023-08-31 17:30,13,15
f_f013942,2308310005,,2308310005,,2023-08-31 23:00,5,13
f_f013942,2308310006,,2308310006,,2023-08-31 22:30,7,15
f_f014045,2309050001,2309050001,,2023-09-05 05:30,,,
f_f014045,2309050002,,2309050002,,2023-09-05 06:00,13,
f_f014045,2309050003,,2309050003,,2023-09-05 09:00,12,
f_f014045,2309050004,,2309050004,,2023-09-05 09:00,15,
f_f014045,2309050005,,2309050005,,2023-09-05 10:00,15,
f_f014045,2309050006,,2309050006,,2023-09-05 10:00,15,
f_f014045,2309050007,,2309050007,,2023-09-05 11:00,15,
f_f014045,2309050008,,2309050008,,2023-09-05 11:00,15,
f_f014045,2309050009,,2309050009,,2023-09-05 12:00,15,
f_f014045,2309050010,,2309050010,,2023-09-05 13:30,15,
f_f014045,2309050011,,2309050011,,2023-09-05 17:00,13,
f_f014045,2309050012,,2309050012,,2023-09-05 18:30,15,
f_f014045,2309050013,,2309050013,,2023-09-05 19:00,15,
f_f014045,2309050014,,2309050014,,2023-09-05 22:00,12,
f_f014045,2309050015,,2309050015,,2023-09-05 23:00,14,
f_f014097,2309090001,2309090001,,2023-09-09 14:00,,,
f_f014097,2309090002,,2309090002,,2023-09-09 20:30,2,
f_f014097,2309090003,,2309090003,,2023-09-09 15:00,2,
f_f014097,2309090004,,2309090004,,2023-09-09 15:30,2,
f_f014097,2309090005,,2309090005,,2023-09-09 16:00,15,
f_f014097,2309090006,,2309090006,,2023-09-09 16:30,15,
f_f014097,2309090007,,2309090007,,2023-09-09 17:00,2,
f_f014097,2309090008,,2309090008,,2023-09-09 19:00,2,
f_f014097,2309100001,,2309100001,,2023-09-10 18:00,2,
f_f014097,2309100002,,2309100002,,2023-09-10 11:00,2,
f_f014097,2309100003,,2309100003,,2023-09-10 12:00,2,
f_f014097,2309100004,,2309100004,,2023-09-10 13:30,2,15
f_f014097,2309100005,,2309100005,,2023-09-10 14:00,2,15
f_f014097,2309100006,,2309100006,,2023-09-10 14:30,2,15
f_f014097,2309100007,,2309100007,,2023-09-10 15:30,2,15
f_f014104,2309020001,2309020001,,2023-09-02 10:00,,,
f_f014104,2309020002,,2309020002,,2023-09-02 11:00,1,
f_f014104,2309020003,,2309020003,,2023-09-02 11:30,1,
f_f014104,2309020004,,2309020004,,2023-09-02 14:30,1,
f_f014104,2309020005,,2309020005,,2023-09-02 15:00,1,
f_f014104,2309020006,,2309020006,,2023-09-02 17:00,15,
f_f014104,2309020007,,2309020007,,2023-09-02 19:30,15,
f_f014104,2309020008,,2309020008,,2023-09-02 20:30,1,
f_f014104,2309030001,,2309030001,,2023-09-03 11:00,1,
f_f014104,2309030002,,2309030002,,2023-09-03 11:30,1,
f_f014104,2309030003,,2309030003,,2023-09-03 13:00,1,
f_f014131,2309020001,2309020001,,2023-09-02 07:00,,,
f_f014131,2309020002,,2309020002,,2023-09-02 10:00,1,
f_f014131,2309020003,,2309020003,,2023-09-02 11:30,1,
f_f014131,2309020004,,2309020004,,2023-09-02 14:00,1,
f_f014131,2309020005,,2309020005,,2023-09-02 16:00,1,
f_f014131,2309020007,,2309020007,,2023-09-02 16:30,1,
f_f014131,2309030001,,2309030001,,2023-09-03 10:00,1,
f_f014131,2309030002,,2309030002,,2023-09-03 13:00,1,
f_f014131,2309030003,,2309030003,,2023-09-03 15:30,1,
f_f014131,2309030004,,2309030004,,2023-09-03 17:00,1,
f_f014134,2308290001,2308290001,,2023-08-29 06:00,,,
f_f014134,2308290002,,2308290002,,2023-08-29 11:30,6,
f_f014134,2308290003,,2308290003,,2023-08-29 12:00,13,
f_f014134,2308290004,,2308290004,,2023-08-29 12:30,15,
f_f014134,2308290005,,2308290005,,2023-08-29 01:30,15,
f_f014134,2308290006,,2308290006,,2023-08-29 02:30,5,
f_f014134,2308290007,,2308290007,,2023-08-29 15:00,15,
f_f014134,2308290008,,2308290008,,2023-08-29 17:00,5,
f_f014134,2308290009,,2308290009,,2023-08-29 23:00,6,5
f_f014140,2309010001,2309010001,,2023-09-01 17:30,,,
f_f014140,2309010002,,2309010002,,2023-09-01 21:00,1,15
f_f014140,2309010003,,2309010003,,2023-09-01 21:30,15,
f_f014140,2309010004,,2309010004,,2023-09-01 22:00,15,
f_f014140,2309010006,,2309010006,,2023-09-01 22:30,15,
f_f014140,2309020001,,2309020001,,2023-09-02 10:30,15,
f_f014140,2309020002,,2309020002,,2023-09-02 12:00,15,
f_f014140,2309020003,,2309020003,,2023-09-02 13:00,15,
f_f014140,2309020004,,2309020004,,2023-09-02 13:30,15,
f_f014140,2309020005,,2309020005,,2023-09-02 15:00,15,
f_f014140,2309020006,,2309020006,,2023-09-02 15:30,1,
f_f014140,2309020007,,2309020007,,2023-09-02 16:00,15,
f_f014140,2309020008,,2309020008,,2023-09-02 17:00,15,
f_f014140,2309020009,,2309020009,,2023-09-02 17:30,15,
f_f014140,2309020010,,2309020010,,2023-09-02 18:30,1,
f_f014140,2309020011,,2309020011,,2023-09-02 21:30,1,
f_f014140,2309020012,,2309020012,,2023-09-02 22:00,1,
f_f014163,2308300001,2308300001,,2023-08-30 13:00,,,
f_f014163,2308300002,,2308300002,,2023-08-30 13:00,5,
f_f014163,2308300003,,2308300003,,2023-08-30 15:30,7,
f_f014163,2308300004,,2308300004,,2023-08-30 16:00,15,
f_f014163,2308300005,,2308300005,,2023-08-30 17:00,13,
f_f014163,2308300006,,2308300006,,2023-08-30 17:30,15,
f_f014163,2308300007,,2308300007,,2023-08-30 20:00,13,
f_f014163,2308300008,,2308300008,,2023-08-30 18:00,15,
f_f014163,2308300009,,2308300009,,2023-08-30 18:30,15,
f_f014163,2308300010,,2308300010,,2023-08-30 18:30,15,
f_f014163,2308300011,,2308300011,,2023-08-30 19:30,15,
f_f014163,2308310001,,2308310001,,2023-08-31 10:00,13,
f_f014163,2308310002,,2308310002,,2023-08-31 10:00,15,
f_f014163,2308310003,,2308310003,,2023-08-31 10:30,15,
f_f014163,2308310004,,2308310004,,2023-08-31 11:00,13,
f_f014163,2308310005,,2308310005,,2023-08-31 14:00,7,5
f_f014170,2308290001,2308290001,,2023-08-29 05:30,,,
f_f014170,2308290002,,2308290002,,2023-08-29 11:00,12,12
f_f014170,2308290003,,2308290003,,2023-08-29 11:00,4,
f_f014170,2308290004,,2308290004,,2023-08-29 14:00,15,
f_f014170,2308290005,,2308290005,,2023-08-29 14:30,4,
f_f014170,2308290006,,2308290006,,2023-08-29 15:00,15,
f_f014170,2308300001,,2308300001,,2023-08-30 10:30,12,13
f_f014170,2308300002,,2308300002,,2023-08-30 06:00,4,
f_f014175,2308290001,2308290001,,2023-08-29 06:30,,,
f_f014175,2308290002,,2308290002,,2023-08-29 06:30,15,
f_f014175,2308290003,,2308290003,,2023-08-29 08:00,5,
f_f014175,2308290004,,2308290004,,2023-08-29 10:30,12,
f_f014175,2308290005,,2308290005,,2023-08-29 11:30,4,
f_f014175,2308290006,,2308290006,,2023-08-29 12:30,4,
f_f014175,2308290007,,2308290007,,2023-08-29 13:00,15,
f_f014175,2308290008,,2308290008,,2023-08-29 13:30,15,
f_f014175,2308290009,,2308290009,,2023-08-29 01:30,15,
f_f014175,2308290010,,2308290010,,2023-08-29 03:00,15,
f_f014175,2308290011,,2308290011,,2023-08-29 06:00,15,
f_f014175,2308290012,,2308290012,,2023-08-29 06:30,15,
f_f014175,2308290013,,2308290013,,2023-08-29 07:00,15,
f_f014175,2308290014,,2308290014,,2023-08-29 08:30,15,
f_f014175,2308290015,,2308290015,,2023-08-29 08:30,15,
f_f014175,2308300001,,2308300001,,2023-08-30 02:30,12,5
f_f014452,2309080001,2309080001,,2023-09-08 09:00,,,
f_f014452,2309080002,,2309080002,,2023-09-08 11:00,1,
f_f014452,2309080003,,2309080003,,2023-09-08 13:00,1,
f_f014452,2309080004,,2309080004,,2023-09-08 23:00,1,
f_f014901,2309010001,2309010001,,2023-09-01 10:00,,,
f_f014901,2309010002,,2309010002,,2023-09-01 19:30,1,
f_f014901,2309010003,,2309010003,,2023-09-01 11:00,1,
f_f014901,2309010004,,2309010004,,2023-09-01 14:30,1,
f_f014901,2309010005,,2309010005,,2023-09-01 15:30,1,
f_f014901,2309010006,,2309010006,,2023-09-01 16:30,1,
f_f014972,2309030001,2309030001,,2023-09-03 11:30,,,
f_f014972,2309030002,,2309030002,,2023-09-03 22:00,1,1
f_f014972,2309030003,,2309030003,,2023-09-03 13:00,1,1
f_f014972,2309030004,,2309030004,,2023-09-03 14:00,1,1
f_f014972,2309030005,,2309030005,,2023-09-03 19:00,1,1
f_f014972,2309030006,,2309030006,,2023-09-03 19:30,1,1
f_f014972,2309030007,,2309030007,,2023-09-03 20:00,1,1
f_f014972,2309030008,,2309030008,,2023-09-03 20:30,1,1
f_f015247,2309090001,2309090001,,2023-09-09 10:00,,,
f_f015247,2309090002,,2309090002,,2023-09-09 11:30,1,
f_f015247,2309090003,,2309090003,,2023-09-09 15:30,1,
f_f015247,2309090004,,2309090004,,2023-09-09 16:00,1,
f_f015247,2309090005,,2309090005,,2023-09-09 17:00,1,
f_f015250,2309010001,2309010001,,2023-09-01 08:00,,,
f_f015250,2309010002,,2309010002,,2023-09-01 10:00,1,
f_f015250,2309010003,,2309010003,,2023-09-01 17:00,1,
f_f015250,2309010004,,2309010004,,2023-09-01 09:00,1,
f_f015285,2309020001,2309020001,,2023-09-02 10:30,,,
f_f015285,2309020002,,2309020002,,2023-09-02 13:30,1,15
f_f015285,2309020003,,2309020003,,2023-09-02 14:30,15,15
f_f015285,2309020004,,2309020004,,2023-09-02 16:00,1,15
f_f015285,2309020005,,2309020005,,2023-09-02 18:00,1,15
f_f015285,2309020006,,2309020006,,2023-09-02 19:00,1,15
f_f015285,2309020007,,2309020007,,2023-09-02 20:00,1,15
f_f015285,2309020008,,2309020008,,2023-09-02 22:30,1,
f_f015319,2309090001,2309090001,,2023-09-09 12:00,,,
f_f015319,2309090002,,2309090002,,2023-09-09 13:00,1,1
f_f015319,2309090003,,2309090003,,2023-09-09 14:00,1,1
f_f015319,2309090004,,2309090004,,2023-09-09 15:00,1,1
f_f015319,2309090005,,2309090005,,2023-09-09 16:00,1,1
f_f015319,2309090006,,2309090006,,2023-09-09 17:30,1,1
f_f015319,2309090007,,2309090007,,2023-09-09 19:30,1,1
f_f015367,2309080001,2309080001,,2023-09-08 09:00,,,
f_f015367,2309080002,,2309080002,,2023-09-08 10:00,1,
f_f015367,2309080003,,2309080003,,2023-09-08 15:00,1,
f_f015367,2309080004,,2309080004,,2023-09-08 16:00,15,
f_f015367,2309080005,,2309080005,,2023-09-08 16:30,15,
f_f015367,2309080006,,2309080006,,2023-09-08 17:00,15,
f_f015367,2309080007,,2309080007,,2023-09-08 18:00,1,
f_f015367,2309080008,,2309080008,,2023-09-08 20:30,1,
f_f015409,2309030001,2309030001,,2023-09-03 07:00,,,
f_f015409,2309030002,,2309030002,,2023-09-03 09:00,1,
f_f015409,2309030003,,2309030003,,2023-09-03 10:00,1,
f_f015409,2309030004,,2309030004,,2023-09-03 10:30,1,
f_f015409,2309030005,,2309030005,,2023-09-03 10:30,1,
f_f015409,2309030006,,2309030006,,2023-09-03 11:00,1,
f_f015409,2309030007,,2309030007,,2023-09-03 11:00,15,
f_f015409,2309030008,,2309030008,,2023-09-03 11:30,15,
f_f015409,2309030009,,2309030009,,2023-09-03 12:30,1,
f_f015409,2309030010,,2309030010,,2023-09-03 13:30,15,
f_f015409,2309030011,,2309030011,,2023-09-03 15:30,1,
f_f015409,2309030012,,2309030012,,2023-09-03 18:30,1,
f_f015410,2309230001,2309230001,,2023-09-23 10:00,,,
f_f015410,2309230002,,2309230002,,2023-09-23 12:00,1,
f_f015410,2309230003,,2309230003,,2023-09-23 13:00,15,
f_f015410,2309230004,,2309230004,,2023-09-23 01:30,15,
f_f015410,2309230005,,2309230005,,2023-09-23 18:00,15,
f_f015410,2309230006,,2309230006,,2023-09-23 19:30,1,
f_f015448,2309100001,,2309100001,,2023-09-10 10:00,2,
f_f015448,2309100002,2309100002,,2023-09-10 06:00,,,
f_f015448,2309100003,,2309100003,,2023-09-10 20:00,2,
f_f015448,2309100004,,2309100004,,2023-09-10 14:30,2,
f_f015477,2309020001,2309020001,,2023-09-02 11:00,,,
f_f015477,2309020002,,2309020002,,2023-09-02 21:00,1,
f_f015477,2309020003,,2309020003,,2023-09-02 13:30,1,15
f_f015477,2309020004,,2309020004,,2023-09-02 14:30,15,
f_f015477,2309020005,,2309020005,,2023-09-02 16:30,15,
f_f015477,2309020006,,2309020006,,2023-09-02 17:30,1,
f_f015529,2309170001,2309170001,,2023-09-17 09:00,,,
f_f015529,2309170002,,2309170002,,2023-09-17 16:00,1,
f_f015529,2309170003,,2309170003,,2023-09-17 10:30,1,15
f_f015529,2309170004,,2309170004,,2023-09-17 12:00,1,
f_f015529,2309170005,,2309170005,,2023-09-17 13:00,1,
f_f015529,2309170006,,2309170006,,2023-09-17 14:30,1,
f_f015600,2309140001,2309140001,,2023-09-14 09:00,,,
f_f015600,2309140002,,2309140002,,2023-09-14 16:00,1,1
f_f015600,2309140003,,2309140003,,2023-09-14 10:00,1,1
f_f015600,2309140004,,2309140004,,2023-09-14 12:00,1,1
f_f015600,2309140005,,2309140005,,2023-09-14 12:30,1,1
f_f015600,2309140006,,2309140006,,2023-09-14 13:30,1,1
f_f015610,2309090001,2309090001,,2023-09-09 11:30,,,
f_f015610,2309090002,,2309090002,,2023-09-09 22:30,1,
f_f015610,2309090003,,2309090003,,2023-09-09 11:30,1,
f_f015610,2309090004,,2309090004,,2023-09-09 13:30,1,
f_f015610,2309090005,,2309090005,,2023-09-09 14:30,1,
f_f015610,2309090006,,2309090006,,2023-09-09 15:00,15,
f_f015610,2309090007,,2309090007,,2023-09-09 15:30,15,
f_f015610,2309090008,,2309090008,,2023-09-09 16:00,15,
f_f015610,2309090009,,2309090009,,2023-09-09 17:30,16,15
f_f015610,2309090010,,2309090010,,2023-09-09 18:30,1,
f_f015610,2309090011,,2309090011,,2023-09-09 19:00,1,
f_f015610,2309090012,,2309090012,,2023-09-09 21:00,1,
f_f015610,2309090013,,2309090013,,2023-09-09 22:00,1,
f_f015615,2309150001,2309150001,,2023-09-15 08:00,,,
f_f015615,2309150002,,2309150002,,2023-09-15 10:00,1,
f_f015615,2309150003,,2309150003,,2023-09-15 13:30,1,
f_f015615,2309150004,,2309150004,,2023-09-15 14:00,1,
f_f015615,2309150005,,2309150005,,2023-09-15 15:00,1,
f_f015615,2309150006,,2309150006,,2023-09-15 15:30,1,
f_f015615,2309150007,,2309150007,,2023-09-15 17:00,1,
f_f015615,2309150008,,2309150008,,2023-09-15 20:30,1,
f_f015703,2309230001,2309230001,,2023-09-23 11:30,,,
f_f015703,2309230002,,2309230002,,2023-09-23 13:00,1,
f_f015703,2309230003,,2309230003,,2023-09-23 14:00,1,
f_f015703,2309230004,,2309230004,,2023-09-23 16:00,1,
f_f015703,2309230005,,2309230005,,2023-09-23 17:00,1,
f_f015703,2309230006,,2309230006,,2023-09-23 17:30,1,
f_f015703,2309230007,,2309230007,,2023-09-23 18:00,1,
f_f015703,2309230008,,2309230008,,2023-09-23 19:00,1,
f_f015703,2309230009,,2309230009,,2023-09-23 20:30,1,
f_f015714,2309170001,2309170001,,2023-09-17 09:30,,,
f_f015714,2309170002,,2309170002,,2023-09-17 22:30,1,
f_f015714,2309170003,,2309170003,,2023-09-17 11:30,1,
f_f015714,2309170004,,2309170004,,2023-09-17 13:00,1,
f_f015714,2309170005,,2309170005,,2023-09-17 16:30,1,
f_f015714,2309170006,,2309170006,,2023-09-17 17:00,15,
f_f015714,2309170007,,2309170007,,2023-09-17 20:30,1,
f_f015740,2309030001,2309030001,,2023-09-03 07:30,,,
f_f015740,2309030002,,2309030002,,2023-09-03 08:00,4,
f_f015740,2309030003,,2309030003,,2023-09-03 11:00,12,
f_f015740,2309030004,,2309030004,,2023-09-03 18:00,5,
f_f015740,2309030005,,2309030005,,2023-09-03 20:30,6,
f_f015740,2309030006,,2309030006,,2023-09-03 21:00,13,
f_f015740,2309030007,,2309030007,,2023-09-03 11:30,4,
f_f015740,2309030008,,2309030008,,2023-09-03 18:30,5,
f_f015841,2309160001,2309160001,,2023-09-16 08:00,,,
f_f015841,2309160002,,2309160002,,2023-09-16 08:00,1,
f_f015841,2309160003,,2309160003,,2023-09-16 09:30,1,
f_f015841,2309160004,,2309160004,,2023-09-16 12:00,1,
f_f015841,2309160005,,2309160005,,2023-09-16 13:00,1,
f_f015841,2309160006,,2309160006,,2023-09-16 13:30,1,
f_f015841,2309160007,,2309160007,,2023-09-16 15:30,1,
f_f015841,2309160008,,2309160008,,2023-09-16 18:30,1,
f_f015842,2309160001,2309160001,,2023-09-16 10:30,,,
f_f015842,2309160002,,2309160002,,2023-09-16 12:00,1,
f_f015842,2309160003,,2309160003,,2023-09-16 13:00,1,
f_f015842,2309160004,,2309160004,,2023-09-16 15:00,1,
f_f015842,2309160005,,2309160005,,2023-09-16 18:30,1,
f_f015842,2309160006,,2309160006,,2023-09-16 17:00,1,
f_f015905,2309030001,2309030001,,2023-09-03 05:00,,,
f_f015905,2309030002,,2309030002,,2023-09-03 14:30,1,15
f_f015905,2309030003,,2309030003,,2023-09-03 16:30,1,15
f_f015905,2309030004,,2309030004,,2023-09-03 21:00,1,1
f_f015954,2309110001,2309110001,,2023-09-11 11:00,,,
f_f015954,2309110002,,2309110002,,2023-09-11 12:00,1,
f_f015954,2309110003,,2309110003,,2023-09-11 13:00,1,
f_f015954,2309110004,,2309110004,,2023-09-11 14:30,1,
f_f015954,2309110005,,2309110005,,2023-09-11 17:00,1,
f_f015954,2309110006,,2309110006,,2023-09-11 18:00,1,
f_f015975,2309150001,2309150001,,2023-09-15 12:30,,,
f_f015975,2309150002,,2309150002,,2023-09-15 13:00,5,
f_f015975,2309150003,,2309150003,,2023-09-15 14:00,12,
f_f015975,2309150004,,2309150004,,2023-09-15 14:30,13,15
f_f015975,2309150005,,2309150005,,2023-09-15 15:00,15,
f_f015975,2309150006,,2309150006,,2023-09-15 16:30,15,
f_f015975,2309150007,,2309150007,,2023-09-15 17:00,13,15
f_f015975,2309150008,,2309150008,,2023-09-15 20:00,15,
f_f015975,2309150009,,2309150009,,2023-09-15 23:00,4,
f_f015975,2309150010,,2309150010,,2023-09-15 00:30,12,4
f_f016036,2309050001,2309050001,,2023-09-05 08:30,,,
f_f016036,2309050002,,2309050002,,2023-09-05 21:30,1,
f_f016036,2309050003,,2309050003,,2023-09-05 10:30,1,
f_f016036,2309050004,,2309050004,,2023-09-05 16:00,1,
f_f016036,2309050005,,2309050005,,2023-09-05 19:00,1,
f_f016094,2309130001,2309130001,,2023-09-13 09:00,,,
f_f016094,2309130002,,2309130002,,2023-09-13 10:30,1,
f_f016094,2309130003,,2309130003,,2023-09-13 11:30,1,
f_f016094,2309130004,,2309130004,,2023-09-13 12:30,1,
f_f016094,2309130005,,2309130005,,2023-09-13 13:00,1,
f_f016094,2309130006,,2309130006,,2023-09-13 14:00,1,
f_f016094,2309130007,,2309130007,,2023-09-13 09:30,1,
f_f016094,2309130008,,2309130008,,2023-09-13 15:00,15,
f_f016094,2309130009,,2309130009,,2023-09-13 14:00,1,
f_f016094,2309130010,,2309130010,,2023-09-13 16:30,1,
f_f016094,2309130011,,2309130011,,2023-09-13 15:30,1,
f_f016105,2309050001,2309050001,,2023-09-05 08:30,,,
f_f016105,2309050002,,2309050002,,2023-09-05 09:30,1,
f_f016105,2309050003,,2309050003,,2023-09-05 11:00,1,
f_f016105,2309050004,,2309050004,,2023-09-05 12:00,1,
f_f016105,2309050005,,2309050005,,2023-09-05 13:00,1,
f_f016105,2309050006,,2309050006,,2023-09-05 01:30,1,
f_f016105,2309050007,,2309050007,,2023-09-05 03:00,1,
f_f016105,2309050008,,2309050008,,2023-09-05 05:00,1,
f_f016354,2309140001,2309140001,,2023-09-14 12:00,,,
f_f016354,2309140002,,2309140002,,2023-09-14 13:00,1,
f_f016354,2309140003,,2309140003,,2023-09-14 13:30,15,
f_f016354,2309140004,,2309140004,,2023-09-14 14:00,15,
f_f016354,2309140005,,2309140005,,2023-09-14 14:30,15,
f_f016354,2309140006,,2309140006,,2023-09-14 15:00,15,
f_f016354,2309140007,,2309140007,,2023-09-14 16:30,5,15
f_f016354,2309140008,,2309140008,,2023-09-14 17:30,15,
f_f016354,2309140009,,2309140009,,2023-09-14 18:30,15,
f_f016354,2309140010,,2309140010,,2023-09-14 18:30,15,
f_f016354,2309140011,,2309140011,,2023-09-14 19:30,1,
f_f016354,2309140012,,2309140012,,2023-09-14 21:00,1,
f_f016357,2309100001,2309100001,,2023-09-10 07:00,,,
f_f016357,2309100002,,2309100002,,2023-09-10 10:30,7,4
f_f016357,2309100003,,2309100003,,2023-09-10 07:00,1,
f_f016357,2309100004,,2309100004,,2023-09-10 09:30,7,
f_f016357,2309100005,,2309100005,,2023-09-10 09:30,15,
f_f016357,2309100006,,2309100006,,2023-09-10 12:00,13,
f_f016357,2309100007,,2309100007,,2023-09-10 12:30,16,
f_f016357,2309100008,,2309100008,,2023-09-10 10:30,15,
f_f016357,2309100009,,2309100009,,2023-09-10 13:00,16,
f_f016357,2309100010,,2309100010,,2023-09-10 14:00,15,
f_f016357,2309100011,,2309100011,,2023-09-10 15:00,15,
f_f016357,2309100012,,2309100012,,2023-09-10 15:30,16,
f_f016357,2309100013,,2309100013,,2023-09-10 16:30,16,
f_f016357,2309100014,,2309100014,,2023-09-10 16:30,15,
f_f016357,2309100015,,2309100015,,2023-09-10 17:00,15,
f_f016357,2309100016,,2309100016,,2023-09-10 18:00,15,
f_f016357,2309100017,,2309100017,,2023-09-10 18:30,15,
f_f016357,2309100018,,2309100018,,2023-09-10 19:30,5,
f_f016357,2309100019,,2309100019,,2023-09-10 20:00,15,
f_f016391,2309080001,2309080001,,2023-09-08 11:00,,,
f_f016391,2309080002,,2309080002,,2023-09-08 12:00,13,
f_f016391,2309080003,,2309080003,,2023-09-08 12:30,12,
f_f016391,2309080004,,2309080004,,2023-09-08 13:00,15,
f_f016391,2309080005,,2309080005,,2023-09-08 14:30,15,
f_f016391,2309080006,,2309080006,,2023-09-08 16:00,15,
f_f016391,2309080007,,2309080007,,2023-09-08 16:00,15,
f_f016391,2309080008,,2309080008,,2023-09-08 17:00,15,
f_f016391,2309080009,,2309080009,,2023-09-08 18:00,15,
f_f016391,2309080010,,2309080010,,2023-09-08 18:30,15,
f_f016391,2309080011,,2309080011,,2023-09-08 21:00,12,13
f_f016391,2309080012,,2309080012,,2023-09-08 19:30,15,
f_f016456,2309150001,2309150001,,2023-09-15 09:30,,,
f_f016456,2309150002,,2309150002,,2023-09-15 10:00,1,
f_f016456,2309150003,,2309150003,,2023-09-15 11:30,8,
f_f016456,2309150004,,2309150004,,2023-09-15 12:30,13,
f_f016456,2309150005,,2309150005,,2023-09-15 13:00,15,
f_f016456,2309150006,,2309150006,,2023-09-15 14:30,15,
f_f016456,2309150007,,2309150007,,2023-09-15 15:00,15,
f_f016456,2309150008,,2309150008,,2023-09-15 16:30,4,
f_f016456,2309150009,,2309150009,,2023-09-15 18:00,15,
f_f016456,2309150010,,2309150010,,2023-09-15 17:00,15,
f_f016456,2309150011,,2309150011,,2023-09-15 20:00,5,
f_f016456,2309150012,,2309150012,,2023-09-15 23:00,12,13
f_f016457,2309180001,2309180001,,2023-09-18 09:30,,,
f_f016457,2309180002,,2309180002,,2023-09-18 11:00,1,
f_f016457,2309180003,,2309180003,,2023-09-18 14:00,1,
f_f016457,2309180004,,2309180004,,2023-09-18 17:00,1,
f_f016457,2309180005,,2309180005,,2023-09-18 21:00,1,
f_f016470,2309080001,2309080001,,2023-09-08 10:00,,,
f_f016470,2309080002,,2309080002,,2023-09-08 21:00,1,
f_f016470,2309080003,,2309080003,,2023-09-08 10:30,1,
f_f016470,2309080004,,2309080004,,2023-09-08 14:30,1,
f_f016470,2309080005,,2309080005,,2023-09-08 16:00,1,
f_f016470,2309080006,,2309080006,,2023-09-08 17:30,1,
f_f016495,2309090001,2309090001,,2023-09-09 06:30,,,
f_f016495,2309090002,,2309090002,,2023-09-09 21:30,1,
f_f016495,2309090003,,2309090003,,2023-09-09 10:30,1,
f_f016495,2309090004,,2309090004,,2023-09-09 17:00,1,
f_f016536,2309130001,2309130001,,2023-09-13 09:30,,,
f_f016536,2309130002,,2309130002,,2023-09-13 09:30,4,
f_f016536,2309130003,,2309130003,,2023-09-13 11:00,7,
f_f016536,2309130004,,2309130004,,2023-09-13 12:00,13,
f_f016536,2309130005,,2309130005,,2023-09-13 13:00,15,
f_f016536,2309130006,,2309130006,,2023-09-13 13:00,15,
f_f016536,2309130007,,2309130007,,2023-09-13 13:30,15,
f_f016536,2309130008,,2309130008,,2023-09-13 14:00,15,
f_f016536,2309130009,,2309130009,,2023-09-13 14:30,13,
f_f016536,2309130010,,2309130010,,2023-09-13 15:30,13,
f_f016536,2309130011,,2309130011,,2023-09-13 16:00,15,
f_f016536,2309130012,,2309130012,,2023-09-13 17:00,13,
f_f016536,2309130013,,2309130013,,2023-09-13 17:30,15,
f_f016536,2309130014,,2309130014,,2023-09-13 19:30,7,
f_f016536,2309130015,,2309130015,,2023-09-13 19:30,13,
f_f016571,2309100001,2309100001,,2023-09-10 11:30,,,
f_f016571,2309100002,,2309100002,,2023-09-10 19:30,5,13
f_f016571,2309100003,,2309100003,,2023-09-10 12:00,13,
f_f016571,2309100004,,2309100004,,2023-09-10 13:00,5,
f_f016571,2309100005,,2309100005,,2023-09-10 14:30,15,
f_f016571,2309100006,,2309100006,,2023-09-10 16:30,15,
f_f016571,2309100007,,2309100007,,2023-09-10 17:00,15,
f_f016634,2309170001,2309170001,,2023-09-17 11:30,,,
f_f016634,2309170002,,2309170002,,2023-09-17 12:30,1,
f_f016634,2309170003,,2309170003,,2023-09-17 14:30,1,
f_f016634,2309170004,,2309170004,,2023-09-17 16:00,1,
f_f016699,2309170001,2309170001,,2023-09-17 10:00,,,
f_f016699,2309170002,,2309170002,,2023-09-17 11:00,1,
f_f016699,2309170003,,2309170003,,2023-09-17 12:00,1,
f_f016699,2309170004,,2309170004,,2023-09-17 15:00,1,
f_f016699,2309170005,,2309170005,,2023-09-17 17:00,1,
f_f016699,2309170006,,2309170006,,2023-09-17 19:00,1,
f_f016699,2309170007,,2309170007,,2023-09-17 21:00,1,
f_f016739,2309170001,2309170001,,2023-09-17 09:00,,,
f_f016739,2309170002,,2309170002,,2023-09-17 10:30,1,
f_f016739,2309170003,,2309170003,,2023-09-17 12:00,1,
f_f016739,2309170004,,2309170004,,2023-09-17 12:30,1,
f_f016739,2309170005,,2309170005,,2023-09-17 13:30,1,
f_f016739,2309170006,,2309170006,,2023-09-17 14:00,1,
f_f016739,2309170007,,2309170007,,2023-09-17 15:30,1,
f_f016739,2309170008,,2309170008,,2023-09-17 17:30,1,
f_f016818,2309160001,2309160001,,2023-09-16 12:00,,,
f_f016818,2309160002,,2309160002,,2023-09-16 15:30,4,
f_f016818,2309160003,,2309160003,,2023-09-16 14:30,4,
f_f016818,2309160004,,2309160004,,2023-09-16 14:00,5,
f_f016818,2309160005,,2309160005,,2023-09-16 16:00,4,
f_f016818,2309160006,,2309160006,,2023-09-16 17:30,15,
f_f016818,2309160007,,2309160007,,2023-09-16 17:00,15,
f_f016818,2309160008,,2309160008,,2023-09-16 18:30,13,
f_f016818,2309160009,,2309160009,,2023-09-16 23:00,5,
