TRAVEL_ID,VISIT_AREA_ID,TOUR_PHOTO_SEQ,PHOTO_FILE_ID,PHOTO_FILE_NM,PHOTO_FILE_FRMAT,PHOTO_FILE_DT,PHOTO_FILE_SAVE_PATH,PHOTO_FILE_RESOLUTION,PHOTO_FILE_X_COORD,PHOTO_FILE_Y_COORD,VISIT_AREA_NM
f_f000338,2305200004,0,f00033801003p0001,f00033801003p0001.jpg,jpg,2023-05-20 13:05:06,/photo/,4032x3024,127.87280277778,34.940594444444,
f_f000568,2305200004,0,f00056802004p0001,f00056802004p0001.jpg,jpg,2023-05-20 11:55:19,/photo/,4032x3024,128.911575,37.801947222222,
f_f000338,2305200007,0,f00033801006p0001,f00033801006p0001.jpg,jpg,2023-05-20 18:05:16,/photo/,4032x3024,127.98838055556,34.721047222222,
f_f000568,2305200008,0,f00056802008p0001,f00056802008p0001.jpg,jpg,2023-05-20 17:26:15,/photo/,3024x4032,128.87985277778,37.779155555556,
f_f000429,2305210002,0,f00042903003p0001,f00042903003p0001.jpg,jpg,2023-05-21 14:30:23,/photo/,4000x3000,129.13323097222,35.158630972222,
f_f000925,2305220002,0,f00092504003p0001,f00092504003p0001.jpg,jpg,2023-05-22 17:55:14,/photo/,4000x3000,128.6809963,35.230823299722,
f_f001440,2305260002,0,f00144002002p0001,f00144002002p0001.jpg,jpg,2023-05-26 09:26:54,/photo/,4032x2268,129.0100691,35.096543699722,
f_f000889,2305270002,0,f00088902002p0001,f00088902002p0001.jpg,jpg,2023-05-27 12:13:18,/photo/,5312x2988,129.37722222222,36.062222222222,
f_f001336,2305270002,0,f00133602003p0001,f00133602003p0001.jpg,jpg,2023-05-27 14:40:46,/photo/,4032x2268,129.08020379972,35.0598223,
f_f001442,2305270002,0,f00144201002p0001,f00144201002p0001.jpg,jpg,2023-05-27 11:42:40,/photo/,4032x3024,128.71556929972,35.545339099722,
f_f001226,2305270003,0,f00122601003p0001,f00122601003p0001.jpg,jpg,2023-05-27 12:34:05,/photo/,4032x3024,128.59065277778,38.137583333333,
f_f000935,2305280002,0,f00093502003p0001,f00093502003p0001.jpg,jpg,2023-05-28 13:41:08,/photo/,3024x4032,128.66336111111,34.743527777778,
f_f001643,2305280004,0,f00164301099p0001,f00164301099p0001.jpg,jpg,2023-05-29 12:57:10,/photo/,3024x4032,128.59632777778,37.688177777778,
f_f001643,2305290002,0,f00164302003p0001,f00164302003p0001.jpg,jpg,2023-05-29 12:51:06,/photo/,3024x4032,128.59536666667,37.687277777778,
f_f000027,2304290004,0,f00002702005p0001,f00002702005p0001.jpg,jpg,2023-04-29 14:41:55,/photo/,4032x2268,129.0047072,35.100871599722,
f_f001902,2305310005,0,f00190202005p0001,f00190202005p0001.jpg,jpg,2023-05-31 16:11:59,/photo/,4032x3024,129.15847709972,35.1652289,
f_f001184,2306030002,0,f00118402003p0001,f00118402003p0001.jpg,jpg,2023-06-03 13:51:08,/photo/,4032x3024,129.332275,35.787061111111,
f_f001380,2306030002,0,f00138001002p0001,f00138001002p0001.jpg,jpg,2023-06-03 15:20:23,/photo/,4032x3024,128.25575277778,36.441058333333,
f_f002755,2306030003,0,f00275501002p0001,f00275501002p0001.jpg,jpg,2023-06-03 10:21:11,/photo/,4032x3024,129.04771388889,35.629433333333,
f_f001843,2306040002,0,f00184302002p0001,f00184302002p0001.jpg,jpg,2023-06-04 11:55:14,/photo/,1816x4032,127.97009509972,37.6939076,
f_f000655,2306050004,0,f00065502006p0001,f00065502006p0001.jpg,jpg,2023-06-05 14:22:20,/photo/,4032x3024,128.51774722222,36.538033333333,
f_f001074,2306050004,0,f00107401004p0001,f00107401004p0001.jpg,jpg,2023-06-05 16:20:47,/photo/,4032x3024,129.20802222222,35.839927777778,
f_f000655,2306050005,0,f00065502007p0001,f00065502007p0001.jpg,jpg,2023-06-05 17:09:58,/photo/,4032x3024,128.51805277778,36.538761111111,
f_f001131,2306050005,0,f00113102006p0001,f00113102006p0001.jpg,jpg,2023-06-05 17:04:35,/photo/,4032x3024,129.41670277778,36.543258333333,
f_f000655,2306060001,0,f00065503002p0001,f00065503002p0001.jpg,jpg,2023-06-06 10:09:35,/photo/,4032x3024,128.51814444444,36.544827777778,
f_f001131,2306060001,0,f00113103002p0001,f00113103002p0001.jpg,jpg,2023-06-06 11:13:27,/photo/,4032x3024,129.41969444444,36.426019444444,
f_f002730,2306070003,0,f00273001002p0001,f00273001002p0001.jpg,jpg,2023-06-07 10:34:27,/photo/,4032x3024,129.23365833333,35.840727777778,
f_f002600,2306100003,0,f00260002003p0001,f00260002003p0001.jpg,jpg,2023-06-10 09:05:56,/photo/,4000x3000,128.90755809972,37.7878191,
f_f003519,2306190003,0,f00351901003p0001,f00351901003p0001.jpg,jpg,2023-06-19 10:43:01,/photo/,4032x3024,128.5788574,35.872900999722,
f_f003519,2306190004,0,f00351901002p0001,f00351901002p0001.jpg,jpg,2023-06-19 11:38:42,/photo/,4032x3024,128.60708389972,35.861809899722,
f_f003256,2306230004,0,f00325601003p0001,f00325601003p0001.jpg,jpg,2023-06-23 13:40:55,/photo/,4032x2268,129.29583333333,35.549444444444,
f_f004103,2307170007,0,f00410301007p0001,f00410301007p0001.jpg,jpg,2023-07-17 17:55:42,/photo/,4656x3492,127.89193797222,34.727724972222,
f_f004768,2307230002,0,f00476802003p0001,f00476802003p0001.jpg,jpg,2023-07-23 12:28:58,/photo/,4032x3024,128.57672222222,37.278152777778,
f_f004740,2307290006,0,f00474001006p0001,f00474001006p0001.jpg,jpg,2023-07-29 12:34:24,/photo/,2268x4032,129.21846111111,35.834752777778,
f_f004305,2307300002,0,f00430501002p0001,f00430501002p0001.jpg,jpg,2023-07-30 10:58:52,/photo/,4032x3024,129.20970277778,35.835575,
f_f005133,2307300004,0,f00513301004p0001,f00513301004p0001.jpg,jpg,2023-07-30 11:52:27,/photo/,4032x3024,129.17294444444,35.160119444444,
f_f005133,2307300009,0,f00513301009p0001,f00513301009p0001.jpg,jpg,2023-07-30 19:27:39,/photo/,3024x4032,129.13940555556,35.160886111111,
f_f005133,2307310001,0,f00513302002p0001,f00513302002p0001.jpg,jpg,2023-07-31 09:57:01,/photo/,3024x4032,129.11784444444,35.153263888889,
f_f004717,2308050004,0,f00471701003p0001,f00471701003p0001.jpg,jpg,2023-08-05 15:32:13,/photo/,3024x3024,128.6065996,35.8719504,
f_f004657,2308050005,0,f00465701004p0001,f00465701004p0001.jpg,jpg,2023-08-05 16:11:20,/photo/,3024x4032,128.60203519972,38.2120704,
f_f004717,2308050005,0,f00471701004p0001,f00471701004p0001.jpg,jpg,2023-08-05 17:01:14,/photo/,3024x3024,128.6593737,35.8745819,
f_f005823,2308110005,0,f00582301004p0001,f00582301004p0001.jpg,jpg,2023-08-11 15:38:02,/photo/,4032x2268,127.72375555556,37.893244444444,
f_f006526,2308140003,0,f00652602003p0001,f00652602003p0001.jpg,jpg,2023-08-14 13:14:34,/photo/,4032x3024,127.83776,37.4119296,
f_f005385,2308140006,0,f00538501005p0001,f00538501005p0001.jpg,jpg,2023-08-14 17:52:41,/photo/,3024x4032,128.91746388889,37.796494444444,
f_f006888,2308160003,0,f00688801002p0001,f00688801002p0001.jpg,jpg,2023-08-16 11:33:16,/photo/,2992x2992,129.34475789972,35.377458799722,
f_f006888,2308160005,0,f00688801003p0001,f00688801003p0001.jpg,jpg,2023-08-16 12:48:50,/photo/,2992x2992,129.38111929972,35.5028767,
f_f006888,2308160007,0,f00688801006p0001,f00688801006p0001.jpg,jpg,2023-08-16 14:41:05,/photo/,2992x2992,129.36748199972,35.503194499722,
f_f005686,2308170007,0,f00568601007p0001,f00568601007p0001.jpg,jpg,2023-08-17 18:04:40,/photo/,4032x3024,128.90734722222,37.791338888889,
f_f005686,2308180002,0,f00568602003p0001,f00568602003p0001.jpg,jpg,2023-08-18 12:10:10,/photo/,4032x3024,128.83381666667,37.879688888889,
f_f007571,2308180006,0,f00757101005p0001,f00757101005p0001.jpg,jpg,2023-08-18 09:25:02,/photo/,4000x3000,129.0326831,37.691338299722,
f_f007889,2308180006,0,f00788901005p0001,f00788901005p0001.jpg,jpg,2023-08-18 13:07:02,/photo/,4032x3024,128.87860219972,37.779466499722,
f_f007571,2308180008,0,f00757101007p0001,f00757101007p0001.jpg,jpg,2023-08-18 11:39:05,/photo/,4000x3000,128.8337908,37.879562399722,
f_f007571,2308180015,0,f00757101014p0001,f00757101014p0001.jpg,jpg,2023-08-18 20:25:13,/photo/,4000x3000,128.90943089972,37.802542199722,
f_f006605,2308190002,0,f00660501003p0001,f00660501003p0001.jpg,jpg,2023-08-19 17:24:51,/photo/,4000x3000,128.96756479972,35.0435328,
f_f008076,2308190002,0,f00807602003p0001,f00807602003p0001.jpg,jpg,2023-08-19 11:12:03,/photo/,3024x4032,128.32553055556,37.583716666667,
f_f007571,2308190004,0,f00757102004p0001,f00757102004p0001.jpg,jpg,2023-08-19 12:58:07,/photo/,3000x4000,128.87993359972,37.7790752,
f_f006481,2308200004,0,f00648102005p0001,f00648102005p0001.jpg,jpg,2023-08-20 14:51:32,/photo/,4000x3000,127.69911039972,37.885078399722,
f_f007260,2308200004,0,f00726001005p0001,f00726001005p0001.jpg,jpg,2023-08-20 10:17:43,/photo/,3024x4032,128.84771666667,37.868186111111,
f_f009188,2308200005,0,f00918801005p0001,f00918801005p0001.jpg,jpg,2023-08-20 14:55:33,/photo/,4032x3024,128.15158241389,35.207416036111,
f_f007260,2308200006,0,f00726001006p0001,f00726001006p0001.jpg,jpg,2023-08-20 11:53:29,/photo/,4032x3024,129.0121,37.708083333333,
f_f007260,2308200007,0,f00726001007p0001,f00726001007p0001.jpg,jpg,2023-08-20 14:56:04,/photo/,4032x3024,128.94920277778,37.772091666667,
f_f008182,2308210003,0,f00818201003p0001,f00818201003p0001.jpg,jpg,2023-08-22 11:11:28,/photo/,4032x3024,128.72529722222,38.021344444444,
f_f007260,2308210008,0,f00726002009p0001,f00726002009p0001.jpg,jpg,2023-08-21 18:39:04,/photo/,3024x4032,128.94738888889,37.772822222222,
f_f010564,2308220002,0,f01056401002p0001,f01056401002p0001.jpg,jpg,2023-08-22 17:44:27,/photo/,3024x3024,128.82919269972,35.1812891,
f_f009182,2308220004,0,f00918201004p0001,f00918201004p0001.jpg,jpg,2023-08-22 09:42:33,/photo/,3024x3024,128.5673127,37.7871863,
f_f009182,2308220005,0,f00918201005p0001,f00918201005p0001.jpg,jpg,2023-08-22 12:25:30,/photo/,3024x3024,128.55890439972,37.7848011,
f_f008862,2308220008,0,f00886201099p0001,f00886201099p0001.jpg,jpg,2023-08-22 19:53:26,/photo/,4032x3024,128.58738611111,38.201605555556,
f_f009182,2308220008,0,f00918201008p0001,f00918201008p0001.jpg,jpg,2023-08-22 18:07:15,/photo/,4032x3024,127.3769549,37.5206457,
f_f008079,2308230003,0,f00807901003p0001,f00807901003p0001.jpg,jpg,2023-08-23 16:18:12,/photo/,4032x3024,127.21755277778,38.079916666667,
f_f008079,2308230004,0,f00807901004p0001,f00807901004p0001.jpg,jpg,2023-08-23 17:37:30,/photo/,3024x4032,127.30211666667,38.168819444444,
f_f011221,2308230004,0,f01122101005p0001,f01122101005p0001.jpg,jpg,2023-08-23 13:21:42,/photo/,3024x4032,129.20985277778,35.838447222222,
f_f008079,2308230005,0,f00807901099p0001,f00807901099p0001.jpg,jpg,2023-08-23 19:05:23,/photo/,2268x4032,127.46222777778,38.155994444444,
f_f011221,2308230007,0,f01122101007p0001,f01122101007p0001.jpg,jpg,2023-08-23 17:26:48,/photo/,4032x3024,129.31144722222,35.801330555556,
f_f008079,2308240001,0,f00807902002p0001,f00807902002p0001.jpg,jpg,2023-08-24 11:37:57,/photo/,3024x3024,127.44756944444,38.094658333333,
f_f009257,2308240006,0,f00925701005p0001,f00925701005p0001.jpg,jpg,2023-08-24 12:08:05,/photo/,4032x3024,129.21021944444,35.839008333333,
f_f010099,2308240006,0,f01009901005p0001,f01009901005p0001.jpg,jpg,2023-08-24 19:03:10,/photo/,4032x3024,129.04377777778,35.079880555556,
f_f009257,2308240007,0,f00925701006p0001,f00925701006p0001.jpg,jpg,2023-08-24 12:41:34,/photo/,4032x3024,129.210525,35.838311111111,
f_f006004,2308240011,0,f00600401011p0001,f00600401011p0001.jpg,jpg,2023-08-24 21:02:31,/photo/,4032x3024,129.21794166667,35.828405555556,
f_f006004,2308250002,0,f00600402003p0001,f00600402003p0001.jpg,jpg,2023-08-25 13:59:41,/photo/,4032x3024,129.21246388889,35.837916666667,
f_f006004,2308250003,0,f00600402004p0001,f00600402004p0001.jpg,jpg,2023-08-25 14:15:09,/photo/,4032x3024,129.21655277778,35.834919444444,
f_f010099,2308250003,0,f01009902004p0001,f01009902004p0001.jpg,jpg,2023-08-25 15:01:43,/photo/,3024x4032,129.02076666667,35.063161111111,
f_f010778,2308250003,0,f01077801002p0001,f01077801002p0001.jpg,jpg,2023-08-25 10:05:42,/photo/,4032x3024,128.48835879972,34.8925032,
f_f012204,2308250003,0,f01220401002p0001,f01220401002p0001.jpg,jpg,2023-08-25 14:46:19,/photo/,3024x4032,128.72024444444,35.714288888889,
f_f006004,2308250004,0,f00600402005p0001,f00600402005p0001.jpg,jpg,2023-08-25 17:10:01,/photo/,3024x4032,129.20892222222,35.838761111111,
f_f007878,2308250004,0,f00787802004p0001,f00787802004p0001.jpg,jpg,2023-08-25 16:18:33,/photo/,4032x3024,128.94718888889,37.773394444444,
f_f010778,2308250004,0,f01077801003p0001,f01077801003p0001.jpg,jpg,2023-08-25 12:26:11,/photo/,4032x3024,127.8274736,35.436652,
f_f012204,2308250004,0,f01220401003p0001,f01220401003p0001.jpg,jpg,2023-08-25 15:28:26,/photo/,3520x1980,128.70909166667,35.635116666667,
f_f012222,2308250005,0,f01222201005p0001,f01222201005p0001.jpg,jpg,2023-08-25 11:57:35,/photo/,4032x3024,128.62341388889,38.130802777778,
f_f010778,2308250006,0,f01077801005p0001,f01077801005p0001.jpg,jpg,2023-08-25 14:36:24,/photo/,4032x3024,127.828393,35.4428758,
f_f010778,2308250007,0,f01077801006p0001,f01077801006p0001.jpg,jpg,2023-08-25 14:56:26,/photo/,4032x3024,127.8712215,35.399074699722,
f_f010778,2308250008,0,f01077801007p0001,f01077801007p0001.jpg,jpg,2023-08-25 16:13:25,/photo/,4608x2184,127.95828609972,35.290464599722,
f_f010778,2308250009,0,f01077801008p0001,f01077801008p0001.jpg,jpg,2023-08-25 16:46:17,/photo/,4032x3024,127.9662823,35.2769065,
f_f010978,2308250013,0,f01097801012p0001,f01097801012p0001.jpg,jpg,2023-08-25 19:35:36,/photo/,4032x3024,128.62132222222,35.828347222222,
f_f005445,2308260001,0,f00544502002p0001,f00544502002p0001.jpg,jpg,2023-08-26 06:04:20,/photo/,4000x3000,128.759936,37.973625599722,
f_f005445,2308260002,0,f00544502003p0001,f00544502003p0001.jpg,jpg,2023-08-26 06:12:51,/photo/,4000x3000,128.7595297,37.977705299722,
f_f011303,2308260002,0,f01130301002p0001,f01130301002p0001.jpg,jpg,2023-08-26 07:37:04,/photo/,4032x3024,129.19374166667,37.435883333333,
f_f005289,2308260003,0,f00528901004p0001,f00528901004p0001.jpg,jpg,2023-08-26 12:02:26,/photo/,4032x3024,128.67146249972,37.611079799722,
f_f005573,2308260004,0,f00557301006p0001,f00557301006p0001.jpg,jpg,2023-08-26 11:15:21,/photo/,4000x3000,128.1485184,35.5667392,
f_f009462,2308260004,0,f00946201005p0001,f00946201005p0001.jpg,jpg,2023-08-26 12:12:32,/photo/,2992x2992,128.6067676,35.8645574,
f_f011719,2308260004,0,f01171901004p0001,f01171901004p0001.jpg,jpg,2023-08-26 11:56:55,/photo/,3881x2183,128.2662778,35.9431638,
f_f012755,2308260004,0,f01275501004p0001,f01275501004p0001.jpg,jpg,2023-08-26 15:03:58,/photo/,4080x3060,128.5834021,35.865408799722,
f_f006739,2308260005,0,f00673901005p0001,f00673901005p0001.jpg,jpg,2023-08-27 14:15:20,/photo/,2992x2992,128.6061516,38.174208299722,
f_f006926,2308260005,0,f00692601005p0001,f00692601005p0001.jpg,jpg,2023-08-26 13:05:20,/photo/,4032x3024,128.03181388889,37.745927777778,
f_f009462,2308260005,0,f00946201004p0001,f00946201004p0001.jpg,jpg,2023-08-26 11:03:33,/photo/,2992x2992,128.6051318,35.8636087,
f_f010978,2308260005,0,f01097802005p0001,f01097802005p0001.jpg,jpg,2023-08-26 15:20:01,/photo/,3024x4032,128.59081944444,35.866663888889,
f_f008176,2308260006,0,f00817601006p0001,f00817601006p0001.jpg,jpg,2023-08-26 17:50:22,/photo/,3024x3024,129.054483,35.1862635,
f_f009828,2308260006,0,f00982801005p0001,f00982801005p0001.jpg,jpg,2023-08-26 17:35:10,/photo/,4032x3024,129.47706666667,35.748233333333,
f_f011863,2308260006,0,f01186301099p0001,f01186301099p0001.jpg,jpg,2023-08-26 17:17:05,/photo/,4000x2252,128.5672546,37.6827186,
f_f007925,2308260008,0,f00792501010p0001,f00792501010p0001.jpg,jpg,2023-08-26 19:51:14,/photo/,3024x3024,128.6036224,38.189065599722,
f_f012225,2308260008,0,f01222501008p0001,f01222501008p0001.jpg,jpg,2023-08-26 16:43:45,/photo/,4032x3024,129.12149166667,35.156472222222,
f_f005289,2308270001,0,f00528902002p0001,f00528902002p0001.jpg,jpg,2023-08-27 09:47:28,/photo/,4032x3024,128.59232309972,37.731661299722,
f_f006926,2308270001,0,f00692602002p0001,f00692602002p0001.jpg,jpg,2023-08-27 10:16:36,/photo/,4032x3024,128.03196666667,37.745980555556,
f_f008558,2308270002,0,f00855801002p0001,f00855801002p0001.jpg,jpg,2023-08-27 15:54:52,/photo/,4000x3000,128.40345897222,36.017578,
f_f009562,2308270002,0,f00956201002p0001,f00956201002p0001.jpg,jpg,2023-08-27 10:28:03,/photo/,4000x2252,128.57559069972,35.140387799722,
f_f010522,2308270002,0,f01052201002p0001,f01052201002p0001.jpg,jpg,2023-08-27 11:16:39,/photo/,4032x3024,129.03517222222,35.09615,
f_f005289,2308270003,0,f00528902004p0001,f00528902004p0001.jpg,jpg,2023-08-27 14:22:53,/photo/,3024x4032,128.67126519972,37.642469699722,
f_f009201,2308270003,0,f00920101003p0001,f00920101003p0001.jpg,jpg,2023-08-27 15:50:27,/photo/,3024x4032,129.56050277778,35.990569444444,
f_f010785,2308270003,0,f01078501003p0001,f01078501003p0001.jpg,jpg,2023-08-27 14:37:29,/photo/,4032x3024,128.87867777778,35.233988888889,
f_f010443,2308270004,0,f01044301003p0001,f01044301003p0001.jpg,jpg,2023-08-27 20:37:02,/photo/,4032x3024,129.28405833333,35.843055555556,
f_f005573,2308270005,0,f00557302007p0001,f00557302007p0001.jpg,jpg,2023-08-27 16:31:47,/photo/,4000x3000,128.59878399972,35.868649599722,
f_f010522,2308270005,0,f01052201005p0001,f01052201005p0001.jpg,jpg,2023-08-27 14:14:48,/photo/,4032x3024,129.08160277778,35.061261111111,
f_f011303,2308270005,0,f01130302006p0001,f01130302006p0001.jpg,jpg,2023-08-27 18:52:35,/photo/,3024x4032,128.87399444444,37.842566666667,
f_f010337,2308270007,0,f01033702008p0001,f01033702008p0001.jpg,jpg,2023-08-27 17:49:10,/photo/,3024x4032,129.0401,35.115108333333,
f_f010785,2308270007,0,f01078501007p0001,f01078501007p0001.jpg,jpg,2023-08-27 18:45:51,/photo/,4032x3024,128.88992222222,35.252447222222,
f_f012536,2308280003,0,f01253601003p0001,f01253601003p0001.jpg,jpg,2023-08-28 12:00:24,/photo/,3024x3024,128.58949899972,38.2242058,
f_f010784,2308280005,0,f01078401004p0001,f01078401004p0001.jpg,jpg,2023-08-28 18:50:36,/photo/,4032x3024,129.37364166667,36.251911111111,
f_f012536,2308280005,0,f01253601005p0001,f01253601005p0001.jpg,jpg,2023-08-28 14:37:31,/photo/,3024x3024,128.60594219972,38.1870806,
f_f011070,2308280006,0,f01107001006p0001,f01107001006p0001.jpg,jpg,2023-08-28 19:37:26,/photo/,4032x3024,129.082825,35.158019444444,
f_f012536,2308280007,0,f01253601007p0001,f01253601007p0001.jpg,jpg,2023-08-28 15:37:59,/photo/,3024x3024,128.60826819972,38.163892799722,
f_f010875,2308280010,0,f01087501008p0001,f01087501008p0001.jpg,jpg,2023-08-28 15:44:08,/photo/,4032x3024,128.89501944444,37.755119444444,
f_f012536,2308280010,0,f01253601010p0001,f01253601010p0001.jpg,jpg,2023-08-28 18:06:48,/photo/,3024x3024,128.6025949,38.190348499722,
f_f010875,2308280011,0,f01087501009p0001,f01087501009p0001.jpg,jpg,2023-08-28 16:00:02,/photo/,4032x3024,128.89576666667,37.753216666667,
f_f007508,2308290002,0,f00750801002p0001,f00750801002p0001.jpg,jpg,2023-08-29 15:37:15,/photo/,4032x3024,127.68412777778,37.647755555556,
f_f012957,2308290003,0,f01295701003p0001,f01295701003p0001.jpg,jpg,2023-08-29 15:19:33,/photo/,3024x3024,129.0572422,35.1542035,
f_f014170,2308290006,0,f01417001099p0001,f01417001099p0001.jpg,jpg,2023-08-30 05:55:05,/photo/,4032x3024,128.91116388889,37.802105555556,
f_f007508,2308290008,0,f00750801005p0001,f00750801005p0001.jpg,jpg,2023-08-30 13:11:21,/photo/,4032x3024,128.45512222222,38.435680555556,
f_f014175,2308290010,0,f01417501010p0001,f01417501010p0001.jpg,jpg,2023-08-29 14:58:39,/photo/,4032x3024,128.59326111111,38.190463888889,
f_f009530,2308300005,0,f00953002005p0001,f00953002005p0001.jpg,jpg,2023-08-30 13:55:58,/photo/,2268x4032,129.21035833333,35.839047222222,
f_f014163,2308300006,0,f01416301006p0001,f01416301006p0001.jpg,jpg,2023-08-30 17:31:44,/photo/,4032x3024,128.92796388889,37.787394444444,
f_f006895,2308310004,0,f00689502004p0001,f00689502004p0001.jpg,jpg,2023-08-31 16:00:18,/photo/,4032x3024,128.87753333333,37.831241666667,
f_f012624,2308310004,0,f01262401003p0001,f01262401003p0001.jpg,jpg,2023-08-31 13:14:05,/photo/,4032x3024,128.61615,35.8265,
f_f014901,2309010003,0,f01490101002p0001,f01490101002p0001.jpg,jpg,2023-09-01 14:21:46,/photo/,2654x2367,129.21244722222,35.194380555556,
f_f013493,2309020002,0,f01349301002p0001,f01349301002p0001.jpg,jpg,2023-09-02 09:14:46,/photo/,4032x3024,127.5459038,37.701278999722,
f_f011949,2309020003,0,f01194901003p0001,f01194901003p0001.jpg,jpg,2023-09-02 13:26:14,/photo/,4624x3468,128.9667072,37.2196288,
f_f014104,2309020003,0,f01410401003p0001,f01410401003p0001.jpg,jpg,2023-09-02 11:32:13,/photo/,4624x3468,128.44015949972,34.9806578,
f_f015477,2309020003,0,f01547701002p0001,f01547701002p0001.jpg,jpg,2023-09-02 14:23:02,/photo/,3858x2487,127.82315,37.419983333333,
f_f010914,2309020004,0,f01091401003p0001,f01091401003p0001.jpg,jpg,2023-09-02 12:30:16,/photo/,4000x3000,127.7842176,37.9294944,
f_f014104,2309020004,0,f01410401004p0001,f01410401004p0001.jpg,jpg,2023-09-02 14:14:57,/photo/,4624x3468,128.38654919972,34.9712973,
f_f015477,2309020004,0,f01547701003p0001,f01547701003p0001.jpg,jpg,2023-09-02 17:22:34,/photo/,3024x4032,127.82367777778,37.417980555556,
f_f012649,2309020006,0,f01264901005p0001,f01264901005p0001.jpg,jpg,2023-09-02 13:37:58,/photo/,4032x3024,127.680725,37.842647222222,
f_f015285,2309020006,0,f01528501006p0001,f01528501006p0001.jpg,jpg,2023-09-02 18:58:38,/photo/,4032x3024,127.72578611111,37.893188888889,
f_f010914,2309020008,0,f01091401007p0001,f01091401007p0001.jpg,jpg,2023-09-02 18:49:48,/photo/,4000x3000,127.7658624,37.923808,
f_f011949,2309030001,0,f01194902002p0001,f01194902002p0001.jpg,jpg,2023-09-03 09:44:21,/photo/,4624x3468,129.0245237,37.099336399722,
f_f014131,2309030001,0,f01413102002p0001,f01413102002p0001.jpg,jpg,2023-09-03 10:22:04,/photo/,4000x2252,128.72229939972,37.476833599722,
f_f014104,2309030002,0,f01410402003p0001,f01410402003p0001.jpg,jpg,2023-09-03 11:18:53,/photo/,4624x3468,128.40835839972,35.0584101,
f_f007188,2309050001,0,f00718802002p0001,f00718802002p0001.jpg,jpg,2023-09-05 15:02:18,/photo/,4000x2252,128.0707007,35.5488422,
f_f014045,2309050004,0,f01404501004p0001,f01404501004p0001.jpg,jpg,2023-09-05 09:05:38,/photo/,4032x3024,128.60330669972,38.190497399722,
f_f014045,2309050005,0,f01404501006p0001,f01404501006p0001.jpg,jpg,2023-09-05 09:45:04,/photo/,4032x3024,128.60073239972,38.1940523,
f_f016105,2309050007,0,f01610501007p0001,f01610501007p0001.jpg,jpg,2023-09-05 15:23:36,/photo/,4032x3024,129.11987222222,35.154144444444,
f_f014045,2309050011,0,f01404501011p0001,f01404501011p0001.jpg,jpg,2023-09-05 17:42:35,/photo/,4032x3024,128.58538039972,38.191279899722,
f_f012639,2309070004,0,f01263901003p0001,f01263901003p0001.jpg,jpg,2023-09-07 13:27:30,/photo/,4032x3024,129.06616111111,35.153647222222,
f_f012639,2309070005,0,f01263901004p0001,f01263901004p0001.jpg,jpg,2023-09-07 14:11:51,/photo/,4032x3024,129.06603888889,35.155319444444,
f_f015367,2309080003,0,f01536701003p0001,f01536701003p0001.jpg,jpg,2023-09-08 14:50:26,/photo/,4000x2252,129.21192959972,35.8352128,
f_f016391,2309080009,0,f01639101009p0001,f01639101009p0001.jpg,jpg,2023-09-08 17:57:55,/photo/,4000x3000,129.22444049972,35.8338941,
f_f009756,2309090002,0,f00975601002p0001,f00975601002p0001.jpg,jpg,2023-09-09 10:07:51,/photo/,4000x3000,128.56046079722,35.841964797222,
f_f015319,2309090003,0,f01531901003p0001,f01531901003p0001.jpg,jpg,2023-09-09 14:12:54,/photo/,4032x3024,129.19880555556,35.858711111111,
f_f015610,2309090008,0,f01561001007p0001,f01561001007p0001.jpg,jpg,2023-09-09 16:21:03,/photo/,4032x3024,128.07411111111,36.771097222222,
f_f015610,2309090010,0,f01561001009p0001,f01561001009p0001.jpg,jpg,2023-09-09 18:26:00,/photo/,4032x3024,128.1409,36.655447222222,
f_f012976,2309100004,0,f01297602006p0001,f01297602006p0001.jpg,jpg,2023-09-10 14:48:32,/photo/,4032x3024,128.90023888889,37.753425,
f_f014097,2309100004,0,f01409702004p0001,f01409702004p0001.jpg,jpg,2023-09-10 13:22:28,/photo/,4032x3024,127.89969722222,34.764961111111,
f_f014097,2309100005,0,f01409702005p0001,f01409702005p0001.jpg,jpg,2023-09-10 14:00:53,/photo/,4032x3024,127.89320277778,34.725658333333,
f_f006520,2309100006,0,f00652001005p0001,f00652001005p0001.jpg,jpg,2023-09-10 10:10:28,/photo/,3024x3024,129.03909166667,35.115433333333,
f_f006520,2309100009,0,f00652001009p0001,f00652001009p0001.jpg,jpg,2023-09-10 17:17:43,/photo/,3024x3024,129.15684444444,35.158816666667,
f_f012946,2309100009,0,f01294601008p0001,f01294601008p0001.jpg,jpg,2023-09-10 16:33:16,/photo/,4032x3024,129.22384722222,35.833063888889,
f_f012889,2309100010,0,f01288901009p0001,f01288901009p0001.jpg,jpg,2023-09-10 13:51:33,/photo/,4032x3024,129.22635669972,35.834610099722,
f_f012889,2309100013,0,f01288901012p0001,f01288901012p0001.jpg,jpg,2023-09-10 16:07:10,/photo/,3024x4032,129.2193195,35.834359999722,
f_f016357,2309100013,0,f01635701012p0001,f01635701012p0001.jpg,jpg,2023-09-10 16:08:21,/photo/,4032x3024,129.17475833333,35.157055555556,
f_f016354,2309140010,0,f01635401010p0001,f01635401010p0001.jpg,jpg,2023-09-14 18:30:31,/photo/,3024x4032,128.59771666667,35.869777777778,
f_f015615,2309150005,0,f01561501005p0001,f01561501005p0001.jpg,jpg,2023-09-15 15:21:24,/photo/,4032x3024,128.90954722222,37.791636111111,
f_f015841,2309160003,0,f01584101003p0001,f01584101003p0001.jpg,jpg,2023-09-16 10:56:44,/photo/,4032x2268,127.5424449,37.8323893,
f_f015842,2309160004,0,f01584201004p0001,f01584201004p0001.jpg,jpg,2023-09-16 15:20:33,/photo/,3024x4032,129.38127222222,36.061541666667,
f_f015714,2309170003,0,f01571401002p0001,f01571401002p0001.jpg,jpg,2023-09-17 11:24:28,/photo/,2268x4032,128.00610277778,37.34095,
f_f016634,2309170003,0,f01663401003p0001,f01663401003p0001.jpg,jpg,2023-09-17 15:20:40,/photo/,4000x3000,128.08036359972,37.2717408,
f_f016457,2309180002,0,f01645701002p0001,f01645701002p0001.jpg,jpg,2023-09-18 11:06:51,/photo/,1080x1920,127.8713,35.3991,
f_f016457,2309180004,0,f01645701004p0001,f01645701004p0001.jpg,jpg,2023-09-18 17:43:24,/photo/,4032x2268,127.68642819972,35.155134199722,
f_f015410,2309230005,0,f01541001005p0001,f01541001005p0001.jpg,jpg,2023-09-23 17:58:23,/photo/,3024x4032,129.0652,35.487672222222,
f_f015703,2309230006,0,f01570301006p0001,f01570301006p0001.jpg,jpg,2023-09-23 17:57:57,/photo/,4032x3024,129.023379,35.308067972222,
f_f000492,2305150002,1,f00049201099p0002,f00049201099p0002.jpg,jpg,2023-05-15 15:55:52,/photo/,4032x3024,128.67068611111,37.658886111111,
f_f000492,2305160002,1,f00049202002p0002,f00049202002p0002.jpg,jpg,2023-05-16 12:29:54,/photo/,4032x3024,128.67762777778,37.657036111111,
f_f000689,2305160002,1,f00068902003p0002,f00068902003p0002.jpg,jpg,2023-05-16 11:49:31,/photo/,4032x3024,127.83530555556,34.806083333333,
f_f000493,2305190003,1,f00049301002p0002,f00049301002p0002.jpg,jpg,2023-05-19 10:48:47,/photo/,4000x3000,129.0244864,37.0990272,
f_f000384,2305190004,1,f00038401004p0002,f00038401004p0002.jpg,jpg,2023-05-19 13:42:56,/photo/,4032x3024,129.16006388889,37.478977777778,
f_f000429,2305200003,1,f00042902004p0002,f00042902004p0002.jpg,jpg,2023-05-20 12:30:44,/photo/,4000x3000,129.161213,35.158855,
f_f000790,2305200003,1,f00079002004p0002,f00079002004p0002.jpg,jpg,2023-05-20 12:15:37,/photo/,3024x4032,129.3134,35.800166666667,
f_f000338,2305210002,1,f00033802002p0002,f00033802002p0002.jpg,jpg,2023-05-21 10:48:26,/photo/,4032x3024,127.98748888889,34.720822222222,
f_f000429,2305210002,1,f00042903003p0002,f00042903003p0002.jpg,jpg,2023-05-21 14:30:27,/photo/,4000x3000,129.13323197222,35.158633972222,
f_f000338,2305210004,1,f00033802004p0002,f00033802004p0002.jpg,jpg,2023-05-21 11:45:10,/photo/,4032x3024,127.94940277778,34.742683333333,
f_f000973,2305280005,1,f00097302099p0002,f00097302099p0002.jpg,jpg,2023-05-29 10:41:07,/photo/,4032x3024,127.96331111111,36.568858333333,
f_f000461,2306020005,1,f00046101005p0002,f00046101005p0002.jpg,jpg,2023-06-02 18:50:57,/photo/,4032x3024,129.20853938056,35.836140344444,
f_f001408,2306040005,1,f00140801005p0002,f00140801005p0002.jpg,jpg,2023-06-04 13:17:18,/photo/,4032x3024,128.87281944444,35.229013888889,
f_f002894,2306040005,1,f00289402005p0002,f00289402005p0002.jpg,jpg,2023-06-04 17:29:23,/photo/,4000x2252,129.4749696,35.6894976,
f_f002958,2306050002,1,f00295801002p0002,f00295801002p0002.jpg,jpg,2023-06-05 14:42:54,/photo/,4608x3456,129.4737633,35.686600099722,
f_f000940,2306060003,1,f00094002004p0002,f00094002004p0002.jpg,jpg,2023-06-06 12:45:48,/photo/,4000x3000,129.22774,35.829694,
f_f002600,2306090010,1,f00260001009p0002,f00260001009p0002.jpg,jpg,2023-06-09 19:42:39,/photo/,4000x3000,128.89681229972,37.7950018,
f_f003509,2306180004,1,f00350901004p0002,f00350901004p0002.jpg,jpg,2023-06-18 14:29:45,/photo/,4000x3000,128.87456689972,35.231368199722,
f_f003509,2306180006,1,f00350901006p0002,f00350901006p0002.jpg,jpg,2023-06-18 16:17:43,/photo/,4000x3000,128.87353379972,35.242752,
f_f003509,2306180008,1,f00350901008p0002,f00350901008p0002.jpg,jpg,2023-06-18 18:28:13,/photo/,4000x3000,128.89124229972,35.246735,
f_f003380,2306240003,1,f00338001003p0002,f00338001003p0002.jpg,jpg,2023-06-24 12:49:48,/photo/,4000x3000,128.6838016,35.236559999722,
f_f003543,2306240009,1,f00354301008p0002,f00354301008p0002.jpg,jpg,2023-06-24 18:56:46,/photo/,4000x3000,128.5712896,35.1691232,
f_f004131,2307080004,1,f00413101004p0002,f00413101004p0002.jpg,jpg,2023-07-08 13:05:24,/photo/,4032x3024,128.72376297222,35.687227972222,
f_f004112,2307090002,1,f00411202002p0002,f00411202002p0002.jpg,jpg,2023-07-09 13:12:57,/photo/,3024x3024,129.3115648,35.7712907,
f_f004470,2307150005,1,f00447001004p0002,f00447001004p0002.jpg,jpg,2023-07-15 12:35:57,/photo/,4032x3024,128.87867777778,35.234047222222,
f_f004103,2307170005,1,f00410301004p0002,f00410301004p0002.jpg,jpg,2023-07-17 13:52:50,/photo/,4032x3024,128.01806897222,34.748719972222,
f_f004618,2307230003,1,f00461801003p0004,f00461801003p0004.jpg,jpg,2023-07-23 14:00:04,/photo/,3060x4080,128.82025669972,35.3714178,
f_f004768,2307230004,1,f00476802004p0002,f00476802004p0002.jpg,jpg,2023-07-23 15:59:08,/photo/,4032x3024,128.62738055556,37.465388888889,
f_f004740,2307290005,1,f00474001005p0002,f00474001005p0002.jpg,jpg,2023-07-29 12:00:28,/photo/,2268x4032,129.21084722222,35.838919444444,
f_f004740,2307290009,1,f00474001009p0002,f00474001009p0002.jpg,jpg,2023-07-29 16:42:42,/photo/,4032x3024,129.26225277778,35.849688888889,
f_f005287,2308020005,1,f00528701004p0002,f00528701004p0002.jpg,jpg,2023-08-02 15:27:59,/photo/,4000x2252,129.2092834,35.836928999722,
f_f005535,2308030007,1,f00553501005p0002,f00553501005p0002.jpg,jpg,2023-08-03 15:29:35,/photo/,4032x3024,129.21370459972,35.8407137,
f_f004975,2308030012,1,f00497501007p0002,f00497501007p0002.jpg,jpg,2023-08-03 14:57:17,/photo/,4032x2268,128.58331549972,38.197183699722,
f_f004975,2308030014,1,f00497501012p0002,f00497501012p0002.jpg,jpg,2023-08-03 19:48:43,/photo/,4032x2268,128.605939,38.173881799722,
f_f005602,2308050003,1,f00560201003p0002,f00560201003p0002.jpg,jpg,2023-08-05 14:27:59,/photo/,4000x3000,129.30148313889,35.550945277778,
f_f004717,2308050006,1,f00471701005p0002,f00471701005p0002.jpg,jpg,2023-08-05 20:06:05,/photo/,4032x3024,128.6205141,35.826087899722,
f_f005444,2308060003,1,f00544401003p0002,f00544401003p0002.jpg,jpg,2023-08-06 10:27:40,/photo/,2992x2992,129.0923969,35.546484599722,
f_f005449,2308060003,1,f00544901003p0002,f00544901003p0002.jpg,jpg,2023-08-06 18:56:09,/photo/,3024x4032,128.87858611111,35.233966666667,
f_f005086,2308070003,1,f00508601003p0002,f00508601003p0002.jpg,jpg,2023-08-07 14:24:27,/photo/,2818x4032,129.2919975,35.549644499722,
f_f006357,2308160003,1,f00635701003p0002,f00635701003p0002.jpg,jpg,2023-08-16 17:02:22,/photo/,3000x4000,129.2280268,35.829419799722,
f_f006888,2308160003,1,f00688801002p0002,f00688801002p0002.jpg,jpg,2023-08-16 11:20:43,/photo/,2992x2992,129.3450215,35.377405199722,
f_f005686,2308180002,1,f00568602003p0002,f00568602003p0002.jpg,jpg,2023-08-18 12:44:49,/photo/,4032x3024,128.83358888889,37.880644444444,
f_f007571,2308180006,1,f00757101005p0002,f00757101005p0002.jpg,jpg,2023-08-18 09:22:44,/photo/,4000x3000,129.0340122,37.690599699722,
f_f007889,2308180006,1,f00788901005p0002,f00788901005p0002.jpg,jpg,2023-08-18 13:06:00,/photo/,4032x3024,128.8786924,37.7792794,
f_f007571,2308180007,1,f00757101006p0002,f00757101006p0002.jpg,jpg,2023-08-18 10:41:18,/photo/,4000x3000,129.0562202,37.6592252,
f_f007571,2308180008,1,f00757101007p0002,f00757101007p0002.jpg,jpg,2023-08-18 11:43:16,/photo/,4000x3000,128.83378039972,37.8795732,
f_f006605,2308190004,1,f00660501005p0002,f00660501005p0002.jpg,jpg,2023-08-19 20:18:31,/photo/,4000x3000,128.9676032,35.047043199722,
f_f009188,2308200005,1,f00918801005p0002,f00918801005p0002.jpg,jpg,2023-08-20 14:56:11,/photo/,4032x3024,128.15150211111,35.207918461111,
f_f000027,2304300001,0,f00002703002p0001,f00002703002p0001.jpg,jpg,2023-04-30 10:26:11,/photo/,4032x2268,129.009297,35.0964758,
f_f008113,2308220003,1,f00811302004p0002,f00811302004p0002.jpg,jpg,2023-08-22 12:05:41,/photo/,3024x4032,128.57936111111,35.873769444444,
f_f009182,2308220005,1,f00918201005p0002,f00918201005p0002.jpg,jpg,2023-08-22 12:43:46,/photo/,3456x3456,128.557015,37.7875206,
f_f008079,2308230003,1,f00807901003p0002,f00807901003p0002.jpg,jpg,2023-08-23 16:23:25,/photo/,3024x3024,127.21701944444,38.079844444444,
f_f011221,2308230006,1,f01122101006p0002,f01122101006p0002.jpg,jpg,2023-08-23 15:54:44,/photo/,4032x3024,129.21061666667,35.833211111111,
f_f011221,2308230007,1,f01122101007p0002,f01122101007p0002.jpg,jpg,2023-08-23 17:26:41,/photo/,4032x3024,129.31146111111,35.801313888889,
f_f011548,2308230007,1,f01154801006p0002,f01154801006p0002.jpg,jpg,2023-08-23 11:21:45,/photo/,3024x4032,129.39146388889,36.066597222222,
f_f006004,2308250004,1,f00600402005p0002,f00600402005p0002.jpg,jpg,2023-08-25 17:09:50,/photo/,4032x3024,129.20931944444,35.838880555556,
f_f010778,2308250004,1,f01077801003p0002,f01077801003p0002.jpg,jpg,2023-08-25 12:26:35,/photo/,4032x3024,127.82754679972,35.436598699722,
f_f010778,2308250007,1,f01077801006p0002,f01077801006p0002.jpg,jpg,2023-08-25 14:57:37,/photo/,3024x4032,127.871114,35.399098399722,
f_f010778,2308250009,1,f01077801008p0002,f01077801008p0002.jpg,jpg,2023-08-25 16:46:39,/photo/,4032x3024,127.96624429972,35.2768425,
f_f010978,2308250011,1,f01097801010p0002,f01097801010p0002.jpg,jpg,2023-08-25 18:25:38,/photo/,4032x3024,128.59838888889,35.868763888889,
f_f011719,2308260003,1,f01171901003p0002,f01171901003p0002.jpg,jpg,2023-08-26 11:09:12,/photo/,4032x2268,128.21419209972,35.9036674,
f_f009201,2308270004,1,f00920101004p0002,f00920101004p0002.jpg,jpg,2023-08-27 16:47:12,/photo/,4032x3024,129.37825,36.053888888889,
f_f011303,2308270004,1,f01130302005p0005,f01130302005p0005.jpg,jpg,2023-08-27 15:31:08,/photo/,4032x3024,128.87736388889,37.779319444444,
f_f009750,2308270005,1,f00975001004p0002,f00975001004p0002.jpg,jpg,2023-08-27 17:07:54,/photo/,4032x3024,129.1996,35.814525,
f_f010785,2308270005,1,f01078501005p0002,f01078501005p0002.jpg,jpg,2023-08-27 17:09:18,/photo/,4032x3024,128.87649444444,35.234772222222,
f_f010784,2308280005,1,f01078401004p0002,f01078401004p0002.jpg,jpg,2023-08-28 18:51:07,/photo/,3024x4032,129.37364166667,36.252111111111,
f_f012536,2308280005,1,f01253601005p0002,f01253601005p0002.jpg,jpg,2023-08-28 14:37:31,/photo/,3024x3024,128.60594219972,38.1870806,
f_f007234,2308280008,1,f00723401009p0002,f00723401009p0002.jpg,jpg,2023-08-28 20:31:03,/photo/,4032x3024,129.123825,35.154155555556,
f_f010875,2308280010,1,f01087501008p0002,f01087501008p0002.jpg,jpg,2023-08-28 15:44:12,/photo/,4032x3024,128.89503611111,37.755138888889,
f_f013942,2308300003,1,f01394201003p0002,f01394201003p0002.jpg,jpg,2023-08-30 17:45:08,/photo/,2268x4032,129.11804166667,35.152613888889,
f_f014163,2308300006,1,f01416301006p0002,f01416301006p0002.jpg,jpg,2023-08-30 17:49:46,/photo/,4032x3024,128.93746944444,37.779891666667,
f_f009530,2308300007,1,f00953002007p0002,f00953002007p0002.jpg,jpg,2023-08-30 17:10:43,/photo/,2268x4032,129.21163888889,35.836838888889,
f_f014163,2308310002,1,f01416302003p0002,f01416302003p0002.jpg,jpg,2023-08-31 10:07:24,/photo/,4032x3024,128.945725,37.773852777778,
f_f014901,2309010005,1,f01490101004p0002,f01490101004p0002.jpg,jpg,2023-09-01 16:09:00,/photo/,4032x3024,129.21322777778,35.184644444444,
f_f011949,2309020003,1,f01194901003p0002,f01194901003p0002.jpg,jpg,2023-09-02 13:41:48,/photo/,4624x3468,128.9629035,37.2189215,
f_f013493,2309020003,1,f01349301003p0002,f01349301003p0002.jpg,jpg,2023-09-02 10:20:16,/photo/,4032x3024,127.6962924,37.700542699722,
f_f014104,2309020003,1,f01410401003p0002,f01410401003p0002.jpg,jpg,2023-09-02 13:52:10,/photo/,4624x3468,128.4412628,34.980326599722,
f_f014131,2309020007,1,f01413101099p0002,f01413101099p0002.jpg,jpg,2023-09-03 09:52:54,/photo/,4000x2252,128.66646739972,37.4389885,
f_f015409,2309030008,1,f01540901008p0002,f01540901008p0002.jpg,jpg,2023-09-03 11:49:52,/photo/,4000x3000,128.59234409972,38.2026672,
f_f015409,2309030009,1,f01540901009p0002,f01540901009p0002.jpg,jpg,2023-09-03 13:18:59,/photo/,4000x3000,128.60614119972,38.1734336,
f_f007188,2309040002,1,f00718801002p0002,f00718801002p0002.jpg,jpg,2023-09-04 15:02:34,/photo/,4000x2252,128.12396939972,35.410933499722,
f_f014045,2309050011,1,f01404501011p0002,f01404501011p0002.jpg,jpg,2023-09-05 17:10:50,/photo/,4032x3024,128.5879055,38.1923776,
f_f014452,2309080003,1,f01445201003p0002,f01445201003p0002.jpg,jpg,2023-09-08 20:14:35,/photo/,3024x4032,127.69770833333,37.884841666667,
f_f016391,2309080009,1,f01639101009p0002,f01639101009p0002.jpg,jpg,2023-09-08 18:03:21,/photo/,4000x3000,129.22131759972,35.8342468,
f_f005661,2309090004,1,f00566101004p0002,f00566101004p0002.jpg,jpg,2023-09-09 15:49:09,/photo/,4080x3060,129.32116479972,35.3454144,
f_f016357,2309100006,1,f01635701006p0002,f01635701006p0002.jpg,jpg,2023-09-10 11:55:45,/photo/,4032x3024,129.17101944444,35.159825,
f_f016357,2309100007,1,f01635701007p0002,f01635701007p0002.jpg,jpg,2023-09-10 12:42:59,/photo/,4032x3024,129.19599722222,35.164130555556,
f_f012426,2309110003,1,f01242601003p0002,f01242601003p0002.jpg,jpg,2023-09-11 11:47:38,/photo/,4032x3024,127.72350277778,37.893288888889,
f_f015842,2309160004,1,f01584201004p0002,f01584201004p0002.jpg,jpg,2023-09-16 15:20:42,/photo/,3024x4032,129.38131666667,36.061583333333,
f_f015842,2309160006,1,f01584201005p0002,f01584201005p0002.jpg,jpg,2023-09-16 17:09:52,/photo/,4032x3024,129.33958611111,36.011280555556,
f_f016634,2309170003,1,f01663401003p0002,f01663401003p0002.jpg,jpg,2023-09-17 15:20:35,/photo/,4000x3000,128.08036359972,37.2717408,
f_f000437,2305160006,2,f00043701005p0003,f00043701005p0003.jpg,jpg,2023-05-16 14:12:30,/photo/,4000x1800,128.77057279972,36.5865919,
f_f000382,2305190006,2,f00038201099p0003,f00038201099p0003.jpg,jpg,2023-05-19 19:43:22,/photo/,4032x3024,129.22224444444,35.213794444444,
f_f000429,2305200005,2,f00042902006p0003,f00042902006p0003.jpg,jpg,2023-05-20 15:31:02,/photo/,4000x3000,129.04590697222,35.077778,
f_f001912,2305290007,2,f00191201006p0003,f00191201006p0003.jpg,jpg,2023-05-29 19:26:34,/photo/,4032x3024,129.03219722222,37.692141666667,
f_f001184,2306020007,2,f00118401007p0003,f00118401007p0003.jpg,jpg,2023-06-02 17:43:23,/photo/,4032x3024,129.30334444444,35.782030555556,
f_f000655,2306040009,2,f00065501010p0003,f00065501010p0003.jpg,jpg,2023-06-04 17:05:26,/photo/,4032x3024,128.58003055556,36.924991666667,
f_f000940,2306050004,2,f00094001003p0003,f00094001003p0003.jpg,jpg,2023-06-05 13:22:05,/photo/,4000x3000,129.191446,35.832993,
f_f003440,2306150005,2,f00344001004p0003,f00344001004p0003.jpg,jpg,2023-06-15 15:09:31,/photo/,4032x3024,129.28951958611,35.830712555556,
f_f003509,2306180008,2,f00350901008p0003,f00350901008p0003.jpg,jpg,2023-06-18 18:29:20,/photo/,3000x4000,128.8913024,35.246684799722,
f_f003256,2306230004,2,f00325601003p0003,f00325601003p0003.jpg,jpg,2023-06-23 13:43:00,/photo/,4032x2268,129.29583333333,35.548888888889,
f_f000492,2305150002,0,f00049201099p0001,f00049201099p0001.jpg,jpg,2023-05-15 15:55:49,/photo/,4032x3024,128.67053055556,37.659036111111,
f_f000027,2304280005,2,f00002701005p0003,f00002701005p0003.jpg,jpg,2023-04-28 13:56:08,/photo/,4032x3024,128.7196839,35.0901556,전주 고속버스터미널
f_f004013,2307150005,2,f00401301006p0003,f00401301006p0003.jpg,jpg,2023-07-15 17:24:04,/photo/,4000x3000,128.5856578,35.8674229,
f_f004470,2307150005,2,f00447001004p0003,f00447001004p0003.jpg,jpg,2023-07-15 12:37:24,/photo/,4032x3024,128.87860277778,35.234894444444,
f_f004703,2307250005,2,f00470301005p0003,f00470301005p0003.jpg,jpg,2023-07-25 16:05:27,/photo/,2268x4032,128.92048611111,37.794522222222,
f_f004947,2307310005,2,f00494701005p0003,f00494701005p0003.jpg,jpg,2023-07-31 18:37:44,/photo/,4032x3024,129.15403611111,35.159030555556,
f_f000543,2305160004,0,f00054301004p0001,f00054301004p0001.jpg,jpg,2023-05-16 11:26:49,/photo/,4032x3024,128.89866666667,37.764313888889,
f_f000437,2305160005,0,f00043701004p0001,f00043701004p0001.jpg,jpg,2023-05-16 13:39:40,/photo/,1800x3086,128.7602008,36.577037599722,
f_f004657,2308050007,2,f00465701006p0003,f00465701006p0003.jpg,jpg,2023-08-05 16:56:04,/photo/,3024x4032,128.5966208,38.215727999722,
f_f005602,2308050008,2,f00560201004p0003,f00560201004p0003.jpg,jpg,2023-08-05 15:04:29,/photo/,4000x3000,129.3207532,35.558443199722,
f_f005444,2308060007,2,f00544401099p0003,f00544401099p0003.jpg,jpg,2023-08-06 15:49:14,/photo/,2992x2992,129.45230509972,35.57341,
f_f005823,2308110006,2,f00582301005p0003,f00582301005p0003.jpg,jpg,2023-08-11 17:03:00,/photo/,4032x2268,127.69186388889,37.892216666667,
f_f007107,2308130007,2,f00710701007p0003,f00710701007p0003.jpg,jpg,2023-08-13 15:04:08,/photo/,4032x3024,127.87036111111,35.399180555556,
f_f008259,2308180005,2,f00825901004p0003,f00825901004p0003.jpg,jpg,2023-08-18 16:32:42,/photo/,4032x3024,128.9079177,37.7877202,
f_f007571,2308180006,2,f00757101005p0003,f00757101005p0003.jpg,jpg,2023-08-18 09:16:33,/photo/,4000x3000,129.034939,37.691004399722,
f_f009182,2308220007,2,f00918201007p0003,f00918201007p0003.jpg,jpg,2023-08-22 16:48:26,/photo/,4032x3024,128.574365,37.641581299722,
f_f011221,2308230007,2,f01122101007p0003,f01122101007p0003.jpg,jpg,2023-08-23 17:25:36,/photo/,4032x3024,129.31161388889,35.801522222222,
f_f010778,2308250008,2,f01077801007p0003,f01077801007p0003.jpg,jpg,2023-08-25 16:14:34,/photo/,4032x3024,127.9581947,35.290553,
f_f010784,2308280005,2,f01078401004p0003,f01078401004p0003.jpg,jpg,2023-08-28 18:53:00,/photo/,4032x3024,129.37373333333,36.252202777778,
f_f014045,2309050004,2,f01404501004p0003,f01404501004p0003.jpg,jpg,2023-09-05 09:09:51,/photo/,4032x3024,128.60490329972,38.1886475,
f_f015610,2309090006,2,f01561001005p0003,f01561001005p0003.jpg,jpg,2023-09-09 15:25:26,/photo/,4032x3024,128.07580555556,36.763022222222,
f_f012889,2309100006,2,f01288901005p0003,f01288901005p0003.jpg,jpg,2023-09-10 11:14:03,/photo/,4032x3024,129.21198989972,35.8401592,
f_f014097,2309100006,2,f01409702006p0003,f01409702006p0003.jpg,jpg,2023-09-10 14:46:45,/photo/,4032x3024,127.85598055556,34.741586111111,
f_f012889,2309100014,2,f01288901013p0003,f01288901013p0003.jpg,jpg,2023-09-10 16:28:46,/photo/,4032x3024,129.21112009972,35.834819799722,
f_f005914,2309110005,2,f00591402005p0003,f00591402005p0003.jpg,jpg,2023-09-11 13:03:46,/photo/,4000x3000,129.1581352,35.1649789,
f_f006520,2309110005,2,f00652002005p0003,f00652002005p0003.jpg,jpg,2023-09-10 08:49:11,/photo/,3024x3024,129.042725,35.115469444444,
f_f012426,2309110007,2,f01242601007p0003,f01242601007p0003.jpg,jpg,2023-09-11 16:22:58,/photo/,4032x3024,127.54295277778,37.831836111111,
f_f016094,2309130006,2,f01609401007p0003,f01609401007p0003.jpg,jpg,2023-09-13 13:52:39,/photo/,4032x2268,129.25385879972,35.995901,
f_f016094,2309130009,2,f01609401008p0003,f01609401008p0003.jpg,jpg,2023-09-13 14:36:11,/photo/,4032x2268,129.25372719972,36.003958699722,
f_f015600,2309140005,2,f01560001004p0003,f01560001004p0003.jpg,jpg,2023-09-14 12:30:18,/photo/,4032x3024,127.83207679972,35.026688999722,
f_f015703,2309230006,2,f01570301006p0003,f01570301006p0003.jpg,jpg,2023-09-23 17:55:36,/photo/,4160x3120,129.02381297222,35.307685972222,
f_f000790,2305200005,3,f00079002006p0004,f00079002006p0004.jpg,jpg,2023-05-20 16:42:31,/photo/,4032x3024,129.49830555556,35.792225,
f_f000437,2305160007,0,f00043701006p0001,f00043701006p0001.jpg,jpg,2023-05-16 15:16:40,/photo/,1800x3265,128.7041092,36.658385199722,
f_f000040,2304290003,2,f00004002004p0003,f00004002004p0003.jpg,jpg,2023-04-29 12:30:25,/photo/,4032x3024,128.60447777778,38.190022222222,친척 집
f_f000437,2305160008,0,f00043701007p0001,f00043701007p0001.jpg,jpg,2023-05-16 16:09:01,/photo/,1799x3274,128.6622532,36.6526599,
f_f000586,2306010001,3,f00058602002p0004,f00058602002p0004.jpg,jpg,2023-06-01 11:54:34,/photo/,4000x3000,128.5943168,38.2029792,
f_f001901,2306010006,3,f00190101005p0004,f00190101005p0004.jpg,jpg,2023-06-01 17:30:50,/photo/,4032x3024,129.57739444444,36.032947222222,
f_f001184,2306020006,3,f00118401006p0004,f00118401006p0004.jpg,jpg,2023-06-02 16:21:44,/photo/,4032x3024,129.23118611111,35.838352777778,
f_f002771,2306030012,3,f00277101007p0004,f00277101007p0004.jpg,jpg,2023-06-03 10:20:07,/photo/,4032x3024,128.59074444444,35.871497222222,
f_f000655,2306040011,3,f00065501006p0004,f00065501006p0004.jpg,jpg,2023-06-04 11:06:17,/photo/,4032x3024,129.03614722222,37.112766666667,
f_f000013,2304290003,6,f00001302006p0007,f00001302006p0007.jpg,jpg,2023-04-29 11:24:50,/photo/,4000x3000,129.1196032,37.555273599722,한우 강국
f_f003509,2306180006,3,f00350901006p0004,f00350901006p0004.jpg,jpg,2023-06-18 16:31:27,/photo/,3000x4000,128.87339779972,35.2430115,
f_f004618,2307230002,3,f00461801002p0004,f00461801002p0004.jpg,jpg,2023-07-23 13:13:31,/photo/,4080x3060,128.8195896,35.372474699722,
f_f004768,2307230002,3,f00476802003p0004,f00476802003p0004.jpg,jpg,2023-07-23 12:32:07,/photo/,4032x3024,128.57668888889,37.277766666667,
f_f005133,2307300009,3,f00513301009p0004,f00513301009p0004.jpg,jpg,2023-07-30 20:09:59,/photo/,4032x3024,129.1342,35.150447222222,
f_f005062,2308060008,3,f00506201007p0004,f00506201007p0004.jpg,jpg,2023-08-06 14:24:15,/photo/,4032x3024,128.92028888889,37.794561111111,
f_f005086,2308080001,3,f00508602002p0004,f00508602002p0004.jpg,jpg,2023-08-08 10:59:05,/photo/,4032x3024,129.3824561,35.5054157,
f_f005414,2308090002,3,f00541402003p0004,f00541402003p0004.jpg,jpg,2023-08-09 14:13:45,/photo/,4000x1800,129.2771328,35.8503264,
f_f007107,2308130007,3,f00710701007p0004,f00710701007p0004.jpg,jpg,2023-08-13 15:06:24,/photo/,4032x3024,127.86978888889,35.399077777778,
f_f006004,2308240011,3,f00600401011p0004,f00600401011p0004.jpg,jpg,2023-08-24 21:00:29,/photo/,4032x3024,129.21810833333,35.829066666667,
f_f010778,2308250006,3,f01077801005p0004,f01077801005p0004.jpg,jpg,2023-08-25 14:20:49,/photo/,4032x3024,127.8296566,35.4419405,
f_f010778,2308250010,3,f01077801009p0004,f01077801009p0004.jpg,jpg,2023-08-25 18:31:18,/photo/,4032x3024,127.93631569972,35.2739472,
f_f009311,2308270008,3,f00931101008p0004,f00931101008p0004.jpg,jpg,2023-08-27 20:38:36,/photo/,4032x3024,129.13681111111,35.150527777778,
f_f010784,2308290001,3,f01078402002p0004,f01078402002p0004.jpg,jpg,2023-08-29 11:19:26,/photo/,4032x3024,129.37385555556,36.258258333333,
f_f009530,2308290010,3,f00953001009p0004,f00953001009p0004.jpg,jpg,2023-08-29 14:37:53,/photo/,2268x4032,129.24299722222,35.812369444444,
f_f009530,2308290012,3,f00953001011p0004,f00953001011p0004.jpg,jpg,2023-08-29 16:20:32,/photo/,2268x4032,129.21418888889,35.836936111111,
f_f009530,2308290017,3,f00953001015p0004,f00953001015p0004.jpg,jpg,2023-08-29 20:28:43,/photo/,2268x4032,129.21876388889,35.834597222222,
f_f014163,2308300008,3,f01416301007p0004,f01416301007p0004.jpg,jpg,2023-08-30 18:13:20,/photo/,4032x3024,128.94714444444,37.773022222222,
f_f014131,2309030001,3,f01413102002p0004,f01413102002p0004.jpg,jpg,2023-09-03 10:31:02,/photo/,4000x2252,128.7238523,37.477305399722,
f_f007188,2309050001,3,f00718802002p0004,f00718802002p0004.jpg,jpg,2023-09-05 13:32:55,/photo/,4000x2252,128.0738206,35.553341699722,
f_f014045,2309050009,3,f01404501009p0004,f01404501009p0004.jpg,jpg,2023-09-05 12:05:18,/photo/,4032x3024,128.5944684,38.209199699722,
f_f014045,2309050011,3,f01404501011p0004,f01404501011p0004.jpg,jpg,2023-09-05 16:59:17,/photo/,4032x3024,128.5935747,38.1919204,
f_f015610,2309090006,3,f01561001005p0004,f01561001005p0004.jpg,jpg,2023-09-09 14:57:27,/photo/,2268x4032,128.07589722222,36.762611111111,
f_f005661,2309100001,3,f00566102002p0004,f00566102002p0004.jpg,jpg,2023-09-10 14:01:00,/photo/,4080x3060,129.3802368,35.5048448,
f_f016571,2309100007,3,f01657101006p0004,f01657101006p0004.jpg,jpg,2023-09-10 17:54:29,/photo/,3000x4000,129.0569284,35.159054199722,
f_f012889,2309100012,3,f01288901011p0004,f01288901011p0004.jpg,jpg,2023-09-10 15:10:35,/photo/,4608x3456,129.2640667,35.850405999722,
f_f016357,2309100014,3,f01635701013p0004,f01635701013p0004.jpg,jpg,2023-09-10 16:41:08,/photo/,4032x3024,129.16295,35.159825,
f_f012426,2309110005,3,f01242601005p0004,f01242601005p0004.jpg,jpg,2023-09-11 13:37:49,/photo/,4032x3024,127.78453888889,37.929361111111,
f_f012426,2309110007,3,f01242601007p0004,f01242601007p0004.jpg,jpg,2023-09-11 16:21:25,/photo/,4032x3024,127.54271666667,37.832119444444,
f_f016094,2309130009,3,f01609401008p0004,f01609401008p0004.jpg,jpg,2023-09-13 14:37:18,/photo/,4032x2268,129.2533492,36.0037333,
f_f015842,2309160006,3,f01584201005p0004,f01584201005p0004.jpg,jpg,2023-09-16 17:05:10,/photo/,4032x3024,129.34120277778,36.012663888889,
f_f015703,2309230007,3,f01570301007p0004,f01570301007p0004.jpg,jpg,2023-09-23 18:38:50,/photo/,4032x3024,128.98428597222,35.30568,
f_f000925,2305220002,4,f00092504003p0005,f00092504003p0005.jpg,jpg,2023-05-22 17:56:44,/photo/,3000x4000,128.680673,35.231327972222,
f_f003509,2306180008,4,f00350901008p0005,f00350901008p0005.jpg,jpg,2023-06-18 18:33:03,/photo/,4000x3000,128.89088709972,35.245665299722,
f_f003519,2306190003,4,f00351901003p0005,f00351901003p0005.jpg,jpg,2023-06-19 10:12:44,/photo/,4032x3024,128.57818059972,35.8730947,
f_f004103,2307170007,4,f00410301007p0005,f00410301007p0005.jpg,jpg,2023-07-17 18:10:25,/photo/,4032x3024,127.893962,34.728828,
f_f004764,2307230008,4,f00476401008p0005,f00476401008p0005.jpg,jpg,2023-07-23 20:04:23,/photo/,4032x3024,128.59838888889,35.868683333333,
f_f004740,2307290008,4,f00474001008p0005,f00474001008p0005.jpg,jpg,2023-07-29 15:14:25,/photo/,4032x3024,129.33143611111,35.790127777778,
f_f004740,2307290009,4,f00474001009p0005,f00474001009p0005.jpg,jpg,2023-07-29 16:57:46,/photo/,4032x3024,129.26403888889,35.850277777778,
f_f006481,2308190008,4,f00648101008p0005,f00648101008p0005.jpg,jpg,2023-08-19 18:57:33,/photo/,4000x3000,127.69073,37.8562457,
f_f010778,2308250007,4,f01077801006p0005,f01077801006p0005.jpg,jpg,2023-08-25 15:07:03,/photo/,3024x4032,127.87079939972,35.3990725,
f_f009530,2308290009,4,f00953001008p0005,f00953001008p0005.jpg,jpg,2023-08-29 13:40:08,/photo/,2268x4032,129.33226111111,35.789536111111,
f_f014163,2308300008,4,f01416301007p0005,f01416301007p0005.jpg,jpg,2023-08-30 18:25:43,/photo/,4032x3024,128.94773888889,37.77245,
f_f013942,2308300010,4,f01394201099p0005,f01394201099p0005.jpg,jpg,2023-08-31 06:15:31,/photo/,2268x4032,129.15975833333,35.159522222222,
f_f015610,2309090008,4,f01561001007p0005,f01561001007p0005.jpg,jpg,2023-09-09 17:09:14,/photo/,4032x3024,128.07423333333,36.771705555556,
f_f015610,2309090010,4,f01561001009p0005,f01561001009p0005.jpg,jpg,2023-09-09 18:37:07,/photo/,2268x4032,128.1447,36.650416666667,
f_f012889,2309100010,4,f01288901009p0005,f01288901009p0005.jpg,jpg,2023-09-10 13:48:34,/photo/,4032x3024,129.2267741,35.833899799722,
f_f000568,2305200008,5,f00056802008p0007,f00056802008p0007.jpg,jpg,2023-05-20 16:16:55,/photo/,3024x4032,128.87735,37.7794,
f_f000429,2305210003,5,f00042903004p0006,f00042903004p0006.jpg,jpg,2023-05-21 16:19:53,/photo/,4000x3000,129.12781,35.14676,
f_f001912,2305290007,5,f00191201006p0006,f00191201006p0006.jpg,jpg,2023-05-29 19:25:07,/photo/,4032x3024,129.03295833333,37.691586111111,
f_f002771,2306030011,5,f00277101011p0006,f00277101011p0006.jpg,jpg,2023-06-03 12:00:20,/photo/,4032x3024,128.58573888889,35.866980555556,
f_f003509,2306180008,5,f00350901008p0006,f00350901008p0006.jpg,jpg,2023-06-18 18:53:30,/photo/,4000x3000,128.891863,35.2446095,
f_f004740,2307290009,5,f00474001009p0006,f00474001009p0006.jpg,jpg,2023-07-29 16:59:47,/photo/,4032x3024,129.26399166667,35.850638888889,
f_f008182,2308220001,5,f00818202002p0006,f00818202002p0006.jpg,jpg,2023-08-22 11:40:08,/photo/,4032x3024,128.72201388889,38.023497222222,
f_f010778,2308250010,5,f01077801009p0006,f01077801009p0006.jpg,jpg,2023-08-25 18:34:26,/photo/,4000x3000,127.93679009972,35.2741722,
f_f009530,2308290010,5,f00953001009p0006,f00953001009p0006.jpg,jpg,2023-08-29 14:39:06,/photo/,2268x4032,129.24380555556,35.812513888889,
f_f012426,2309110007,5,f01242601007p0006,f01242601007p0006.jpg,jpg,2023-09-11 16:27:59,/photo/,4032x3024,127.54330555556,37.830077777778,
f_f000027,2304280005,6,f00002701005p0007,f00002701005p0007.jpg,jpg,2023-04-28 14:15:47,/photo/,4032x3024,128.721931,35.087226999722,
f_f000690,2305180003,6,f00069001002p0007,f00069001002p0007.jpg,jpg,2023-05-18 14:58:51,/photo/,3060x4080,128.497208,35.540961199722,
f_f012889,2309100010,6,f01288901009p0007,f01288901009p0007.jpg,jpg,2023-09-10 13:46:35,/photo/,4032x3024,129.2267979,35.833382299722,
f_f012889,2309100012,6,f01288901011p0007,f01288901011p0007.jpg,jpg,2023-09-10 15:02:19,/photo/,4032x3024,129.26301209972,35.8502123,
f_f012426,2309110003,6,f01242601003p0007,f01242601003p0007.jpg,jpg,2023-09-11 11:58:30,/photo/,4032x3024,127.723175,37.893252777778,
f_f016634,2309170003,6,f01663401003p0007,f01663401003p0007.jpg,jpg,2023-09-17 14:57:17,/photo/,4000x3000,128.08116079972,37.268376099722,
f_f016457,2309180003,6,f01645701003p0007,f01645701003p0007.jpg,jpg,2023-09-18 14:54:26,/photo/,4032x2268,127.7039074,35.2375679,
f_f000384,2305190004,7,f00038401004p0008,f00038401004p0008.jpg,jpg,2023-05-19 13:18:43,/photo/,4032x3024,129.15841666667,37.479369444444,
f_f000790,2305190004,7,f00079001004p0008,f00079001004p0008.jpg,jpg,2023-05-19 18:58:59,/photo/,2992x2992,129.19966944444,35.860411111111,
f_f005042,2308060004,7,f00504201005p0008,f00504201005p0008.jpg,jpg,2023-08-06 13:22:04,/photo/,3024x4032,129.21415555556,35.834811111111,
f_f000437,2305160011,0,f00043701010p0001,f00043701010p0001.jpg,jpg,2023-05-16 20:00:10,/photo/,4000x1800,128.7643303,36.578565099722,
f_f014045,2309050004,7,f01404501004p0008,f01404501004p0008.jpg,jpg,2023-09-05 09:06:50,/photo/,4032x3024,128.60394529972,38.190079199722,
f_f016094,2309130009,7,f01609401008p0008,f01609401008p0008.jpg,jpg,2023-09-13 14:41:45,/photo/,4032x2268,129.25542659972,36.0025945,
f_f015600,2309140004,7,f01560001003p0008,f01560001003p0008.jpg,jpg,2023-09-14 11:44:57,/photo/,4032x3024,127.83336979972,35.023664599722,
f_f015975,2309150004,7,f01597501004p0008,f01597501004p0008.jpg,jpg,2023-09-15 14:55:23,/photo/,4032x3024,128.68226666667,35.232497222222,
f_f001902,2305310005,8,f00190202005p0009,f00190202005p0009.jpg,jpg,2023-05-31 15:38:13,/photo/,4032x3024,129.15778409972,35.165721699722,
f_f004717,2308050004,8,f00471701003p0009,f00471701003p0009.jpg,jpg,2023-08-05 15:28:03,/photo/,3024x3024,128.6018099,35.868298299722,
f_f000925,2305190003,0,f00092501002p0001,f00092501002p0001.jpg,jpg,2023-05-19 19:13:05,/photo/,4000x3000,128.50769869972,35.295511099722,
f_f009530,2308290006,8,f00953001004p0009,f00953001004p0009.jpg,jpg,2023-08-29 11:19:24,/photo/,4032x3024,129.51257222222,35.8297,
f_f009530,2308290010,8,f00953001009p0009,f00953001009p0009.jpg,jpg,2023-08-29 14:49:03,/photo/,4032x3024,129.24516388889,35.812427777778,
f_f012426,2309110006,8,f01242601006p0009,f01242601006p0009.jpg,jpg,2023-09-11 15:29:48,/photo/,4032x3024,127.77806944444,37.901811111111,
f_f012426,2309110007,8,f01242601007p0009,f01242601007p0009.jpg,jpg,2023-09-11 16:51:47,/photo/,3024x4032,127.54249444444,37.832622222222,
f_f016094,2309130006,8,f01609401007p0010,f01609401007p0010.jpg,jpg,2023-09-13 14:08:43,/photo/,4032x2268,129.25234299972,36.001811899722,
f_f015600,2309140003,8,f01560001002p0009,f01560001002p0009.jpg,jpg,2023-09-14 10:46:21,/photo/,4032x3024,127.64994559972,35.232143999722,
f_f000609,2305190004,0,f00060901004p0001,f00060901004p0001.jpg,jpg,2023-05-19 15:09:29,/photo/,4032x2268,128.99870079972,37.720837,
f_f000267,2305190006,0,f00026701004p0001,f00026701004p0001.jpg,jpg,2023-05-19 14:35:53,/photo/,4032x3024,128.632325,37.360236111111,
f_f000027,2304300005,5,f00002703006p0006,f00002703006p0006.jpg,jpg,2023-04-30 16:58:42,/photo/,4032x3024,128.8203981,35.371557299722,찰리 하우스
f_f000689,2305150005,5,f00068901099p0006,f00068901099p0006.jpg,jpg,2023-05-15 16:23:50,/photo/,4032x3024,127.8964,34.767047222222,울트라마린
f_f000689,2305160002,4,f00068902003p0005,f00068902003p0005.jpg,jpg,2023-05-16 11:43:08,/photo/,4032x3024,127.83595277778,34.806697222222,집
f_f000689,2305160002,7,f00068902003p0008,f00068902003p0008.jpg,jpg,2023-05-16 11:41:06,/photo/,4032x3024,127.83608888889,34.806983333333,남해스포츠파크
f_f000689,2305160003,3,f00068902004p0004,f00068902004p0004.jpg,jpg,2023-05-16 13:34:18,/photo/,4032x3024,127.84711388889,34.784655555556,꽃동 게장 1번가
f_f000689,2305160003,4,f00068902004p0005,f00068902004p0005.jpg,jpg,2023-05-16 13:34:20,/photo/,4032x3024,127.84710555556,34.784652777778,해동용궁사
f_f000429,2305210003,0,f00042903004p0001,f00042903004p0001.jpg,jpg,2023-05-21 16:43:31,/photo/,4000x3000,129.13619097222,35.158594972222,
f_f000437,2305170003,3,f00043702003p0004,f00043702003p0004.jpg,jpg,2023-05-17 12:33:19,/photo/,4000x1800,128.55257779972,36.5405376,할리스 백양사휴게소 순천방향점
f_f000925,2305220001,0,f00092504002p0001,f00092504002p0001.jpg,jpg,2023-05-22 17:04:46,/photo/,4000x3000,128.6287469,35.259496099722,
f_f000492,2305170005,6,f00049203004p0007,f00049203004p0007.jpg,jpg,2023-05-18 08:50:10,/photo/,4032x3024,127.69839444444,37.884669444444,달자 게스트하우스
f_f000690,2305180003,7,f00069001002p0008,f00069001002p0008.jpg,jpg,2023-05-18 14:58:21,/photo/,3060x4080,128.49706029972,35.541085899722,해동용궁사
f_f000690,2305180003,8,f00069001002p0009,f00069001002p0009.jpg,jpg,2023-05-18 14:58:45,/photo/,3060x4080,128.4971647,35.5409523,누운 골 식당
f_f000690,2305180003,16,f00069001002p0017,f00069001002p0017.jpg,jpg,2023-05-18 15:03:05,/photo/,3060x4080,128.49725119972,35.5394852,묵호역
f_f000516,2305190002,2,f00051601002p0003,f00051601002p0003.jpg,jpg,2023-05-19 15:20:05,/photo/,4032x3024,128.76216819972,37.9710084,대구 국제공항
f_f000516,2305190002,3,f00051601002p0004,f00051601002p0004.jpg,jpg,2023-05-19 15:16:56,/photo/,4032x3024,128.76212639972,37.970876799722,설악산 국립공원 설악동 야영장
f_f000291,2305190003,3,f00029101002p0004,f00029101002p0004.jpg,jpg,2023-05-19 17:55:37,/photo/,4000x3000,129.0401664,35.1150432,히노다
f_f000493,2305190003,5,f00049301002p0006,f00049301002p0006.jpg,jpg,2023-05-19 11:06:42,/photo/,4000x3000,129.0243072,37.100409599722,안목 해변
f_f001440,2305260004,0,f00144002004p0001,f00144002004p0001.jpg,jpg,2023-05-26 11:23:18,/photo/,4032x2268,129.03109249972,35.099995399722,
f_f000790,2305190004,3,f00079001004p0004,f00079001004p0004.jpg,jpg,2023-05-19 18:47:23,/photo/,3024x4032,129.1996,35.860172222222,소백산풍기온천리조트
f_f000384,2305190004,3,f00038401004p0004,f00038401004p0004.jpg,jpg,2023-05-19 13:39:48,/photo/,4032x3024,129.16001944444,37.479233333333,소백산풍기온천리조트
f_f000790,2305190004,4,f00079001004p0005,f00079001004p0005.jpg,jpg,2023-05-19 18:40:03,/photo/,4032x3024,129.19891388889,35.858636111111,한화리조트 설악 쏘라노
f_f000384,2305190004,4,f00038401004p0005,f00038401004p0005.jpg,jpg,2023-05-19 13:34:33,/photo/,4032x3024,129.15998888889,37.479222222222,한화리조트 설악 쏘라노
f_f000384,2305190004,6,f00038401004p0007,f00038401004p0007.jpg,jpg,2023-05-19 13:20:34,/photo/,4032x3024,129.15831111111,37.479830555556,초당 애
f_f000291,2305190004,8,f00029101003p0009,f00029101003p0009.jpg,jpg,2023-05-19 13:40:58,/photo/,4000x3000,129.15151349972,35.1525984,집
f_f000790,2305190004,8,f00079001004p0009,f00079001004p0009.jpg,jpg,2023-05-19 18:57:41,/photo/,2992x2992,129.19966944444,35.860411111111,집
f_f000384,2305190004,9,f00038401004p0010,f00038401004p0010.jpg,jpg,2023-05-19 13:17:42,/photo/,4032x3024,129.15875277778,37.479072222222,포항 해상 스카이워크
f_f000530,2305190004,9,f00053001004p0010,f00053001004p0010.jpg,jpg,2023-05-19 15:17:41,/photo/,4032x3024,128.89671388889,37.813797222222,포항 해상 스카이워크
f_f001116,2305270001,0,f00111602099p0001,f00111602099p0001.jpg,jpg,2023-05-27 14:32:58,/photo/,4000x2252,128.42771049972,36.391817199722,
f_f000291,2305190004,16,f00029101003p0017,f00029101003p0017.jpg,jpg,2023-05-19 13:49:50,/photo/,4000x3000,129.1515904,35.152627199722,친척 경작지(오디 밭)
f_f000429,2305190006,5,f00042901006p0006,f00042901006p0006.jpg,jpg,2023-05-19 16:02:40,/photo/,4000x3000,129.033395,35.099837972222,카페의 숲
f_f000382,2305190006,6,f00038201099p0007,f00038201099p0007.jpg,jpg,2023-05-19 15:33:05,/photo/,4032x3024,129.22261111111,35.21405,사량도 대항 마마 펜션
f_f001726,2305270003,0,f00172601003p0001,f00172601003p0001.jpg,jpg,2023-05-27 12:21:20,/photo/,3024x3024,128.4444353,35.268596199722,
f_f000384,2305190010,5,f00038401099p0006,f00038401099p0006.jpg,jpg,2023-05-19 15:16:34,/photo/,4032x3024,129.28762777778,37.309680555556,어썸 비치
f_f000384,2305200001,2,f00038402002p0003,f00038402002p0003.jpg,jpg,2023-05-20 10:13:36,/photo/,4032x3024,129.30865555556,37.2892,안동 하회마을
f_f000384,2305200001,7,f00038402002p0008,f00038402002p0008.jpg,jpg,2023-05-20 10:39:20,/photo/,4032x3024,129.31849722222,37.288002777778,광주역
f_f000429,2305200001,8,f00042902002p0009,f00042902002p0009.jpg,jpg,2023-05-20 09:58:32,/photo/,4000x3000,129.175676,35.156416,용두해수욕장
f_f000429,2305200001,9,f00042902002p0010,f00042902002p0010.jpg,jpg,2023-05-20 10:01:13,/photo/,4000x3000,129.177433,35.155555972222,후포항
f_f000384,2305200001,10,f00038402002p0011,f00038402002p0011.jpg,jpg,2023-05-20 10:54:40,/photo/,4032x3024,129.319,37.288311111111,집
f_f000384,2305200001,14,f00038402002p0015,f00038402002p0015.jpg,jpg,2023-05-20 11:25:37,/photo/,4032x3024,129.31468055556,37.288391666667,공천포식당
f_f000384,2305200002,2,f00038402003p0003,f00038402003p0003.jpg,jpg,2023-05-20 11:58:40,/photo/,4032x3024,129.31787222222,37.289325,동대구역
f_f000384,2305200002,3,f00038402003p0004,f00038402003p0004.jpg,jpg,2023-05-20 12:07:49,/photo/,4032x3024,129.31726111111,37.289911111111,경주 감은사지 맞은편 노지 캠핑
f_f000790,2305200003,3,f00079002004p0004,f00079002004p0004.jpg,jpg,2023-05-20 12:16:10,/photo/,4032x3024,129.31336944444,35.8,소노벨 천안 오션 어드벤처
f_f000835,2305200003,6,f00083502004p0007,f00083502004p0007.jpg,jpg,2023-05-20 10:27:13,/photo/,4032x1816,129.04735999972,35.0758719,굿모닝 레지던스 휴
f_f000844,2305200003,10,f00084402004p0011,f00084402004p0011.jpg,jpg,2023-05-20 14:24:37,/photo/,4032x3024,129.44416944444,35.491847222222,폴 바셋 여의도 IFC 몰점
f_f001226,2305280006,0,f00122602007p0001,f00122602007p0001.jpg,jpg,2023-05-28 15:26:38,/photo/,4032x3024,128.584,38.191319444444,
f_f000844,2305200003,13,f00084402004p0014,f00084402004p0014.jpg,jpg,2023-05-20 14:47:41,/photo/,4032x3024,129.43986388889,35.491372222222,보령 박물관
f_f000844,2305200003,14,f00084402004p0015,f00084402004p0015.jpg,jpg,2023-05-20 14:50:08,/photo/,4032x3024,129.438675,35.490902777778,곡성기 차 마을 휴게소 순천방향
f_f000782,2305200003,18,f00078201099p0019,f00078201099p0019.jpg,jpg,2023-05-21 10:40:45,/photo/,4608x3456,127.68160699972,37.646431599722,강릉역
f_f001925,2305290003,0,f00192501002p0001,f00192501002p0001.jpg,jpg,2023-05-29 11:59:56,/photo/,3264x2448,128.87866530556,35.234280722222,
f_f000568,2305200004,2,f00056802004p0004,f00056802004p0004.jpg,jpg,2023-05-20 12:14:47,/photo/,4032x3024,128.91131666667,37.801922222222,체크크로플 롯데월드몰점
f_f000790,2305200004,7,f00079002005p0008,f00079002005p0008.jpg,jpg,2023-05-20 15:28:47,/photo/,4032x3024,129.28944444444,35.828802777778,남해안 크루즈 관광 미남크루즈
f_f000790,2305200004,8,f00079002005p0009,f00079002005p0009.jpg,jpg,2023-05-20 15:34:07,/photo/,4000x3000,129.288025,35.825797222222,롯데 아울렛 광교점
f_f000790,2305200004,9,f00079002005p0010,f00079002005p0010.jpg,jpg,2023-05-20 15:34:44,/photo/,4000x3000,129.28927222222,35.828913888889,카페 얼
f_f000790,2305200005,4,f00079002006p0005,f00079002006p0005.jpg,jpg,2023-05-20 17:27:53,/photo/,3024x4032,129.49740555556,35.791430555556,제주 오누이
f_f000338,2305200005,5,f00033801004p0006,f00033801004p0006.jpg,jpg,2023-05-20 14:07:24,/photo/,4032x3024,127.89625555556,34.933066666667,임실 닭갈비
f_f000338,2305200005,6,f00033801004p0007,f00033801004p0007.jpg,jpg,2023-05-20 14:23:44,/photo/,3024x4032,127.89682777778,34.933011111111,국립 해양 박물관
f_f000844,2305200006,3,f00084402007p0004,f00084402007p0004.jpg,jpg,2023-05-20 22:07:48,/photo/,3024x4032,129.31297222222,35.571113888889,한화리조트 거제 벨보 디어 뽀로로 키즈카페
f_f000869,2305200006,4,f00086901099p0005,f00086901099p0005.jpg,jpg,2023-05-20 18:46:04,/photo/,4032x3024,128.50705,38.359394444444,소색채본 베이커리
f_f000844,2305200006,4,f00084402007p0005,f00084402007p0005.jpg,jpg,2023-05-20 22:08:52,/photo/,4032x3024,129.31309444444,35.570991666667,소색채본 베이커리
f_f000461,2306020003,0,f00046101003p0001,f00046101003p0001.jpg,jpg,2023-06-02 15:41:43,/photo/,4032x3024,126.970304,37.5539584,
f_f002696,2306020003,0,f00269601003p0001,f00269601003p0001.jpg,jpg,2023-06-02 12:56:43,/photo/,2992x2992,128.95423519972,35.9656037,
f_f000461,2306020005,0,f00046101005p0001,f00046101005p0001.jpg,jpg,2023-06-02 18:50:47,/photo/,4032x3024,129.20853915556,35.836142452778,
f_f002696,2306020005,0,f00269601005p0001,f00269601005p0001.jpg,jpg,2023-06-02 14:39:12,/photo/,2992x2992,129.1071172,35.980350199722,
f_f000429,2305200007,5,f00042902008p0006,f00042902008p0006.jpg,jpg,2023-05-20 19:17:13,/photo/,4000x3000,128.95884497222,35.050114972222,성심당 본점
f_f000568,2305200008,7,f00056802008p0009,f00056802008p0009.jpg,jpg,2023-05-20 16:14:30,/photo/,4032x3024,128.87742777778,37.779455555556,바우 카페 본점
f_f000568,2305200008,9,f00056802008p0011,f00056802008p0011.jpg,jpg,2023-05-20 16:10:09,/photo/,4032x3024,128.87771666667,37.779319444444,오죽헌
f_f000532,2306030001,0,f00053202002p0001,f00053202002p0001.jpg,jpg,2023-06-03 10:40:25,/photo/,4032x3024,128.41737,34.846187972222,
f_f000869,2305210001,1,f00086902002p0002,f00086902002p0002.jpg,jpg,2023-05-21 10:27:49,/photo/,4032x3024,128.50705,38.364436111111,숙소
f_f000433,2306030003,0,f00043302004p0001,f00043302004p0001.jpg,jpg,2023-06-03 16:11:44,/photo/,4032x3024,128.59765555556,35.855761111111,
f_f000669,2306030003,0,f00066901003p0001,f00066901003p0001.jpg,jpg,2023-06-03 13:25:11,/photo/,4032x3024,129.07933428611,35.077862522222,
f_f000767,2306030003,0,f00076701002p0001,f00076701002p0001.jpg,jpg,2023-06-03 14:55:35,/photo/,3024x4032,128.628672,38.1262976,
f_f001363,2306030003,0,f00136302004p0001,f00136302004p0001.jpg,jpg,2023-06-03 13:01:07,/photo/,4032x3024,128.630325,38.124652777778,
f_f000429,2305210002,2,f00042903003p0003,f00042903003p0003.jpg,jpg,2023-05-21 14:30:31,/photo/,4000x3000,129.13323297222,35.158633972222,청주 국제공항
f_f000844,2305210002,3,f00084403003p0004,f00084403003p0004.jpg,jpg,2023-05-21 14:04:00,/photo/,4032x3024,129.32084722222,35.557905555556,경기 상상 캠퍼스
f_f002771,2306030005,0,f00277101012p0001,f00277101012p0001.jpg,jpg,2023-06-03 13:14:38,/photo/,4032x3024,128.56095833333,35.854677777778,
f_f000844,2305210002,4,f00084403003p0005,f00084403003p0005.jpg,jpg,2023-05-21 14:05:33,/photo/,4032x3024,129.32083055556,35.557902777778,집
f_f000429,2305210002,5,f00042903003p0006,f00042903003p0006.jpg,jpg,2023-05-21 14:30:55,/photo/,4000x3000,129.13323297222,35.158634972222,고사포 야영장
f_f000879,2306030006,0,f00087901005p0001,f00087901005p0001.jpg,jpg,2023-06-03 15:05:32,/photo/,4032x3024,129.06005833333,35.166858333333,
f_f000429,2305210002,10,f00042903003p0011,f00042903003p0011.jpg,jpg,2023-05-21 15:21:49,/photo/,4000x3000,129.14087497222,35.159644,서울숲
f_f001112,2306030009,0,f00111201099p0001,f00111201099p0001.jpg,jpg,2023-06-03 16:27:10,/photo/,4000x3000,129.0343512,35.098108099722,
f_f002771,2306030012,0,f00277101007p0001,f00277101007p0001.jpg,jpg,2023-06-03 10:19:48,/photo/,4032x3024,128.59071388889,35.871472222222,
f_f002771,2306030013,0,f00277101008p0001,f00277101008p0001.jpg,jpg,2023-06-03 10:34:12,/photo/,3024x4032,128.58799722222,35.8689,
f_f002771,2306030015,0,f00277101004p0001,f00277101004p0001.jpg,jpg,2023-06-03 10:17:17,/photo/,4032x3024,128.59083611111,35.871516666667,
f_f001412,2306040001,0,f00141202002p0001,f00141202002p0001.jpg,jpg,2023-06-04 11:22:54,/photo/,4000x1848,127.82950499972,35.442069799722,
f_f002429,2306040002,0,f00242902003p0001,f00242902003p0001.jpg,jpg,2023-06-04 15:21:55,/photo/,3024x4032,129.0468,35.076830555556,
f_f002486,2306040002,0,f00248602003p0001,f00248602003p0001.jpg,jpg,2023-06-04 12:37:34,/photo/,2228x3960,127.22853888889,37.534980555556,
f_f000429,2305210003,12,f00042903004p0013,f00042903004p0013.jpg,jpg,2023-05-21 15:26:49,/photo/,4000x3000,129.140206,35.158692972222,거창사건 추모공원
f_f001059,2305210004,2,f00105901003p0003,f00105901003p0003.jpg,jpg,2023-05-21 10:24:26,/photo/,4032x3024,128.89094739972,37.760422499722,중앙 찜닭
f_f001059,2305210004,5,f00105901003p0006,f00105901003p0006.jpg,jpg,2023-05-21 10:33:49,/photo/,4032x3024,128.8909309,37.7604289,안동 하회마을
f_f002429,2306040004,0,f00242902005p0001,f00242902005p0001.jpg,jpg,2023-06-04 16:02:07,/photo/,4032x3024,129.04263333333,35.092891666667,
f_f002860,2306040004,0,f00286002006p0001,f00286002006p0001.jpg,jpg,2023-06-04 12:47:12,/photo/,4000x3000,128.9096576,37.791919999722,
f_f002894,2306040004,0,f00289402004p0001,f00289402004p0001.jpg,jpg,2023-06-04 15:50:34,/photo/,2252x4000,129.20949759972,35.8352384,
f_f001131,2306040005,0,f00113101004p0001,f00113101004p0001.jpg,jpg,2023-06-04 15:14:00,/photo/,4032x3024,129.39291388889,36.360316666667,
f_f002894,2306040005,0,f00289402005p0001,f00289402005p0001.jpg,jpg,2023-06-04 17:36:32,/photo/,4000x2252,129.47488,35.688768,
f_f000655,2306040008,0,f00065501009p0001,f00065501009p0001.jpg,jpg,2023-06-04 15:25:44,/photo/,4032x3024,128.6819,36.995005555556,
f_f001380,2306050001,0,f00138003002p0001,f00138003002p0001.jpg,jpg,2023-06-05 15:12:06,/photo/,4032x3024,128.06068333333,36.653080555556,
f_f000925,2305220002,5,f00092504003p0006,f00092504003p0006.jpg,jpg,2023-05-22 18:04:24,/photo/,4000x3000,128.680509,35.232098972222,파라다이스 시티
f_f002958,2306050002,0,f00295801002p0001,f00295801002p0001.jpg,jpg,2023-06-05 14:41:32,/photo/,4608x3456,129.47438859972,35.686255299722,
f_f000925,2305220002,6,f00092504003p0007,f00092504003p0007.jpg,jpg,2023-05-22 18:04:31,/photo/,4000x3000,128.6805094,35.2320986,설리 스카이워크
f_f000925,2305220002,7,f00092504003p0008,f00092504003p0008.jpg,jpg,2023-05-22 18:04:53,/photo/,4000x3000,128.6805094,35.2320986,오설록 티 뮤지엄
f_f000925,2305220002,12,f00092504003p0013,f00092504003p0013.jpg,jpg,2023-05-22 18:09:06,/photo/,4000x3000,128.680857,35.233097972222,순천역
f_f000952,2305220003,8,f00095201003p0009,f00095201003p0009.jpg,jpg,2023-05-22 13:11:59,/photo/,4032x3024,129.2274762,35.829891,대전중앙시장
f_f000952,2305220007,2,f00095201007p0003,f00095201007p0003.jpg,jpg,2023-05-22 19:18:09,/photo/,4032x3024,129.2162993,35.834960999722,대구 북부시외버스터미널
f_f001081,2305230005,4,f00108102004p0005,f00108102004p0005.jpg,jpg,2023-05-23 11:01:46,/photo/,4032x1960,129.07472222222,37.601666666667,순천만 국가 정원
f_f000484,2305250002,2,f00048403002p0003,f00048403002p0003.jpg,jpg,2023-05-25 12:31:34,/photo/,4000x3000,128.8071501,35.0227073,모 브랜드 광주 초월점
f_f000484,2305250002,5,f00048403002p0006,f00048403002p0006.jpg,jpg,2023-05-25 12:29:19,/photo/,4000x3000,128.8071865,35.022616499722,동남 패밀리 아파트
f_f001440,2305250002,8,f00144001002p0009,f00144001002p0009.jpg,jpg,2023-05-25 13:13:46,/photo/,4032x1816,128.96624829972,35.0451715,한 섬 해변
f_f001440,2305250004,5,f00144001004p0006,f00144001004p0006.jpg,jpg,2023-05-25 17:41:05,/photo/,4032x2268,129.01959809972,35.061057599722,정방폭포
f_f001440,2305250004,12,f00144001004p0013,f00144001004p0013.jpg,jpg,2023-05-25 18:14:34,/photo/,4032x2268,129.02020289972,35.06145,블루샥 서울시청점
f_f001440,2305250004,14,f00144001004p0015,f00144001004p0015.jpg,jpg,2023-05-25 18:30:26,/photo/,4032x2268,129.02065419972,35.063922099722,먼치스앤구디스
f_f000484,2305260001,4,f00048404099p0005,f00048404099p0005.jpg,jpg,2023-05-26 11:46:46,/photo/,4000x3000,128.71101469972,35.0077329,고운 식물원
f_f001124,2305260002,2,f00112402002p0003,f00112402002p0003.jpg,jpg,2023-05-26 10:09:13,/photo/,3828x3000,129.23048959972,37.390895999722,김해국제공항 국내선 청사
f_f001124,2305260002,3,f00112402002p0004,f00112402002p0004.jpg,jpg,2023-05-26 10:02:30,/photo/,2731x3824,129.23097599972,37.3907712,한국가스안전공사 본사
f_f000831,2305260002,7,f00083101002p0008,f00083101002p0008.jpg,jpg,2023-05-26 17:41:13,/photo/,4000x3000,129.06648309972,35.4872535,태평양 아파트 12동
f_f001440,2305260002,10,f00144002002p0011,f00144002002p0011.jpg,jpg,2023-05-26 09:41:53,/photo/,4032x1816,129.01021869972,35.0983565,인정 김밥
f_f000831,2305260002,12,f00083101002p0013,f00083101002p0013.jpg,jpg,2023-05-26 17:30:02,/photo/,4000x3000,129.0646676,35.487818699722,망상 해변
f_f001440,2305260002,13,f00144002002p0014,f00144002002p0014.jpg,jpg,2023-05-26 09:49:11,/photo/,4032x1816,129.0087125,35.0981084,집
f_f001440,2305260002,15,f00144002002p0016,f00144002002p0016.jpg,jpg,2023-05-26 09:57:54,/photo/,4032x2268,129.0086957,35.098168,열린 송현 녹지 광장
f_f001440,2305260002,16,f00144002002p0017,f00144002002p0017.jpg,jpg,2023-05-26 10:03:05,/photo/,4032x2268,129.0085119,35.0977973,종달 여행
f_f000740,2305260003,3,f00074001003p0004,f00074001003p0004.jpg,jpg,2023-05-26 17:44:13,/photo/,3024x3024,127.71413859972,37.873825899722,영순 식당
f_f001336,2305260003,5,f00133601003p0006,f00133601003p0006.jpg,jpg,2023-05-26 12:17:55,/photo/,4032x2268,127.34528349972,34.841976699722,속초 패밀리 민박
f_f001336,2305260003,6,f00133601003p0007,f00133601003p0007.jpg,jpg,2023-05-26 12:18:06,/photo/,4032x2268,127.34528349972,34.841976699722,연산 주유소
f_f001440,2305260003,7,f00144002003p0008,f00144002003p0008.jpg,jpg,2023-05-26 10:53:45,/photo/,4032x2268,129.031944,35.100360972222,쉐라톤 그랜드 인천 호텔
f_f001336,2305260003,9,f00133601003p0010,f00133601003p0010.jpg,jpg,2023-05-26 12:29:00,/photo/,4032x2268,127.3454877,34.841846099722,힐링 서프
f_f001440,2305260003,11,f00144002003p0012,f00144002003p0012.jpg,jpg,2023-05-26 10:59:11,/photo/,4032x2268,129.0330422,35.100213199722,아웅
f_f001440,2305260003,14,f00144002003p0015,f00144002003p0015.jpg,jpg,2023-05-26 11:20:40,/photo/,4032x2268,129.0317563,35.099975299722,무릉 별유천지
f_f001440,2305260005,2,f00144002005p0003,f00144002005p0003.jpg,jpg,2023-05-26 12:10:41,/photo/,4032x2268,129.03114899972,35.102769999722,서울고속버스터미널(경부)
f_f001440,2305260005,3,f00144002005p0004,f00144002005p0004.jpg,jpg,2023-05-26 12:10:27,/photo/,4032x2268,129.03114897222,35.102769972222,제주 국제공항
f_f001440,2305260005,5,f00144002005p0006,f00144002005p0006.jpg,jpg,2023-05-26 12:11:30,/photo/,4032x2268,129.0311325,35.102750999722,대구 삼성 라이온즈 파크
f_f001440,2305260005,7,f00144002005p0008,f00144002005p0008.jpg,jpg,2023-05-26 12:14:26,/photo/,4032x2268,129.0311378,35.1027756,호랑이 젤라 떡
f_f001440,2305260005,10,f00144002005p0011,f00144002005p0011.jpg,jpg,2023-05-26 12:17:32,/photo/,4032x2268,129.03109119972,35.103071999722,사계 생활
f_f001440,2305260005,12,f00144002005p0013,f00144002005p0013.jpg,jpg,2023-05-26 12:20:38,/photo/,2268x4032,129.03159039972,35.102707199722,경주읍성
f_f001026,2305270001,1,f00102602002p0002,f00102602002p0002.jpg,jpg,2023-05-27 12:10:16,/photo/,4032x3024,127.74544444444,35.061927777778,집
f_f001026,2305270001,5,f00102602002p0006,f00102602002p0006.jpg,jpg,2023-05-27 11:56:47,/photo/,3024x4032,127.74295833333,35.062958333333,청사포역
f_f001116,2305270001,5,f00111602099p0006,f00111602099p0006.jpg,jpg,2023-05-27 12:10:50,/photo/,4000x2252,128.42681419972,36.3917495,청사포역
f_f003509,2306180005,0,f00350901005p0001,f00350901005p0001.jpg,jpg,2023-06-18 15:07:06,/photo/,4000x3000,128.87882949972,35.234000799722,
f_f003509,2306180006,0,f00350901006p0001,f00350901006p0001.jpg,jpg,2023-06-18 16:14:02,/photo/,3000x4000,128.87277,35.242963699722,
f_f001442,2305270002,1,f00144201002p0002,f00144201002p0002.jpg,jpg,2023-05-27 11:39:48,/photo/,4032x3024,128.71630809972,35.5455236,집
f_f001026,2305270002,1,f00102602003p0002,f00102602003p0002.jpg,jpg,2023-05-27 13:27:48,/photo/,2268x4032,127.87959444444,35.110338888889,집
f_f003509,2306180007,0,f00350901007p0001,f00350901007p0001.jpg,jpg,2023-06-18 17:27:36,/photo/,3000x4000,128.8684181,35.2457141,
f_f003509,2306180008,0,f00350901008p0001,f00350901008p0001.jpg,jpg,2023-06-18 18:27:20,/photo/,4000x3000,128.89175249972,35.2465338,
f_f001446,2305270002,2,f00144602003p0003,f00144602003p0003.jpg,jpg,2023-05-27 14:33:18,/photo/,4032x3024,129.16131509972,35.1589078,정은 루체 빌
f_f001336,2305270002,3,f00133602003p0004,f00133602003p0004.jpg,jpg,2023-05-27 14:53:25,/photo/,4032x2268,129.0802543,35.059725399722,대장봉
f_f001233,2305270002,4,f00123301002p0005,f00123301002p0005.jpg,jpg,2023-05-27 11:30:15,/photo/,4000x2252,128.4681616,38.4500546,도두예소담
f_f001442,2305270002,4,f00144201002p0005,f00144201002p0005.jpg,jpg,2023-05-27 11:09:47,/photo/,4032x3024,128.71621989972,35.546555699722,도두예소담
f_f001514,2305270002,5,f00151402003p0006,f00151402003p0006.jpg,jpg,2023-05-27 14:57:20,/photo/,4032x3024,129.24443055556,35.231686111111,냉천 막국수 단양 본점
f_f001442,2305270002,5,f00144201002p0006,f00144201002p0006.jpg,jpg,2023-05-27 11:04:39,/photo/,4032x3024,128.71676329972,35.546972799722,냉천 막국수 단양 본점
f_f001336,2305270002,5,f00133602003p0006,f00133602003p0006.jpg,jpg,2023-05-27 16:06:29,/photo/,4032x2268,129.088308,35.0505154,냉천 막국수 단양 본점
f_f000979,2305270002,6,f00097901002p0007,f00097901002p0007.jpg,jpg,2023-05-27 11:07:10,/photo/,4624x3468,128.3501961,37.218586399722,인곡 전원마을
f_f001442,2305270002,7,f00144201002p0008,f00144201002p0008.jpg,jpg,2023-05-27 11:26:50,/photo/,4032x3024,128.7178533,35.546440699722,셀럽
f_f001442,2305270002,8,f00144201002p0009,f00144201002p0009.jpg,jpg,2023-05-27 11:33:14,/photo/,4032x3024,128.7171533,35.545560399722,하이원리조트 스카이 134밸리
f_f003256,2306230005,0,f00325601004p0001,f00325601004p0001.jpg,jpg,2023-06-23 15:33:00,/photo/,3196x2035,129.32111111111,35.557777777778,
f_f001336,2305270002,9,f00133602003p0010,f00133602003p0010.jpg,jpg,2023-05-27 16:50:07,/photo/,4032x2268,129.09145599972,35.052303999722,청해 포구 촬영장
f_f001336,2305270002,10,f00133602003p0011,f00133602003p0011.jpg,jpg,2023-05-27 17:09:46,/photo/,4032x2268,129.08836379972,35.0557917,행궁 애월
f_f003613,2306230006,0,f00361301006p0001,f00361301006p0001.jpg,jpg,2023-06-23 19:52:33,/photo/,3024x4032,129.47396944444,35.686227777778,
f_f001336,2305270002,11,f00133602003p0012,f00133602003p0012.jpg,jpg,2023-05-27 17:11:19,/photo/,4032x2268,129.0883393,35.055688899722,도담삼봉 단양 유람선 선착장
f_f001336,2305270002,13,f00133602003p0014,f00133602003p0014.jpg,jpg,2023-05-27 17:16:28,/photo/,4032x2268,129.0901762,35.0551084,조함 해안로 38
f_f000710,2305270003,1,f00071001002p0003,f00071001002p0003.jpg,jpg,2023-05-27 16:02:00,/photo/,3024x4032,127.98716111111,37.489419444444,집
f_f000591,2305270003,1,f00059101004p0002,f00059101004p0002.jpg,jpg,2023-05-27 15:24:50,/photo/,4032x3024,128.49990149972,35.539666699722,집
f_f001233,2305270003,2,f00123301003p0003,f00123301003p0003.jpg,jpg,2023-05-27 13:09:18,/photo/,4000x2252,128.44263159972,38.474248299722,용산역
f_f000591,2305270003,3,f00059101004p0004,f00059101004p0004.jpg,jpg,2023-05-27 15:25:27,/photo/,3024x4032,128.49987759972,35.539585799722,한반도 전기 카트체험장
f_f000591,2305270003,5,f00059101004p0006,f00059101004p0006.jpg,jpg,2023-05-27 15:26:21,/photo/,4032x3024,128.4997247,35.5396834,은점 어촌체험마을
f_f001726,2305270003,5,f00172601003p0006,f00172601003p0006.jpg,jpg,2023-05-27 14:25:33,/photo/,3024x3024,128.4467328,35.2661024,은점 어촌체험마을
f_f000889,2305270003,9,f00088902003p0010,f00088902003p0010.jpg,jpg,2023-05-27 12:28:25,/photo/,5312x2988,129.38055555556,36.060833333333,광주 기아 챔피언 스피드
f_f001233,2305270003,10,f00123301003p0011,f00123301003p0011.jpg,jpg,2023-05-27 13:25:55,/photo/,4000x2252,128.44361889972,38.474164399722,홍콩 집
f_f003631,2307010002,0,f00363101002p0001,f00363101002p0001.jpg,jpg,2023-07-01 11:22:36,/photo/,4032x3024,128.32953169972,37.580829899722,
f_f003828,2307010003,0,f00382801003p0001,f00382801003p0001.jpg,jpg,2023-07-01 15:45:13,/photo/,4032x3024,128.68383888889,35.236544444444,
f_f001707,2305270004,1,f00170701004p0002,f00170701004p0002.jpg,jpg,2023-05-27 15:02:44,/photo/,4000x3000,127.8169479,37.528595199722,집
f_f001321,2305270004,2,f00132101004p0003,f00132101004p0003.jpg,jpg,2023-05-27 16:12:38,/photo/,4032x1960,128.55298379972,36.540531799722,거북성
f_f001442,2305270004,3,f00144201004p0004,f00144201004p0004.jpg,jpg,2023-05-27 15:06:48,/photo/,4032x3024,128.7709699,35.482496799722,호호 아줌마
f_f001321,2305270004,3,f00132101004p0004,f00132101004p0004.jpg,jpg,2023-05-27 16:14:07,/photo/,4032x1960,128.55263469972,36.5405627,호호 아줌마
f_f001226,2305270004,3,f00122601004p0004,f00122601004p0004.jpg,jpg,2023-05-27 13:33:26,/photo/,3024x4032,128.61192222222,38.179380555556,호호 아줌마
f_f001658,2305270004,4,f00165801003p0005,f00165801003p0005.jpg,jpg,2023-05-27 13:21:38,/photo/,4032x3024,128.49952777778,35.499205555556,미도리 베란다
f_f001442,2305270004,4,f00144201004p0005,f00144201004p0005.jpg,jpg,2023-05-27 15:07:02,/photo/,4032x3024,128.7709699,35.482496799722,미도리 베란다
f_f001421,2305270004,4,f00142101099p0005,f00142101099p0005.jpg,jpg,2023-05-28 10:35:14,/photo/,4032x3024,129.57894722222,36.014227777778,미도리 베란다
f_f001421,2305270004,5,f00142101099p0006,f00142101099p0006.jpg,jpg,2023-05-28 02:03:37,/photo/,4032x3024,129.57907222222,36.014266666667,소래포구 종합어시장 내 서산집
f_f003757,2307040004,0,f00375701003p0001,f00375701003p0001.jpg,jpg,2023-07-04 18:00:53,/photo/,3024x3024,129.21124404444,35.191759258333,
f_f003757,2307040005,0,f00375701004p0001,f00375701004p0001.jpg,jpg,2023-07-04 18:26:52,/photo/,3024x3024,129.21271469444,35.192276183333,
f_f001321,2305270004,6,f00132101004p0007,f00132101004p0007.jpg,jpg,2023-05-27 16:16:07,/photo/,4032x1960,128.55302259972,36.5400609,창녕 영산만년교
f_f001658,2305270004,6,f00165801003p0007,f00165801003p0007.jpg,jpg,2023-05-27 13:32:38,/photo/,3024x4032,128.50061111111,35.498866666667,창녕 영산만년교
f_f001707,2305270004,6,f00170701004p0007,f00170701004p0007.jpg,jpg,2023-05-27 15:05:42,/photo/,4000x3000,127.81824,37.529116799722,창녕 영산만년교
f_f001658,2305270004,7,f00165801003p0008,f00165801003p0008.jpg,jpg,2023-05-27 14:22:23,/photo/,3024x4032,128.50228888889,35.495019444444,춘천후평우미린뉴시티아파트
f_f001321,2305270004,7,f00132101004p0008,f00132101004p0008.jpg,jpg,2023-05-27 16:17:34,/photo/,4032x1960,128.5534849,36.540228999722,춘천후평우미린뉴시티아파트
f_f001707,2305270004,8,f00170701004p0009,f00170701004p0009.jpg,jpg,2023-05-27 15:12:47,/photo/,4000x3000,127.8184985,37.529220799722,남 미륵사
f_f004131,2307080002,0,f00413101002p0001,f00413101002p0001.jpg,jpg,2023-07-08 12:11:12,/photo/,3024x4032,128.7209348,35.7170123,
f_f004112,2307080004,0,f00411201002p0001,f00411201002p0001.jpg,jpg,2023-07-08 11:18:17,/photo/,3024x3024,129.3135411,35.537202399722,
f_f000657,2305270005,7,f00065701005p0008,f00065701005p0008.jpg,jpg,2023-05-27 18:17:52,/photo/,4032x3024,129.04632,35.07724,롯데백화점 본점
f_f000796,2305270005,8,f00079601004p0009,f00079601004p0009.jpg,jpg,2023-05-27 15:06:34,/photo/,4032x3024,128.40252777778,35.275605555556,스타벅스 더 해운대 R 점
f_f001134,2305270005,11,f00113401005p0012,f00113401005p0012.jpg,jpg,2023-05-27 16:07:54,/photo/,4032x3024,127.49235555556,37.592111111111,진천 주꾸미
f_f000796,2305270005,12,f00079601004p0013,f00079601004p0013.jpg,jpg,2023-05-27 15:07:00,/photo/,4032x3024,128.40243611111,35.275627777778,더 리센츠 호텔
f_f004013,2307150005,0,f00401301006p0001,f00401301006p0001.jpg,jpg,2023-07-15 17:20:57,/photo/,4000x3000,128.58457179972,35.867587999722,
f_f000935,2305270007,2,f00093501005p0003,f00093501005p0003.jpg,jpg,2023-05-27 17:56:00,/photo/,4032x3024,128.42743055556,34.845591666667,마산남부시외버스터미널
f_f004103,2307170009,0,f00410301005p0001,f00410301005p0001.jpg,jpg,2023-07-17 15:12:39,/photo/,4032x3024,127.99433997222,34.719264,
f_f004764,2307230005,0,f00476401005p0001,f00476401005p0001.jpg,jpg,2023-07-23 13:37:23,/photo/,4032x3024,128.61995,35.828483333333,
f_f001421,2305280001,2,f00142102002p0003,f00142102002p0003.jpg,jpg,2023-05-28 11:27:40,/photo/,4032x3024,129.56965555556,36.076786111111,푸른 솔 GC 포천
f_f004760,2307280001,0,f00476002002p0001,f00476002002p0001.jpg,jpg,2023-07-28 10:39:34,/photo/,4032x3024,128.90757777778,37.787688888889,
f_f004760,2307280004,0,f00476002005p0001,f00476002005p0001.jpg,jpg,2023-07-28 12:04:05,/photo/,4032x3024,128.89004444444,37.749858333333,
f_f000591,2305280001,5,f00059102002p0006,f00059102002p0006.jpg,jpg,2023-05-28 12:29:33,/photo/,3024x4032,128.4205951,35.565047999722,대관령 감자옹심이
f_f000473,2305280001,5,f00047302002p0006,f00047302002p0006.jpg,jpg,2023-05-28 10:27:24,/photo/,4032x3024,128.09970749972,35.790928499722,대관령 감자옹심이
f_f000591,2305280001,6,f00059102002p0007,f00059102002p0007.jpg,jpg,2023-05-28 12:29:50,/photo/,4032x3024,128.42058359972,35.564949599722,다온 정에 숯불 양념 석쇠구이
f_f000591,2305280001,9,f00059102002p0010,f00059102002p0010.jpg,jpg,2023-05-28 12:31:06,/photo/,4032x3024,128.42052431667,35.564556802778,영주역
f_f004740,2307290005,0,f00474001005p0001,f00474001005p0001.jpg,jpg,2023-07-29 11:58:57,/photo/,2268x4032,129.21064722222,35.839063888889,
f_f000591,2305280001,10,f00059102002p0011,f00059102002p0011.jpg,jpg,2023-05-28 12:31:29,/photo/,4032x3024,128.42059459972,35.564463799722,제주 아리랑
f_f000591,2305280001,11,f00059102002p0012,f00059102002p0012.jpg,jpg,2023-05-28 12:31:55,/photo/,4032x3024,128.4207341,35.564469699722,육반장 울진점
f_f000591,2305280001,12,f00059102002p0013,f00059102002p0013.jpg,jpg,2023-05-28 12:32:32,/photo/,4032x3024,128.4208849,35.5641819,집
f_f004740,2307290008,0,f00474001008p0001,f00474001008p0001.jpg,jpg,2023-07-29 15:06:24,/photo/,2268x4032,129.33201666667,35.790102777778,
f_f004740,2307290009,0,f00474001009p0001,f00474001009p0001.jpg,jpg,2023-07-29 16:42:44,/photo/,4032x3024,129.26228333333,35.849738888889,
f_f000591,2305280001,17,f00059102002p0018,f00059102002p0018.jpg,jpg,2023-05-28 12:36:01,/photo/,4032x3024,128.421048,35.5643589,스무고개
f_f004305,2307300004,0,f00430501004p0001,f00430501004p0001.jpg,jpg,2023-07-30 13:19:08,/photo/,4032x3024,129.21894722222,35.834336111111,
f_f001026,2305280002,2,f00102603003p0005,f00102603003p0005.jpg,jpg,2023-05-28 15:54:32,/photo/,3024x4032,127.642525,35.227177777778,안동 하회마을
f_f001116,2305280002,5,f00111603003p0006,f00111603003p0006.jpg,jpg,2023-05-28 13:59:53,/photo/,4000x2252,128.44349819972,36.091322599722,가온밀면 당량점
f_f005287,2308020004,0,f00528701003p0001,f00528701003p0001.jpg,jpg,2023-08-02 14:34:51,/photo/,4000x2252,129.20998259972,35.840794699722,
f_f000484,2305280002,5,f00048406099p0006,f00048406099p0006.jpg,jpg,2023-05-29 09:05:26,/photo/,4000x3000,128.71150719972,35.007986299722,가온밀면 당량점
f_f001226,2305280002,7,f00122602003p0008,f00122602003p0008.jpg,jpg,2023-05-28 10:21:16,/photo/,4032x3024,128.52371111111,38.200286111111,해미읍성
f_f001226,2305280002,8,f00122602003p0009,f00122602003p0009.jpg,jpg,2023-05-28 10:17:38,/photo/,4032x3024,128.52361944444,38.200169444444,플레이스 캠프 제주
f_f005403,2308040002,0,f00540301002p0001,f00540301002p0001.jpg,jpg,2023-08-04 09:27:10,/photo/,3024x3024,129.33232222222,35.786947222222,
f_f005403,2308040003,0,f00540301003p0001,f00540301003p0001.jpg,jpg,2023-08-04 10:53:34,/photo/,4032x2268,129.23118611111,35.838202777778,
f_f000591,2305280002,14,f00059102003p0015,f00059102003p0015.jpg,jpg,2023-05-28 12:44:22,/photo/,4032x3024,128.42144089972,35.5658551,흰 여울 문화마을
f_f000591,2305280002,15,f00059102003p0016,f00059102003p0016.jpg,jpg,2023-05-28 12:43:49,/photo/,4032x3024,128.4214172,35.565814699722,시드 누아 속초점
f_f000710,2305280002,15,f00071002002p0016,f00071002002p0016.jpg,jpg,2023-05-28 11:39:20,/photo/,4032x3024,128.63021944444,38.126019444444,시드 누아 속초점
f_f004717,2308050006,0,f00471701005p0001,f00471701005p0001.jpg,jpg,2023-08-05 20:04:43,/photo/,4032x3024,128.62106479972,35.8257647,
f_f005042,2308060004,0,f00504201005p0001,f00504201005p0001.jpg,jpg,2023-08-06 13:20:11,/photo/,2913x3885,129.21400555556,35.834861111111,
f_f005449,2308060004,0,f00544901004p0001,f00544901004p0001.jpg,jpg,2023-08-06 19:28:37,/photo/,4032x3024,128.87454166667,35.231430555556,
f_f000473,2305280003,3,f00047302004p0004,f00047302004p0004.jpg,jpg,2023-05-28 16:43:57,/photo/,4032x3024,128.1703936,35.577542399722,제주 국제공항 렌터카 하우스
f_f005042,2308070001,0,f00504202002p0001,f00504202002p0001.jpg,jpg,2023-08-07 11:50:39,/photo/,3024x4032,129.22689722222,35.832825,
f_f005086,2308080003,0,f00508602004p0001,f00508602004p0001.jpg,jpg,2023-08-08 15:21:19,/photo/,4032x3024,129.4352656,35.5003472,
f_f000611,2305280003,9,f00061101099p0010,f00061101099p0010.jpg,jpg,2023-05-28 16:13:29,/photo/,2268x4032,127.69641111111,37.884388888889,인생 네 컷 속초해수욕장
f_f000591,2305280003,11,f00059102004p0012,f00059102004p0012.jpg,jpg,2023-05-28 13:29:43,/photo/,4032x3024,128.4390682,35.576019199722,우리 이비인후과 의원
f_f005823,2308110006,0,f00582301005p0001,f00582301005p0001.jpg,jpg,2023-08-11 17:04:29,/photo/,4032x2268,127.69154444444,37.8927,
f_f001848,2305280003,12,f00184801002p0013,f00184801002p0013.jpg,jpg,2023-05-28 11:37:24,/photo/,2992x2992,129.5197142,35.8778566,백가네 제주 한 상
f_f006655,2308120008,0,f00665501007p0001,f00665501007p0001.jpg,jpg,2023-08-12 19:30:17,/photo/,3024x4032,128.87089444444,37.844086111111,
f_f000710,2305280004,4,f00071002004p0005,f00071002004p0005.jpg,jpg,2023-05-28 14:36:46,/photo/,3024x4032,128.60900833333,38.183030555556,바람의 언덕
f_f001643,2305280004,8,f00164301099p0009,f00164301099p0009.jpg,jpg,2023-05-28 12:49:30,/photo/,4032x3024,128.59719722222,37.688786111111,블랙핑크 아이스크림
f_f001321,2305280004,10,f00132102003p0011,f00132102003p0011.jpg,jpg,2023-05-28 11:57:23,/photo/,4032x1960,128.84351939972,36.7269012,대전 아이파크시티 1단지 아파트
f_f001321,2305280004,17,f00132102003p0018,f00132102003p0018.jpg,jpg,2023-05-28 12:10:21,/photo/,4032x1960,128.84326429972,36.726910099722,제주항 연안여객터미널
f_f005501,2308150002,0,f00550101002p0001,f00550101002p0001.jpg,jpg,2023-08-15 10:11:52,/photo/,4000x3000,127.85845947222,34.911308277778,
f_f001336,2305280006,12,f00133603007p0014,f00133603007p0014.jpg,jpg,2023-05-28 20:28:00,/photo/,4032x2268,129.05550099972,35.170338,엑스포과학공원
f_f001643,2305290002,2,f00164302003p0003,f00164302003p0003.jpg,jpg,2023-05-29 12:26:19,/photo/,4032x3024,128.59613055556,37.688419444444,청주 국제공항
f_f000973,2305290002,3,f00097303003p0004,f00097303003p0004.jpg,jpg,2023-05-29 12:41:18,/photo/,3024x4032,128.12878333333,36.660586111111,진명 불고기
f_f001643,2305290002,3,f00164302003p0004,f00164302003p0004.jpg,jpg,2023-05-29 12:25:45,/photo/,4032x3024,128.59620555556,37.688455555556,진명 불고기
f_f001026,2305290002,5,f00102604003p0006,f00102604003p0006.jpg,jpg,2023-05-29 10:25:42,/photo/,3024x4032,127.62455555556,35.188083333333,집
f_f000973,2305290002,6,f00097303003p0007,f00097303003p0007.jpg,jpg,2023-05-29 12:28:41,/photo/,4032x3024,128.12873888889,36.660152777778,국립생태원
f_f001643,2305290002,8,f00164302003p0009,f00164302003p0009.jpg,jpg,2023-05-29 11:49:30,/photo/,3024x4032,128.596375,37.688888888889,애월 파티하는 오누 게스트하우스
f_f001643,2305290002,10,f00164302003p0011,f00164302003p0011.jpg,jpg,2023-05-28 15:35:03,/photo/,4032x3024,128.59657222222,37.689255555556,바래온
f_f001643,2305290002,13,f00164302003p0014,f00164302003p0014.jpg,jpg,2023-05-28 15:36:00,/photo/,4032x3024,128.59655833333,37.689441666667,보릿고개 본점
f_f001643,2305290002,15,f00164302003p0016,f00164302003p0016.jpg,jpg,2023-05-28 15:39:51,/photo/,4032x3024,128.59716944444,37.690394444444,포항 고속버스터미널
f_f001925,2305290003,2,f00192501002p0003,f00192501002p0003.jpg,jpg,2023-05-29 12:03:44,/photo/,3264x2448,128.87859269444,35.234834416667,별이 찬 분식
f_f001906,2305290003,3,f00190602004p0004,f00190602004p0004.jpg,jpg,2023-05-29 18:32:54,/photo/,3024x3024,128.4513099,35.6890179,어울가
f_f001925,2305290005,4,f00192501004p0005,f00192501004p0005.jpg,jpg,2023-05-29 14:23:18,/photo/,3264x2448,128.87708625,35.230199222222,곤지암리조트 스파 라 스파
f_f001925,2305290005,9,f00192501004p0010,f00192501004p0010.jpg,jpg,2023-05-29 14:35:50,/photo/,3264x2448,128.87455394444,35.231344333333,프루나
f_f007228,2308220003,0,f00722801004p0001,f00722801004p0001.jpg,jpg,2023-08-22 11:28:20,/photo/,4032x3024,128.820725,37.909380555556,
f_f008182,2308220003,0,f00818202004p0001,f00818202004p0001.jpg,jpg,2023-08-22 12:39:53,/photo/,4032x3024,128.72136111111,38.025416666667,
f_f008079,2308230002,0,f00807901002p0001,f00807901002p0001.jpg,jpg,2023-08-23 15:50:15,/photo/,4032x2268,127.21936111111,38.084061111111,
f_f001902,2305310005,14,f00190202005p0015,f00190202005p0015.jpg,jpg,2023-05-31 15:35:20,/photo/,4032x3024,129.1578317,35.165618899722,부산시티투어
f_f000586,2306010002,9,f00058602003p0010,f00058602003p0010.jpg,jpg,2023-06-01 13:18:18,/photo/,4000x3000,128.58553599972,38.1918336,엘림 게스트하우스 인 속초
f_f000586,2306010002,10,f00058602003p0011,f00058602003p0011.jpg,jpg,2023-06-01 13:17:52,/photo/,4000x3000,128.58553599972,38.1918336,커피 해요
f_f000586,2306010002,12,f00058602003p0013,f00058602003p0013.jpg,jpg,2023-06-01 12:49:47,/photo/,4000x3000,128.5859072,38.1919327,테라스 키친
f_f011548,2308230006,0,f01154801005p0001,f01154801005p0001.jpg,jpg,2023-08-23 10:59:56,/photo/,3024x4032,129.39405833333,36.068694444444,
f_f000586,2306010005,5,f00058602006p0006,f00058602006p0006.jpg,jpg,2023-06-01 19:09:35,/photo/,4000x3000,128.6019712,38.212051199722,제부도항방파제등대
f_f000586,2306020002,4,f00058603002p0005,f00058603002p0005.jpg,jpg,2023-06-02 11:59:02,/photo/,4000x3000,128.6136448,38.180422399722,하심 철학원
f_f007878,2308240006,0,f00787801006p0001,f00787801006p0001.jpg,jpg,2023-08-24 18:21:21,/photo/,4032x3024,128.84645,37.868461111111,
f_f002696,2306020003,2,f00269601003p0003,f00269601003p0003.jpg,jpg,2023-06-02 13:00:47,/photo/,2992x2992,128.9532053,35.965898199722,강경 해물칼국수
f_f001184,2306020003,2,f00118401003p0003,f00118401003p0003.jpg,jpg,2023-06-02 12:53:26,/photo/,4032x3024,129.22738611111,35.829861111111,강경 해물칼국수
f_f001184,2306020003,7,f00118401003p0008,f00118401003p0008.jpg,jpg,2023-06-02 13:28:53,/photo/,4032x3024,129.22854722222,35.829411111111,쎄 콩데 live
f_f002696,2306020004,2,f00269601004p0003,f00269601004p0003.jpg,jpg,2023-06-02 13:56:36,/photo/,2992x2992,129.1096579,35.980622099722,쏠비치 양양 리조트 등
f_f000461,2306020004,2,f00046101004p0003,f00046101004p0003.jpg,jpg,2023-06-02 18:27:50,/photo/,4032x3024,129.13902873611,35.798637713889,쏠비치 양양 리조트 등
f_f001363,2306020005,3,f00136301005p0004,f00136301005p0004.jpg,jpg,2023-06-02 20:18:32,/photo/,4032x3024,128.59452777778,38.218197222222,일광 포차
f_f001184,2306020006,2,f00118401006p0003,f00118401006p0003.jpg,jpg,2023-06-02 16:01:55,/photo/,3024x4032,129.23118611111,35.838272222222,친구 집
f_f000532,2306020006,9,f00053201005p0010,f00053201005p0010.jpg,jpg,2023-06-02 15:42:52,/photo/,4032x3024,128.47416997222,34.796072972222,올레 마당
f_f001184,2306020007,3,f00118401007p0004,f00118401007p0004.jpg,jpg,2023-06-02 17:44:09,/photo/,4032x3024,129.30320555556,35.781988888889,부곡온천호텔
f_f001184,2306020007,5,f00118401007p0006,f00118401007p0006.jpg,jpg,2023-06-02 17:46:10,/photo/,4032x3024,129.30326944444,35.782013888889,라 까사호텔 광명
f_f010099,2308250005,0,f01009902006p0001,f01009902006p0001.jpg,jpg,2023-08-25 16:08:51,/photo/,4032x3024,129.04058888889,35.115852777778,
f_f010778,2308250005,0,f01077801004p0001,f01077801004p0001.jpg,jpg,2023-08-25 13:02:34,/photo/,4032x2268,127.82535529972,35.4397789,
f_f002626,2306030001,2,f00262602002p0003,f00262602002p0003.jpg,jpg,2023-06-03 09:54:58,/photo/,4032x3024,129.222408,35.188930499722,인천 국민안전체험관
f_f002626,2306030001,6,f00262602002p0007,f00262602002p0007.jpg,jpg,2023-06-03 10:12:09,/photo/,4032x3024,129.22322449972,35.188296999722,도토리 숲 키즈파크
f_f001363,2306030002,2,f00136302003p0003,f00136302003p0003.jpg,jpg,2023-06-03 11:37:50,/photo/,3024x4032,128.62834166667,38.125205555556,가톨릭대학교 여의도성모병원
f_f000433,2306030002,3,f00043302003p0004,f00043302003p0004.jpg,jpg,2023-06-03 15:15:57,/photo/,4032x3024,128.56408611111,35.902980555556,실비 생선구이 본점 큰집
f_f011719,2308260002,0,f01171901002p0001,f01171901002p0001.jpg,jpg,2023-08-26 18:21:48,/photo/,4013x2257,128.0393965,35.8995754,
f_f002486,2306030002,5,f00248601099p0006,f00248601099p0006.jpg,jpg,2023-06-03 13:39:02,/photo/,4032x2268,127.74195277778,38.008641666667,호텔 샬롬 제주
f_f002098,2306030002,6,f00209801002p0007,f00209801002p0007.jpg,jpg,2023-06-03 14:55:23,/photo/,2560x1920,129.460497,36.002867972222,파스텔 모텔
f_f002486,2306030002,6,f00248601099p0007,f00248601099p0007.jpg,jpg,2023-06-03 13:41:06,/photo/,4032x2268,127.74128055556,38.007927777778,파스텔 모텔
f_f000433,2306030002,9,f00043302003p0010,f00043302003p0010.jpg,jpg,2023-06-03 15:21:12,/photo/,4032x3024,128.56243888889,35.901291666667,시흥 센트럴 푸르지오 아파트
f_f000433,2306030002,10,f00043302003p0011,f00043302003p0011.jpg,jpg,2023-06-03 15:32:07,/photo/,4032x3024,128.56256111111,35.901269444444,에그그 본점
f_f001412,2306030002,17,f00141201099p0018,f00141201099p0018.jpg,jpg,2023-06-03 19:41:47,/photo/,4000x1848,127.88631829972,35.392850799722,통영종합버스터미널
f_f000433,2306030002,17,f00043302003p0018,f00043302003p0018.jpg,jpg,2023-06-03 15:39:06,/photo/,4032x3024,128.56465277778,35.903388888889,통영종합버스터미널
f_f001181,2306030003,3,f00118102004p0004,f00118102004p0004.jpg,jpg,2023-06-03 16:23:08,/photo/,4000x3000,127.71144971944,37.873752577778,GS 더 프레시 모 브랜드
f_f001184,2306030003,3,f00118402004p0004,f00118402004p0004.jpg,jpg,2023-06-03 16:44:23,/photo/,4032x3024,129.35154722222,35.793708333333,GS 더 프레시 모 브랜드
f_f000669,2306030003,5,f00066901003p0006,f00066901003p0006.jpg,jpg,2023-06-03 14:23:45,/photo/,4032x3024,129.08062271667,35.079463986111,신기한
f_f001762,2306030003,5,f00176201002p0006,f00176201002p0006.jpg,jpg,2023-06-03 11:09:23,/photo/,4032x3024,128.67271089972,37.657715699722,신기한
f_f002762,2306030003,5,f00276201003p0006,f00276201003p0006.jpg,jpg,2023-06-03 15:40:37,/photo/,4000x1868,129.1862709,35.824857399722,신기한
f_f000767,2306030003,6,f00076701002p0008,f00076701002p0008.jpg,jpg,2023-06-03 14:45:18,/photo/,4032x3024,128.62896639972,38.1254464,정방폭포
f_f002771,2306030005,6,f00277101012p0007,f00277101012p0007.jpg,jpg,2023-06-03 15:54:20,/photo/,4032x3024,128.56642222222,35.848216666667,해녀 잠수촌
f_f000538,2306030006,6,f00053801006p0007,f00053801006p0007.jpg,jpg,2023-06-03 13:49:00,/photo/,4032x2268,129.1600415,37.4791535,더 그랜드 섬오름
f_f002771,2306030007,4,f00277101005p0005,f00277101005p0005.jpg,jpg,2023-06-03 09:46:13,/photo/,4032x3024,128.59246944444,35.872355555556,주흘산
f_f002771,2306030007,5,f00277101005p0006,f00277101005p0006.jpg,jpg,2023-06-03 09:46:07,/photo/,4032x3024,128.59246944444,35.872375,인천대공원 환경미래관
f_f000879,2306030008,6,f00087901007p0007,f00087901007p0007.jpg,jpg,2023-06-03 17:38:30,/photo/,4032x3024,129.06341666667,35.155627777778,장미원
f_f002771,2306030010,3,f00277101010p0004,f00277101010p0004.jpg,jpg,2023-06-03 11:39:24,/photo/,4032x3024,128.58696111111,35.867916666667,인천개항 박물관
f_f002771,2306030013,3,f00277101008p0004,f00277101008p0004.jpg,jpg,2023-06-03 10:36:52,/photo/,4032x3024,128.58818055556,35.868941666667,순천종합버스터미널
f_f001843,2306040002,1,f00184302002p0002,f00184302002p0002.jpg,jpg,2023-06-04 11:27:40,/photo/,1800x4000,127.9770795,37.697253899722,집
f_f002860,2306040002,1,f00286002003p0002,f00286002003p0002.jpg,jpg,2023-06-04 11:02:00,/photo/,4000x3000,128.92556799972,37.7892384,집
f_f001762,2306040002,3,f00176202002p0004,f00176202002p0004.jpg,jpg,2023-06-04 11:34:20,/photo/,4032x3024,128.72341159972,37.7520621,김포국제공항 국내선
f_f001184,2306040002,4,f00118403003p0005,f00118403003p0005.jpg,jpg,2023-06-04 13:54:16,/photo/,3024x4032,129.23359722222,35.840502777778,챌린저 가든
f_f001092,2306040002,12,f00109203003p0013,f00109203003p0013.jpg,jpg,2023-06-04 11:21:11,/photo/,4032x3024,129.01625,35.283019444444,구룡포 일본인 가옥거리
f_f002894,2306040003,3,f00289402003p0004,f00289402003p0004.jpg,jpg,2023-06-04 13:03:54,/photo/,4000x2252,129.218432,35.835491199722,꿈의 동산 놀이공원
f_f000538,2306040003,4,f00053802004p0005,f00053802004p0005.jpg,jpg,2023-06-04 16:41:57,/photo/,2268x4032,129.29032019972,37.3081973,말티재 전망대
f_f000767,2306040003,6,f00076702003p0007,f00076702003p0007.jpg,jpg,2023-06-04 14:06:49,/photo/,4032x3024,128.44355749972,38.474156899722,시골밥상
f_f000767,2306040003,7,f00076702003p0008,f00076702003p0008.jpg,jpg,2023-06-04 14:06:28,/photo/,4032x3024,128.4438528,38.473977599722,스타벅스 서울고속 터미널점
f_f002860,2306040004,5,f00286002006p0006,f00286002006p0006.jpg,jpg,2023-06-04 12:42:58,/photo/,4000x3000,128.90968319972,37.791081599722,우유 창고
f_f002860,2306040004,6,f00286002006p0007,f00286002006p0007.jpg,jpg,2023-06-04 12:52:22,/photo/,4000x3000,128.9095296,37.7917952,곽암 아트 카페 갤러리
f_f002894,2306040005,3,f00289402005p0004,f00289402005p0004.jpg,jpg,2023-06-04 17:14:55,/photo/,4000x2252,129.47514879972,35.690259199722,이마트 포천점
f_f001184,2306040005,7,f00118403006p0008,f00118403006p0008.jpg,jpg,2023-06-04 19:43:02,/photo/,4032x3024,129.22665277778,35.835597222222,답십리 두산위브 아파트
f_f000655,2306040006,3,f00065501005p0004,f00065501005p0004.jpg,jpg,2023-06-04 11:27:24,/photo/,4032x3024,129.03753611111,37.114963888889,장수 국밥
f_f002771,2306040007,3,f00277102002p0004,f00277102002p0004.jpg,jpg,2023-06-04 10:27:16,/photo/,3024x4032,128.65371666667,35.882988888889,크리스털 레지던스 호텔
f_f000655,2306040008,4,f00065501009p0005,f00065501009p0005.jpg,jpg,2023-06-04 15:47:40,/photo/,4032x3024,128.687225,36.998530555556,노적봉
f_f000655,2306040008,5,f00065501009p0006,f00065501009p0006.jpg,jpg,2023-06-04 16:00:01,/photo/,4032x3024,128.68718055556,36.998855555556,죽변 드라마  세트장  폭풍 속으로
f_f001550,2306050001,2,f00155002002p0003,f00155002002p0003.jpg,jpg,2023-06-05 10:15:19,/photo/,4032x3024,128.82565277778,37.207747222222,문경오미자 테마공원
f_f000767,2306050001,3,f00076703002p0004,f00076703002p0004.jpg,jpg,2023-06-05 11:52:46,/photo/,4032x3024,128.48744619972,38.173897599722,리빙
f_f000767,2306050001,4,f00076703002p0005,f00076703002p0005.jpg,jpg,2023-06-05 11:52:59,/photo/,4032x3024,128.48736969972,38.1738694,소양강댐 정상 주차장
f_f001550,2306050001,5,f00155002002p0006,f00155002002p0006.jpg,jpg,2023-06-05 10:49:17,/photo/,4032x3024,128.82887222222,37.190497222222,김화 칼국수
f_f002958,2306050002,2,f00295801002p0003,f00295801002p0003.jpg,jpg,2023-06-05 15:04:19,/photo/,4608x3456,129.47457909972,35.690676299722,사무실 경유
f_f002958,2306050002,3,f00295801002p0004,f00295801002p0004.jpg,jpg,2023-06-05 15:14:20,/photo/,4608x3456,129.4741697,35.687403,집
f_f002750,2306050002,9,f00275001099p0010,f00275001099p0010.jpg,jpg,2023-06-05 15:59:34,/photo/,4032x3024,129.58126944444,36.028522222222,이카 정보통신
f_f014097,2309100003,0,f01409702003p0001,f01409702003p0001.jpg,jpg,2023-09-10 11:51:58,/photo/,4032x3024,128.02644444444,34.803311111111,
f_f001516,2306050003,5,f00151601002p0006,f00151601002p0006.jpg,jpg,2023-06-05 13:34:20,/photo/,4032x3024,128.6280128,35.8775519,망상오토캠핑리조트
f_f016357,2309100004,0,f01635701003p0001,f01635701003p0001.jpg,jpg,2023-09-10 09:44:52,/photo/,4032x3024,129.04301388889,35.115627777778,
f_f000940,2306050003,11,f00094001002p0012,f00094001002p0012.jpg,jpg,2023-06-05 12:15:31,/photo/,4000x3000,129.18832,35.825015972222,장호 더 그릴
f_f001516,2306050003,15,f00151601002p0016,f00151601002p0016.jpg,jpg,2023-06-05 13:27:27,/photo/,3024x4032,128.6287607,35.8773378,청녹원
f_f000655,2306050004,3,f00065502006p0004,f00065502006p0004.jpg,jpg,2023-06-05 14:25:35,/photo/,4032x3024,128.51791388889,36.537877777778,산마을 민속촌
f_f012889,2309100005,0,f01288901004p0001,f01288901004p0001.jpg,jpg,2023-09-10 10:46:07,/photo/,4032x3024,129.2105266,35.8382793,
f_f000655,2306050004,4,f00065502006p0005,f00065502006p0005.jpg,jpg,2023-06-05 14:25:26,/photo/,4032x3024,128.51791388889,36.537888888889,스타벅스 제주 외도 DT 점
f_f016357,2309100007,0,f01635701007p0001,f01635701007p0001.jpg,jpg,2023-09-10 12:30:23,/photo/,4032x3024,129.17553611111,35.156497222222,
f_f012889,2309100016,0,f01288901015p0001,f01288901015p0001.jpg,jpg,2023-09-10 18:33:55,/photo/,4032x3024,129.2091985,35.840828799722,
f_f005914,2309110003,0,f00591402003p0001,f00591402003p0001.jpg,jpg,2023-09-11 10:48:51,/photo/,4000x3000,129.16249419972,35.1605288,
f_f012426,2309110003,0,f01242601003p0001,f01242601003p0001.jpg,jpg,2023-09-11 11:44:45,/photo/,4032x3024,127.72529722222,37.893738888889,
f_f015954,2309110003,0,f01595401003p0001,f01595401003p0001.jpg,jpg,2023-09-11 13:02:04,/photo/,4000x3000,128.71789499972,35.5464527,
f_f012426,2309110007,0,f01242601007p0001,f01242601007p0001.jpg,jpg,2023-09-11 16:18:28,/photo/,4032x3024,127.54189444444,37.832919444444,
f_f002958,2306050005,3,f00295801005p0004,f00295801005p0004.jpg,jpg,2023-06-05 17:32:51,/photo/,4608x3456,129.47743589972,35.7479919,레고랜드 코리아리조트
f_f000655,2306050005,4,f00065502007p0005,f00065502007p0005.jpg,jpg,2023-06-05 16:38:20,/photo/,4032x3024,128.51628055556,36.538377777778,카페 우즈
f_f016536,2309130012,0,f01653601012p0001,f01653601012p0001.jpg,jpg,2023-09-13 17:03:13,/photo/,4000x3000,128.6305748,35.8775758,
f_f016354,2309140002,0,f01635401002p0001,f01635401002p0001.jpg,jpg,2023-09-14 18:30:28,/photo/,3024x4032,128.59771666667,35.869769444444,
f_f015600,2309140003,0,f01560001002p0001,f01560001002p0001.jpg,jpg,2023-09-14 10:33:00,/photo/,4032x3024,127.65044919972,35.232371999722,
f_f000655,2306060001,2,f00065503002p0003,f00065503002p0003.jpg,jpg,2023-06-06 10:15:56,/photo/,4032x3024,128.51658611111,36.542872222222,현대모터 스튜디오 고양
f_f000669,2306060001,5,f00066904002p0006,f00066904002p0006.jpg,jpg,2023-06-06 12:39:22,/photo/,4032x3024,129.29129225833,35.832532330556,드래건 웍스
f_f015600,2309140005,0,f01560001004p0001,f01560001004p0001.jpg,jpg,2023-09-14 12:29:10,/photo/,4032x3024,127.83198199972,35.0265727,
f_f015975,2309150004,0,f01597501004p0001,f01597501004p0001.jpg,jpg,2023-09-15 14:34:41,/photo/,4032x3024,128.68167222222,35.230655555556,
f_f016456,2309150006,0,f01645601004p0001,f01645601004p0001.jpg,jpg,2023-09-15 14:13:53,/photo/,3024x3024,129.1197568,35.1544383,
f_f015615,2309150007,0,f01561501007p0001,f01561501007p0001.jpg,jpg,2023-09-15 17:02:33,/photo/,4032x3024,128.91745,37.796505555556,
f_f015842,2309160002,0,f01584201002p0001,f01584201002p0001.jpg,jpg,2023-09-16 11:52:19,/photo/,4032x3024,129.39012222222,36.067130555556,
f_f000655,2306060003,3,f00065503004p0004,f00065503004p0004.jpg,jpg,2023-06-06 11:37:31,/photo/,4032x3024,128.57882777778,36.579025,제주 국제공항
f_f016739,2309170005,0,f01673901006p0001,f01673901006p0001.jpg,jpg,2023-09-17 13:25:33,/photo/,5664x4248,127.91083333333,35.673888888889,
f_f015529,2309170006,0,f01552901005p0001,f01552901005p0001.jpg,jpg,2023-09-17 14:54:02,/photo/,4000x1800,128.99928099972,35.291075499722,
f_f015714,2309170006,0,f01571401005p0001,f01571401005p0001.jpg,jpg,2023-09-17 17:15:11,/photo/,4032x2268,128.01266388889,37.334477777778,
f_f016739,2309170006,0,f01673901005p0001,f01673901005p0001.jpg,jpg,2023-09-17 14:26:44,/photo/,5664x4248,127.94027777778,35.654722222222,
f_f000489,2306060006,3,f00048901006p0004,f00048901006p0004.jpg,jpg,2023-06-06 15:02:41,/photo/,4032x3024,128.4453359,38.078201499722,자연애 마트 부여점
f_f000489,2306060006,6,f00048901006p0007,f00048901006p0007.jpg,jpg,2023-06-06 15:04:59,/photo/,4032x3024,128.44440119972,38.078188599722,신문 플래그십스토어 도산
f_f000489,2306060006,7,f00048901006p0008,f00048901006p0008.jpg,jpg,2023-06-06 15:05:49,/photo/,4032x3024,128.44388939972,38.0783794,싹 게스트하우스
f_f000489,2306060007,2,f00048901007p0003,f00048901007p0003.jpg,jpg,2023-06-06 16:35:42,/photo/,4032x3024,128.6306308,38.1243532,홍천강 휴게소 춘천 방향
f_f000650,2306060007,6,f00065001006p0007,f00065001006p0007.jpg,jpg,2023-06-06 12:45:40,/photo/,4032x3024,129.12233979972,37.5195633,경주 제일 교회
f_f000489,2306060007,10,f00048901007p0011,f00048901007p0011.jpg,jpg,2023-06-06 17:21:28,/photo/,4032x3024,128.62882469972,38.125992699722,첨성대
f_f015703,2309230003,0,f01570301003p0001,f01570301003p0001.jpg,jpg,2023-09-23 14:00:42,/photo/,4032x3024,129.079912,35.493622972222,
f_f000013,2304290005,1,f00001302005p0002,f00001302005p0002.jpg,jpg,2023-04-29 12:52:17,/photo/,4000x3000,129.12021759972,37.5589984,
f_f000013,2304290007,1,f00001302008p0002,f00001302008p0002.jpg,jpg,2023-04-29 14:17:54,/photo/,3000x4000,129.0904064,37.5931392,
f_f000011,2304300005,1,f00001102099p0002,f00001102099p0002.jpg,jpg,2023-04-30 16:53:25,/photo/,2268x4032,128.61314444444,38.141466666667,
f_f000437,2305160003,1,f00043701002p0002,f00043701002p0002.jpg,jpg,2023-05-16 11:56:31,/photo/,4000x1800,128.9105642,36.4108176,
f_f000844,2305200001,1,f00084402002p0002,f00084402002p0002.jpg,jpg,2023-05-20 11:43:04,/photo/,4032x3024,129.29699722222,35.550022222222,집
f_f002444,2306080001,5,f00244402002p0006,f00244402002p0006.jpg,jpg,2023-06-08 10:21:36,/photo/,4032x3024,129.08604769972,37.351729699722,메가박스 삼천포
f_f000959,2305210002,1,f00095901002p0002,f00095901002p0002.jpg,jpg,2023-05-21 09:39:47,/photo/,4032x3024,129.36193888889,36.032852777778,
f_f000925,2305220002,1,f00092504003p0002,f00092504003p0002.jpg,jpg,2023-05-22 17:55:25,/photo/,4000x3000,128.6809963,35.230823299722,
f_f000484,2305260001,1,f00048404099p0002,f00048404099p0002.jpg,jpg,2023-05-26 12:02:12,/photo/,4000x3000,128.7107056,35.0077026,집
f_f001124,2305260002,1,f00112402002p0002,f00112402002p0002.jpg,jpg,2023-05-26 10:09:47,/photo/,4000x3000,129.23048959972,37.390895999722,집
f_f000831,2305260003,1,f00083101003p0002,f00083101003p0002.jpg,jpg,2023-05-26 17:53:41,/photo/,4000x3000,129.0815512,35.4846858,
f_f001124,2305260003,1,f00112402003p0002,f00112402003p0002.jpg,jpg,2023-05-26 11:14:48,/photo/,3000x4000,129.3502592,37.234096,
f_f001707,2305270002,1,f00170701002p0002,f00170701002p0002.jpg,jpg,2023-05-27 13:36:39,/photo/,4000x3000,127.8366428,37.719141299722,집
f_f001726,2305270003,1,f00172601003p0002,f00172601003p0002.jpg,jpg,2023-05-27 12:46:11,/photo/,3024x3024,128.44833249972,35.264508499722,집
f_f001134,2305270005,1,f00113401005p0002,f00113401005p0002.jpg,jpg,2023-05-27 15:11:52,/photo/,4032x3024,127.49116388889,37.590419444444,
f_f001226,2305270007,1,f00122601007p0002,f00122601007p0002.jpg,jpg,2023-05-27 17:52:14,/photo/,3024x4032,128.58050555556,38.194183333333,
f_f001336,2305280001,1,f00133603002p0002,f00133603002p0002.jpg,jpg,2023-05-28 12:28:58,/photo/,4032x2268,129.05929699972,35.153359799722,집
f_f001134,2305280002,1,f00113402003p0002,f00113402003p0002.jpg,jpg,2023-05-28 11:50:38,/photo/,4032x3024,126.816925,37.601291666667,집
f_f001245,2305280004,1,f00124502004p0002,f00124502004p0002.jpg,jpg,2023-05-28 14:15:19,/photo/,4032x3024,129.47444166667,35.688125,
f_f001421,2305280004,1,f00142102005p0002,f00142102005p0002.jpg,jpg,2023-05-28 15:18:43,/photo/,4032x3024,129.57453888889,36.003208333333,
f_f001336,2305280006,1,f00133603007p0003,f00133603007p0003.jpg,jpg,2023-05-28 19:42:58,/photo/,4032x2268,129.060301,35.168675,
f_f001925,2305290003,1,f00192501002p0002,f00192501002p0002.jpg,jpg,2023-05-29 12:02:21,/photo/,3264x2448,128.8785835,35.234935416667,집
f_f000586,2305310004,1,f00058601004p0002,f00058601004p0002.jpg,jpg,2023-05-31 17:02:25,/photo/,4000x3000,128.6036736,38.190489599722,
f_f002696,2306020003,1,f00269601003p0002,f00269601003p0002.jpg,jpg,2023-06-02 12:36:45,/photo/,2992x2992,128.95018799972,35.9678838,
f_f001184,2306020006,1,f00118401006p0002,f00118401006p0002.jpg,jpg,2023-06-02 16:01:22,/photo/,4032x3024,129.23126111111,35.837869444444,
f_f001184,2306020007,1,f00118401007p0002,f00118401007p0002.jpg,jpg,2023-06-02 17:43:20,/photo/,4032x3024,129.30333055556,35.782030555556,
f_f001363,2306030002,1,f00136302003p0002,f00136302003p0002.jpg,jpg,2023-06-03 11:50:06,/photo/,3024x4032,128.62864722222,38.126397222222,집
f_f000433,2306030002,1,f00043302003p0002,f00043302003p0002.jpg,jpg,2023-06-03 15:15:04,/photo/,4032x3024,128.56439166667,35.903141666667,집
f_f000433,2306030003,1,f00043302004p0002,f00043302004p0002.jpg,jpg,2023-06-03 16:12:09,/photo/,4032x3024,128.59779444444,35.855713888889,집
f_f001762,2306030003,1,f00176201002p0002,f00176201002p0002.jpg,jpg,2023-06-03 10:42:02,/photo/,4032x3024,128.6728581,37.650139299722,집
f_f002771,2306030013,1,f00277101008p0002,f00277101008p0002.jpg,jpg,2023-06-03 10:35:18,/photo/,4032x3024,128.58810555556,35.868911111111,
f_f000627,2306040002,1,f00062702002p0002,f00062702002p0002.jpg,jpg,2023-06-04 12:14:34,/photo/,4000x3000,128.1514112,34.904646399722,집
f_f001184,2306040002,1,f00118403003p0002,f00118403003p0002.jpg,jpg,2023-06-04 13:25:58,/photo/,4032x3024,129.23338333333,35.840152777778,집
f_f001412,2306040002,1,f00141202003p0002,f00141202003p0002.jpg,jpg,2023-06-04 12:31:56,/photo/,4000x1848,127.82534289972,35.4398531,집
f_f001487,2306100002,3,f00148701099p0004,f00148701099p0004.jpg,jpg,2023-06-10 12:20:01,/photo/,4000x3000,128.2503689,37.490565699722,집
f_f002771,2306040003,1,f00277102009p0002,f00277102009p0002.jpg,jpg,2023-06-04 17:58:58,/photo/,4032x3024,128.59081944444,35.871505555556,집
f_f002894,2306040003,1,f00289402003p0002,f00289402003p0002.jpg,jpg,2023-06-04 13:08:57,/photo/,4000x2252,129.21868789972,35.8344,집
f_f001487,2306100002,7,f00148701099p0008,f00148701099p0008.jpg,jpg,2023-06-11 10:49:30,/photo/,4000x3000,128.2512484,37.490512899722,모던 기와
f_f001487,2306100002,9,f00148701099p0010,f00148701099p0010.jpg,jpg,2023-06-11 10:59:05,/photo/,4000x3000,128.25123659972,37.490493399722,라뤼슈
f_f000655,2306040006,1,f00065501005p0002,f00065501005p0002.jpg,jpg,2023-06-04 11:17:52,/photo/,4032x3024,129.03700277778,37.114313888889,
f_f001487,2306100002,11,f00148701099p0012,f00148701099p0012.jpg,jpg,2023-06-11 11:00:28,/photo/,4000x3000,128.25095039972,37.4903015,순천만습지
f_f000655,2306040009,1,f00065501010p0002,f00065501010p0002.jpg,jpg,2023-06-04 16:53:51,/photo/,4032x3024,128.57968055556,36.924097222222,
f_f000767,2306050001,1,f00076703002p0002,f00076703002p0002.jpg,jpg,2023-06-05 11:43:17,/photo/,4032x3024,128.492536,38.1729677,집
f_f001544,2306050003,1,f00154402004p0002,f00154402004p0002.jpg,jpg,2023-06-05 14:03:18,/photo/,4000x2252,127.8122058,37.346672499722,
f_f000655,2306050005,1,f00065502007p0002,f00065502007p0002.jpg,jpg,2023-06-05 17:01:19,/photo/,4032x3024,128.51686111111,36.538841666667,친구 친지 집
f_f000650,2306060009,1,f00065001008p0002,f00065001008p0002.jpg,jpg,2023-06-06 14:10:52,/photo/,4032x3024,129.01967989972,37.4633909,
f_f002730,2306070003,1,f00273001002p0002,f00273001002p0002.jpg,jpg,2023-06-07 10:33:34,/photo/,4032x3024,129.23358055556,35.840502777778,
f_f002444,2306070004,1,f00244401099p0002,f00244401099p0002.jpg,jpg,2023-06-08 09:44:16,/photo/,4032x3024,129.19518479972,37.420895799722,집
f_f002730,2306070006,1,f00273001005p0002,f00273001005p0002.jpg,jpg,2023-06-07 15:58:17,/photo/,4032x3024,129.21087777778,35.838761111111,
f_f003440,2306150005,1,f00344001004p0002,f00344001004p0002.jpg,jpg,2023-06-15 14:47:18,/photo/,4032x3024,129.28926532222,35.833267533333,
f_f001487,2306110003,6,f00148702004p0007,f00148702004p0007.jpg,jpg,2023-06-11 14:37:21,/photo/,4000x3000,128.062564,37.5398422,하와
f_f003613,2306230006,1,f00361301006p0002,f00361301006p0002.jpg,jpg,2023-06-23 18:58:26,/photo/,3024x4032,129.47376944444,35.685755555556,
f_f000591,2305270003,4,f00059101005p0011,f00059101005p0011.jpg,jpg,2023-05-27 15:14:32,/photo/,4032x3024,128.49889,35.53951,월악 산들바람
f_f004131,2307080003,1,f00413101003p0002,f00413101003p0002.jpg,jpg,2023-07-08 12:21:12,/photo/,4032x3024,128.7204605,35.713395599722,
f_f003469,2306170004,2,f00346901004p0003,f00346901004p0003.jpg,jpg,2023-06-17 15:02:27,/photo/,4032x3024,128.64674444444,35.852569444444,김포국제공항 국내선
f_f004470,2307150003,1,f00447001002p0002,f00447001002p0002.jpg,jpg,2023-07-15 11:31:09,/photo/,4032x3024,128.87460277778,35.231941666667,
f_f003509,2306180004,2,f00350901004p0003,f00350901004p0003.jpg,jpg,2023-06-18 14:30:56,/photo/,4000x3000,128.8741711,35.2310676,제주 국제공항
f_f003509,2306180005,1,f00350901005p0002,f00350901005p0002.jpg,jpg,2023-06-18 15:07:53,/photo/,4000x3000,128.87881999972,35.2342097,집
f_f006526,2308130003,1,f00652601002p0002,f00652601002p0002.jpg,jpg,2023-08-14 11:02:30,/photo/,4032x3024,127.80767109972,37.4076371,
f_f003509,2306180005,4,f00350901005p0005,f00350901005p0005.jpg,jpg,2023-06-18 15:10:48,/photo/,4000x3000,128.87857139972,35.2349249,돼지집 본관
f_f003509,2306180005,7,f00350901005p0008,f00350901005p0008.jpg,jpg,2023-06-18 15:28:44,/photo/,4000x3000,128.87835699972,35.234521899722,운서역 공항철도
f_f003509,2306180006,2,f00350901006p0003,f00350901006p0003.jpg,jpg,2023-06-18 16:28:29,/photo/,4000x3000,128.8733544,35.243,CU 하조대점
f_f003509,2306180006,4,f00350901006p0005,f00350901006p0005.jpg,jpg,2023-06-18 16:35:12,/photo/,4000x3000,128.87331639972,35.2428314,섬세 테라리엄
f_f003509,2306180006,5,f00350901006p0006,f00350901006p0006.jpg,jpg,2023-06-18 16:37:41,/photo/,4000x3000,128.8734891,35.242753499722,죽녹원
f_f003509,2306180006,7,f00350901006p0008,f00350901006p0008.jpg,jpg,2023-06-18 16:28:13,/photo/,3000x4000,128.8733583,35.2429861,오만이네
f_f003509,2306180007,4,f00350901007p0005,f00350901007p0005.jpg,jpg,2023-06-18 17:36:45,/photo/,4000x3000,128.86970519972,35.245657999722,DGB 대구은행 파크
f_f003509,2306180008,8,f00350901008p0009,f00350901008p0009.jpg,jpg,2023-06-18 19:15:26,/photo/,3000x4000,128.8912975,35.244854599722,롯데몰 수지점
f_f003519,2306190003,2,f00351901003p0003,f00351901003p0003.jpg,jpg,2023-06-19 10:22:38,/photo/,4032x3024,128.57797099972,35.8732777,통영항 여객선 터미널
f_f003519,2306190003,3,f00351901003p0004,f00351901003p0004.jpg,jpg,2023-06-19 10:16:31,/photo/,4032x3024,128.57805629972,35.8731969,이 기대어 구 야
f_f003519,2306190003,7,f00351901003p0008,f00351901003p0008.jpg,jpg,2023-06-19 09:56:33,/photo/,4032x3024,128.57953919972,35.873679,집
f_f003519,2306190003,8,f00351901003p0009,f00351901003p0009.jpg,jpg,2023-06-19 09:56:01,/photo/,3024x4032,128.57953919972,35.873679,사계항
f_f003519,2306190004,2,f00351901002p0003,f00351901002p0003.jpg,jpg,2023-06-19 11:39:25,/photo/,4032x3024,128.6071348,35.861744399722,김광석 다시 그리기 길
f_f003519,2306190004,4,f00351901002p0005,f00351901002p0005.jpg,jpg,2023-06-19 11:43:53,/photo/,4032x3024,128.60745309972,35.8612832,지구당 가로수길점
f_f003519,2306190004,9,f00351901002p0010,f00351901002p0010.jpg,jpg,2023-06-19 12:00:22,/photo/,4032x3024,128.6064786,35.859942199722,탬버린즈하우스 도산
f_f003256,2306230004,3,f00325601003p0004,f00325601003p0004.jpg,jpg,2023-06-23 13:43:47,/photo/,3137x2265,129.29527777778,35.548888888889,노망난 돌
f_f003256,2306230004,4,f00325601003p0005,f00325601003p0005.jpg,jpg,2023-06-23 13:44:39,/photo/,4032x2268,129.295,35.548888888889,동명시 수변공원
f_f003256,2306230004,9,f00325601003p0010,f00325601003p0010.jpg,jpg,2023-06-23 13:55:30,/photo/,4032x2268,129.29166666667,35.548888888889,풍납토성 경당지구
f_f003256,2306230004,11,f00325601003p0012,f00325601003p0012.jpg,jpg,2023-06-23 14:01:47,/photo/,4032x2268,129.29111111111,35.548611111111,장도
f_f003256,2306230004,12,f00325601003p0013,f00325601003p0013.jpg,jpg,2023-06-23 14:06:07,/photo/,4032x2268,129.29222222222,35.547777777778,고다이바 광화문점
f_f003256,2306230004,14,f00325601003p0015,f00325601003p0015.jpg,jpg,2023-06-23 14:08:36,/photo/,4032x2268,129.29305555556,35.546944444444,검멀레해변
f_f003256,2306230004,18,f00325601003p0019,f00325601003p0019.jpg,jpg,2023-06-23 14:45:14,/photo/,4032x2268,129.29388888889,35.546666666667,팜파스 호텔 제주
f_f003543,2306240003,4,f00354301002p0005,f00354301002p0005.jpg,jpg,2023-06-24 12:33:08,/photo/,4000x3000,128.56529839972,35.1858219,불란서 호떡
f_f003543,2306240003,8,f00354301002p0009,f00354301002p0009.jpg,jpg,2023-06-24 12:43:26,/photo/,4000x3000,128.5646848,35.1839968,먹쿠슬낭카페
f_f003543,2306240003,10,f00354301002p0011,f00354301002p0011.jpg,jpg,2023-06-24 14:28:17,/photo/,4000x3000,128.56568319972,35.185504,금악 똣똣라면  금악 치고
f_f009462,2308260004,1,f00946201005p0002,f00946201005p0002.jpg,jpg,2023-08-26 12:16:16,/photo/,2992x2992,128.60673289972,35.864527899722,
f_f003380,2306240005,3,f00338001005p0004,f00338001005p0004.jpg,jpg,2023-06-24 13:58:11,/photo/,4000x3000,128.681024,35.234166399722,나이키 타임스퀘어점
f_f010978,2308260008,1,f01097802008p0002,f01097802008p0002.jpg,jpg,2023-08-26 20:21:20,/photo/,4032x3024,128.62911944444,35.879688888889,
f_f000040,2304280008,0,f00004001099p0001,f00004001099p0001.jpg,jpg,2023-04-28 20:05:52,/photo/,4032x3024,128.52858055556,38.210363888889,
f_f003543,2306240009,3,f00354301008p0004,f00354301008p0004.jpg,jpg,2023-06-24 18:57:55,/photo/,4000x3000,128.57098239972,35.1689792,포레스트
f_f009311,2308270006,1,f00931101004p0002,f00931101004p0002.jpg,jpg,2023-08-27 18:16:33,/photo/,4032x3024,129.19496111111,35.162913888889,
f_f014134,2308290003,1,f01413401003p0002,f01413401003p0002.jpg,jpg,2023-08-29 12:06:09,/photo/,3024x4032,129.11495833333,35.148505555556,
f_f007508,2308290008,1,f00750801005p0002,f00750801005p0002.jpg,jpg,2023-08-30 13:11:27,/photo/,4032x3024,128.45513888889,38.435688888889,
f_f008157,2308300008,1,f00815701008p0002,f00815701008p0002.jpg,jpg,2023-08-30 17:01:53,/photo/,4000x2252,129.1211227,35.154437799722,사무실
f_f011268,2308310004,1,f01126802005p0002,f01126802005p0002.jpg,jpg,2023-08-31 18:07:56,/photo/,3024x4032,129.21894722222,35.834541666667,
f_f012624,2308310004,1,f01262401003p0003,f01262401003p0003.jpg,jpg,2023-08-31 13:25:37,/photo/,2993x3991,128.61387777778,35.826880555556,
f_f015285,2309020004,1,f01528501004p0002,f01528501004p0002.jpg,jpg,2023-09-02 16:25:23,/photo/,4032x3024,127.54316111111,37.8293,
f_f015477,2309020004,1,f01547701003p0002,f01547701003p0002.jpg,jpg,2023-09-02 17:21:04,/photo/,3877x3019,127.82356388889,37.417977777778,
f_f014972,2309030007,1,f01497201006p0002,f01497201006p0002.jpg,jpg,2023-09-03 20:04:19,/photo/,4000x3000,128.8272402,35.184527699722,
f_f003538,2306300002,3,f00353801002p0004,f00353801002p0004.jpg,jpg,2023-06-30 18:18:29,/photo/,4000x3000,129.09077759972,35.1845536,제주항공 우주호텔
f_f003538,2306300002,12,f00353801002p0013,f00353801002p0013.jpg,jpg,2023-06-30 18:23:31,/photo/,4000x3000,129.09144309972,35.1856736,아쿠아 플라넷 제주
f_f003538,2306300002,13,f00353801002p0014,f00353801002p0014.jpg,jpg,2023-06-30 18:23:57,/photo/,4000x3000,129.09144309972,35.1856736,사의재
f_f003538,2306300002,14,f00353801002p0015,f00353801002p0015.jpg,jpg,2023-06-30 18:24:19,/photo/,4000x3000,129.09149429972,35.185619199722,테디베어 하우스 테지움 제주점
f_f016391,2309080005,1,f01639101005p0002,f01639101005p0002.jpg,jpg,2023-09-08 14:46:13,/photo/,4000x3000,129.212377,35.838414,
f_f016391,2309080007,1,f01639101007p0002,f01639101007p0002.jpg,jpg,2023-09-08 16:22:59,/photo/,1270x2624,129.21910059972,35.834572899722,
f_f005661,2309090007,1,f00566101007p0002,f00566101007p0002.jpg,jpg,2023-09-09 19:46:37,/photo/,4080x3060,129.29240319972,35.5471616,
f_f003631,2307010002,2,f00363101002p0003,f00363101002p0003.jpg,jpg,2023-07-01 11:20:27,/photo/,4032x3024,128.32925819972,37.5809829,김포국제공항 국내선
f_f003631,2307010002,3,f00363101002p0004,f00363101002p0004.jpg,jpg,2023-07-01 11:19:50,/photo/,4032x3024,128.3289856,37.580828799722,수지 빌라
f_f008380,2309100003,1,f00838001003p0002,f00838001003p0002.jpg,jpg,2023-09-10 13:43:04,/photo/,4032x3024,128.52761944444,38.209594444444,
f_f012946,2309100003,1,f01294601002p0002,f01294601002p0002.jpg,jpg,2023-09-10 09:43:21,/photo/,4032x3024,129.20974722222,35.836486111111,
f_f012889,2309100006,1,f01288901005p0002,f01288901005p0002.jpg,jpg,2023-09-10 11:13:46,/photo/,4032x3024,129.21198989972,35.8401592,
f_f014097,2309100006,1,f01409702006p0002,f01409702006p0002.jpg,jpg,2023-09-10 14:46:35,/photo/,4032x3024,127.85598888889,34.741580555556,
f_f012946,2309100009,1,f01294601008p0002,f01294601008p0002.jpg,jpg,2023-09-10 16:33:21,/photo/,4032x3024,129.22384722222,35.833061111111,
f_f012889,2309100010,1,f01288901009p0002,f01288901009p0002.jpg,jpg,2023-09-10 13:51:45,/photo/,4032x3024,129.2266365,35.8350122,
f_f016357,2309100013,1,f01635701012p0002,f01635701012p0002.jpg,jpg,2023-09-10 15:57:02,/photo/,4032x3024,129.18299722222,35.156052777778,
f_f012426,2309110007,1,f01242601007p0002,f01242601007p0002.jpg,jpg,2023-09-11 16:19:53,/photo/,4032x3024,127.54218333333,37.832686111111,
f_f003828,2307010003,4,f00382801003p0005,f00382801003p0005.jpg,jpg,2023-07-01 15:33:35,/photo/,4032x3024,128.68318055556,35.236711111111,하이로 왕 마라탕
f_f016094,2309130009,1,f01609401008p0002,f01609401008p0002.jpg,jpg,2023-09-13 14:35:40,/photo/,4032x2268,129.2530806,36.0041281,
f_f015600,2309140003,1,f01560001002p0002,f01560001002p0002.jpg,jpg,2023-09-14 10:29:20,/photo/,4032x3024,127.6510346,35.2327494,
f_f015600,2309140005,1,f01560001004p0002,f01560001004p0002.jpg,jpg,2023-09-14 12:29:31,/photo/,4032x3024,127.832064,35.0266304,
f_f015615,2309150004,1,f01561501004p0002,f01561501004p0002.jpg,jpg,2023-09-15 14:00:01,/photo/,4032x3024,128.90976111111,37.789036111111,
f_f015975,2309150004,1,f01597501004p0002,f01597501004p0002.jpg,jpg,2023-09-15 14:44:20,/photo/,4032x3024,128.68179444444,35.230652777778,
f_f015714,2309170005,1,f01571401004p0002,f01571401004p0002.jpg,jpg,2023-09-17 16:33:09,/photo/,2268x4032,128.01197777778,37.334413888889,
f_f016457,2309180003,1,f01645701003p0002,f01645701003p0002.jpg,jpg,2023-09-18 15:36:53,/photo/,4032x2268,127.70200239972,35.2404579,
f_f015703,2309230003,1,f01570301003p0002,f01570301003p0002.jpg,jpg,2023-09-23 14:12:42,/photo/,4032x3024,129.07215197222,35.490079,
f_f015703,2309230006,1,f01570301006p0002,f01570301006p0002.jpg,jpg,2023-09-23 17:55:01,/photo/,4160x3120,129.0235,35.307744972222,
f_f000027,2304300005,2,f00002703006p0003,f00002703006p0003.jpg,jpg,2023-04-30 16:44:22,/photo/,3024x4032,128.8191672,35.370986399722,
f_f000011,2305010004,2,f00001103004p0003,f00001103004p0003.jpg,jpg,2023-05-01 13:51:53,/photo/,4032x2268,128.76506111111,37.971408333333,
f_f000492,2305150002,2,f00049201099p0003,f00049201099p0003.jpg,jpg,2023-05-15 15:55:53,/photo/,4032x3024,128.67068611111,37.658886111111,광주공항
f_f000689,2305160002,2,f00068902003p0003,f00068902003p0003.jpg,jpg,2023-05-16 11:49:30,/photo/,4032x3024,127.83529722222,34.806086111111,청주 국제공항
f_f000437,2305160011,2,f00043701010p0003,f00043701010p0003.jpg,jpg,2023-05-16 20:45:08,/photo/,4000x1800,128.76156779972,36.576627999722,
f_f000437,2305170005,2,f00043702005p0003,f00043702005p0003.jpg,jpg,2023-05-17 14:58:27,/photo/,4000x1800,128.52405769972,36.540735599722,
f_f000384,2305190004,2,f00038401004p0003,f00038401004p0003.jpg,jpg,2023-05-19 13:42:34,/photo/,4032x3024,129.16008055556,37.479052777778,hot bread
f_f000568,2305200003,2,f00056802003p0003,f00056802003p0003.jpg,jpg,2023-05-20 11:04:01,/photo/,4032x3024,128.91259722222,37.787269444444,바운스 슈퍼 파크 제주센터
f_f000844,2305200006,2,f00084402007p0003,f00084402007p0003.jpg,jpg,2023-05-20 22:07:09,/photo/,4032x3024,129.31286666667,35.571266666667,
f_f001124,2305250006,2,f00112401006p0003,f00112401006p0003.jpg,jpg,2023-05-25 15:44:41,/photo/,3000x4000,129.03775999972,37.687590399722,
f_f001336,2305260003,2,f00133601003p0003,f00133601003p0003.jpg,jpg,2023-05-26 12:11:56,/photo/,4032x2268,127.3453312,34.842281599722,참새 초밥 구월점
f_f001124,2305260003,2,f00112402003p0003,f00112402003p0003.jpg,jpg,2023-05-26 11:14:33,/photo/,4000x3000,129.3502976,37.2340992,참새 초밥 구월점
f_f000027,2304280002,0,f00002701002p0001,f00002701002p0001.jpg,jpg,2023-04-28 10:44:50,/photo/,4032x3024,128.59683929972,35.170187099722,
f_f000710,2305280002,2,f00071002002p0003,f00071002002p0003.jpg,jpg,2023-05-28 11:02:59,/photo/,4032x3024,128.62594722222,38.121375,안동 하회마을
f_f001848,2305280003,2,f00184801002p0003,f00184801002p0003.jpg,jpg,2023-05-28 06:59:06,/photo/,2992x2992,129.5197545,35.877691699722,서울역
f_f000484,2305290003,2,f00048407003p0003,f00048407003p0003.jpg,jpg,2023-05-29 12:50:13,/photo/,4000x3000,128.82214079972,35.0990387,별이 찬 분식
f_f001902,2305310005,2,f00190202005p0003,f00190202005p0003.jpg,jpg,2023-05-31 16:05:09,/photo/,4032x3024,129.15834179972,35.165661499722,영종대교 제유소 인천공항 방향
f_f002894,2306040005,2,f00289402005p0003,f00289402005p0003.jpg,jpg,2023-06-04 17:29:16,/photo/,4000x2252,129.4749696,35.6894976,호남 제일 문
f_f002958,2306050005,2,f00295801005p0003,f00295801005p0003.jpg,jpg,2023-06-05 17:24:38,/photo/,4608x3456,129.47753589972,35.7481226,
f_f003757,2307040003,3,f00375701002p0004,f00375701002p0004.jpg,jpg,2023-07-04 10:13:25,/photo/,3024x3024,128.82938740278,35.181294538889,코스트코 세종점
f_f003747,2307040004,7,f00374701003p0008,f00374701003p0008.jpg,jpg,2023-07-04 12:06:58,/photo/,4032x1816,128.8272896,35.181744,파라다이스 시티 파라다이스 아트스페이스
f_f003747,2307040004,8,f00374701003p0009,f00374701003p0009.jpg,jpg,2023-07-04 12:30:21,/photo/,4032x1816,128.82732799972,35.1802592,롯데 프리미엄 아울렛 이천점
f_f003747,2307040004,11,f00374701003p0012,f00374701003p0012.jpg,jpg,2023-07-04 13:11:17,/photo/,4032x1816,128.8274752,35.181238,집
f_f003747,2307040005,3,f00374701004p0004,f00374701004p0004.jpg,jpg,2023-07-04 17:19:54,/photo/,4032x1816,128.791808,35.187334399722,포레스트 리솜
f_f003783,2307060005,2,f00378301004p0003,f00378301004p0003.jpg,jpg,2023-07-06 19:16:42,/photo/,4032x3024,128.06723055556,35.167216666667,영주역
f_f004131,2307080002,1,f00413101002p0002,f00413101002p0002.jpg,jpg,2023-07-08 12:10:02,/photo/,3264x2448,128.72104697222,35.717391972222,집
f_f004131,2307080002,2,f00413101002p0003,f00413101002p0003.jpg,jpg,2023-07-08 12:05:43,/photo/,4032x3024,128.72036249972,35.717128799722,원더 팜
f_f004131,2307080004,10,f00413101004p0011,f00413101004p0011.jpg,jpg,2023-07-08 13:54:33,/photo/,4032x3024,128.72396699972,35.687361099722,집
f_f004131,2307080004,11,f00413101004p0012,f00413101004p0012.jpg,jpg,2023-07-08 13:57:03,/photo/,4032x3024,128.72347629972,35.686810299722,토스카나 호텔
f_f004131,2307080006,2,f00413101099p0003,f00413101099p0003.jpg,jpg,2023-07-08 16:57:11,/photo/,3024x4032,129.0002468,35.6648299,평촌역 4호선
f_f004131,2307080006,4,f00413101099p0005,f00413101099p0005.jpg,jpg,2023-07-08 17:45:49,/photo/,4032x3024,129.0002403,35.6647801,세미원
f_f004131,2307090001,4,f00413102002p0005,f00413102002p0005.jpg,jpg,2023-07-09 12:21:17,/photo/,4032x3024,128.7078984,35.649538499722,목동 막국수
f_f004131,2307090001,5,f00413102002p0006,f00413102002p0006.jpg,jpg,2023-07-09 12:22:23,/photo/,4032x3024,128.708382,35.649154,묘적사계곡
f_f004131,2307090001,6,f00413102002p0007,f00413102002p0007.jpg,jpg,2023-07-09 12:26:17,/photo/,4032x3024,128.70900299972,35.6469461,구드래 보리밥
f_f004131,2307090001,7,f00413102002p0008,f00413102002p0008.jpg,jpg,2023-07-09 12:26:57,/photo/,4032x3024,128.7089588,35.6467054,청도읍 선
f_f004131,2307090001,8,f00413102002p0009,f00413102002p0009.jpg,jpg,2023-07-09 12:27:29,/photo/,4032x3024,128.70871139972,35.6467133,하올람커피
f_f004131,2307090001,9,f00413102002p0010,f00413102002p0010.jpg,jpg,2023-07-09 12:36:35,/photo/,4032x3024,128.70752909972,35.6498526,스타벅스 대전도안 DT점
f_f004131,2307090001,10,f00413102002p0011,f00413102002p0011.jpg,jpg,2023-07-09 12:37:11,/photo/,4032x3024,128.70747719972,35.649982,갠지스 청주점
f_f004131,2307090001,11,f00413102002p0012,f00413102002p0012.jpg,jpg,2023-07-09 12:38:05,/photo/,4032x3024,128.7073233,35.6503523,하동 버스터미널
f_f004131,2307090002,5,f00413102003p0006,f00413102003p0006.jpg,jpg,2023-07-09 12:51:31,/photo/,3264x2448,128.70776119972,35.6506065,제이 브리야
f_f004112,2307090003,2,f00411202003p0003,f00411202003p0003.jpg,jpg,2023-07-09 14:47:09,/photo/,3024x3024,129.30805069972,35.8063469,신화 테마파크
f_f004112,2307090004,2,f00411202004p0003,f00411202004p0003.jpg,jpg,2023-07-09 17:45:00,/photo/,3024x3024,129.13857989972,35.550653699722,화성 태안농협 하나로마트 능동점
f_f004470,2307150003,3,f00447001002p0004,f00447001002p0004.jpg,jpg,2023-07-15 11:34:22,/photo/,4032x3024,128.87440555556,35.230944444444,골든 튤립에버 용인 호텔
f_f004013,2307150005,4,f00401301006p0005,f00401301006p0005.jpg,jpg,2023-07-15 17:27:29,/photo/,4000x3000,128.5858526,35.8675092,갑오 구이
f_f004078,2307150005,10,f00407801005p0011,f00407801005p0011.jpg,jpg,2023-07-15 15:52:06,/photo/,4032x3024,128.70285999972,36.2439217,캄캄
f_f004078,2307150005,15,f00407801005p0016,f00407801005p0016.jpg,jpg,2023-07-15 15:58:38,/photo/,4032x3024,128.70335289972,36.246071499722,산본역 4호선
f_f004078,2307150006,4,f00407801099p0005,f00407801099p0005.jpg,jpg,2023-07-15 17:04:47,/photo/,4032x3024,128.71546559972,36.289010099722,대야농협 하나로마트 본점
f_f005062,2308060009,2,f00506201008p0003,f00506201008p0003.jpg,jpg,2023-08-06 13:33:17,/photo/,4032x3024,128.92286666667,37.790516666667,
f_f005042,2308070001,2,f00504202002p0003,f00504202002p0003.jpg,jpg,2023-08-07 11:57:27,/photo/,3024x4032,129.22453333333,35.833855555556,
f_f004078,2307160002,1,f00407802002p0002,f00407802002p0002.jpg,jpg,2023-07-16 11:08:15,/photo/,4032x3024,128.67053809972,36.2768202,집
f_f004078,2307160003,2,f00407802003p0003,f00407802003p0003.jpg,jpg,2023-07-16 14:31:36,/photo/,4032x3024,128.6706967,36.276511499722,집에서 청주공항으로 이동
f_f004552,2307160003,4,f00455201002p0005,f00455201002p0005.jpg,jpg,2023-07-16 12:52:58,/photo/,4032x3024,129.21038379972,35.1906833,진영휴게소 순천방향
f_f004078,2307160004,7,f00407802004p0008,f00407802004p0008.jpg,jpg,2023-07-16 11:36:26,/photo/,4032x3024,128.6693825,36.2767338,콘래드 서울
f_f004078,2307160004,9,f00407802004p0010,f00407802004p0010.jpg,jpg,2023-07-16 11:36:37,/photo/,4032x3024,128.6693825,36.2767338,옥빛마을 14단지 부영아파트
f_f004078,2307160006,2,f00407802006p0003,f00407802006p0003.jpg,jpg,2023-07-16 15:10:19,/photo/,4032x3024,128.67445299972,36.272958,김포국제공항 국내선
f_f004552,2307160006,4,f00455201005p0005,f00455201005p0005.jpg,jpg,2023-07-16 16:43:03,/photo/,4032x3024,129.2698305,35.3222985,더 현대 서울
f_f004078,2307160006,13,f00407802006p0014,f00407802006p0014.jpg,jpg,2023-07-16 14:48:25,/photo/,4032x3024,128.6742843,36.276353499722,별 한 스푼
f_f004103,2307170003,2,f00410301002p0003,f00410301002p0003.jpg,jpg,2023-07-17 11:33:06,/photo/,4032x3024,128.03849397222,34.799905,청주국제공항
f_f004103,2307180001,4,f00410302002p0005,f00410302002p0005.jpg,jpg,2023-07-18 11:42:42,/photo/,4032x3024,127.861399,34.752754,청풍 호반 케이블카 물태리역
f_f004103,2307180003,7,f00410302004p0008,f00410302004p0008.jpg,jpg,2023-07-18 13:47:12,/photo/,4032x3024,128.059021,34.820790972222,우부을 식당
f_f006380,2308140004,2,f00638001004p0003,f00638001004p0003.jpg,jpg,2023-08-14 14:14:19,/photo/,4032x3024,128.5180943,36.5368879,
f_f004768,2307220003,2,f00476801003p0003,f00476801003p0003.jpg,jpg,2023-07-22 13:39:50,/photo/,4032x3024,128.6716,37.612172222222,한라도서관
f_f006888,2308160005,2,f00688801003p0003,f00688801003p0003.jpg,jpg,2023-08-16 12:56:38,/photo/,2992x2992,129.380759,35.5027479,
f_f004768,2307230001,1,f00476802002p0002,f00476802002p0002.jpg,jpg,2023-07-23 10:37:16,/photo/,4032x3024,128.36032222222,37.610722222222,집
f_f004768,2307230001,9,f00476802002p0010,f00476802002p0010.jpg,jpg,2023-07-23 11:06:12,/photo/,4032x3024,128.36053611111,37.610794444444,애즈 라이크
f_f004768,2307230001,11,f00476802002p0012,f00476802002p0012.jpg,jpg,2023-07-23 11:10:04,/photo/,4032x3024,128.36015277778,37.610752777778,투썸플레이스 안양예술공원점
f_f004618,2307230002,2,f00461801002p0003,f00461801002p0003.jpg,jpg,2023-07-23 13:10:54,/photo/,4080x3060,128.8194334,35.373186199722,제주공항
f_f004618,2307230002,4,f00461801002p0005,f00461801002p0005.jpg,jpg,2023-07-23 13:14:51,/photo/,4080x3060,128.82025859972,35.3721977,집
f_f004618,2307230002,7,f00461801002p0008,f00461801002p0008.jpg,jpg,2023-07-23 13:55:46,/photo/,3060x4080,128.8212488,35.371933099722,집
f_f004618,2307230003,2,f00461801003p0006,f00461801003p0006.jpg,jpg,2023-07-23 13:59:25,/photo/,3060x4080,128.8202717,35.371417999722,르모브
f_f004768,2307230005,16,f00476802006p0017,f00476802006p0017.jpg,jpg,2023-07-23 17:55:05,/photo/,4032x3024,128.67216388889,37.643227777778,제주도 나이
f_f004703,2307250003,2,f00470301003p0003,f00470301003p0003.jpg,jpg,2023-07-25 12:46:58,/photo/,4032x3024,128.88598611111,37.751413888889,안산 버스터미널
e_e005633,2307260005,4,e00563301005p0005,e00563301005p0005.jpg,jpg,2023-07-26 19:17:47,/photo/,4032x3024,127.08408333333,37.517713888889,AND 메타 978
f_f004760,2307270002,4,f00476001099p0005,f00476001099p0005.jpg,jpg,2023-07-27 22:45:20,/photo/,3024x4032,128.88276666667,37.757461111111,우진해장국
f_f006006,2308200007,2,f00600601007p0003,f00600601007p0003.jpg,jpg,2023-08-20 18:28:44,/photo/,3672x2066,129.1183,35.152469444444,
e_e005633,2307280003,10,e00563303004p0011,e00563303004p0011.jpg,jpg,2023-07-28 14:41:22,/photo/,3024x4032,127.12029166667,37.515858333333,소바 위트
f_f004740,2307290005,2,f00474001005p0003,f00474001005p0003.jpg,jpg,2023-07-29 12:05:00,/photo/,4032x3024,129.21095277778,35.838677777778,신라스테이 해운대
f_f010978,2308250014,2,f01097801013p0003,f01097801013p0003.jpg,jpg,2023-08-25 20:21:46,/photo/,4032x3024,128.57954444444,35.824936111111,
f_f004740,2307290005,3,f00474001005p0004,f00474001005p0004.jpg,jpg,2023-07-29 12:08:30,/photo/,3024x4032,129.21086111111,35.83865,서문시장
f_f004740,2307290007,9,f00474001007p0010,f00474001007p0010.jpg,jpg,2023-07-29 15:02:56,/photo/,2268x4032,129.33235277778,35.790019444444,뮤직 온 코인 노래연습장
f_f004740,2307290009,10,f00474001009p0011,f00474001009p0011.jpg,jpg,2023-07-29 17:08:21,/photo/,4032x3024,129.26413055556,35.850883333333,전주식당
f_f004740,2307290009,12,f00474001009p0013,f00474001009p0013.jpg,jpg,2023-07-29 17:08:57,/photo/,4032x3024,129.26408333333,35.850891666667,와플 대학 구리 갈매 캠퍼스
f_f004740,2307290009,13,f00474001009p0014,f00474001009p0014.jpg,jpg,2023-07-29 17:11:23,/photo/,4032x3024,129.26397777778,35.850602777778,집
f_f004740,2307290009,14,f00474001009p0015,f00474001009p0015.jpg,jpg,2023-07-29 17:12:46,/photo/,4032x3024,129.26338055556,35.850297222222,금동 타운
f_f004740,2307300002,2,f00474002003p0003,f00474002003p0003.jpg,jpg,2023-07-30 11:33:52,/photo/,2268x4032,129.20871111111,35.839072222222,김포국제공항 국내선
f_f004305,2307300002,2,f00430501002p0003,f00430501002p0003.jpg,jpg,2023-07-30 11:00:18,/photo/,4032x3024,129.20970277778,35.835575,김포국제공항 국내선
f_f004305,2307300004,2,f00430501004p0003,f00430501004p0003.jpg,jpg,2023-07-30 13:08:52,/photo/,4032x3024,129.21768055556,35.829819444444,롯데백화점 수원점
f_f004305,2307300004,4,f00430501004p0005,f00430501004p0005.jpg,jpg,2023-07-30 13:05:03,/photo/,4032x3024,129.21936111111,35.832488888889,낭도 1년 도가 식당과 낭도 상산 등산로
f_f004305,2307300004,10,f00430501004p0011,f00430501004p0011.jpg,jpg,2023-07-30 13:00:05,/photo/,3024x4032,129.21655277778,35.834991666667,옥천 전통문화체험관
f_f004305,2307300004,14,f00430501004p0015,f00430501004p0015.jpg,jpg,2023-07-30 12:36:26,/photo/,4032x3024,129.21655277778,35.835094444444,동국대학교 이해랑 문화 예술 극장
f_f005133,2307300005,5,f00513301005p0006,f00513301005p0006.jpg,jpg,2023-07-30 13:34:46,/photo/,3024x4032,129.17877222222,35.155391666667,청산 본가 설렁탕
f_f004305,2307300005,11,f00430501005p0012,f00430501005p0012.jpg,jpg,2023-07-30 14:13:51,/photo/,4032x3024,129.21180555556,35.835194444444,청춘 다 꽈배기 팔공산점
f_f010785,2308270007,2,f01078501007p0003,f01078501007p0003.jpg,jpg,2023-08-27 19:15:28,/photo/,4032x3024,128.88736111111,35.253016666667,
f_f010875,2308280010,2,f01087501008p0003,f01087501008p0003.jpg,jpg,2023-08-28 15:44:21,/photo/,4032x3024,128.89501944444,37.755180555556,
f_f012536,2308280010,2,f01253601010p0003,f01253601010p0003.jpg,jpg,2023-08-28 18:08:49,/photo/,3024x3024,128.60351769972,38.190570999722,
f_f014163,2308300005,2,f01416301005p0003,f01416301005p0003.jpg,jpg,2023-08-30 16:52:05,/photo/,3024x4032,128.91877777778,37.794994444444,
f_f014163,2308300008,2,f01416301007p0003,f01416301007p0003.jpg,jpg,2023-08-30 18:11:57,/photo/,4032x3024,128.94638055556,37.773461111111,
f_f004947,2308010002,16,f00494702003p0017,f00494702003p0017.jpg,jpg,2023-08-01 13:57:15,/photo/,4032x3024,129.16868611111,35.160602777778,금능 둘레길
f_f014901,2309010005,2,f01490101004p0003,f01490101004p0003.jpg,jpg,2023-09-01 16:09:03,/photo/,4032x3024,129.21322777778,35.184644444444,
f_f005161,2308020003,2,f00516101003p0003,f00516101003p0003.jpg,jpg,2023-08-02 18:28:47,/photo/,4032x3024,128.601425,38.212094444444,자코비 버거
f_f005161,2308020003,4,f00516101003p0005,f00516101003p0005.jpg,jpg,2023-08-02 18:29:08,/photo/,3024x4032,128.60139444444,38.212086111111,네온 댄스학원
f_f010914,2309020006,2,f01091401005p0003,f01091401005p0003.jpg,jpg,2023-09-02 16:27:40,/photo/,3000x4000,127.687567,37.878090972222,
f_f015285,2309020006,2,f01528501006p0003,f01528501006p0003.jpg,jpg,2023-09-02 19:05:06,/photo/,3024x4032,127.72348055556,37.893322222222,
f_f005161,2308020003,6,f00516101003p0007,f00516101003p0007.jpg,jpg,2023-08-02 18:31:31,/photo/,4032x3024,128.60180555556,38.212075,그랜드 하얏트 인천
f_f005161,2308020003,7,f00516101003p0008,f00516101003p0008.jpg,jpg,2023-08-02 18:36:41,/photo/,4032x3024,128.60201944444,38.212055555556,집
f_f005161,2308020003,9,f00516101003p0010,f00516101003p0010.jpg,jpg,2023-08-02 18:40:59,/photo/,4032x3024,128.60143888889,38.211844444444,영금정
f_f014045,2309050009,2,f01404501009p0003,f01404501009p0003.jpg,jpg,2023-09-05 12:05:15,/photo/,4032x3024,128.5944684,38.209199699722,
f_f014045,2309050011,2,f01404501011p0003,f01404501011p0003.jpg,jpg,2023-09-05 16:59:04,/photo/,4032x3024,128.5935747,38.1919204,
f_f005403,2308040002,1,f00540301002p0002,f00540301002p0002.jpg,jpg,2023-08-04 09:28:32,/photo/,2268x4032,129.33232222222,35.787519444444,집
f_f005403,2308040002,2,f00540301002p0003,f00540301002p0003.jpg,jpg,2023-08-04 09:38:56,/photo/,2268x4032,129.33232222222,35.789952777778,러키 웨더 젤라또
f_f005403,2308040002,4,f00540301002p0005,f00540301002p0005.jpg,jpg,2023-08-04 09:41:43,/photo/,3024x3024,129.33216944444,35.789844444444,플레이팅
f_f005403,2308040002,5,f00540301002p0006,f00540301002p0006.jpg,jpg,2023-08-04 09:45:36,/photo/,3024x3024,129.33187777778,35.790261111111,집
f_f005403,2308040002,8,f00540301002p0009,f00540301002p0009.jpg,jpg,2023-08-04 10:02:14,/photo/,3024x3024,129.33207777778,35.789744444444,집
f_f005403,2308040002,9,f00540301002p0010,f00540301002p0010.jpg,jpg,2023-08-04 10:07:45,/photo/,3024x3024,129.33251944444,35.787955555556,친구 집
f_f005403,2308040003,2,f00540301003p0003,f00540301003p0003.jpg,jpg,2023-08-04 10:56:02,/photo/,2268x4032,129.23118611111,35.838338888889,동인천역 1호선
f_f005403,2308040005,4,f00540301005p0005,f00540301005p0005.jpg,jpg,2023-08-04 14:31:04,/photo/,3024x3024,129.22729444444,35.829791666667,솔빛 일상 송현시장
f_f005403,2308040005,5,f00540301005p0006,f00540301005p0006.jpg,jpg,2023-08-04 15:04:53,/photo/,4032x2268,129.22724722222,35.828269444444,안도라
f_f004717,2308050003,2,f00471701002p0003,f00471701002p0003.jpg,jpg,2023-08-05 13:01:48,/photo/,3456x3456,128.6111328,35.8670278,제주 투사관
f_f005602,2308050003,3,f00560201003p0004,f00560201003p0004.jpg,jpg,2023-08-05 14:19:44,/photo/,4000x3000,129.29115999972,35.548491599722,부산역
f_f004717,2308050004,1,f00471701003p0002,f00471701003p0002.jpg,jpg,2023-08-05 15:28:51,/photo/,3024x3024,128.60178669972,35.8683199,집
f_f004717,2308050004,2,f00471701003p0003,f00471701003p0003.jpg,jpg,2023-08-05 14:25:26,/photo/,3024x3024,128.6018156,35.868566899722,원조인의 Flower
f_f004717,2308050004,4,f00471701003p0005,f00471701003p0005.jpg,jpg,2023-08-05 14:05:48,/photo/,3024x3024,128.6008256,35.868001499722,궁남지
f_f004717,2308050004,7,f00471701003p0008,f00471701003p0008.jpg,jpg,2023-08-05 14:02:29,/photo/,3024x3024,128.60146209972,35.8678108,화성휴게소 서울 방향
f_f004717,2308050005,4,f00471701004p0005,f00471701004p0005.jpg,jpg,2023-08-05 16:54:18,/photo/,3024x3024,128.66012409972,35.8743205,부산 시립미술관
f_f004657,2308050008,3,f00465701007p0004,f00465701007p0004.jpg,jpg,2023-08-05 18:23:06,/photo/,3024x4032,128.5406848,38.190032,대전복합터미널
f_f005042,2308060003,2,f00504201003p0003,f00504201003p0003.jpg,jpg,2023-08-06 13:11:38,/photo/,3024x4032,129.21228055556,35.836947222222,제주 국제공항
f_f005449,2308060003,5,f00544901003p0006,f00544901003p0006.jpg,jpg,2023-08-06 19:16:17,/photo/,4032x3024,128.87660277778,35.235005555556,에스에스 베이커리 카페(cafe bene)
f_f005042,2308060003,5,f00504201003p0006,f00504201003p0006.jpg,jpg,2023-08-06 13:09:29,/photo/,3024x4032,129.21221944444,35.837697222222,에스에스 베이커리 카페(cafe bene)
f_f005042,2308060003,8,f00504201003p0009,f00504201003p0009.jpg,jpg,2023-08-06 13:05:50,/photo/,4032x3024,129.21075555556,35.838977777778,일송정
f_f005042,2308060003,11,f00504201003p0012,f00504201003p0012.jpg,jpg,2023-08-06 13:04:46,/photo/,3024x4032,129.20996111111,35.838952777778,집
f_f005042,2308060003,13,f00504201003p0014,f00504201003p0014.jpg,jpg,2023-08-06 13:00:46,/photo/,4032x3024,129.20907777778,35.839622222222,천안 고속버스터미널
f_f005042,2308060003,14,f00504201003p0015,f00504201003p0015.jpg,jpg,2023-08-06 12:50:47,/photo/,2906x3875,129.20823611111,35.839888888889,관음사
f_f005042,2308060003,15,f00504201003p0016,f00504201003p0016.jpg,jpg,2023-08-06 12:48:14,/photo/,2898x3866,129.20800833333,35.840011111111,옥구 향교
f_f005042,2308060003,16,f00504201003p0017,f00504201003p0017.jpg,jpg,2023-08-06 12:48:10,/photo/,3024x4032,129.20797777778,35.840013888889,호텔 샌드
f_f005042,2308060004,4,f00504201005p0005,f00504201005p0005.jpg,jpg,2023-08-06 13:21:10,/photo/,3024x4032,129.21409722222,35.834872222222,여수 돌게 빵
f_f005042,2308060004,5,f00504201005p0006,f00504201005p0006.jpg,jpg,2023-08-06 13:21:15,/photo/,3024x4032,129.21411111111,35.834872222222,자갈치 크루즈
f_f005042,2308060004,6,f00504201005p0007,f00504201005p0007.jpg,jpg,2023-08-06 13:22:01,/photo/,2779x3705,129.21415555556,35.834805555556,락송정
f_f005042,2308060004,8,f00504201005p0009,f00504201005p0009.jpg,jpg,2023-08-06 13:22:37,/photo/,2814x3752,129.21412777778,35.834827777778,집
f_f005042,2308060004,14,f00504201005p0015,f00504201005p0015.jpg,jpg,2023-08-06 13:29:56,/photo/,2672x3563,129.21412777778,35.834830555556,차이나타운점
f_f005042,2308060004,15,f00504201005p0016,f00504201005p0016.jpg,jpg,2023-08-06 14:05:57,/photo/,3024x4032,129.21409722222,35.834869444444,마마롱
f_f005096,2308060006,4,f00509601006p0005,f00509601006p0005.jpg,jpg,2023-08-06 20:20:17,/photo/,4032x3024,128.60255789972,38.190865399722,메타 프로방스
f_f005444,2308060007,7,f00544401099p0008,f00544401099p0008.jpg,jpg,2023-08-06 19:25:00,/photo/,2992x2992,129.4524657,35.573480099722,단양 노트
f_f005042,2308070001,5,f00504202002p0006,f00504202002p0006.jpg,jpg,2023-08-07 12:01:20,/photo/,3024x4032,129.22138888889,35.834258333333,거창 창포원
f_f005042,2308070001,7,f00504202002p0008,f00504202002p0008.jpg,jpg,2023-08-07 12:04:01,/photo/,3024x4032,129.21933055556,35.834422222222,9.81파크
f_f005042,2308070001,9,f00504202002p0010,f00504202002p0010.jpg,jpg,2023-08-07 12:04:07,/photo/,2898x3864,129.21931388889,35.834419444444,집
f_f005042,2308070001,10,f00504202002p0011,f00504202002p0011.jpg,jpg,2023-08-07 12:18:57,/photo/,4032x3024,129.21627777778,35.835019444444,절뚝 소머리 집
f_f005062,2308070002,4,f00506202003p0005,f00506202003p0005.jpg,jpg,2023-08-07 12:21:27,/photo/,4032x3024,129.01229722222,37.706211111111,집
f_f005444,2308070002,6,f00544402003p0007,f00544402003p0007.jpg,jpg,2023-08-07 12:22:57,/photo/,2992x2992,129.43741349972,35.491846299722,장호 닭갈비 명가
f_f005062,2308070002,6,f00506202003p0007,f00506202003p0007.jpg,jpg,2023-08-07 12:22:56,/photo/,4032x3024,129.01197777778,37.705822222222,장호 닭갈비 명가
f_f005096,2308070003,2,f00509602004p0003,f00509602004p0003.jpg,jpg,2023-08-07 12:33:11,/photo/,4032x3024,128.5994005,38.2147135,오미자 꿀빵 본점
f_f005096,2308070003,8,f00509602004p0009,f00509602004p0009.jpg,jpg,2023-08-07 13:01:59,/photo/,4032x3024,128.60014079972,38.213718399722,옐로스토어
f_f000013,2304290003,3,f00001302006p0004,f00001302006p0004.jpg,jpg,2023-04-29 11:06:37,/photo/,4000x3000,129.11938549972,37.554956799722,어게인 캠핑
f_f005086,2308080001,4,f00508602002p0005,f00508602002p0005.jpg,jpg,2023-08-08 11:26:31,/photo/,4032x3024,129.3823409,35.5057624,집
f_f005086,2308080001,8,f00508602002p0009,f00508602002p0009.jpg,jpg,2023-08-08 12:55:00,/photo/,3365x4486,129.3812067,35.5051295,그랑깨
f_f005086,2308080002,2,f00508602003p0003,f00508602003p0003.jpg,jpg,2023-08-08 13:35:40,/photo/,4032x3024,129.3814656,35.502612399722,김포국제공항 국내선
f_f005414,2308090002,2,f00541402003p0003,f00541402003p0003.jpg,jpg,2023-08-09 14:15:53,/photo/,4000x1800,129.27758109972,35.8501096,탄천 휴게소 논산 방향
f_f000568,2305200003,3,f00056802003p0004,f00056802003p0004.jpg,jpg,2023-05-20 11:04:07,/photo/,4032x3024,128.91271944444,37.787219444444,소노벨 천안 오션 어드벤처
f_f005823,2308110006,4,f00582301005p0005,f00582301005p0005.jpg,jpg,2023-08-11 16:56:39,/photo/,4032x2268,127.692025,37.892166666667,광장 마트
f_f006655,2308120005,5,f00665501005p0006,f00665501005p0006.jpg,jpg,2023-08-12 14:01:50,/photo/,3024x4032,128.87255833333,37.843327777778,집
f_f006655,2308120005,7,f00665501005p0008,f00665501005p0008.jpg,jpg,2023-08-12 14:15:59,/photo/,3024x4032,128.87280277778,37.843783333333,아바이마을
f_f007107,2308130005,4,f00710701005p0005,f00710701005p0005.jpg,jpg,2023-08-13 11:17:25,/photo/,4032x3024,127.70221111111,35.473044444444,스타벅스 제주 칠성점
f_f007107,2308130006,1,f00710701006p0002,f00710701006p0002.jpg,jpg,2023-08-13 11:48:05,/photo/,4032x3024,127.67244722222,35.468802777778,집
f_f007107,2308130006,4,f00710701006p0005,f00710701006p0005.jpg,jpg,2023-08-13 11:50:30,/photo/,4032x3024,127.67239444444,35.468319444444,번천
f_f007107,2308130006,10,f00710701006p0011,f00710701006p0011.jpg,jpg,2023-08-13 12:49:04,/photo/,3024x4032,127.67227222222,35.468552777778,소금 바치우 순이네
f_f007107,2308130006,11,f00710701006p0012,f00710701006p0012.jpg,jpg,2023-08-13 12:48:55,/photo/,4032x3024,127.67228055556,35.468536111111,콩수리에 두부가
f_f007107,2308130006,12,f00710701006p0013,f00710701006p0013.jpg,jpg,2023-08-13 12:53:13,/photo/,4032x3024,127.67205833333,35.468861111111,삼무국수 서귀포점
f_f007107,2308130006,13,f00710701006p0015,f00710701006p0015.jpg,jpg,2023-08-13 12:58:48,/photo/,4032x3024,127.67252222222,35.468777777778,집
f_f007107,2308130007,5,f00710701007p0006,f00710701007p0006.jpg,jpg,2023-08-13 15:10:48,/photo/,4032x3024,127.87051388889,35.398994444444,빌리가
f_f006526,2308140002,8,f00652602002p0009,f00652602002p0009.jpg,jpg,2023-08-14 11:41:28,/photo/,4032x3024,127.8190208,37.433664,집
f_f006380,2308140004,3,f00638001004p0004,f00638001004p0004.jpg,jpg,2023-08-14 17:46:10,/photo/,4032x3024,128.5177538,36.538914099722,몽베르
f_f006380,2308140004,4,f00638001004p0005,f00638001004p0005.jpg,jpg,2023-08-14 17:46:35,/photo/,4032x3024,128.5187941,36.5389035,넉둥베기
f_f003509,2306180004,3,f00350901004p0004,f00350901004p0004.jpg,jpg,2023-06-18 14:32:21,/photo/,4000x3000,128.8742938,35.2308321,보탑사
f_f003509,2306180005,3,f00350901005p0004,f00350901005p0004.jpg,jpg,2023-06-18 15:10:29,/photo/,4000x3000,128.8786555,35.2347918,7공주식당 여수 본점
f_f003509,2306180008,3,f00350901008p0004,f00350901008p0004.jpg,jpg,2023-06-18 18:31:39,/photo/,4000x3000,128.89087839972,35.2457032,제주 국제공항
f_f005501,2308150002,2,f00550101002p0003,f00550101002p0003.jpg,jpg,2023-08-15 10:17:16,/photo/,4000x3000,127.85787963889,34.911251055556,자매 국수
f_f005501,2308150002,6,f00550101002p0007,f00550101002p0007.jpg,jpg,2023-08-15 10:27:48,/photo/,4000x3000,127.85894775,34.909725166667,집
f_f005501,2308150002,7,f00550101002p0008,f00550101002p0008.jpg,jpg,2023-08-15 10:31:54,/photo/,4000x3000,127.8586466,34.909661599722,스테이 지리산 아침
f_f005501,2308150002,9,f00550101002p0010,f00550101002p0010.jpg,jpg,2023-08-15 10:42:48,/photo/,3000x4000,127.85753630556,34.9134445,컴포즈커피 서귀포 일호광장점
f_f004131,2307080002,3,f00413101002p0004,f00413101002p0004.jpg,jpg,2023-07-08 11:47:59,/photo/,4032x3024,128.720715,35.716107,집
f_f006357,2308160002,1,f00635701002p0002,f00635701002p0002.jpg,jpg,2023-08-16 16:24:20,/photo/,4000x2252,129.20705549972,35.8263006,집
f_f004013,2307150005,3,f00401301006p0004,f00401301006p0004.jpg,jpg,2023-07-15 17:25:32,/photo/,4000x3000,128.585732,35.866982,제주 국제공항
f_f004103,2307170005,3,f00410301004p0004,f00410301004p0004.jpg,jpg,2023-07-17 14:23:20,/photo/,4032x3024,128.01767797222,34.749766972222,
f_f006357,2308160002,3,f00635701002p0004,f00635701002p0004.jpg,jpg,2023-08-16 16:16:37,/photo/,4000x3000,129.20684059972,35.8262816,테디베어뮤지엄 제주점
f_f006357,2308160002,19,f00635701002p0020,f00635701002p0020.jpg,jpg,2023-08-16 16:27:17,/photo/,4000x2252,129.2066732,35.826165699722,김해국제공항
f_f006888,2308160003,4,f00688801002p0005,f00688801002p0005.jpg,jpg,2023-08-16 11:18:40,/photo/,2992x2992,129.34439939972,35.378097699722,구룡포 일본인 가옥거리
f_f006357,2308160003,4,f00635701003p0005,f00635701003p0005.jpg,jpg,2023-08-16 17:28:27,/photo/,3000x4000,129.2284394,35.829719699722,구룡포 일본인 가옥거리
f_f006888,2308160003,5,f00688801002p0006,f00688801002p0006.jpg,jpg,2023-08-16 11:17:23,/photo/,2992x2992,129.3443756,35.378356199722,협재해수욕장
f_f004740,2307290008,3,f00474001008p0004,f00474001008p0004.jpg,jpg,2023-07-29 15:14:08,/photo/,2268x4032,129.33149722222,35.790122222222,
f_f004740,2307290009,3,f00474001009p0004,f00474001009p0004.jpg,jpg,2023-07-29 16:44:46,/photo/,4032x3024,129.262925,35.8499,
f_f006888,2308160003,7,f00688801002p0008,f00688801002p0008.jpg,jpg,2023-08-16 11:13:44,/photo/,2992x2992,129.34436719972,35.3802163,소노벨 천안
f_f006888,2308160003,8,f00688801002p0009,f00688801002p0009.jpg,jpg,2023-08-16 11:44:00,/photo/,2992x2992,129.3448107,35.381802499722,캘리포니아비치
f_f006888,2308160003,10,f00688801002p0011,f00688801002p0011.jpg,jpg,2023-08-16 11:42:55,/photo/,2992x2992,129.3447759,35.38145,달본
f_f006888,2308160003,12,f00688801002p0013,f00688801002p0013.jpg,jpg,2023-08-16 11:33:29,/photo/,2992x2992,129.34475789972,35.377458799722,노을 승마장
f_f005403,2308040002,3,f00540301002p0004,f00540301002p0004.jpg,jpg,2023-08-04 09:40:00,/photo/,2268x4032,129.33207777778,35.789905555556,
f_f004717,2308050004,3,f00471701003p0004,f00471701003p0004.jpg,jpg,2023-08-05 14:21:40,/photo/,3024x3024,128.6020085,35.8696227,볼스
f_f004717,2308050006,3,f00471701005p0004,f00471701005p0004.jpg,jpg,2023-08-05 20:09:32,/photo/,4032x3024,128.61907659972,35.8260457,안산농협 로컬푸드 직매장 하나로마트 연꽃 지점
f_f005096,2308060003,3,f00509601003p0004,f00509601003p0004.jpg,jpg,2023-08-06 15:16:25,/photo/,4032x3024,128.60515839972,38.192799999722,이가 한옥
f_f006888,2308160005,4,f00688801003p0005,f00688801003p0005.jpg,jpg,2023-08-16 13:10:43,/photo/,2992x2992,129.38140279972,35.502488599722,해미읍성
f_f005444,2308060003,3,f00544401003p0004,f00544401003p0004.jpg,jpg,2023-08-06 10:09:40,/photo/,2992x2992,129.0933732,35.5455285,이가 한옥
f_f005449,2308060003,3,f00544901003p0004,f00544901003p0004.jpg,jpg,2023-08-06 18:59:23,/photo/,4032x3024,128.87864722222,35.234752777778,이가 한옥
f_f005042,2308060004,3,f00504201005p0004,f00504201005p0004.jpg,jpg,2023-08-06 13:20:29,/photo/,3024x4032,129.21408055556,35.834844444444,하이 렌터카 제주본점
f_f005042,2308070002,3,f00504202003p0004,f00504202003p0004.jpg,jpg,2023-08-07 14:01:52,/photo/,4032x3024,129.21611111111,35.835213888889,
f_f006888,2308160005,10,f00688801003p0011,f00688801003p0011.jpg,jpg,2023-08-16 13:55:34,/photo/,2992x2992,129.38256089972,35.501932299722,우무 2호점
f_f006888,2308160005,13,f00688801003p0014,f00688801003p0014.jpg,jpg,2023-08-16 13:58:15,/photo/,2992x2992,129.3832192,35.501641599722,동래 시외버스정류소
f_f006888,2308160005,16,f00688801003p0017,f00688801003p0017.jpg,jpg,2023-08-16 14:04:39,/photo/,2992x2992,129.38320269972,35.501768099722,경주 원조 콩국
f_f005823,2308110005,3,f00582301004p0004,f00582301004p0004.jpg,jpg,2023-08-11 15:43:37,/photo/,2268x4032,127.72538055556,37.893780555556,현대 프리미엄 아울렛 스페이스 원
f_f006655,2308120006,3,f00665501004p0004,f00665501004p0004.jpg,jpg,2023-08-12 15:42:36,/photo/,4032x3024,128.87625,37.833275,신세계백화점 센텀시티점
f_f006888,2308160007,5,f00688801006p0006,f00688801006p0006.jpg,jpg,2023-08-16 16:00:46,/photo/,2992x2992,129.36720629972,35.503235199722,스타벅스 제주 칠성점
f_f006888,2308160007,10,f00688801006p0011,f00688801006p0011.jpg,jpg,2023-08-16 16:07:12,/photo/,2992x2992,129.36730489972,35.503377,우진해장국
f_f007107,2308130005,3,f00710701005p0004,f00710701005p0004.jpg,jpg,2023-08-13 11:19:14,/photo/,4032x3024,127.70217222222,35.473072222222,김해국제공항
f_f007107,2308130006,3,f00710701006p0004,f00710701006p0004.jpg,jpg,2023-08-13 11:49:56,/photo/,4032x3024,127.67224722222,35.468413888889,
f_f006357,2308160003,3,f00635701003p0004,f00635701003p0004.jpg,jpg,2023-08-16 17:07:18,/photo/,4000x3000,129.2277952,35.829565299722,순천역
f_f006888,2308160007,3,f00688801006p0004,f00688801006p0004.jpg,jpg,2023-08-16 14:48:08,/photo/,2992x2992,129.36704,35.5032768,
f_f006888,2308160005,3,f00688801003p0004,f00688801003p0004.jpg,jpg,2023-08-16 13:10:13,/photo/,2992x2992,129.38140279972,35.502488599722,장생포 고래 박물관
f_f008259,2308180003,5,f00825901002p0006,f00825901002p0006.jpg,jpg,2023-08-18 13:57:49,/photo/,4032x3024,129.01212689972,37.705923499722,메종 고니
f_f008259,2308180003,7,f00825901002p0008,f00825901002p0008.jpg,jpg,2023-08-18 14:49:56,/photo/,4032x3024,129.0121051,37.7064682,두가시의 부엌
f_f008259,2308180003,8,f00825901002p0009,f00825901002p0009.jpg,jpg,2023-08-18 13:33:50,/photo/,4032x3024,129.0120496,37.7063745,9남매 집
f_f008259,2308180003,9,f00825901002p0010,f00825901002p0010.jpg,jpg,2023-08-18 13:32:36,/photo/,4032x3024,129.01207539972,37.7063459,송광사
f_f008259,2308180003,10,f00825901002p0011,f00825901002p0011.jpg,jpg,2023-08-18 13:25:30,/photo/,3024x4032,129.0121082,37.706313299722,보사노바 커피 로프터스 속초점
f_f008259,2308180003,11,f00825901002p0012,f00825901002p0012.jpg,jpg,2023-08-18 13:32:18,/photo/,4032x3024,129.0132179,37.7073169,단양구경시장
f_f008259,2308180005,1,f00825901004p0002,f00825901004p0002.jpg,jpg,2023-08-18 16:33:06,/photo/,4032x3024,128.9079177,37.7877202,집
f_f007889,2308180005,1,f00788901006p0002,f00788901006p0002.jpg,jpg,2023-08-18 12:42:28,/photo/,4032x3024,128.8790155,37.776779099722,집
f_f008259,2308180005,3,f00825901004p0004,f00825901004p0004.jpg,jpg,2023-08-18 16:30:34,/photo/,4032x3024,128.9063084,37.7908321,모녀 가리비
f_f011548,2308230006,3,f01154801005p0004,f01154801005p0004.jpg,jpg,2023-08-23 11:02:13,/photo/,4032x3024,129.39410277778,36.067902777778,
f_f008259,2308180005,4,f00825901004p0005,f00825901004p0005.jpg,jpg,2023-08-18 16:24:14,/photo/,3024x4032,128.90677289972,37.7907291,속초 아이
f_f011221,2308230007,3,f01122101007p0004,f01122101007p0004.jpg,jpg,2023-08-23 17:25:33,/photo/,4032x3024,129.31161388889,35.801527777778,
f_f008259,2308180005,5,f00825901004p0006,f00825901004p0006.jpg,jpg,2023-08-18 16:49:52,/photo/,4032x3024,128.90634489972,37.7910167,도피와 커피 세종수목원점
f_f007571,2308180006,3,f00757101005p0004,f00757101005p0004.jpg,jpg,2023-08-18 09:30:39,/photo/,4000x3000,129.032936,37.6915908,오고당 신세계백화점 아트앤사이언스점
f_f007889,2308180006,3,f00788901005p0004,f00788901005p0004.jpg,jpg,2023-08-18 12:55:45,/photo/,4032x3024,128.8799045,37.7790904,오고당 신세계백화점 아트앤사이언스점
f_f007889,2308180006,6,f00788901005p0007,f00788901005p0007.jpg,jpg,2023-08-18 12:58:34,/photo/,4032x3024,128.87938479972,37.7789731,울릉 크루즈 투어
f_f007571,2308180007,2,f00757101006p0003,f00757101006p0003.jpg,jpg,2023-08-18 10:39:32,/photo/,4000x3000,129.05570099972,37.660986999722,청주국제공항
f_f007571,2308180008,8,f00757101007p0009,f00757101007p0009.jpg,jpg,2023-08-18 12:46:14,/photo/,4000x3000,128.83412699972,37.8798868,카페 레이어드 제주점
f_f006605,2308190001,1,f00660501002p0002,f00660501002p0002.jpg,jpg,2023-08-19 16:37:00,/photo/,4000x3000,128.96911349972,35.045158399722,집
f_f006605,2308190001,4,f00660501002p0005,f00660501002p0005.jpg,jpg,2023-08-19 16:38:49,/photo/,4000x3000,128.96914509972,35.0443532,온 더 선셋
f_f006605,2308190001,5,f00660501002p0006,f00660501002p0006.jpg,jpg,2023-08-19 16:46:17,/photo/,4000x3000,128.9690112,35.0393023,쌍교 숯불갈비 담양 본점
f_f006605,2308190001,6,f00660501002p0007,f00660501002p0007.jpg,jpg,2023-08-19 16:46:44,/photo/,4000x3000,128.9690161,35.039294499722,성산일출봉
f_f007571,2308190002,3,f00757102002p0004,f00757102002p0004.jpg,jpg,2023-08-19 10:48:31,/photo/,3000x4000,128.9484906,37.7720009,묵호역
f_f008076,2308190002,8,f00807602003p0009,f00807602003p0009.jpg,jpg,2023-08-19 11:19:20,/photo/,4032x3024,128.32318055556,37.582455555556,집
f_f008076,2308190002,12,f00807602003p0013,f00807602003p0013.jpg,jpg,2023-08-19 11:53:26,/photo/,4032x3024,128.31074444444,37.573897222222,집
f_f008379,2308190003,1,f00837901002p0002,f00837901002p0002.jpg,jpg,2023-08-19 11:06:48,/photo/,4000x3000,128.9122944,35.265900799722,집
f_f008379,2308190003,2,f00837901002p0003,f00837901002p0003.jpg,jpg,2023-08-19 11:01:11,/photo/,4000x3000,128.91261439972,35.265417599722,청송 휴게소 영덕 방향
f_f006605,2308190003,2,f00660501004p0003,f00660501004p0003.jpg,jpg,2023-08-19 19:28:17,/photo/,4000x3000,128.965312,35.0485696,청송 휴게소 영덕 방향
f_f006605,2308190003,3,f00660501004p0004,f00660501004p0004.jpg,jpg,2023-08-19 19:28:30,/photo/,4000x3000,128.96518399972,35.048540799722,한국민속촌
f_f006605,2308190003,5,f00660501004p0006,f00660501004p0006.jpg,jpg,2023-08-19 19:28:52,/photo/,4000x3000,128.96518399972,35.048540799722,이마트 신제주점
f_f008379,2308190003,5,f00837901002p0006,f00837901002p0006.jpg,jpg,2023-08-19 10:53:58,/photo/,3000x4000,128.9128479,35.2656836,이마트 신제주점
f_f008427,2308190003,6,f00842701003p0010,f00842701003p0010.jpg,jpg,2023-08-19 13:02:51,/photo/,9248x6936,128.7220914,37.6604212,점점
f_f008379,2308190003,10,f00837901002p0011,f00837901002p0011.jpg,jpg,2023-08-19 10:48:31,/photo/,4000x3000,128.91241379972,35.264785,대전 오월드 플라워랜드 버드 테리어
f_f008379,2308190003,11,f00837901002p0012,f00837901002p0012.jpg,jpg,2023-08-19 10:46:31,/photo/,4000x3000,128.91234449972,35.264684,카페 공간
f_f008379,2308190003,14,f00837901002p0015,f00837901002p0015.jpg,jpg,2023-08-19 11:11:22,/photo/,3000x4000,128.91320319972,35.265795199722,가파도
f_f007571,2308190004,2,f00757102004p0003,f00757102004p0003.jpg,jpg,2023-08-19 13:00:41,/photo/,4000x3000,128.87907459972,37.778917999722,할로 브리즈
f_f007571,2308190004,4,f00757102004p0005,f00757102004p0005.jpg,jpg,2023-08-19 13:10:59,/photo/,4000x3000,128.8775482,37.779271899722,하운드시그니처호텔 해운대점
f_f007571,2308190004,5,f00757102004p0008,f00757102004p0008.jpg,jpg,2023-08-19 13:46:02,/photo/,4000x3000,128.87721289972,37.778975799722,돈가스와
f_f006605,2308190004,8,f00660501005p0009,f00660501005p0009.jpg,jpg,2023-08-19 20:32:21,/photo/,4000x3000,128.9671443,35.046583599722,김녕 용암해수사우나
f_f008379,2308190004,8,f00837901003p0009,f00837901003p0009.jpg,jpg,2023-08-19 13:00:05,/photo/,4000x3000,128.9948544,35.2876704,김녕 용암해수사우나
f_f006605,2308190004,9,f00660501005p0010,f00660501005p0010.jpg,jpg,2023-08-19 20:33:16,/photo/,4000x3000,128.96728319972,35.046361599722,호텔 젠
f_f007571,2308190006,3,f00757102006p0004,f00757102006p0004.jpg,jpg,2023-08-19 15:39:07,/photo/,4000x3000,128.8830478,37.7830025,다이소 속초 본점
f_f007571,2308190006,4,f00757102006p0005,f00757102006p0005.jpg,jpg,2023-08-19 15:43:35,/photo/,4000x3000,128.8854439,37.783496599722,오죽헌
f_f007571,2308190006,5,f00757102006p0006,f00757102006p0006.jpg,jpg,2023-08-19 15:53:10,/photo/,3000x4000,128.88519969972,37.783536599722,헤이븐 호텔
f_f008427,2308200001,5,f00842702002p0006,f00842702002p0006.jpg,jpg,2023-08-20 09:20:16,/photo/,9248x6936,128.3270994,37.580436599722,흥남해수욕장
f_f006481,2308200002,1,f00648102003p0002,f00648102003p0002.jpg,jpg,2023-08-20 12:03:57,/photo/,4000x3000,127.72369449972,37.893256,집
f_f006006,2308200002,6,f00600601002p0007,f00600601002p0007.jpg,jpg,2023-08-20 11:49:26,/photo/,4032x3024,129.05738888889,35.154463888889,집
f_f006481,2308200002,6,f00648102003p0007,f00648102003p0007.jpg,jpg,2023-08-20 12:20:14,/photo/,4000x3000,127.7235383,37.894471,집
f_f015600,2309140005,3,f01560001004p0004,f01560001004p0004.jpg,jpg,2023-09-14 12:31:13,/photo/,4032x3024,127.83232979972,35.026928499722,
f_f015615,2309150005,3,f01561501005p0004,f01561501005p0004.jpg,jpg,2023-09-15 15:32:02,/photo/,4032x3024,128.90957777778,37.791669444444,
f_f007260,2308200004,2,f00726001005p0003,f00726001005p0003.jpg,jpg,2023-08-20 10:27:31,/photo/,4032x3024,128.83376944444,37.879572222222,올레길 17코스(광령-제주 원도심 올레)
f_f007260,2308200004,3,f00726001005p0004,f00726001005p0004.jpg,jpg,2023-08-20 10:32:08,/photo/,4032x3024,128.83421388889,37.879922222222,숲속 가든
f_f006481,2308200004,4,f00648102005p0005,f00648102005p0005.jpg,jpg,2023-08-20 15:04:21,/photo/,4000x3000,127.69538959972,37.883583199722,카페 쿠이 롤
f_f006481,2308200004,5,f00648102005p0006,f00648102005p0006.jpg,jpg,2023-08-20 15:35:52,/photo/,4000x3000,127.6962694,37.884347099722,주문진 방사제
f_f006481,2308200004,8,f00648102005p0009,f00648102005p0009.jpg,jpg,2023-08-20 16:16:43,/photo/,4000x3000,127.6978723,37.886638499722,프롬나드
f_f006481,2308200004,11,f00648102005p0012,f00648102005p0012.jpg,jpg,2023-08-20 17:20:14,/photo/,4000x3000,127.6969794,37.884943499722,청아 투명 카약
f_f006481,2308200004,12,f00648102005p0013,f00648102005p0013.jpg,jpg,2023-08-20 17:32:56,/photo/,3000x4000,127.69809669972,37.883594,여수다
f_f009188,2308200005,2,f00918801005p0003,f00918801005p0003.jpg,jpg,2023-08-20 14:56:14,/photo/,4032x3024,128.15150297778,35.207927725,중문정
f_f009188,2308200005,3,f00918801005p0004,f00918801005p0004.jpg,jpg,2023-08-20 15:02:00,/photo/,4032x3024,128.15132549444,35.210297558333,점보네 게스트하우스
f_f009188,2308200005,4,f00918801005p0005,f00918801005p0005.jpg,jpg,2023-08-20 15:03:47,/photo/,4032x3024,128.15143358333,35.211056808333,베어 가든
f_f009188,2308200005,6,f00918801005p0007,f00918801005p0007.jpg,jpg,2023-08-20 15:05:50,/photo/,4032x3024,128.15142683889,35.210991138889,여수 국가대표 패러글라이딩
f_f007260,2308200006,5,f00726001006p0006,f00726001006p0006.jpg,jpg,2023-08-20 12:14:34,/photo/,4032x3024,129.01246666667,37.707955555556,시흥하늘휴게소 양방향
f_f006006,2308200007,5,f00600601007p0006,f00600601007p0006.jpg,jpg,2023-08-20 18:33:57,/photo/,3672x2066,129.11831666667,35.152522222222,황금조개구이 횟집 해물탕 곰장어
f_f000782,2305200002,4,f00078201002p0005,f00078201002p0005.jpg,jpg,2023-05-20 13:07:13,/photo/,4032x3024,127.6859146,37.649582199722,태안 로컬푸드 직매장
f_f000790,2305200003,4,f00079002004p0006,f00079002004p0006.jpg,jpg,2023-05-20 12:21:32,/photo/,4032x3024,129.31305,35.800358333333,벙커 하우스
f_f000782,2305200003,4,f00078201099p0005,f00078201099p0005.jpg,jpg,2023-05-20 12:11:12,/photo/,4032x3024,127.68018809972,37.6466629,벙커 하우스
f_f000730,2305200003,4,f00073001003p0005,f00073001003p0005.jpg,jpg,2023-05-20 16:05:50,/photo/,4000x3000,127.8309875,35.7622677,벙커 하우스
f_f000790,2305200004,4,f00079002005p0005,f00079002005p0005.jpg,jpg,2023-05-20 15:10:52,/photo/,3024x4032,129.28962777778,35.830680555556,여행용품 빌리기
f_f001446,2305260005,4,f00144601005p0005,f00144601005p0005.jpg,jpg,2023-05-26 20:26:00,/photo/,4032x3024,129.0434438,35.175046999722,원주 하이볼 축제
f_f008608,2308210002,12,f00860801002p0013,f00860801002p0013.jpg,jpg,2023-08-21 10:18:54,/photo/,4624x2084,128.77669499972,35.184148299722,길 언니
f_f008608,2308210002,13,f00860801002p0014,f00860801002p0014.jpg,jpg,2023-08-21 10:20:23,/photo/,3264x1468,128.77668159972,35.1843166,탱글
f_f000473,2305280001,4,f00047302002p0005,f00047302002p0005.jpg,jpg,2023-05-28 10:25:16,/photo/,4032x3024,128.1005217,35.7898379,영종역사관
f_f000591,2305280001,4,f00059102002p0005,f00059102002p0005.jpg,jpg,2023-05-28 12:29:13,/photo/,4032x3024,128.42062509972,35.565161199722,영종역사관
f_f001925,2305290003,4,f00192501002p0005,f00192501002p0005.jpg,jpg,2023-05-29 12:18:27,/photo/,3264x2448,128.87646647222,35.234845472222,씨유 편의점
f_f001902,2305310005,4,f00190202005p0005,f00190202005p0005.jpg,jpg,2023-05-31 15:51:46,/photo/,4032x3024,129.15863799972,35.165180999722,동서울 종합터미널
f_f000461,2306020004,4,f00046101004p0005,f00046101004p0005.jpg,jpg,2023-06-02 18:27:45,/photo/,4032x3024,129.13902873611,35.798637713889,거창 서핑 파크 글램핑
f_f000433,2306030002,4,f00043302003p0005,f00043302003p0005.jpg,jpg,2023-06-03 15:16:52,/photo/,4032x3024,128.56411666667,35.902680555556,양주 해피 캠핑장
f_f001363,2306030002,4,f00136302003p0005,f00136302003p0005.jpg,jpg,2023-06-03 11:31:20,/photo/,4032x3024,128.63017222222,38.125897222222,양주 해피 캠핑장
f_f001762,2306040002,4,f00176202002p0005,f00176202002p0005.jpg,jpg,2023-06-04 11:27:19,/photo/,3024x4032,128.72312809972,37.751128999722,챌린저 가든
f_f001184,2306040005,4,f00118403006p0005,f00118403006p0005.jpg,jpg,2023-06-04 19:27:08,/photo/,3024x4032,129.22680555556,35.834055555556,KTG 상상마당 부산
f_f008182,2308210005,4,f00818201004p0005,f00818201004p0005.jpg,jpg,2023-08-21 21:47:30,/photo/,4032x3024,128.71693611111,38.028958333333,아비오 호텔
f_f002830,2306060002,4,f00283001002p0005,f00283001002p0005.jpg,jpg,2023-06-06 10:39:25,/photo/,4032x3024,127.9882204,37.7995261,더 다이닝
f_f000655,2306060003,4,f00065503004p0005,f00065503004p0005.jpg,jpg,2023-06-06 11:37:02,/photo/,4032x3024,128.57876666667,36.578883333333,호텔리츠
f_f002627,2306060004,4,f00262701004p0005,f00262701004p0005.jpg,jpg,2023-06-06 19:18:21,/photo/,4032x3024,129.21148611111,35.838141666667,둔 블랙 서귀포 본점
f_f002444,2306070003,4,f00244401003p0005,f00244401003p0005.jpg,jpg,2023-06-07 18:29:40,/photo/,4032x3024,129.23108999972,37.390662499722,여수 해상 케이블카
f_f003509,2306180004,4,f00350901004p0005,f00350901004p0005.jpg,jpg,2023-06-18 14:35:08,/photo/,4000x3000,128.87498099972,35.2306171,또바기 스파 글램핑
f_f010564,2308220002,6,f01056401002p0007,f01056401002p0007.jpg,jpg,2023-08-22 13:59:55,/photo/,3024x3024,128.82829409972,35.1810364,게으른 하루
f_f010564,2308220002,8,f01056401002p0009,f01056401002p0009.jpg,jpg,2023-08-22 12:36:07,/photo/,3024x3024,128.8276481,35.180784299722,엠스테이 호텔 제주
f_f008113,2308220003,2,f00811302004p0003,f00811302004p0003.jpg,jpg,2023-08-22 12:10:21,/photo/,4032x3024,128.57901111111,35.874702777778,역촌역 6호선
f_f010564,2308220003,5,f01056401003p0006,f01056401003p0006.jpg,jpg,2023-08-22 19:01:54,/photo/,3024x3024,128.8837593,35.226081999722,남제골 벽화마을
f_f010067,2308220003,9,f01006701002p0010,f01006701002p0010.jpg,jpg,2023-08-22 15:52:56,/photo/,4032x3024,129.11293055556,35.150269444444,유동커피
f_f009182,2308220004,2,f00918201004p0003,f00918201004p0003.jpg,jpg,2023-08-22 09:43:09,/photo/,3024x3024,128.5673127,37.7871863,대동 면옥
f_f008182,2308220004,3,f00818202005p0004,f00818202005p0004.jpg,jpg,2023-08-22 13:17:39,/photo/,3024x4032,128.71772777778,38.028080555556,명동 근린공원
f_f009182,2308220004,4,f00918201004p0005,f00918201004p0005.jpg,jpg,2023-08-22 09:47:41,/photo/,3024x3024,128.56584,37.7864536,AK플라자 홍대
f_f009182,2308220004,5,f00918201004p0006,f00918201004p0006.jpg,jpg,2023-08-22 09:52:12,/photo/,3024x3024,128.5641405,37.7863181,오저여
f_f009182,2308220004,6,f00918201004p0007,f00918201004p0007.jpg,jpg,2023-08-22 09:53:25,/photo/,3024x3024,128.56422109972,37.7863783,풍유가
f_f009182,2308220004,8,f00918201004p0009,f00918201004p0009.jpg,jpg,2023-08-22 11:57:41,/photo/,3024x3024,128.56377169972,37.7860256,감 따 담
f_f009182,2308220005,2,f00918201005p0003,f00918201005p0003.jpg,jpg,2023-08-22 12:46:04,/photo/,3456x3456,128.5568523,37.7874521,김포국제공항 국내선
f_f009182,2308220005,3,f00918201005p0004,f00918201005p0004.jpg,jpg,2023-08-22 13:03:26,/photo/,3024x3024,128.55667489972,37.7875257,부여중앙시장
f_f009182,2308220006,2,f00918201006p0003,f00918201006p0003.jpg,jpg,2023-08-22 14:00:56,/photo/,3024x3024,128.58041769972,37.747173199722,고성리 해수욕장
f_f009182,2308220006,3,f00918201006p0004,f00918201006p0004.jpg,jpg,2023-08-22 14:13:55,/photo/,3024x3024,128.59588429972,37.731552499722,공항역 부산 김해 경전철
f_f009182,2308220006,5,f00918201006p0006,f00918201006p0006.jpg,jpg,2023-08-22 14:19:41,/photo/,3024x3024,128.5962751,37.731245299722,베스트 인 시티 호텔
f_f009182,2308220006,6,f00918201006p0007,f00918201006p0007.jpg,jpg,2023-08-22 14:17:30,/photo/,3024x3024,128.596774,37.730701699722,태화탕
f_f009182,2308220006,9,f00918201006p0010,f00918201006p0010.jpg,jpg,2023-08-22 14:34:21,/photo/,4608x3456,128.5924084,37.7313935,곽지해수욕장
f_f009182,2308220006,12,f00918201006p0013,f00918201006p0013.jpg,jpg,2023-08-22 14:35:18,/photo/,4032x3024,128.59186339972,37.731552399722,이중섭거리
f_f009182,2308220006,16,f00918201006p0018,f00918201006p0018.jpg,jpg,2023-08-22 15:21:25,/photo/,4032x3024,128.59339579972,37.7311835,여수엑스포역
f_f004131,2307080002,4,f00413101002p0005,f00413101002p0005.jpg,jpg,2023-07-08 11:46:05,/photo/,4032x3024,128.7205647,35.7154949,집
f_f008079,2308230002,1,f00807901002p0002,f00807901002p0002.jpg,jpg,2023-08-23 15:55:50,/photo/,3024x3024,127.21825277778,38.084186111111,집
f_f008862,2308230002,2,f00886202002p0003,f00886202002p0003.jpg,jpg,2023-08-23 11:31:20,/photo/,4032x3024,128.60218888889,38.212069444444,고상 식당
f_f008079,2308230002,2,f00807901002p0003,f00807901002p0003.jpg,jpg,2023-08-23 15:55:46,/photo/,3024x3024,127.21825277778,38.084191666667,고상 식당
f_f007228,2308230002,3,f00722802004p0004,f00722802004p0004.jpg,jpg,2023-08-23 09:54:20,/photo/,4032x3024,128.82707222222,37.8928,김포국제공항 국내선
f_f008862,2308230002,6,f00886202002p0007,f00886202002p0007.jpg,jpg,2023-08-23 11:25:06,/photo/,4032x3024,128.601425,38.213452777778,까사로마호텔
f_f008079,2308230003,4,f00807901003p0005,f00807901003p0005.jpg,jpg,2023-08-23 16:34:39,/photo/,2268x4032,127.21716944444,38.079911111111,펠러 커피 용산점
f_f008862,2308230003,9,f00886202003p0010,f00886202003p0010.jpg,jpg,2023-08-23 12:14:30,/photo/,4032x3024,128.58346388889,38.198433333333,호텔에 델라
f_f008862,2308230003,12,f00886202003p0013,f00886202003p0013.jpg,jpg,2023-08-23 12:13:37,/photo/,4032x3024,128.58323611111,38.198544444444,안녕협재씨 제주 협재점
f_f011221,2308230004,14,f01122101005p0015,f01122101005p0015.jpg,jpg,2023-08-23 14:12:21,/photo/,4032x3024,129.20971666667,35.837536111111,모퉁이 옷장
f_f008079,2308230005,3,f00807901099p0004,f00807901099p0004.jpg,jpg,2023-08-23 19:09:57,/photo/,4032x3024,127.46222777778,38.155827777778,오복이 역
f_f011548,2308230006,4,f01154801005p0005,f01154801005p0005.jpg,jpg,2023-08-23 11:02:50,/photo/,4032x3024,129.39390555556,36.067733333333,카페 한라산
f_f011548,2308230006,5,f01154801005p0006,f01154801005p0006.jpg,jpg,2023-08-23 11:03:00,/photo/,4032x3024,129.39379722222,36.067708333333,블루 보트 호스텔 경주
f_f011548,2308230006,6,f01154801005p0007,f01154801005p0007.jpg,jpg,2023-08-23 11:04:06,/photo/,4032x3024,129.39311111111,36.067416666667,북경
f_f011548,2308230006,7,f01154801005p0008,f01154801005p0008.jpg,jpg,2023-08-23 11:07:29,/photo/,4032x3024,129.39189166667,36.066333333333,노을리 카페
f_f011548,2308230006,9,f01154801005p0010,f01154801005p0010.jpg,jpg,2023-08-23 11:12:20,/photo/,3024x4032,129.39099166667,36.065186111111,베스트웨스턴 제주호텔
f_f011548,2308230006,12,f01154801005p0013,f01154801005p0013.jpg,jpg,2023-08-23 11:13:45,/photo/,3024x4032,129.39035,36.065175,대전역
f_f011548,2308230006,15,f01154801005p0016,f01154801005p0016.jpg,jpg,2023-08-23 11:17:38,/photo/,4032x3024,129.391525,36.064933333333,코델리아 S 호텔
f_f011548,2308230008,13,f01154801007p0014,f01154801007p0014.jpg,jpg,2023-08-23 12:11:08,/photo/,4032x3024,129.38416944444,36.064275,오션패밀리 호텔
f_f010302,2308240004,2,f01030201004p0003,f01030201004p0003.jpg,jpg,2023-08-24 17:07:48,/photo/,3024x4032,129.21269166667,35.191791666667,제주 국제공항
f_f010302,2308240005,3,f01030201005p0004,f01030201005p0004.jpg,jpg,2023-08-24 18:57:50,/photo/,3024x4032,129.19421388889,35.162466666667,SK 렌터카 제주지점
f_f009257,2308240006,1,f00925701005p0002,f00925701005p0002.jpg,jpg,2023-08-24 12:09:29,/photo/,4032x3024,129.21087777778,35.838805555556,집
f_f009257,2308240006,3,f00925701005p0004,f00925701005p0004.jpg,jpg,2023-08-24 12:29:25,/photo/,4032x3024,129.21316388889,35.838813888889,제주 국제공항
f_f009257,2308240006,4,f00925701005p0005,f00925701005p0005.jpg,jpg,2023-08-24 12:32:26,/photo/,4032x3024,129.21313611111,35.839416666667,롯데리아 천안 독립기념 관점
f_f007878,2308240006,5,f00787801006p0006,f00787801006p0006.jpg,jpg,2023-08-24 18:46:15,/photo/,4032x3024,128.84835833333,37.868930555556,남경 막국수
f_f007878,2308240006,6,f00787801006p0007,f00787801006p0007.jpg,jpg,2023-08-24 18:50:24,/photo/,4032x3024,128.84768611111,37.868175,바다식당
f_f011221,2308230007,4,f01122101007p0005,f01122101007p0005.jpg,jpg,2023-08-23 16:52:18,/photo/,4032x3024,129.31167777778,35.801605555556,
f_f010302,2308240003,4,f01030201003p0005,f01030201003p0005.jpg,jpg,2023-08-24 14:18:52,/photo/,4032x3024,129.229675,35.197925,강릉역
f_f009257,2308240009,9,f00925701008p0010,f00925701008p0010.jpg,jpg,2023-08-24 13:51:57,/photo/,3024x4032,129.21173055556,35.836088888889,신라스테이 여수
f_f006004,2308250001,4,f00600402002p0005,f00600402002p0005.jpg,jpg,2023-08-25 13:29:29,/photo/,4032x3024,129.20921388889,35.837788888889,무주 반디랜드 무주 곤충 박물관
f_f006004,2308250002,2,f00600402003p0003,f00600402003p0003.jpg,jpg,2023-08-25 13:48:24,/photo/,4032x3024,129.21045,35.83905,너의 안
f_f006004,2308250003,2,f00600402004p0003,f00600402004p0003.jpg,jpg,2023-08-25 14:16:58,/photo/,4032x3024,129.21720833333,35.834369444444,김포국제공항 국내선
f_f010778,2308250003,3,f01077801002p0004,f01077801002p0004.jpg,jpg,2023-08-25 10:39:50,/photo/,4032x3024,128.488424,34.892717799722,피치사 도원
f_f006004,2308250003,4,f00600402004p0005,f00600402004p0005.jpg,jpg,2023-08-25 14:17:43,/photo/,4032x3024,129.21763611111,35.834297222222,청춘 김밥
f_f010778,2308250003,5,f01077801002p0006,f01077801002p0006.jpg,jpg,2023-08-25 10:40:00,/photo/,4032x3024,128.488424,34.892717799722,길성 주유소
f_f012204,2308250003,5,f01220401002p0006,f01220401002p0006.jpg,jpg,2023-08-25 14:26:42,/photo/,4032x3024,128.72033611111,35.71465,길성 주유소
f_f012204,2308250004,2,f01220401003p0003,f01220401003p0003.jpg,jpg,2023-08-25 16:37:54,/photo/,4032x3024,128.7099,35.635238888889,서면특화거리
f_f010778,2308250004,2,f01077801003p0003,f01077801003p0003.jpg,jpg,2023-08-25 12:26:39,/photo/,3000x4000,127.82753889972,35.436649899722,서면특화거리
f_f010778,2308250004,3,f01077801003p0004,f01077801003p0004.jpg,jpg,2023-08-25 12:28:56,/photo/,3024x4032,127.8278107,35.4366957,갤러리아백화점 타임월드점
f_f010778,2308250004,4,f01077801003p0005,f01077801003p0005.jpg,jpg,2023-08-25 12:29:23,/photo/,4032x3024,127.8278609,35.4367177,주남저수지 생태학습관
f_f010778,2308250004,5,f01077801003p0006,f01077801003p0006.jpg,jpg,2023-08-25 12:36:13,/photo/,4032x3024,127.82837739972,35.4363766,이집트 경양식
f_f010778,2308250004,6,f01077801003p0007,f01077801003p0007.jpg,jpg,2023-08-25 12:36:25,/photo/,4032x3024,127.82839029972,35.4363789,돌 염전
f_f012222,2308250005,1,f01222201005p0002,f01222201005p0002.jpg,jpg,2023-08-25 11:55:53,/photo/,4032x3024,128.62315277778,38.131111111111,집
f_f012204,2308250005,1,f01220401004p0002,f01220401004p0002.jpg,jpg,2023-08-25 17:02:18,/photo/,4032x3024,128.76280277778,35.616952777778,집
f_f012204,2308250005,3,f01220401004p0004,f01220401004p0004.jpg,jpg,2023-08-25 17:18:01,/photo/,4032x3024,128.76296944444,35.617438888889,수승대관광지 주차장 1
f_f010778,2308250005,5,f01077801004p0006,f01077801004p0006.jpg,jpg,2023-08-25 13:32:46,/photo/,4608x3456,127.82539309972,35.4398265,문화 게스트하우스
f_f010778,2308250006,4,f01077801005p0005,f01077801005p0005.jpg,jpg,2023-08-25 13:41:38,/photo/,4032x1908,127.8259077,35.439869999722,낙강 물길 공원
f_f010778,2308250007,2,f01077801006p0003,f01077801006p0003.jpg,jpg,2023-08-25 14:57:48,/photo/,3024x4032,127.87110459972,35.399124299722,김포국제공항 국내선
f_f008418,2308250007,5,f00841801007p0006,f00841801007p0006.jpg,jpg,2023-08-25 19:29:05,/photo/,4032x3024,128.90176388889,37.809261111111,마루 호텔
f_f010778,2308250007,5,f01077801006p0006,f01077801006p0006.jpg,jpg,2023-08-25 15:14:57,/photo/,3024x4032,127.8704814,35.3989532,마루 호텔
f_f010778,2308250007,7,f01077801006p0008,f01077801006p0008.jpg,jpg,2023-08-25 15:17:36,/photo/,4032x3024,127.87020459972,35.3990748,집
f_f010778,2308250007,9,f01077801006p0010,f01077801006p0010.jpg,jpg,2023-08-25 15:21:25,/photo/,4032x3024,127.8698255,35.3989672,가르 송티 미드 제주점
f_f010778,2308250007,10,f01077801006p0011,f01077801006p0011.jpg,jpg,2023-08-25 15:27:25,/photo/,3024x4032,127.87078089972,35.398944499722,집
f_f010778,2308250008,3,f01077801007p0004,f01077801007p0004.jpg,jpg,2023-08-25 16:32:45,/photo/,4032x3024,127.9581045,35.289547399722,장항역
f_f010778,2308250008,4,f01077801007p0005,f01077801007p0005.jpg,jpg,2023-08-25 16:33:21,/photo/,4032x3024,127.95807979972,35.289405399722,제주 에인절 렌터카
f_f010778,2308250010,2,f01077801009p0003,f01077801009p0003.jpg,jpg,2023-08-25 18:27:54,/photo/,4032x3024,127.9360589,35.2736881,태화강역
f_f010778,2308250010,6,f01077801009p0007,f01077801009p0007.jpg,jpg,2023-08-25 18:35:14,/photo/,4032x3024,127.9370016,35.2741812,제주서우봉비치호텔
f_f010778,2308250010,9,f01077801009p0010,f01077801009p0010.jpg,jpg,2023-08-25 18:39:58,/photo/,4032x3024,127.9358296,35.274887599722,세븐일레븐 인제 기린점
f_f010778,2308250010,10,f01077801009p0011,f01077801009p0011.jpg,jpg,2023-08-25 18:43:43,/photo/,4032x3024,127.9352717,35.2752667,집
f_f010778,2308250010,13,f01077801009p0014,f01077801009p0014.jpg,jpg,2023-08-25 18:53:12,/photo/,4032x2268,127.93507139972,35.274843799722,피닉스 제주
f_f010978,2308250011,2,f01097801010p0003,f01097801010p0003.jpg,jpg,2023-08-25 18:25:42,/photo/,4032x3024,128.59837222222,35.868777777778,수원역
f_f010978,2308250012,2,f01097801011p0003,f01097801011p0003.jpg,jpg,2023-08-25 19:06:41,/photo/,4032x3024,128.60633888889,35.859088888889,김포국제공항 국내선
f_f012113,2308260001,4,f01211302002p0005,f01211302002p0005.jpg,jpg,2023-08-26 01:55:51,/photo/,4032x3024,129.09027222222,37.593311111111,하이 대이리
f_f011303,2308260002,1,f01130301002p0002,f01130301002p0002.jpg,jpg,2023-08-26 07:37:08,/photo/,4032x3024,129.19374166667,37.435877777778,집
f_f010656,2308260002,1,f01065601002p0002,f01065601002p0002.jpg,jpg,2023-08-26 11:09:38,/photo/,3000x4000,128.9100803,36.410415299722,집
f_f006739,2308260002,1,f00673901002p0002,f00673901002p0002.jpg,jpg,2023-08-26 14:55:02,/photo/,2992x2992,128.0025682,37.757648299722,집
f_f013202,2308260002,2,f01320201002p0003,f01320201002p0003.jpg,jpg,2023-08-26 09:31:01,/photo/,4000x3000,127.82557009972,37.367868199722,네코짱
f_f011719,2308260002,2,f01171901002p0003,f01171901002p0003.jpg,jpg,2023-08-26 17:59:19,/photo/,4032x2268,128.0588659,35.9057406,네코짱
f_f014045,2309050011,4,f01404501011p0005,f01404501011p0005.jpg,jpg,2023-09-05 17:05:54,/photo/,4032x3024,128.5914367,38.1922639,
f_f011719,2308260002,3,f01171901002p0004,f01171901002p0004.jpg,jpg,2023-08-26 17:55:18,/photo/,4032x2268,128.0614236,35.9058828,송공항
f_f011719,2308260002,4,f01171901002p0005,f01171901002p0005.jpg,jpg,2023-08-26 17:44:07,/photo/,4032x2268,128.0836183,35.9185479,이 안채 B
f_f011719,2308260002,5,f01171901002p0006,f01171901002p0006.jpg,jpg,2023-08-26 16:40:25,/photo/,4032x2268,128.18936059972,35.864859699722,집
f_f011719,2308260002,6,f01171901002p0007,f01171901002p0007.jpg,jpg,2023-08-26 16:18:56,/photo/,4032x2268,128.1926808,35.854912499722,더 휴식 아늑 청주 우암 2호점
f_f011719,2308260002,7,f01171901002p0008,f01171901002p0008.jpg,jpg,2023-08-26 16:18:45,/photo/,3706x2084,128.1926808,35.854912499722,집
f_f011719,2308260002,9,f01171901002p0010,f01171901002p0010.jpg,jpg,2023-08-26 15:50:18,/photo/,4032x2268,128.19280679972,35.854542399722,집
f_f011719,2308260002,10,f01171901002p0011,f01171901002p0011.jpg,jpg,2023-08-26 10:42:07,/photo/,4032x2268,128.1298989,35.9212235,집
f_f015448,2309100001,4,f01544801002p0005,f01544801002p0005.jpg,jpg,2023-09-10 10:41:29,/photo/,4032x3024,129.21023611111,37.027472222222,
f_f009255,2308260002,10,f00925501099p0011,f00925501099p0011.jpg,jpg,2023-08-26 11:26:59,/photo/,4032x3024,128.98109444444,35.164172222222,집
f_f011719,2308260002,12,f01171901002p0013,f01171901002p0013.jpg,jpg,2023-08-26 10:32:43,/photo/,4032x2268,128.12066669972,35.924813899722,가온리조트
f_f011719,2308260002,14,f01171901002p0015,f01171901002p0015.jpg,jpg,2023-08-26 10:02:09,/photo/,4032x2268,128.0837142,35.918140399722,스타벅스 성산 일출봉점
f_f011719,2308260003,2,f01171901003p0003,f01171901003p0003.jpg,jpg,2023-08-26 11:10:12,/photo/,4032x2268,128.2139841,35.904090299722,성충 식당
f_f008176,2308260003,2,f00817601003p0003,f00817601003p0003.jpg,jpg,2023-08-26 12:59:23,/photo/,3024x3024,129.13675589972,35.157449599722,성충 식당
f_f008814,2308260003,2,f00881401003p0003,f00881401003p0003.jpg,jpg,2023-08-26 16:48:50,/photo/,4032x3024,129.55984444444,35.991361111111,성충 식당
f_f011719,2308260003,3,f01171901003p0004,f01171901003p0004.jpg,jpg,2023-08-26 11:14:27,/photo/,4032x2268,128.21407519972,35.9049478,웅진플레이도시 워터파크 온천스파
f_f008176,2308260003,4,f00817601003p0005,f00817601003p0005.jpg,jpg,2023-08-26 13:34:34,/photo/,3024x3024,129.04119439972,35.081182099722,집
f_f011719,2308260003,4,f01171901003p0005,f01171901003p0005.jpg,jpg,2023-08-26 11:15:17,/photo/,4032x2268,128.2140089,35.905060599722,집
f_f011719,2308260003,5,f01171901003p0006,f01171901003p0006.jpg,jpg,2023-08-26 11:14:10,/photo/,4032x2268,128.21407519972,35.9049478,외항항
f_f011863,2308260003,6,f01186301003p0007,f01186301003p0007.jpg,jpg,2023-08-26 10:23:23,/photo/,4000x3000,128.9464302,37.773269399722,집
f_f011719,2308260004,2,f01171901004p0003,f01171901004p0003.jpg,jpg,2023-08-26 12:00:48,/photo/,4032x2268,128.2660802,35.9434392,오산 휴게소 동탄 방향
f_f009828,2308260004,2,f00982801003p0003,f00982801003p0003.jpg,jpg,2023-08-26 12:32:41,/photo/,4032x3024,129.51255833333,35.829630555556,오산 휴게소 동탄 방향
f_f006739,2308260004,2,f00673901004p0003,f00673901004p0003.jpg,jpg,2023-08-26 17:24:29,/photo/,2992x2992,128.60369589972,38.190035,오산 휴게소 동탄 방향
f_f005573,2308260004,2,f00557301006p0003,f00557301006p0003.jpg,jpg,2023-08-26 11:16:08,/photo/,4000x3000,128.1485184,35.566745599722,오산 휴게소 동탄 방향
f_f009828,2308260004,3,f00982801003p0004,f00982801003p0004.jpg,jpg,2023-08-26 12:31:56,/photo/,3024x4032,129.51254444444,35.829608333333,루덴시아
f_f011719,2308260004,4,f01171901004p0005,f01171901004p0005.jpg,jpg,2023-08-26 11:54:57,/photo/,3843x2161,128.26586209972,35.942958799722,굿데 이 마 마
f_f007925,2308260004,4,f00792501006p0005,f00792501006p0005.jpg,jpg,2023-08-26 18:14:43,/photo/,3024x3024,128.55564799972,38.2749152,굿데 이 마 마
f_f011719,2308260004,6,f01171901004p0007,f01171901004p0007.jpg,jpg,2023-08-26 12:01:08,/photo/,3760x2115,128.2660802,35.9434392,아니다 파스타
f_f009828,2308260005,1,f00982801004p0002,f00982801004p0002.jpg,jpg,2023-08-26 16:56:22,/photo/,4032x3024,129.48422222222,35.739311111111,집
f_f010656,2308260005,1,f01065601005p0002,f01065601005p0002.jpg,jpg,2023-08-26 13:52:41,/photo/,4000x3000,128.76978239972,36.586742999722,집
f_f005445,2308260005,2,f00544502006p0003,f00544502006p0003.jpg,jpg,2023-08-26 17:37:03,/photo/,4000x3000,128.72748799972,38.0210688,씨앤에스 유통 회덕 IC 주유소
f_f010656,2308260005,2,f01065601005p0003,f01065601005p0003.jpg,jpg,2023-08-26 13:41:05,/photo/,4000x3000,128.7699359,36.586606799722,씨앤에스 유통 회덕 IC 주유소
f_f000655,2306050004,5,f00065502006p0006,f00065502006p0006.jpg,jpg,2023-06-05 14:27:51,/photo/,4032x3024,128.51792777778,36.537997222222,마음의 약방
f_f000655,2306050005,5,f00065502007p0006,f00065502007p0006.jpg,jpg,2023-06-05 16:21:58,/photo/,4032x3024,128.51666388889,36.540183333333,펭귄 마을 거점 예술여행센터
f_f000650,2306060009,5,f00065001008p0006,f00065001008p0006.jpg,jpg,2023-06-06 14:18:55,/photo/,4032x3024,129.0157924,37.463354099722,
f_f002444,2306070003,5,f00244401003p0006,f00244401003p0006.jpg,jpg,2023-06-07 18:28:42,/photo/,4032x3024,129.23065149972,37.390864899722,거문 오름 탐방안내소
f_f009462,2308260005,5,f00946201004p0006,f00946201004p0006.jpg,jpg,2023-08-26 12:07:19,/photo/,2992x2992,128.6053172,35.8635968,단양 대성산 산림욕장
f_f011719,2308260005,5,f01171901005p0006,f01171901005p0006.jpg,jpg,2023-08-26 13:21:29,/photo/,4032x2268,128.280279,35.915622599722,단양 대성산 산림욕장
f_f011863,2308260005,6,f01186301005p0007,f01186301005p0007.jpg,jpg,2023-08-26 12:53:51,/photo/,4000x3000,128.67252239972,37.614704099722,델문도
f_f011719,2308260005,7,f01171901005p0008,f01171901005p0008.jpg,jpg,2023-08-26 13:23:12,/photo/,4032x2268,128.2798457,35.915594699722,집
f_f011863,2308260005,8,f01186301005p0009,f01186301005p0009.jpg,jpg,2023-08-26 13:03:01,/photo/,4000x3000,128.6715091,37.6119506,무릉 별유천지
f_f011863,2308260005,9,f01186301005p0010,f01186301005p0010.jpg,jpg,2023-08-26 13:05:19,/photo/,4000x3000,128.67194689972,37.611435899722,군산 짬뽕 특화거리
f_f011719,2308260005,9,f01171901005p0010,f01171901005p0010.jpg,jpg,2023-08-26 14:05:49,/photo/,4032x2268,128.32552889972,35.9281038,군산 짬뽕 특화거리
f_f011863,2308260005,13,f01186301005p0014,f01186301005p0014.jpg,jpg,2023-08-26 14:04:07,/photo/,4000x2252,128.672661,37.612225999722,우도
f_f003509,2306180005,5,f00350901005p0006,f00350901005p0006.jpg,jpg,2023-06-18 15:14:33,/photo/,4000x3000,128.87775579972,35.234397899722,여수 딸기 찹쌀떡
f_f011719,2308260005,13,f01171901005p0014,f01171901005p0014.jpg,jpg,2023-08-26 13:29:05,/photo/,4032x2268,128.27851359972,35.917141499722,우도
f_f011863,2308260005,14,f01186301005p0015,f01186301005p0015.jpg,jpg,2023-08-26 14:07:29,/photo/,4000x2252,128.6724934,37.612150499722,슬지 제빵소
f_f003519,2306190003,5,f00351901003p0006,f00351901003p0006.jpg,jpg,2023-06-19 10:01:48,/photo/,4608x3456,128.5792136,35.8744656,용문산 자연휴양림
f_f005573,2308260006,1,f00557301007p0002,f00557301007p0002.jpg,jpg,2023-08-26 13:06:07,/photo/,4000x3000,128.02652159972,35.5244191,집
f_f013057,2308260006,1,f01305701006p0002,f01305701006p0002.jpg,jpg,2023-08-26 16:57:59,/photo/,4032x3024,129.3922405,36.361040299722,집
f_f003543,2306240003,5,f00354301002p0006,f00354301002p0006.jpg,jpg,2023-06-24 12:33:16,/photo/,4000x3000,128.5653248,35.1858304,소소한 집
f_f005573,2308260006,2,f00557301007p0003,f00557301007p0003.jpg,jpg,2023-08-26 13:06:19,/photo/,4000x3000,128.02631679972,35.524566399722,진주네 친구 집
f_f013057,2308260006,2,f01305701006p0003,f01305701006p0003.jpg,jpg,2023-08-26 16:57:15,/photo/,4032x3024,129.39292219972,36.3612253,진주네 친구 집
f_f011863,2308260006,2,f01186301099p0003,f01186301099p0003.jpg,jpg,2023-08-26 15:26:24,/photo/,4000x2252,128.5683754,37.683077599722,진주네 친구 집
f_f013057,2308260006,3,f01305701006p0004,f01305701006p0004.jpg,jpg,2023-08-26 16:56:28,/photo/,4032x3024,129.3930775,36.3612784,1919봄
f_f011719,2308260006,3,f01171901006p0004,f01171901006p0004.jpg,jpg,2023-08-26 14:22:13,/photo/,3861x2172,128.3283182,35.9290007,1919봄
f_f009828,2308260006,3,f00982801005p0004,f00982801005p0004.jpg,jpg,2023-08-26 17:34:12,/photo/,4032x3024,129.47741666667,35.748152777778,1919봄
f_f013057,2308260006,4,f01305701006p0005,f01305701006p0005.jpg,jpg,2023-08-26 16:56:24,/photo/,4032x3024,129.3930775,36.3612668,태화강 국가 정원
f_f005573,2308260006,4,f00557301007p0005,f00557301007p0005.jpg,jpg,2023-08-26 13:35:42,/photo/,4000x3000,128.02645459972,35.524684299722,태화강 국가 정원
f_f004131,2307080002,5,f00413101002p0006,f00413101002p0006.jpg,jpg,2023-07-08 11:44:05,/photo/,3264x2448,128.720347,35.714719972222,집
f_f011719,2308260006,4,f01171901006p0005,f01171901006p0005.jpg,jpg,2023-08-26 14:24:28,/photo/,4032x2268,128.32863639972,35.9287344,태화강 국가 정원
f_f006926,2308260006,5,f00692601006p0006,f00692601006p0006.jpg,jpg,2023-08-26 19:37:05,/photo/,4032x3024,128.03236388889,37.745652777778,온 더 힐
f_f004013,2307150005,5,f00401301006p0006,f00401301006p0006.jpg,jpg,2023-07-15 17:32:21,/photo/,4000x3000,128.58713359972,35.867961899722,집
f_f004552,2307160003,5,f00455201002p0006,f00455201002p0006.jpg,jpg,2023-07-16 12:40:28,/photo/,4032x3024,129.2102184,35.1911853,넥스트 에디션 건대 2호점
f_f004078,2307160004,5,f00407802004p0006,f00407802004p0006.jpg,jpg,2023-07-16 11:27:11,/photo/,4032x3024,128.66929999972,36.2766706,알기 천안역점
f_f013057,2308260006,6,f01305701006p0007,f01305701006p0007.jpg,jpg,2023-08-26 17:25:35,/photo/,4032x3024,129.39346399972,36.360343999722,집
f_f011719,2308260006,7,f01171901006p0008,f01171901006p0008.jpg,jpg,2023-08-26 14:35:53,/photo/,4032x2268,128.3289616,35.9285482,애월 돌고래 전망대
f_f004740,2307290008,5,f00474001008p0006,f00474001008p0006.jpg,jpg,2023-07-29 15:15:34,/photo/,2268x4032,129.33140555556,35.790091666667,
f_f005161,2308020003,5,f00516101003p0006,f00516101003p0006.jpg,jpg,2023-08-02 18:31:25,/photo/,3024x4032,128.60176111111,38.212063888889,신화 워터파크
f_f011719,2308260006,13,f01171901006p0014,f01171901006p0014.jpg,jpg,2023-08-26 15:02:32,/photo/,4032x2268,128.326323,35.929289799722,동국사
f_f005602,2308050003,5,f00560201003p0006,f00560201003p0006.jpg,jpg,2023-08-05 14:25:20,/photo/,4000x3000,129.29470825,35.549266805556,법기 수원지
f_f004717,2308050004,5,f00471701003p0006,f00471701003p0006.jpg,jpg,2023-08-05 14:04:04,/photo/,3024x3024,128.60161469972,35.868146899722,해낙전
f_f007925,2308260007,1,f00792501007p0002,f00792501007p0002.jpg,jpg,2023-08-26 18:38:18,/photo/,3024x3024,128.557184,38.272224,집
f_f005573,2308260007,1,f00557301005p0002,f00557301005p0002.jpg,jpg,2023-08-26 15:42:23,/photo/,4000x3000,128.1360768,35.7658879,집
f_f011719,2308260007,1,f01171901007p0002,f01171901007p0002.jpg,jpg,2023-08-26 15:50:37,/photo/,4032x2268,128.19280679972,35.854542399722,집
f_f007925,2308260007,2,f00792501007p0003,f00792501007p0003.jpg,jpg,2023-08-26 19:02:19,/photo/,3024x3024,128.55726079972,38.272176,롯데시네마 하남미사
f_f005086,2308070003,5,f00508601003p0006,f00508601003p0006.jpg,jpg,2023-08-07 14:29:23,/photo/,2807x4032,129.29121879972,35.5486057,AC 호텔 바이 메리어트 서울 강남
f_f005823,2308110004,5,f00582301003p0006,f00582301003p0006.jpg,jpg,2023-08-11 14:28:25,/photo/,4032x2268,127.77651111111,37.891486111111,집
f_f005573,2308260007,3,f00557301005p0004,f00557301005p0004.jpg,jpg,2023-08-26 15:45:45,/photo/,4000x3000,128.1363712,35.7670656,아야진해수욕장
f_f010656,2308260007,4,f01065601007p0005,f01065601007p0005.jpg,jpg,2023-08-26 16:40:45,/photo/,4000x3000,128.5783672,36.5790622,운암회관 봉선점
f_f013057,2308260007,6,f01305701007p0007,f01305701007p0007.jpg,jpg,2023-08-26 17:16:30,/photo/,4032x3024,129.39170269972,36.358805599722,홈플러스 칠곡점
f_f012225,2308260007,6,f01222501007p0007,f01222501007p0007.jpg,jpg,2023-08-26 15:35:19,/photo/,3520x1980,129.17550555556,35.156597222222,홈플러스 칠곡점
f_f012225,2308260007,7,f01222501007p0008,f01222501007p0008.jpg,jpg,2023-08-26 15:36:56,/photo/,4032x3024,129.17445277778,35.157208333333,집
f_f013057,2308260007,7,f01305701007p0008,f01305701007p0008.jpg,jpg,2023-08-26 17:17:03,/photo/,4032x3024,129.39206129972,36.3588784,집
f_f011719,2308260007,10,f01171901007p0011,f01171901007p0011.jpg,jpg,2023-08-26 16:10:57,/photo/,4032x2268,128.1926797,35.854984399722,도째비골스카이밸리
f_f011719,2308260007,11,f01171901007p0012,f01171901007p0012.jpg,jpg,2023-08-26 15:51:48,/photo/,4032x2268,128.19267759972,35.854850999722,가나 노블 피닉스 아파트
f_f011719,2308260007,13,f01171901007p0014,f01171901007p0014.jpg,jpg,2023-08-26 15:50:18,/photo/,4032x2268,128.19280679972,35.854542399722,코에 코트에
f_f011719,2308260007,14,f01171901007p0015,f01171901007p0015.jpg,jpg,2023-08-26 15:50:28,/photo/,4032x2268,128.19280679972,35.854542399722,플레이스 캠프 제주
f_f011719,2308260008,3,f01171901008p0004,f01171901008p0004.jpg,jpg,2023-08-26 19:12:34,/photo/,4032x2268,127.79539549972,35.9961129,잠실역 2호선
f_f007571,2308190002,5,f00757102002p0006,f00757102002p0006.jpg,jpg,2023-08-19 10:53:07,/photo/,3000x4000,128.9474074,37.772767399722,집
f_f011719,2308260008,5,f01171901008p0006,f01171901008p0006.jpg,jpg,2023-08-26 19:11:35,/photo/,4032x2268,127.795631,35.9961776,송도해수욕장
f_f011719,2308260008,9,f01171901008p0010,f01171901008p0010.jpg,jpg,2023-08-26 18:51:07,/photo/,4032x2268,127.89944269972,35.9449442,제주신화 월드 신화관
f_f006926,2308260011,1,f00692601099p0002,f00692601099p0002.jpg,jpg,2023-08-26 17:01:20,/photo/,4032x3024,128.03237777778,37.745744444444,집
f_f007925,2308260011,1,f00792501011p0002,f00792501011p0002.jpg,jpg,2023-08-27 00:04:50,/photo/,3024x3024,128.60383999972,38.1894976,집
f_f006926,2308260011,4,f00692601099p0005,f00692601099p0005.jpg,jpg,2023-08-26 21:41:56,/photo/,4032x3024,128.03233333333,37.745663888889,청초한가
f_f006932,2308270001,1,f00693202002p0002,f00693202002p0002.jpg,jpg,2023-08-27 12:21:59,/photo/,4032x3024,129.093825,35.127055555556,집
f_f005573,2308270001,2,f00557302002p0003,f00557302002p0003.jpg,jpg,2023-08-27 10:39:57,/photo/,4000x3000,128.07363839972,35.549539199722,안양 워터랜드
f_f006926,2308270001,2,f00692602002p0003,f00692602002p0003.jpg,jpg,2023-08-27 10:16:41,/photo/,4032x3024,128.03198333333,37.745986111111,안양 워터랜드
f_f005573,2308270001,4,f00557302002p0005,f00557302002p0005.jpg,jpg,2023-08-27 11:21:29,/photo/,4000x3000,128.0718592,35.549043199722,한우곰탕
f_f005573,2308270001,5,f00557302002p0006,f00557302002p0006.jpg,jpg,2023-08-27 10:06:26,/photo/,3000x4000,128.07165439972,35.549503999722,뜨락 전통 손칼국수
f_f008558,2308270002,1,f00855801002p0002,f00855801002p0002.jpg,jpg,2023-08-27 15:54:57,/photo/,4000x3000,128.40348,36.017606972222,집
f_f008567,2308270002,1,f00856701002p0002,f00856701002p0002.jpg,jpg,2023-08-27 10:54:10,/photo/,4000x3000,128.75993769972,35.504428199722,집
f_f010522,2308270002,1,f01052201002p0002,f01052201002p0002.jpg,jpg,2023-08-27 11:15:02,/photo/,4032x3024,129.03498888889,35.096294444444,집
f_f008558,2308270002,2,f00855801002p0003,f00855801002p0003.jpg,jpg,2023-08-27 15:56:09,/photo/,4000x3000,128.403555,36.017656,서울 기록원 주차장
f_f006739,2308270002,2,f00673902004p0003,f00673902004p0003.jpg,jpg,2023-08-27 12:34:46,/photo/,2992x2992,128.5829827,38.231211299722,서울 기록원 주차장
f_f008567,2308270002,2,f00856701002p0003,f00856701002p0003.jpg,jpg,2023-08-27 11:32:40,/photo/,4000x3000,128.7617189,35.5049683,서울 기록원 주차장
f_f010785,2308270002,2,f01078501002p0003,f01078501002p0003.jpg,jpg,2023-08-27 12:53:19,/photo/,4032x3024,128.87939444444,35.228508333333,서울 기록원 주차장
f_f011863,2308270002,3,f01186302003p0004,f01186302003p0004.jpg,jpg,2023-08-27 10:13:04,/photo/,4000x2252,128.59479849972,37.731222299722,집
f_f010785,2308270002,3,f01078501002p0004,f01078501002p0004.jpg,jpg,2023-08-27 12:53:58,/photo/,4032x3024,128.87960833333,35.228577777778,집
f_f010522,2308270002,3,f01052201002p0004,f01052201002p0004.jpg,jpg,2023-08-27 11:13:53,/photo/,4032x3024,129.03576666667,35.096327777778,집
f_f008558,2308270002,4,f00855801002p0005,f00855801002p0005.jpg,jpg,2023-08-27 15:57:35,/photo/,4000x3000,128.401329,36.024529972222,집
f_f010785,2308270002,4,f01078501002p0005,f01078501002p0005.jpg,jpg,2023-08-27 13:50:06,/photo/,4032x3024,128.87966944444,35.229477777778,집
f_f011863,2308270002,4,f01186302003p0005,f01186302003p0005.jpg,jpg,2023-08-27 10:13:38,/photo/,4000x2252,128.59479659972,37.7312243,집
f_f006926,2308270002,6,f00692602003p0007,f00692602003p0007.jpg,jpg,2023-08-27 11:18:17,/photo/,4032x3024,127.78448611111,37.929722222222,고창읍성 한옥마을
f_f008558,2308270002,6,f00855801002p0007,f00855801002p0007.jpg,jpg,2023-08-27 15:58:02,/photo/,4000x3000,128.40419297222,36.017797972222,고창읍성 한옥마을
f_f006926,2308270002,7,f00692602003p0008,f00692602003p0008.jpg,jpg,2023-08-27 11:19:27,/photo/,4032x3024,127.78466944444,37.929494444444,집
f_f009750,2308270002,7,f00975001002p0008,f00975001002p0008.jpg,jpg,2023-08-27 16:08:42,/photo/,4032x3024,129.226075,35.833461111111,집
f_f008558,2308270002,9,f00855801002p0010,f00855801002p0010.jpg,jpg,2023-08-27 16:02:19,/photo/,4000x3000,128.40165797222,36.019756,그린나래
f_f008558,2308270002,10,f00855801002p0011,f00855801002p0011.jpg,jpg,2023-08-27 16:02:33,/photo/,4000x3000,128.40427397222,36.017735972222,커들리 하우스
f_f011863,2308270002,10,f01186302003p0011,f01186302003p0011.jpg,jpg,2023-08-27 10:38:20,/photo/,4000x2252,128.59604799972,37.7252543,커들리 하우스
f_f010785,2308270002,13,f01078501002p0014,f01078501002p0014.jpg,jpg,2023-08-27 12:53:27,/photo/,4032x3024,128.87943888889,35.228527777778,롯데 프리미엄 아웃렛 동부산점
f_f008558,2308270002,14,f00855801002p0015,f00855801002p0015.jpg,jpg,2023-08-27 16:08:28,/photo/,4000x3000,128.393763,36.024475972222,고집 돌우럭 중문점
f_f008558,2308270002,16,f00855801002p0017,f00855801002p0017.jpg,jpg,2023-08-27 16:09:50,/photo/,4000x3000,128.401329,36.024529972222,루이스 호텔
f_f008558,2308270002,19,f00855801002p0020,f00855801002p0020.jpg,jpg,2023-08-27 16:14:29,/photo/,4000x3000,128.404143,36.018023972222,스타벅스 성산 일출봉점
f_f011314,2308270003,2,f01131401002p0003,f01131401002p0003.jpg,jpg,2023-08-27 10:39:37,/photo/,4032x3024,128.60405,38.190944444444,낭쿰낭쿰
f_f010785,2308270003,2,f01078501003p0003,f01078501003p0003.jpg,jpg,2023-08-27 14:37:58,/photo/,4032x3024,128.87867777778,35.234147222222,낭쿰낭쿰
f_f012595,2308270003,2,f01259502004p0003,f01259502004p0003.jpg,jpg,2023-08-27 12:24:58,/photo/,3024x3024,129.02653611111,35.103477777778,낭쿰낭쿰
f_f010785,2308270003,3,f01078501003p0004,f01078501003p0004.jpg,jpg,2023-08-27 14:38:01,/photo/,4032x3024,128.87867777778,35.234147222222,외옹치 바다 향기로
f_f010785,2308270003,4,f01078501003p0005,f01078501003p0005.jpg,jpg,2023-08-27 14:39:21,/photo/,4032x3024,128.87849444444,35.2347,쌈지길
f_f006926,2308270003,5,f00692602004p0006,f00692602004p0006.jpg,jpg,2023-08-27 12:42:28,/photo/,4032x3024,127.78106666667,37.929597222222,전망 좋은 집 흑돼지 성산 본점
f_f006739,2308270003,13,f00673902005p0014,f00673902005p0014.jpg,jpg,2023-08-27 14:16:38,/photo/,2992x2992,128.6063162,38.174142699722,프루토프루타
f_f007925,2308270004,2,f00792502005p0003,f00792502005p0003.jpg,jpg,2023-08-27 13:56:25,/photo/,3024x3024,128.59459839972,38.209884799722,광주공항
f_f009311,2308270004,2,f00931101005p0003,f00931101005p0003.jpg,jpg,2023-08-27 16:52:09,/photo/,4032x3024,129.17366111111,35.157763888889,광주공항
f_f010443,2308270004,2,f01044301003p0003,f01044301003p0003.jpg,jpg,2023-08-27 20:36:03,/photo/,3024x4032,129.28386111111,35.843119444444,광주공항
f_f013167,2308270004,2,f01316702005p0003,f01316702005p0003.jpg,jpg,2023-08-27 16:29:41,/photo/,3024x4032,129.17114444444,35.159816666667,광주공항
f_f011303,2308270004,3,f01130302005p0007,f01130302005p0007.jpg,jpg,2023-08-27 15:37:08,/photo/,3024x4032,128.87708888889,37.778141666667,스타필드 하남
f_f010522,2308270004,3,f01052201004p0004,f01052201004p0004.jpg,jpg,2023-08-27 12:44:40,/photo/,4032x3024,129.06456111111,35.077969444444,스타필드 하남
f_f010443,2308270004,7,f01044301003p0008,f01044301003p0008.jpg,jpg,2023-08-27 19:48:42,/photo/,4032x3024,129.28347777778,35.843252777778,집
f_f006932,2308270004,7,f00693202005p0008,f00693202005p0008.jpg,jpg,2023-08-27 18:36:55,/photo/,4032x3024,129.12489444444,35.153686111111,집
f_f009201,2308270005,2,f00920101005p0003,f00920101005p0003.jpg,jpg,2023-08-27 19:23:12,/photo/,4032x3024,129.39039722222,36.064841666667,김포국제공항 국내선
f_f010522,2308270005,2,f01052201005p0003,f01052201005p0003.jpg,jpg,2023-08-27 14:40:22,/photo/,4032x3024,129.08866944444,35.0505,김포국제공항 국내선
f_f010522,2308270005,3,f01052201005p0004,f01052201005p0004.jpg,jpg,2023-08-27 14:46:48,/photo/,4032x3024,129.08840833333,35.050397222222,블루스프링 부티크 호텔
f_f009201,2308270005,4,f00920101005p0005,f00920101005p0005.jpg,jpg,2023-08-27 19:18:52,/photo/,4032x3024,129.39063888889,36.065127777778,어리목 매표소
f_f010785,2308270005,4,f01078501005p0005,f01078501005p0005.jpg,jpg,2023-08-27 17:18:42,/photo/,4032x3024,128.87638888889,35.234997222222,어리목 매표소
f_f010522,2308270005,4,f01052201005p0005,f01052201005p0005.jpg,jpg,2023-08-27 15:26:51,/photo/,3024x4032,129.08718888889,35.055569444444,어리목 매표소
f_f010443,2308270005,4,f01044301004p0005,f01044301004p0005.jpg,jpg,2023-08-27 21:12:34,/photo/,3024x4032,129.22596666667,35.835338888889,어리목 매표소
f_f009750,2308270005,4,f00975001004p0005,f00975001004p0005.jpg,jpg,2023-08-27 17:06:04,/photo/,4032x3024,129.20201111111,35.815658333333,어리목 매표소
f_f010785,2308270005,5,f01078501005p0006,f01078501005p0006.jpg,jpg,2023-08-27 17:24:32,/photo/,4032x3024,128.87616111111,35.234825,제주시 버스터미널
f_f009311,2308270006,2,f00931101004p0003,f00931101004p0003.jpg,jpg,2023-08-27 18:20:31,/photo/,4032x3024,129.19586111111,35.163913888889,김포국제공항 국내선
f_f012889,2309100010,5,f01288901009p0006,f01288901009p0006.jpg,jpg,2023-09-10 13:48:19,/photo/,4032x3024,129.2267741,35.833899799722,
f_f012889,2309100012,5,f01288901011p0006,f01288901011p0006.jpg,jpg,2023-09-10 15:02:48,/photo/,4032x3024,129.26301209972,35.8502123,
f_f012426,2309110003,5,f01242601003p0006,f01242601003p0006.jpg,jpg,2023-09-11 11:58:01,/photo/,4032x3024,127.72323611111,37.893230555556,
f_f015954,2309110003,5,f01595401003p0006,f01595401003p0006.jpg,jpg,2023-09-11 12:59:15,/photo/,4000x3000,128.71724059972,35.546751899722,
f_f009311,2308270006,3,f00931101004p0004,f00931101004p0004.jpg,jpg,2023-08-27 18:21:37,/photo/,4032x3024,129.19622777778,35.164288888889,이마트 24 남한산성점
f_f009311,2308270006,4,f00931101004p0005,f00931101004p0005.jpg,jpg,2023-08-27 18:21:56,/photo/,4032x3024,129.19624444444,35.1643,예당호수카페
f_f016094,2309130009,5,f01609401008p0006,f01609401008p0006.jpg,jpg,2023-09-13 14:39:13,/photo/,4032x2268,129.2539931,36.003167099722,
f_f015600,2309140003,5,f01560001002p0006,f01560001002p0006.jpg,jpg,2023-09-14 10:21:02,/photo/,4032x3024,127.6493439,35.2321898,
f_f010785,2308270007,3,f01078501007p0004,f01078501007p0004.jpg,jpg,2023-08-27 20:46:24,/photo/,4032x3024,128.88766388889,35.253197222222,제주 국제공항
f_f007234,2308280002,2,f00723401002p0003,f00723401002p0003.jpg,jpg,2023-08-28 12:55:19,/photo/,4032x3024,129.05783055556,35.154308333333,김포국제공항 국내선
f_f010784,2308280002,2,f01078401099p0003,f01078401099p0003.jpg,jpg,2023-08-28 19:25:26,/photo/,4032x3024,129.37258888889,36.251772222222,김포국제공항 국내선
f_f013320,2308280002,5,f01332002002p0006,f01332002002p0006.jpg,jpg,2023-08-28 12:56:43,/photo/,4032x3024,128.9145321,37.792895,제주신화 월드 서머셋
f_f010784,2308280002,7,f01078401099p0008,f01078401099p0008.jpg,jpg,2023-08-28 16:26:46,/photo/,4032x3024,129.37236111111,36.25145,환선굴
f_f010784,2308280002,10,f01078401099p0011,f01078401099p0011.jpg,jpg,2023-08-28 15:53:32,/photo/,4032x3024,129.37225277778,36.251336111111,용연마을 3단지 아파트
f_f000384,2305190010,6,f00038401099p0007,f00038401099p0007.jpg,jpg,2023-05-19 15:16:08,/photo/,4032x3024,129.28746111111,37.309505555556,
f_f012536,2308280004,1,f01253601004p0002,f01253601004p0002.jpg,jpg,2023-08-28 12:25:14,/photo/,3024x3024,128.5845595,38.221862799722,집
f_f011070,2308280004,1,f01107001004p0002,f01107001004p0002.jpg,jpg,2023-08-28 18:01:42,/photo/,4032x3024,129.07936111111,35.071091666667,집
f_f012536,2308280004,2,f01253601004p0003,f01253601004p0003.jpg,jpg,2023-08-28 12:25:18,/photo/,3024x3024,128.58455159972,38.2218516,원주공항
f_f010784,2308280004,3,f01078401003p0004,f01078401003p0004.jpg,jpg,2023-08-28 16:27:31,/photo/,3024x4032,129.37242222222,36.251661111111,제주 국제공항
f_f001440,2305250004,6,f00144001004p0007,f00144001004p0007.jpg,jpg,2023-05-25 17:40:42,/photo/,4032x2268,129.01962159972,35.0611151,
f_f012536,2308280004,3,f01253601004p0004,f01253601004p0004.jpg,jpg,2023-08-28 12:28:46,/photo/,3024x3024,128.58037269972,38.2207816,제주 국제공항
f_f010784,2308280004,4,f01078401003p0005,f01078401003p0005.jpg,jpg,2023-08-28 16:26:46,/photo/,4032x3024,129.37236111111,36.25145,제주 국제공항
f_f010784,2308280004,7,f01078401003p0008,f01078401003p0008.jpg,jpg,2023-08-28 16:26:38,/photo/,3024x4032,129.37234444444,36.251477777778,동영 커피
f_f010784,2308280004,8,f01078401003p0009,f01078401003p0009.jpg,jpg,2023-08-28 15:53:32,/photo/,4032x3024,129.37225277778,36.251336111111,지지 관서가 박상진 호수 공원점
f_f010784,2308280004,12,f01078401003p0013,f01078401003p0013.jpg,jpg,2023-08-28 15:45:55,/photo/,4032x3024,129.37216111111,36.251680555556,섬소나이
f_f010784,2308280005,3,f01078401004p0004,f01078401004p0004.jpg,jpg,2023-08-28 18:56:47,/photo/,4032x3024,129.37378055556,36.252236111111,김포국제공항 국내선
f_f010784,2308280005,4,f01078401004p0005,f01078401004p0005.jpg,jpg,2023-08-28 18:58:03,/photo/,4032x3024,129.37416111111,36.252363888889,포토 시그니처 구미 진평점
f_f010784,2308280005,5,f01078401004p0006,f01078401004p0006.jpg,jpg,2023-08-28 19:07:10,/photo/,4032x3024,129.37419166667,36.252313888889,자연애리브 레지던스
f_f011070,2308280006,1,f01107001006p0002,f01107001006p0002.jpg,jpg,2023-08-28 19:37:53,/photo/,4032x3024,129.08283888889,35.15795,집
f_f011070,2308280006,2,f01107001006p0003,f01107001006p0003.jpg,jpg,2023-08-28 19:30:51,/photo/,4032x3024,129.081375,35.159355555556,동대구역
f_f012536,2308280006,3,f01253601006p0004,f01253601006p0004.jpg,jpg,2023-08-28 14:57:52,/photo/,3024x3024,128.61438179972,38.1811445,제주 국제공항
f_f010875,2308280011,2,f01087501009p0003,f01087501009p0003.jpg,jpg,2023-08-28 16:00:20,/photo/,4032x3024,128.89593611111,37.753119444444,역곡역 북부 버스 정류장
f_f010784,2308290001,8,f01078402002p0009,f01078402002p0009.jpg,jpg,2023-08-29 11:22:56,/photo/,4032x3024,129.37374722222,36.258175,덕수초교 앞
f_f010784,2308290001,9,f01078402002p0010,f01078402002p0010.jpg,jpg,2023-08-29 11:23:09,/photo/,3024x4032,129.37374722222,36.258177777778,오서산덕새풀마을 영농조합법인
f_f010784,2308290001,15,f01078402002p0016,f01078402002p0016.jpg,jpg,2023-08-29 11:25:29,/photo/,4032x3024,129.37379444444,36.258213888889,대기봉
f_f010784,2308290001,18,f01078402002p0019,f01078402002p0019.jpg,jpg,2023-08-29 11:32:56,/photo/,4032x3024,129.37396111111,36.258027777778,스타벅스 제주 외도 DT 점
f_f010784,2308290001,19,f01078402002p0020,f01078402002p0020.jpg,jpg,2023-08-29 11:33:09,/photo/,4032x3024,129.37378055556,36.258022222222,해월정
f_f001516,2306050003,6,f00151601002p0007,f00151601002p0007.jpg,jpg,2023-06-05 13:32:25,/photo/,4032x3024,128.628087,35.8774844,코미 호미 카페
f_f007508,2308290002,4,f00750801002p0005,f00750801002p0005.jpg,jpg,2023-08-29 12:55:36,/photo/,4032x3024,127.68566944444,37.649944444444,참피온 호텔
f_f007508,2308290002,9,f00750801002p0010,f00750801002p0010.jpg,jpg,2023-08-29 09:52:08,/photo/,3024x4032,127.68719444444,37.649144444444,집
f_f007508,2308290002,12,f00750801002p0013,f00750801002p0013.jpg,jpg,2023-08-29 09:22:36,/photo/,3024x4032,127.68605,37.64825,판포 포구
f_f001487,2306100002,6,f00148701099p0007,f00148701099p0007.jpg,jpg,2023-06-11 10:48:52,/photo/,4000x3000,128.2496661,37.4909711,집
f_f003509,2306180005,6,f00350901005p0007,f00350901005p0007.jpg,jpg,2023-06-18 15:16:26,/photo/,3000x4000,128.878016,35.2342336,도란
f_f003509,2306180006,6,f00350901006p0007,f00350901006p0007.jpg,jpg,2023-06-18 16:36:39,/photo/,4000x3000,128.8733755,35.2427447,녹수계곡
f_f003509,2306180008,6,f00350901008p0007,f00350901008p0007.jpg,jpg,2023-06-18 18:57:21,/photo/,4000x3000,128.8922502,35.2437964,
f_f003519,2306190004,6,f00351901002p0007,f00351901002p0007.jpg,jpg,2023-06-19 11:41:17,/photo/,4032x3024,128.6076299,35.8616273,용문산 자연휴양림
f_f014170,2308290005,1,f01417001005p0002,f01417001005p0002.jpg,jpg,2023-08-29 14:33:20,/photo/,750x1334,128.91171388889,37.802405555556,집
f_f014170,2308290005,2,f01417001005p0003,f01417001005p0003.jpg,jpg,2023-08-29 14:35:38,/photo/,4032x3024,128.91168055556,37.802394444444,국립현대미술관 과천관 셔틀버스 정류장
f_f004131,2307080002,6,f00413101002p0007,f00413101002p0007.jpg,jpg,2023-07-08 11:43:01,/photo/,4032x3024,128.72035097222,35.714703972222,집
f_f004552,2307160003,6,f00455201002p0007,f00455201002p0007.jpg,jpg,2023-07-16 12:29:39,/photo/,4032x3024,129.2103715,35.191287,수원시립미술관
f_f004618,2307230002,6,f00461801002p0007,f00461801002p0007.jpg,jpg,2023-07-23 13:33:53,/photo/,3060x4080,128.82341729972,35.375151799722,쿼카 커피
f_f004305,2307300004,6,f00430501004p0007,f00430501004p0007.jpg,jpg,2023-07-30 13:03:09,/photo/,4032x3024,129.21881111111,35.834327777778,전주 시그니처 호텔
f_f009530,2308290006,11,f00953001004p0012,f00953001004p0012.jpg,jpg,2023-08-29 11:19:33,/photo/,4032x2268,129.51258888889,35.829705555556,망루 등대
f_f014175,2308290007,3,f01417501007p0004,f01417501007p0004.jpg,jpg,2023-08-29 13:03:46,/photo/,4032x3024,128.60417222222,38.190436111111,국립민속박물관 주차장
f_f009530,2308290007,7,f00953001005p0008,f00953001005p0008.jpg,jpg,2023-08-29 11:55:16,/photo/,2268x4032,129.34988333333,35.790936111111,해녀촌
f_f009530,2308290007,10,f00953001005p0011,f00953001005p0011.jpg,jpg,2023-08-29 12:01:26,/photo/,2268x4032,129.34976111111,35.792927777778,저지 오름
f_f009530,2308290009,3,f00953001008p0004,f00953001008p0004.jpg,jpg,2023-08-29 13:34:23,/photo/,2268x4032,129.32949722222,35.788972222222,한강진 역 6호선
f_f014175,2308290009,3,f01417501009p0004,f01417501009p0004.jpg,jpg,2023-08-29 13:29:09,/photo/,3024x4032,128.60189722222,38.192797222222,한강진 역 6호선
f_f009530,2308290009,9,f00953001008p0010,f00953001008p0010.jpg,jpg,2023-08-29 14:02:27,/photo/,4032x2268,129.33235277778,35.787361111111,집
f_f005096,2308070003,6,f00509602004p0007,f00509602004p0007.jpg,jpg,2023-08-07 12:49:46,/photo/,4032x3024,128.60145259972,38.2117993,집
f_f005086,2308080001,6,f00508602002p0007,f00508602002p0007.jpg,jpg,2023-08-08 12:45:38,/photo/,2758x3906,129.3827535,35.506449699722,카페호시담
f_f014175,2308290010,11,f01417501010p0012,f01417501010p0012.jpg,jpg,2023-08-29 20:21:59,/photo/,4032x3024,128.59166111111,38.190352777778,이중섭거리
f_f009530,2308290010,11,f00953001009p0012,f00953001009p0012.jpg,jpg,2023-08-29 14:49:58,/photo/,2268x4032,129.24511666667,35.812736111111,이중섭거리
f_f009530,2308290010,18,f00953001009p0019,f00953001009p0019.jpg,jpg,2023-08-29 15:00:40,/photo/,2268x4032,129.24252222222,35.812202777778,청주 시외버스터미널
f_f014163,2308300002,1,f01416301002p0002,f01416301002p0002.jpg,jpg,2023-08-30 13:19:21,/photo/,4032x3024,126.97005555556,37.553469444444,친구 친지 집
f_f012987,2308300002,2,f01298701099p0003,f01298701099p0003.jpg,jpg,2023-08-30 18:03:37,/photo/,4032x3024,128.79611111111,37.716944444444,아쿠아 필드 고양
f_f008259,2308180003,6,f00825901002p0007,f00825901002p0007.jpg,jpg,2023-08-18 13:44:55,/photo/,4032x3024,129.0120185,37.7059483,노형수퍼마켙
f_f006605,2308190004,6,f00660501005p0007,f00660501005p0007.jpg,jpg,2023-08-19 20:31:51,/photo/,4000x3000,128.9670016,35.046595199722,집
f_f013942,2308300003,2,f01394201003p0003,f01394201003p0003.jpg,jpg,2023-08-30 18:11:27,/photo/,4032x2268,129.11816388889,35.152519444444,김포국제공항 국내선
f_f013942,2308300003,3,f01394201003p0004,f01394201003p0004.jpg,jpg,2023-08-30 18:11:53,/photo/,4032x2268,129.11819444444,35.152502777778,센트럴시티터미널(호남)
f_f013942,2308300003,4,f01394201003p0005,f01394201003p0005.jpg,jpg,2023-08-30 18:12:37,/photo/,2268x4032,129.11811944444,35.152538888889,프렐류드
f_f011268,2308300004,2,f01126801005p0003,f01126801005p0003.jpg,jpg,2023-08-30 10:20:17,/photo/,4032x3024,129.28219722222,35.835702777778,캐리비안베이
f_f011268,2308300004,3,f01126801005p0004,f01126801005p0004.jpg,jpg,2023-08-30 10:22:47,/photo/,4032x3024,129.28219722222,35.836561111111,제주현대 렌터카
f_f011268,2308300004,4,f01126801005p0005,f01126801005p0005.jpg,jpg,2023-08-30 10:22:50,/photo/,4032x3024,129.28218055556,35.836575,단양구경시장
f_f011268,2308300004,9,f01126801005p0010,f01126801005p0010.jpg,jpg,2023-08-30 12:12:20,/photo/,4032x3024,129.28091388889,35.83625,스타벅스 성산 일출봉점
f_f011268,2308300004,10,f01126801005p0011,f01126801005p0011.jpg,jpg,2023-08-30 12:13:46,/photo/,4032x3024,129.28054722222,35.836761111111,서귀포자연휴양림
f_f011268,2308300004,12,f01126801005p0013,f01126801005p0013.jpg,jpg,2023-08-30 13:55:16,/photo/,4032x3024,129.28202777778,35.838505555556,하우 마을 레저
f_f006895,2308300005,3,f00689501005p0004,f00689501005p0004.jpg,jpg,2023-08-30 14:36:27,/photo/,4032x3024,128.48118611111,38.208583333333,국립 세계문자 박물관
f_f006895,2308300005,4,f00689501005p0005,f00689501005p0005.jpg,jpg,2023-08-30 14:36:33,/photo/,4032x3024,128.48118611111,38.208591666667,섭지코지
f_f009530,2308300005,4,f00953002005p0005,f00953002005p0005.jpg,jpg,2023-08-30 14:07:44,/photo/,2268x4032,129.21150277778,35.838108333333,섭지코지
f_f014163,2308300005,4,f01416301005p0005,f01416301005p0005.jpg,jpg,2023-08-30 16:54:16,/photo/,4032x3024,128.91946388889,37.795102777778,섭지코지
f_f014163,2308300005,8,f01416301005p0009,f01416301005p0009.jpg,jpg,2023-08-30 17:07:55,/photo/,4032x3024,128.91966111111,37.793769444444,어웨이 카페 펍
f_f014163,2308300005,9,f01416301005p0010,f01416301005p0010.jpg,jpg,2023-08-30 17:09:33,/photo/,4032x3024,128.92034722222,37.793022222222,오레노카츠 제주 협재점
f_f009530,2308300005,9,f00953002005p0010,f00953002005p0010.jpg,jpg,2023-08-30 14:48:29,/photo/,4032x3024,129.21351666667,35.838969444444,오레노카츠 제주 협재점
f_f009530,2308300005,10,f00953002005p0011,f00953002005p0011.jpg,jpg,2023-08-30 14:48:34,/photo/,2268x4032,129.21351666667,35.839011111111,청수당 경주점
f_f009530,2308300005,12,f00953002005p0013,f00953002005p0013.jpg,jpg,2023-08-30 14:50:48,/photo/,2268x4032,129.21273888889,35.838936111111,고기 마실
f_f014163,2308300006,3,f01416301006p0004,f01416301006p0004.jpg,jpg,2023-08-30 18:00:20,/photo/,4032x3024,128.9431,37.775780555556,제주 국제공항
f_f010778,2308250007,6,f01077801006p0007,f01077801006p0007.jpg,jpg,2023-08-25 15:15:38,/photo/,3024x4032,127.87048359972,35.3991204,인제 스피디움
f_f006895,2308300009,8,f00689501008p0009,f00689501008p0009.jpg,jpg,2023-08-30 19:18:09,/photo/,4032x3024,128.60481388889,38.188830555556,에버랜드 주토피아
f_f014163,2308310002,3,f01416302003p0004,f01416302003p0004.jpg,jpg,2023-08-31 10:02:17,/photo/,4032x3024,128.94648611111,37.773836111111,홈플러스 유성점
f_f011268,2308310002,7,f01126802003p0008,f01126802003p0008.jpg,jpg,2023-08-31 14:11:27,/photo/,4032x3024,129.21011388889,35.841488888889,아미 미술관
f_f011268,2308310002,10,f01126802003p0011,f01126802003p0011.jpg,jpg,2023-08-31 14:10:41,/photo/,3024x4032,129.20999166667,35.840766666667,집
f_f011268,2308310002,12,f01126802003p0013,f01126802003p0013.jpg,jpg,2023-08-31 15:04:57,/photo/,4032x3024,129.21053888889,35.838347222222,코델리아 S 호텔
f_f011268,2308310002,19,f01126802003p0020,f01126802003p0020.jpg,jpg,2023-08-31 15:26:44,/photo/,4032x3024,129.213425,35.836719444444,점
f_f010785,2308270003,6,f01078501003p0007,f01078501003p0007.jpg,jpg,2023-08-27 14:39:56,/photo/,4032x3024,128.87840277778,35.234863888889,남해 독일마을
f_f009201,2308270005,6,f00920101005p0007,f00920101005p0007.jpg,jpg,2023-08-27 19:16:20,/photo/,4032x3024,129.39068611111,36.064991666667,홍성 홍주읍성
f_f010443,2308270005,6,f01044301004p0007,f01044301004p0007.jpg,jpg,2023-08-27 21:12:39,/photo/,4032x3024,129.22596666667,35.835338888889,홍성 홍주읍성
f_f012536,2308280004,6,f01253601004p0007,f01253601004p0007.jpg,jpg,2023-08-28 13:00:17,/photo/,3456x3456,128.5903035,38.218376399722,세화해변
f_f010784,2308280005,6,f01078401004p0007,f01078401004p0007.jpg,jpg,2023-08-28 19:07:22,/photo/,3024x4032,129.37416111111,36.2523,신논현역 9호선
f_f007508,2308290002,6,f00750801002p0007,f00750801002p0007.jpg,jpg,2023-08-29 11:43:54,/photo/,3024x4032,127.68611111111,37.649897222222,지리산 한옥민박
f_f006895,2308300009,6,f00689501008p0007,f00689501008p0007.jpg,jpg,2023-08-30 19:20:56,/photo/,4032x3024,128.60507222222,38.189055555556,
f_f011268,2308310004,2,f01126802005p0003,f01126802005p0003.jpg,jpg,2023-08-31 18:03:26,/photo/,4032x3024,129.21627777778,35.834983333333,소양강
f_f012140,2308310004,4,f01214001006p0005,f01214001006p0005.jpg,jpg,2023-08-31 12:22:57,/photo/,4000x3000,128.91943169972,37.7951683,감곡시장
f_f008157,2308310004,4,f00815702005p0005,f00815702005p0005.jpg,jpg,2023-08-31 14:56:26,/photo/,4000x3000,129.0472953,35.075833299722,감곡시장
f_f013460,2308310004,12,f01346001004p0013,f01346001004p0013.jpg,jpg,2023-08-31 20:33:05,/photo/,4032x3024,127.63295,37.507952777778,사천해변
f_f007188,2309050001,6,f00718802002p0007,f00718802002p0007.jpg,jpg,2023-09-05 12:58:18,/photo/,4000x2252,128.07438859972,35.5493139,
f_f014045,2309050011,6,f01404501011p0007,f01404501011p0007.jpg,jpg,2023-09-05 17:10:19,/photo/,4032x3024,128.5881487,38.192353699722,
f_f014452,2309080003,6,f01445201003p0007,f01445201003p0007.jpg,jpg,2023-09-08 16:15:23,/photo/,4032x3024,127.69629722222,37.884461111111,
f_f015250,2309010002,5,f01525001002p0006,f01525001002p0006.jpg,jpg,2023-09-01 12:46:15,/photo/,2268x4032,129.16844442222,35.160209255556,수루 배 마늘 9단지 세종 리슈빌 디어 반 아파트 915동 42호
f_f014140,2309010003,3,f01414001003p0004,f01414001003p0004.jpg,jpg,2023-09-01 21:37:18,/photo/,4000x1848,129.0289664,35.099324799722,인천대학교 송도캠퍼스
f_f015954,2309110003,6,f01595401003p0007,f01595401003p0007.jpg,jpg,2023-09-11 13:19:07,/photo/,4000x3000,128.71649139972,35.545513499722,
f_f015600,2309140003,6,f01560001002p0007,f01560001002p0007.jpg,jpg,2023-09-14 10:18:15,/photo/,4032x3024,127.64832749972,35.231854499722,
f_f014131,2309020002,2,f01413101002p0003,f01413101002p0003.jpg,jpg,2023-09-02 10:14:52,/photo/,4000x2252,128.05032829972,37.3995936,명품 주차장
f_f014131,2309020002,6,f01413101002p0007,f01413101002p0007.jpg,jpg,2023-09-02 10:18:17,/photo/,4000x2252,128.050013,37.3993358,집
f_f014131,2309020002,7,f01413101002p0008,f01413101002p0008.jpg,jpg,2023-09-02 10:21:08,/photo/,4000x2252,128.0499374,37.399358399722,집
f_f009968,2309020003,2,f00996801003p0003,f00996801003p0003.jpg,jpg,2023-09-02 10:15:57,/photo/,4000x2252,129.0436352,37.6401472,김포국제공항 국내선
f_f013493,2309020003,3,f01349301003p0004,f01349301003p0004.jpg,jpg,2023-09-02 11:07:13,/photo/,4032x3024,127.69902489972,37.695984,삼백집 전주 본점
f_f013493,2309020003,4,f01349301003p0005,f01349301003p0005.jpg,jpg,2023-09-02 11:27:33,/photo/,4032x3024,127.69699839972,37.695928199722,블루스퀘어 신한카드홀
f_f014104,2309020003,5,f01410401003p0006,f01410401003p0006.jpg,jpg,2023-09-02 15:17:17,/photo/,4000x3000,128.44140329972,34.9803652,덕 클
f_f009968,2309020003,6,f00996801003p0007,f00996801003p0007.jpg,jpg,2023-09-02 10:16:01,/photo/,4000x2252,129.0436352,37.6401472,집
f_f014104,2309020003,6,f01410401003p0007,f01410401003p0007.jpg,jpg,2023-09-02 15:18:21,/photo/,4624x3468,128.4413685,34.980407399722,집
f_f013493,2309020003,6,f01349301003p0007,f01349301003p0007.jpg,jpg,2023-09-02 11:44:27,/photo/,4032x3024,127.69621689972,37.696293699722,집
f_f013493,2309020003,8,f01349301003p0009,f01349301003p0009.jpg,jpg,2023-09-02 12:09:41,/photo/,4032x3024,127.69557199972,37.6966022,발산공원
f_f014104,2309020003,8,f01410401003p0009,f01410401003p0009.jpg,jpg,2023-09-02 15:18:13,/photo/,4000x3000,128.44137539972,34.980411799722,발산공원
f_f013493,2309020003,9,f01349301003p0010,f01349301003p0010.jpg,jpg,2023-09-02 12:27:13,/photo/,4032x3024,127.69464623056,37.697246641667,도두동 무지개 해안도로
f_f013493,2309020003,10,f01349301003p0011,f01349301003p0011.jpg,jpg,2023-09-02 12:44:55,/photo/,4032x3024,127.69390249972,37.698004799722,코우 코우
f_f013493,2309020003,11,f01349301003p0012,f01349301003p0012.jpg,jpg,2023-09-02 13:11:07,/photo/,4032x3024,127.69205599972,37.6990868,해피 초원 목장
f_f013493,2309020003,12,f01349301003p0013,f01349301003p0013.jpg,jpg,2023-09-02 13:12:40,/photo/,4032x3024,127.69203749972,37.6990708,춘식이와 옥희
f_f013493,2309020003,13,f01349301003p0014,f01349301003p0014.jpg,jpg,2023-09-02 11:30:40,/photo/,3024x4032,127.69685359972,37.695917899722,KTG 상상마당 부산
f_f013493,2309020003,14,f01349301003p0015,f01349301003p0015.jpg,jpg,2023-09-02 13:30:50,/photo/,4032x3024,127.6919235,37.700601499722,성산일출봉 농협 하나로마트
f_f013493,2309020003,15,f01349301003p0016,f01349301003p0016.jpg,jpg,2023-09-02 13:36:49,/photo/,4032x3024,127.6950195,37.6998357,광천 식당
f_f013493,2309020003,16,f01349301003p0017,f01349301003p0017.jpg,jpg,2023-09-02 13:45:33,/photo/,4032x3024,127.6991617,37.6985211,성산일출봉
f_f014104,2309020004,2,f01410401004p0003,f01410401004p0003.jpg,jpg,2023-09-02 14:17:00,/photo/,4624x3468,128.38649469972,34.972177899722,육 대장 장생포점
f_f014131,2309020004,2,f01413101004p0003,f01413101004p0003.jpg,jpg,2023-09-02 14:16:20,/photo/,4000x2252,128.5113805,37.4065565,육 대장 장생포점
f_f000473,2305280001,7,f00047302002p0008,f00047302002p0008.jpg,jpg,2023-05-28 10:33:18,/photo/,4032x3024,128.09863189972,35.7922133,현대 프리미엄 아울렛 송도점
f_f000591,2305280001,7,f00059102002p0008,f00059102002p0008.jpg,jpg,2023-05-28 12:29:58,/photo/,4032x3024,128.4205885,35.5649146,현대 프리미엄 아울렛 송도점
f_f015285,2309020004,3,f01528501004p0004,f01528501004p0004.jpg,jpg,2023-09-02 17:19:10,/photo/,4032x3024,127.54283055556,37.830822222222,한아름 보리밥
f_f011949,2309020004,3,f01194901004p0004,f01194901004p0004.jpg,jpg,2023-09-02 14:59:26,/photo/,4624x3468,128.96413169972,37.181508499722,한아름 보리밥
f_f001336,2305280006,7,f00133603007p0009,f00133603007p0009.jpg,jpg,2023-05-28 20:04:43,/photo/,4032x2268,129.0586428,35.168069899722,고릴라 캠핑 안양점
f_f001643,2305290002,7,f00164302003p0008,f00164302003p0008.jpg,jpg,2023-05-29 12:11:57,/photo/,4032x3024,128.59719722222,37.690552777778,카페의 공이 공
f_f014131,2309020004,4,f01413101004p0005,f01413101004p0005.jpg,jpg,2023-09-02 14:44:47,/photo/,4000x2252,128.51133749972,37.4069736,현대백화점 무역센터점
f_f001902,2305310005,7,f00190202005p0008,f00190202005p0008.jpg,jpg,2023-05-31 15:41:03,/photo/,4032x3024,129.1582835,35.1656399,
f_f011949,2309020004,4,f01194901004p0005,f01194901004p0005.jpg,jpg,2023-09-02 14:59:58,/photo/,4624x3468,128.96413169972,37.181508499722,현대백화점 무역센터점
f_f014131,2309020004,5,f01413101004p0006,f01413101004p0006.jpg,jpg,2023-09-02 14:56:34,/photo/,4000x2252,128.51260099972,37.405588199722,봉수산 수목원
f_f015285,2309020004,5,f01528501004p0006,f01528501004p0006.jpg,jpg,2023-09-02 17:24:36,/photo/,4032x3024,127.54213611111,37.832547222222,봉수산 수목원
f_f001363,2306030002,7,f00136302003p0008,f00136302003p0008.jpg,jpg,2023-06-03 11:51:20,/photo/,4032x3024,128.62884444444,38.126655555556,카페 봄봄 칠십 리점
f_f000433,2306030006,7,f00043302007p0008,f00043302007p0008.jpg,jpg,2023-06-03 22:30:21,/photo/,3024x4032,128.61190833333,35.891163888889,커피 열매 부스 네 치아 선셋 전망대점
f_f002771,2306030011,7,f00277101011p0008,f00277101011p0008.jpg,jpg,2023-06-03 12:13:24,/photo/,4032x3024,128.58608888889,35.868030555556,해피 트리 펜션 호텔 격포 호텔
f_f001412,2306040001,7,f00141202002p0008,f00141202002p0008.jpg,jpg,2023-06-04 11:41:30,/photo/,4000x1848,127.8271258,35.4408089,삼선암
f_f015477,2309020004,10,f01547701003p0011,f01547701003p0011.jpg,jpg,2023-09-02 13:18:44,/photo/,4032x3024,127.82367777778,37.415947222222,유동 커피 남포점
f_f015285,2309020005,2,f01528501005p0003,f01528501005p0003.jpg,jpg,2023-09-02 18:14:53,/photo/,3024x4032,127.77821388889,37.901336111111,서울역
f_f010914,2309020005,3,f01091401004p0004,f01091401004p0004.jpg,jpg,2023-09-02 14:31:53,/photo/,3000x4000,127.6955008,37.9776864,센시티브 서울
f_f010914,2309020005,4,f01091401004p0005,f01091401004p0005.jpg,jpg,2023-09-02 15:08:52,/photo/,4000x3000,127.69751039972,37.979055999722,전주 고속버스터미널
f_f011949,2309020005,5,f01194901005p0006,f01194901005p0006.jpg,jpg,2023-09-02 16:28:10,/photo/,4624x3468,129.03768719972,37.1138982,우마와 한우 샌드
f_f003509,2306180008,7,f00350901008p0008,f00350901008p0008.jpg,jpg,2023-06-18 18:57:34,/photo/,4000x3000,128.89215939972,35.243678899722,황우럭만화카페
f_f003256,2306230004,7,f00325601003p0008,f00325601003p0008.jpg,jpg,2023-06-23 13:49:57,/photo/,4032x2268,129.29333333333,35.548611111111,제주올레 1코스 공식 안내소
f_f015285,2309020006,4,f01528501006p0005,f01528501006p0005.jpg,jpg,2023-09-02 19:07:36,/photo/,4032x3024,127.72315277778,37.893255555556,올리브영 홍대 중앙점
f_f015285,2309020006,5,f01528501006p0006,f01528501006p0006.jpg,jpg,2023-09-02 19:10:45,/photo/,3024x3024,127.72341944444,37.893608333333,고산 미소
f_f015285,2309020006,6,f01528501006p0007,f01528501006p0007.jpg,jpg,2023-09-02 19:10:50,/photo/,3024x3024,127.72343611111,37.893630555556,수암골 전망대
f_f015285,2309020006,7,f01528501006p0008,f01528501006p0008.jpg,jpg,2023-09-02 19:14:11,/photo/,4032x3024,127.72350277778,37.894702777778,제주 레포츠 랜드
f_f014131,2309020007,9,f01413101099p0010,f01413101099p0010.jpg,jpg,2023-09-02 16:17:33,/photo/,4000x2252,128.66596939972,37.4389369,부탄쵸
f_f011949,2309030001,1,f01194902002p0002,f01194902002p0002.jpg,jpg,2023-09-03 11:04:44,/photo/,4624x3468,129.03300839972,37.103485599722,집
f_f014104,2309030001,1,f01410402002p0002,f01410402002p0002.jpg,jpg,2023-09-03 11:04:04,/photo/,4624x3468,128.379885,35.048754099722,집
f_f011949,2309030001,2,f01194902002p0003,f01194902002p0003.jpg,jpg,2023-09-03 11:06:55,/photo/,4624x3468,129.0329556,37.103487999722,부전시장
f_f014104,2309030001,2,f01410402002p0003,f01410402002p0003.jpg,jpg,2023-09-03 11:04:21,/photo/,4624x3468,128.37988519972,35.0487545,부전시장
f_f014131,2309030001,2,f01413102002p0003,f01413102002p0003.jpg,jpg,2023-09-03 10:27:11,/photo/,2252x4000,128.7227752,37.4783515,부전시장
f_f011949,2309030001,5,f01194902002p0006,f01194902002p0006.jpg,jpg,2023-09-03 11:15:39,/photo/,4000x3000,129.02716929972,37.101396899722,김포국제공항 국내선
f_f014131,2309030001,5,f01413102002p0006,f01413102002p0006.jpg,jpg,2023-09-03 10:32:00,/photo/,4000x2252,128.7238081,37.4768588,김포국제공항 국내선
f_f014131,2309030001,6,f01413102002p0007,f01413102002p0007.jpg,jpg,2023-09-03 10:36:04,/photo/,4000x2252,128.7234698,37.4758069,국립 중앙과학관
f_f014131,2309030001,8,f01413102002p0009,f01413102002p0009.jpg,jpg,2023-09-03 10:38:13,/photo/,4000x2252,128.72297589972,37.4755474,제주 김만복 애월점
f_f015905,2309030002,5,f01590501002p0006,f01590501002p0006.jpg,jpg,2023-09-03 15:08:53,/photo/,4000x3000,129.0863232,35.3969024,아젠토 피오레 컨벤션
f_f015905,2309030002,7,f01590501002p0008,f01590501002p0008.jpg,jpg,2023-09-03 15:10:33,/photo/,3000x4000,129.08683519972,35.396812799722,집
f_f015905,2309030002,9,f01590501002p0010,f01590501002p0010.jpg,jpg,2023-09-03 15:18:08,/photo/,4000x3000,129.08727039972,35.3971104,오마카세미미
f_f015905,2309030003,6,f01590501003p0007,f01590501003p0007.jpg,jpg,2023-09-03 16:12:27,/photo/,4000x3000,129.0446464,35.4202944,세인트 비치호텔
f_f005042,2308060003,7,f00504201003p0008,f00504201003p0008.jpg,jpg,2023-08-06 13:06:33,/photo/,3024x4032,129.21092222222,35.838602777778,스누피가든
f_f005086,2308080001,7,f00508602002p0008,f00508602002p0008.jpg,jpg,2023-08-08 12:50:35,/photo/,2591x3797,129.3818684,35.505452099722,장생포 고래문화마을
f_f007571,2308180006,7,f00757101005p0008,f00757101005p0008.jpg,jpg,2023-08-18 10:00:30,/photo/,3000x4000,129.03780869972,37.6870575,해녀촌
f_f007571,2308180008,7,f00757101007p0008,f00757101007p0008.jpg,jpg,2023-08-18 12:43:51,/photo/,4000x3000,128.8341312,37.879904799722,속초 조개 마을
f_f006605,2308190004,7,f00660501005p0008,f00660501005p0008.jpg,jpg,2023-08-19 20:32:05,/photo/,4000x3000,128.9670016,35.046595199722,유심천레저산업
f_f006006,2308200002,7,f00600601002p0008,f00600601002p0008.jpg,jpg,2023-08-20 11:50:10,/photo/,4032x3024,129.05737222222,35.15445,집
f_f006481,2308200004,7,f00648102005p0008,f00648102005p0008.jpg,jpg,2023-08-20 15:43:47,/photo/,4000x3000,127.6958592,37.8852704,롯데 프리미엄 아웃렛 타임 빌라스
f_f008182,2308210005,7,f00818201004p0008,f00818201004p0008.jpg,jpg,2023-08-21 21:47:49,/photo/,4032x3024,128.71688888889,38.028961111111,대전엑스포 아쿠아리움
f_f008182,2308220001,7,f00818202002p0008,f00818202002p0008.jpg,jpg,2023-08-22 11:44:35,/photo/,2268x4032,128.72216944444,38.023430555556,알펜시아 스포츠파크
f_f009182,2308220004,7,f00918201004p0008,f00918201004p0008.jpg,jpg,2023-08-22 11:55:32,/photo/,3024x3024,128.56415949972,37.786261,벌투 파리지앵 속초 본점
f_f015740,2309030007,9,f01574001004p0010,f01574001004p0010.jpg,jpg,2023-09-03 14:12:49,/photo/,4032x3024,129.16798,35.160603,험담 불당점
f_f012204,2308250003,7,f01220401002p0008,f01220401002p0008.jpg,jpg,2023-08-25 14:29:39,/photo/,4032x3024,128.72033611111,35.714611111111,판포 포구
f_f007188,2309050001,1,f00718802002p0002,f00718802002p0002.jpg,jpg,2023-09-05 14:42:05,/photo/,4000x2252,128.0748067,35.5517327,집
f_f007188,2309050001,4,f00718802002p0005,f00718802002p0005.jpg,jpg,2023-09-05 13:24:54,/photo/,4000x2252,128.0748847,35.5497425,합천영상테마파크
f_f014045,2309050004,5,f01404501004p0006,f01404501004p0006.jpg,jpg,2023-09-05 09:04:02,/photo/,4032x3024,128.60203359972,38.190807999722,아베베 베이커리
f_f014045,2309050004,15,f01404501004p0016,f01404501004p0016.jpg,jpg,2023-09-05 09:15:39,/photo/,4032x3024,128.6064526,38.1866472,제주동문시장
f_f016036,2309050005,5,f01603601004p0006,f01603601004p0006.jpg,jpg,2023-09-05 19:05:49,/photo/,4032x3024,128.82275277778,35.170647222222,집
f_f014045,2309050006,6,f01404501005p0007,f01404501005p0007.jpg,jpg,2023-09-05 10:10:43,/photo/,4032x3024,128.59352789972,38.202900999722,제주목 관아
f_f014045,2309050007,6,f01404501007p0007,f01404501007p0007.jpg,jpg,2023-09-05 11:03:22,/photo/,4032x3024,128.593511,38.2027416,노은 칼국수
f_f014045,2309050011,12,f01404501011p0013,f01404501011p0013.jpg,jpg,2023-09-05 17:38:33,/photo/,4032x3024,128.58673959972,38.192048499722,2.28기념중앙공원
f_f006895,2308310004,7,f00689502004p0008,f00689502004p0008.jpg,jpg,2023-08-31 16:14:08,/photo/,4032x3024,128.87701388889,37.831413888889,가평휴게소 서울 방향
f_f012140,2308310004,7,f01214001006p0008,f01214001006p0008.jpg,jpg,2023-08-31 14:33:06,/photo/,4000x3000,128.9202016,37.794680999722,가평휴게소 서울 방향
f_f013493,2309020003,7,f01349301003p0008,f01349301003p0008.jpg,jpg,2023-09-02 11:56:12,/photo/,4032x3024,127.69607879972,37.696510199722,함덕해수욕장
f_f007188,2309040002,7,f00718801002p0008,f00718801002p0008.jpg,jpg,2023-09-04 15:01:58,/photo/,4000x2252,128.12396939972,35.410933499722,집
f_f015448,2309100001,7,f01544801002p0008,f01544801002p0008.jpg,jpg,2023-09-10 10:31:08,/photo/,4032x3024,129.21070833333,37.026633333333,
f_f015367,2309080002,4,f01536701002p0005,f01536701002p0005.jpg,jpg,2023-09-08 14:22:52,/photo/,2252x4000,129.2833152,35.836233599722,친구 집
f_f015367,2309080002,7,f01536701002p0008,f01536701002p0008.jpg,jpg,2023-09-08 14:18:14,/photo/,4000x2252,129.2830336,35.836412799722,집
f_f012889,2309100014,7,f01288901013p0008,f01288901013p0008.jpg,jpg,2023-09-10 16:55:27,/photo/,4032x3024,129.20941229972,35.8364295,
f_f015367,2309080002,10,f01536701002p0011,f01536701002p0011.jpg,jpg,2023-09-08 12:59:02,/photo/,4000x2252,129.2807789,35.837111899722,감 따 담
f_f015367,2309080002,12,f01536701002p0013,f01536701002p0013.jpg,jpg,2023-09-08 12:31:27,/photo/,4000x2252,129.28125439972,35.837241599722,도아 하우스
f_f015367,2309080003,3,f01536701003p0004,f01536701003p0004.jpg,jpg,2023-09-08 14:53:11,/photo/,4000x2252,129.21184479972,35.835314199722,아양 주꾸미
f_f016470,2309080003,15,f01647001002p0016,f01647001002p0016.jpg,jpg,2023-09-08 12:34:35,/photo/,4608x3456,129.00277777778,35.209444444444,세화해변
f_f015367,2309080005,5,f01536701005p0006,f01536701005p0006.jpg,jpg,2023-09-08 16:41:11,/photo/,4000x2252,129.21126399972,35.838368,함덕해수욕장
f_f015367,2309080005,7,f01536701005p0008,f01536701005p0008.jpg,jpg,2023-09-08 16:39:15,/photo/,4000x2252,129.2106496,35.8382464,순천만습지
f_f015367,2309080006,6,f01536701006p0007,f01536701006p0007.jpg,jpg,2023-09-08 17:01:59,/photo/,4000x2252,129.2187776,35.8346176,고집 돌우럭 함덕점
f_f016391,2309080008,6,f01639101008p0007,f01639101008p0007.jpg,jpg,2023-09-08 17:26:52,/photo/,4000x3000,129.22832529972,35.8289594,뚜레쥬르 해운대 중동점
f_f015529,2309170003,7,f01552901002p0008,f01552901002p0008.jpg,jpg,2023-09-17 10:51:41,/photo/,3264x1472,129.0713073,35.489629999722,
f_f015247,2309090002,1,f01524701002p0002,f01524701002p0002.jpg,jpg,2023-09-09 11:35:30,/photo/,3024x4032,128.7576,37.691897222222,집
f_f009756,2309090002,2,f00975601002p0003,f00975601002p0003.jpg,jpg,2023-09-09 10:08:33,/photo/,4000x3000,128.56046079722,35.841964797222,새한서점
f_f005661,2309090002,2,f00566101002p0003,f00566101002p0003.jpg,jpg,2023-09-09 12:19:04,/photo/,3060x4080,129.4381477,35.4931758,새한서점
f_f005661,2309090002,3,f00566101002p0004,f00566101002p0004.jpg,jpg,2023-09-09 12:45:47,/photo/,4080x3060,129.44541989972,35.491332499722,쌈쌈남녀
f_f015247,2309090002,6,f01524701002p0007,f01524701002p0007.jpg,jpg,2023-09-09 12:36:20,/photo/,4032x2268,128.74716111111,37.713519444444,집
f_f015247,2309090002,7,f01524701002p0008,f01524701002p0008.jpg,jpg,2023-09-09 13:06:10,/photo/,3024x4032,128.74513333333,37.722408333333,집
f_f015247,2309090002,10,f01524701002p0011,f01524701002p0011.jpg,jpg,2023-09-09 13:25:03,/photo/,4032x3024,128.74275277778,37.723883333333,집
f_f001440,2305260002,8,f00144002002p0009,f00144002002p0009.jpg,jpg,2023-05-26 09:37:35,/photo/,4032x2268,129.01040169972,35.097814599722,감천문화마을
f_f001440,2305260005,8,f00144002005p0009,f00144002005p0009.jpg,jpg,2023-05-26 12:16:06,/photo/,4032x2268,129.0312461,35.102760799722,봉일천 장군 집
f_f001117,2305270003,8,f00111702004p0009,f00111702004p0009.jpg,jpg,2023-05-27 10:19:14,/photo/,2992x2992,128.43555059972,36.898429999722,무진장
f_f001321,2305270003,8,f00132101003p0009,f00132101003p0009.jpg,jpg,2023-05-27 13:38:41,/photo/,4032x1960,128.9100678,36.410364899722,무진장
f_f000591,2305280001,8,f00059102002p0009,f00059102002p0009.jpg,jpg,2023-05-28 12:30:34,/photo/,4032x3024,128.4205468,35.564669999722,집
f_f000484,2305280002,8,f00048406099p0009,f00048406099p0009.jpg,jpg,2023-05-29 09:49:51,/photo/,4000x3000,128.7118139,35.0079543,플레이스 캠프 제주
f_f015319,2309090003,1,f01531901003p0002,f01531901003p0002.jpg,jpg,2023-09-09 14:13:09,/photo/,4032x3024,129.19888333333,35.858677777778,집
f_f015319,2309090003,2,f01531901003p0003,f01531901003p0003.jpg,jpg,2023-09-09 14:13:41,/photo/,4032x3024,129.19896111111,35.858652777778,김포국제공항 국내선
f_f000532,2306020005,8,f00053201004p0009,f00053201004p0009.jpg,jpg,2023-06-02 12:35:08,/photo/,4032x3024,128.418516,34.809990972222,
f_f000433,2306030002,8,f00043302003p0009,f00043302003p0009.jpg,jpg,2023-06-03 15:20:49,/photo/,4032x3024,128.56256111111,35.901344444444,대림아파트
f_f001363,2306030002,8,f00136302003p0010,f00136302003p0010.jpg,jpg,2023-06-03 11:41:27,/photo/,4032x3024,128.62780833333,38.125411111111,대림아파트
f_f009756,2309090003,2,f00975601003p0003,f00975601003p0003.jpg,jpg,2023-09-09 10:41:38,/photo/,4000x3000,128.5594833,35.8450952,김포국제공항 국내선
f_f001092,2306040002,8,f00109203003p0009,f00109203003p0009.jpg,jpg,2023-06-04 11:20:58,/photo/,4032x3024,129.01634166667,35.283016666667,충주로 관광선
f_f000489,2306060007,8,f00048901007p0009,f00048901007p0009.jpg,jpg,2023-06-06 17:12:57,/photo/,4032x3024,128.6287469,38.126305999722,행복이 가득한 집
f_f015319,2309090003,3,f01531901003p0004,f01531901003p0004.jpg,jpg,2023-09-09 14:24:30,/photo/,4032x3024,129.19978333333,35.859386111111,파라다이스 시티 원더 박스
f_f015319,2309090003,4,f01531901003p0005,f01531901003p0005.jpg,jpg,2023-09-09 14:38:09,/photo/,4032x3024,129.19889722222,35.858291666667,홍콩반점 41 창원 감계점
f_f016495,2309090003,8,f01649501002p0009,f01649501002p0009.jpg,jpg,2023-09-09 11:21:29,/photo/,4032x3024,128.81641997222,37.212555972222,스타벅스 성산 일출봉점
f_f004131,2307080002,8,f00413101002p0009,f00413101002p0009.jpg,jpg,2023-07-08 11:41:47,/photo/,4032x3024,128.72025619972,35.714320899722,집
f_f004078,2307150005,8,f00407801005p0009,f00407801005p0009.jpg,jpg,2023-07-15 15:18:41,/photo/,4032x3024,128.70325919972,36.2431697,월남 집포
f_f004078,2307160006,8,f00407802006p0009,f00407802006p0009.jpg,jpg,2023-07-16 14:51:58,/photo/,4032x3024,128.67543459972,36.275477299722,
f_f004740,2307290007,8,f00474001007p0009,f00474001007p0009.jpg,jpg,2023-07-29 13:07:14,/photo/,2268x4032,129.22851388889,35.828711111111,이호 테우해수욕장
f_f009188,2308200005,8,f00918801005p0009,f00918801005p0009.jpg,jpg,2023-08-20 15:06:24,/photo/,4032x3024,128.15149739167,35.210982247222,월포
f_f008608,2308210002,8,f00860801002p0009,f00860801002p0009.jpg,jpg,2023-08-21 10:11:00,/photo/,4624x2084,128.77413659972,35.186174999722,어스 피스커피
f_f015319,2309090005,5,f01531901005p0006,f01531901005p0006.jpg,jpg,2023-09-09 16:27:49,/photo/,4032x3024,129.23782222222,35.843944444444,삽교호 놀이공원
f_f009182,2308220006,8,f00918201006p0009,f00918201006p0009.jpg,jpg,2023-08-22 14:26:35,/photo/,3456x3456,128.59315499972,37.7314104,포토 시그니처 대전은행점
f_f011548,2308230006,8,f01154801005p0009,f01154801005p0009.jpg,jpg,2023-08-23 11:11:11,/photo/,4032x3024,129.39143333333,36.064841666667,라이크 디스 위드 교동점
f_f010778,2308250010,8,f01077801009p0009,f01077801009p0009.jpg,jpg,2023-08-25 18:38:47,/photo/,4032x3024,127.9360654,35.274685099722,배스킨라빈스 부산 서면중앙점
f_f011719,2308260002,8,f01171901002p0009,f01171901002p0009.jpg,jpg,2023-08-26 16:11:34,/photo/,4032x2268,128.1926797,35.854984399722,호미곶 해맞이 광장
f_f013422,2309090006,1,f01342201006p0002,f01342201006p0002.jpg,jpg,2023-09-09 18:06:53,/photo/,4000x3000,128.94550269972,37.773299999722,집
f_f015319,2309090006,9,f01531901006p0010,f01531901006p0010.jpg,jpg,2023-09-09 17:53:56,/photo/,4032x3024,129.213425,35.836694444444,크러스트
f_f015319,2309090006,11,f01531901006p0012,f01531901006p0012.jpg,jpg,2023-09-09 17:57:49,/photo/,4032x3024,129.21330277778,35.836472222222,괸당집 성산점
f_f015610,2309090007,2,f01561001006p0003,f01561001006p0003.jpg,jpg,2023-09-09 15:29:24,/photo/,4032x3024,128.07518055556,36.763858333333,부산종합버스터미널
f_f005661,2309090007,2,f00566101007p0003,f00566101007p0003.jpg,jpg,2023-09-09 19:29:48,/photo/,4080x3060,129.28928,35.5499232,부산종합버스터미널
f_f015610,2309090007,4,f01561001006p0005,f01561001006p0005.jpg,jpg,2023-09-09 15:31:20,/photo/,4032x3024,128.07511944444,36.763997222222,커피 브레드 남포 본점
f_f012140,2308310004,8,f01214001006p0009,f01214001006p0009.jpg,jpg,2023-08-31 14:31:51,/photo/,4000x3000,128.9196022,37.794727899722,KTG 상상마당 부산
f_f014097,2309090007,5,f01409701006p0006,f01409701006p0006.jpg,jpg,2023-09-09 17:15:54,/photo/,4032x3024,128.03839166667,34.800155555556,대구근대역사관
f_f015610,2309090007,5,f01561001006p0006,f01561001006p0006.jpg,jpg,2023-09-09 15:33:03,/photo/,4032x3024,128.07499722222,36.764055555556,대구근대역사관
f_f014131,2309020002,8,f01413101002p0009,f01413101002p0009.jpg,jpg,2023-09-02 10:22:59,/photo/,4000x2252,128.04970289972,37.3992463,집
f_f015610,2309090007,6,f01561001006p0007,f01561001006p0007.jpg,jpg,2023-09-09 15:34:18,/photo/,4032x3024,128.07495,36.764327777778,무주반딧불축제
f_f015610,2309090007,8,f01561001006p0009,f01561001006p0009.jpg,jpg,2023-09-09 15:45:53,/photo/,4032x3024,128.07455555556,36.764711111111,광양 와인동굴
f_f015610,2309090007,9,f01561001006p0010,f01561001006p0010.jpg,jpg,2023-09-09 15:51:50,/photo/,4032x3024,128.07456944444,36.764511111111,프랭크 커핀 바
f_f015610,2309090007,10,f01561001006p0011,f01561001006p0011.jpg,jpg,2023-09-09 15:52:12,/photo/,4032x3024,128.07463055556,36.764386111111,집
f_f015610,2309090007,11,f01561001006p0012,f01561001006p0012.jpg,jpg,2023-09-09 15:50:01,/photo/,2268x4032,128.07446388889,36.764563888889,맥도날드 제주 중문 DT 점
f_f014097,2309090007,14,f01409701006p0015,f01409701006p0015.jpg,jpg,2023-09-09 17:39:55,/photo/,4032x3024,128.04156388889,34.798463888889,집
f_f014097,2309090007,15,f01409701006p0016,f01409701006p0016.jpg,jpg,2023-09-09 17:30:00,/photo/,4032x3024,128.03967222222,34.799736111111,첫 마을 7단지 래미안 아파트
f_f015610,2309090008,2,f01561001007p0003,f01561001007p0003.jpg,jpg,2023-09-09 16:24:54,/photo/,4032x3024,128.07446388889,36.771222222222,서대구 역
f_f015610,2309090008,5,f01561001007p0006,f01561001007p0006.jpg,jpg,2023-09-09 17:15:38,/photo/,4032x3024,128.07435555556,36.772616666667,곡성역
f_f015610,2309090008,6,f01561001007p0007,f01561001007p0007.jpg,jpg,2023-09-09 17:24:09,/photo/,4032x3024,128.07360833333,36.7709,세븐일레븐 신안 임자대광점
f_f015610,2309090008,7,f01561001007p0008,f01561001007p0008.jpg,jpg,2023-09-09 17:25:16,/photo/,4032x3024,128.07400555556,36.770627777778,김현정 떡볶이 둔산점
f_f015610,2309090008,8,f01561001007p0009,f01561001007p0009.jpg,jpg,2023-09-09 17:26:28,/photo/,4032x3024,128.07446388889,36.770805555556,성심당 문화원
f_f015610,2309090008,9,f01561001007p0010,f01561001007p0010.jpg,jpg,2023-09-09 17:25:37,/photo/,4032x3024,128.07415833333,36.770511111111,카페 마르쉐
f_f015610,2309090008,10,f01561001007p0011,f01561001007p0011.jpg,jpg,2023-09-09 17:19:26,/photo/,4032x3024,128.07411111111,36.772052777778,집
f_f015610,2309090011,10,f01561001010p0011,f01561001010p0011.jpg,jpg,2023-09-09 19:06:07,/photo/,2268x4032,128.16571111111,36.577091666667,저스트 스테이 호텔 공주신관점
f_f005661,2309100001,5,f00566102002p0006,f00566102002p0006.jpg,jpg,2023-09-10 14:20:07,/photo/,4080x3060,129.3811072,35.5048991,공세리성당
f_f015842,2309160004,8,f01584201004p0009,f01584201004p0009.jpg,jpg,2023-09-16 16:09:52,/photo/,4032x3024,129.37798888889,36.055633333333,
f_f013422,2309100002,2,f01342202003p0003,f01342202003p0003.jpg,jpg,2023-09-10 12:53:09,/photo/,2808x3744,128.91715199972,37.796998999722,추억의 달동네
f_f005914,2309100002,4,f00591401002p0005,f00591401002p0005.jpg,jpg,2023-09-10 10:42:08,/photo/,4000x3000,129.16363369972,35.1612591,말리 오션스파펜션
f_f015714,2309170005,8,f01571401004p0009,f01571401004p0009.jpg,jpg,2023-09-17 17:04:25,/photo/,4032x2268,128.01368611111,37.334244444444,
f_f006520,2309100002,5,f00652001099p0006,f00652001099p0006.jpg,jpg,2023-09-10 17:29:08,/photo/,3024x3024,129.15728888889,35.158905555556,집
f_f006520,2309100003,2,f00652001002p0003,f00652001002p0003.jpg,jpg,2023-09-10 05:52:47,/photo/,3024x3024,126.88453611111,37.417447222222,부산종합버스터미널
f_f008380,2309100003,3,f00838001003p0004,f00838001003p0004.jpg,jpg,2023-09-10 13:48:11,/photo/,4032x3024,128.52828888889,38.208830555556,국립중앙박물관
f_f008380,2309100003,4,f00838001003p0005,f00838001003p0005.jpg,jpg,2023-09-10 15:01:51,/photo/,3024x4032,128.53074722222,38.209358333333,소바카게
f_f008380,2309100003,5,f00838001003p0006,f00838001003p0006.jpg,jpg,2023-09-10 14:18:03,/photo/,3024x4032,128.52984722222,38.209125,자전거 카페 오후
f_f014097,2309100003,5,f01409702003p0006,f01409702003p0006.jpg,jpg,2023-09-10 12:03:14,/photo/,4032x3024,127.98171944444,34.809527777778,자전거 카페 오후
f_f001336,2305280006,9,f00133603007p0011,f00133603007p0011.jpg,jpg,2023-05-28 20:19:53,/photo/,4032x2268,129.0561408,35.1673728,동명항
f_f001643,2305290002,9,f00164302003p0010,f00164302003p0010.jpg,jpg,2023-05-29 11:44:27,/photo/,4032x3024,128.59721388889,37.688544444444,태화루
f_f008380,2309100003,8,f00838001003p0009,f00838001003p0009.jpg,jpg,2023-09-10 13:45:23,/photo/,4032x3024,128.52764722222,38.209041666667,최 씨 장칼국수
f_f008380,2309100003,9,f00838001003p0010,f00838001003p0010.jpg,jpg,2023-09-10 15:04:24,/photo/,4032x3024,128.53076111111,38.209713888889,바미
f_f000433,2306040002,9,f00043303003p0010,f00043303003p0010.jpg,jpg,2023-06-04 16:20:13,/photo/,3024x4032,129.46626388889,36.680161111111,더 플라자
f_f001092,2306040002,9,f00109203003p0010,f00109203003p0010.jpg,jpg,2023-06-04 11:21:03,/photo/,4032x3024,129.01631111111,35.283019444444,더 플라자
f_f008380,2309100003,10,f00838001003p0011,f00838001003p0011.jpg,jpg,2023-09-10 13:42:51,/photo/,4032x3024,128.52755555556,38.209636111111,제주 침 시술소 바
f_f006520,2309100004,2,f00652001003p0003,f00652001003p0003.jpg,jpg,2023-09-10 08:49:11,/photo/,3024x3024,129.042725,35.115469444444,대전시립미술관
f_f015448,2309100004,2,f01544801003p0003,f01544801003p0003.jpg,jpg,2023-09-10 15:08:36,/photo/,3024x4032,129.46392777778,36.680552777778,대전시립미술관
f_f005403,2308040005,9,f00540301005p0010,f00540301005p0010.jpg,jpg,2023-08-04 14:18:01,/photo/,4032x2268,129.22810277778,35.828705555556,
f_f007571,2308180015,9,f00757101014p0010,f00757101014p0010.jpg,jpg,2023-08-18 21:18:13,/photo/,4000x3000,128.91099719972,37.8024642,
f_f015319,2309090005,9,f01531901005p0010,f01531901005p0010.jpg,jpg,2023-09-09 16:59:45,/photo/,4032x3024,129.23776111111,35.843722222222,
f_f016094,2309130006,9,f01609401007p0011,f01609401007p0011.jpg,jpg,2023-09-13 14:09:18,/photo/,4032x2268,129.25234299972,36.001811899722,
f_f015841,2309160006,9,f01584101006p0010,f01584101006p0010.jpg,jpg,2023-09-16 14:11:34,/photo/,2268x4032,127.6738176,37.8259808,
f_f015714,2309170005,9,f01571401004p0010,f01571401004p0010.jpg,jpg,2023-09-17 17:06:07,/photo/,4032x2268,128.01368611111,37.334227777778,
f_f015410,2309230004,9,f01541001004p0010,f01541001004p0010.jpg,jpg,2023-09-23 13:11:54,/photo/,4032x3024,129.07395833333,35.491030555556,
f_f005403,2308040005,10,f00540301005p0011,f00540301005p0011.jpg,jpg,2023-08-04 13:27:57,/photo/,3024x3024,129.22798055556,35.830002777778,
f_f009530,2308290016,10,f00953001016p0011,f00953001016p0011.jpg,jpg,2023-08-29 19:35:14,/photo/,2268x4032,129.22659444444,35.834805555556,
f_f012426,2309110007,10,f01242601007p0011,f01242601007p0011.jpg,jpg,2023-09-11 16:51:00,/photo/,4032x3024,127.54234444444,37.832511111111,
f_f016094,2309130006,10,f01609401007p0012,f01609401007p0012.jpg,jpg,2023-09-13 14:09:33,/photo/,4032x2268,129.25267859972,36.001908299722,
f_f004740,2307290009,11,f00474001009p0012,f00474001009p0012.jpg,jpg,2023-07-29 17:08:26,/photo/,4032x3024,129.26409722222,35.850886111111,
f_f009182,2308220006,11,f00918201006p0012,f00918201006p0012.jpg,jpg,2023-08-22 15:08:12,/photo/,4032x3024,128.59227269972,37.7316495,
f_f014045,2309050005,11,f01404501006p0012,f01404501006p0012.jpg,jpg,2023-09-05 10:06:06,/photo/,4032x3024,128.59367819972,38.2008932,
f_f014097,2309100004,3,f01409702004p0004,f01409702004p0004.jpg,jpg,2023-09-10 13:24:20,/photo/,4032x3024,127.89993333333,34.764247222222,갓파스시 서면점
f_f015448,2309100004,3,f01544801003p0004,f01544801003p0004.jpg,jpg,2023-09-10 15:10:23,/photo/,3024x4032,129.46490555556,36.680252777778,갓파스시 서면점
f_f015448,2309100004,5,f01544801003p0006,f01544801003p0006.jpg,jpg,2023-09-10 15:12:01,/photo/,4032x3024,129.46502777778,36.680130555556,성심당 본점
f_f015448,2309100004,6,f01544801003p0007,f01544801003p0007.jpg,jpg,2023-09-10 15:14:00,/photo/,3024x4032,129.46632222222,36.680152777778,런던 베이글 뮤지엄 제주점
f_f015448,2309100004,8,f01544801003p0009,f01544801003p0009.jpg,jpg,2023-09-10 15:16:35,/photo/,4032x3024,129.46626388889,36.680141666667,집
f_f015448,2309100004,9,f01544801003p0010,f01544801003p0010.jpg,jpg,2023-09-10 15:29:09,/photo/,3024x4032,129.46452222222,36.681822222222,집
f_f008380,2309100005,2,f00838001005p0003,f00838001005p0003.jpg,jpg,2023-09-10 16:58:27,/photo/,4032x3024,128.60615555556,38.187327777778,청량리역 경의중앙선
f_f014097,2309100005,4,f01409702005p0005,f01409702005p0005.jpg,jpg,2023-09-10 14:22:44,/photo/,4032x3024,127.88664166667,34.724625,춘하추동
f_f014097,2309100007,4,f01409702007p0005,f01409702007p0005.jpg,jpg,2023-09-10 15:28:44,/photo/,4032x3024,127.89479722222,34.726911111111,댄싱 카페인
f_f014097,2309100007,5,f01409702007p0006,f01409702007p0006.jpg,jpg,2023-09-10 15:29:07,/photo/,4032x3024,127.89479722222,34.726888888889,아라리오갤러리 천안
f_f014097,2309100007,6,f01409702007p0007,f01409702007p0007.jpg,jpg,2023-09-10 15:29:21,/photo/,4032x3024,127.89484444444,34.726836111111,황련단길
f_f014097,2309100007,11,f01409702007p0012,f01409702007p0012.jpg,jpg,2023-09-10 16:13:48,/photo/,4032x3024,127.89393611111,34.728316666667,집
f_f006520,2309100008,8,f00652001008p0009,f00652001008p0009.jpg,jpg,2023-09-10 17:02:15,/photo/,3024x3024,129.126175,35.165783333333,송정해수욕장
f_f012889,2309100009,2,f01288901007p0003,f01288901007p0003.jpg,jpg,2023-09-10 13:23:16,/photo/,4608x3456,129.23120309972,35.838589399722,경주 시외버스터미널
f_f016357,2309100013,2,f01635701012p0003,f01635701012p0003.jpg,jpg,2023-09-10 15:54:38,/photo/,3024x4032,129.18420277778,35.15725,섬진강휴게소 순천방향
f_f012889,2309100014,6,f01288901013p0007,f01288901013p0007.jpg,jpg,2023-09-10 16:51:20,/photo/,4032x3024,129.20928549972,35.8378692,로코 헤어살롱
f_f008380,2309110002,2,f00838002003p0003,f00838002003p0003.jpg,jpg,2023-09-11 10:40:01,/photo/,4032x3024,128.58297777778,38.231205555556,쇠소깍
f_f008380,2309110002,12,f00838002003p0013,f00838002003p0013.jpg,jpg,2023-09-11 11:16:24,/photo/,4032x3024,128.58311388889,38.231386111111,9.81파크
f_f012426,2309110003,2,f01242601003p0003,f01242601003p0003.jpg,jpg,2023-09-11 11:52:30,/photo/,4032x3024,127.72354722222,37.894352777778,대구 만두 범어점
f_f015954,2309110003,3,f01595401003p0004,f01595401003p0004.jpg,jpg,2023-09-11 12:58:51,/photo/,4000x3000,128.71724059972,35.546751899722,987피자
f_f015954,2309110003,10,f01595401003p0011,f01595401003p0011.jpg,jpg,2023-09-11 13:29:22,/photo/,4000x3000,128.7139543,35.546714,켄싱턴리조트 설악비치 코코몽 키즈월드
f_f015954,2309110003,13,f01595401003p0014,f01595401003p0014.jpg,jpg,2023-09-11 13:37:53,/photo/,4000x3000,128.7167013,35.547065,성이시돌목장
f_f015954,2309110003,14,f01595401003p0015,f01595401003p0015.jpg,jpg,2023-09-11 13:41:26,/photo/,4000x3000,128.71674949972,35.546966799722,집
f_f012426,2309110005,4,f01242601005p0005,f01242601005p0005.jpg,jpg,2023-09-11 13:37:28,/photo/,4032x3024,127.78455277778,37.929302777778,장생포 고래 박물관
f_f008380,2309110005,4,f00838002002p0005,f00838002002p0005.jpg,jpg,2023-09-11 06:38:05,/photo/,4032x3024,128.61361666667,38.181408333333,장생포 고래 박물관
f_f006520,2309110005,9,f00652002005p0010,f00652002005p0010.jpg,jpg,2023-09-10 09:23:24,/photo/,3024x3024,129.04295277778,35.114819444444,연산 롯데캐슬골드포레 아파트
f_f008380,2309110005,9,f00838002002p0010,f00838002002p0010.jpg,jpg,2023-09-11 06:43:57,/photo/,4032x3024,128.61154166667,38.181872222222,연산 롯데캐슬골드포레 아파트
f_f008380,2309110005,13,f00838002002p0014,f00838002002p0014.jpg,jpg,2023-09-11 06:50:12,/photo/,4032x3024,128.60903888889,38.183022222222,제스터
f_f008380,2309110005,17,f00838002002p0018,f00838002002p0018.jpg,jpg,2023-09-11 06:55:22,/photo/,4032x3024,128.61085555556,38.182694444444,충렬사
f_f008380,2309110005,18,f00838002002p0019,f00838002002p0019.jpg,jpg,2023-09-11 07:07:45,/photo/,4032x3024,128.61340277778,38.180266666667,부산역
f_f006520,2309110006,6,f00652002006p0007,f00652002006p0007.jpg,jpg,2023-09-10 05:52:47,/photo/,3024x3024,126.88453611111,37.417447222222,집
f_f012426,2309110006,7,f01242601006p0008,f01242601006p0008.jpg,jpg,2023-09-11 15:28:56,/photo/,4032x3024,127.77831944444,37.901591666667,초도 해변
f_f012426,2309110007,6,f01242601007p0007,f01242601007p0007.jpg,jpg,2023-09-11 16:32:27,/photo/,4032x3024,127.54318055556,37.828480555556,할리스 전주한옥마을점
f_f012426,2309110007,7,f01242601007p0008,f01242601007p0008.jpg,jpg,2023-09-11 16:45:59,/photo/,4032x3024,127.54295277778,37.829877777778,갈맷길 2코스 2구간
f_f016094,2309130006,5,f01609401007p0007,f01609401007p0007.jpg,jpg,2023-09-13 13:59:54,/photo/,4032x2268,129.2538672,35.998519199722,다이소 창원 반송시장점
f_f016094,2309130006,6,f01609401007p0008,f01609401007p0008.jpg,jpg,2023-09-13 14:05:08,/photo/,4032x2268,129.2531355,36.001327899722,BIFF 거리
f_f016094,2309130006,7,f01609401007p0009,f01609401007p0009.jpg,jpg,2023-09-13 14:08:28,/photo/,4032x2268,129.25234299972,36.001811899722,경주 양동 마을
f_f016094,2309130009,8,f01609401008p0009,f01609401008p0009.jpg,jpg,2023-09-13 14:42:30,/photo/,4032x2268,129.25564009972,36.002499399722,경주 양동 마을
f_f016094,2309130009,10,f01609401008p0011,f01609401008p0011.jpg,jpg,2023-09-13 14:44:27,/photo/,4032x2268,129.25504589972,36.002211099722,풍미 통닭
f_f015600,2309140003,2,f01560001002p0003,f01560001002p0003.jpg,jpg,2023-09-14 10:27:13,/photo/,4032x3024,127.65113139972,35.232709399722,오소 육전 &밀면
f_f015600,2309140003,4,f01560001002p0005,f01560001002p0005.jpg,jpg,2023-09-14 10:22:44,/photo/,4032x3024,127.6501063,35.232349499722,대전시립미술관 및 이응노미술관
f_f015600,2309140005,4,f01560001004p0005,f01560001004p0005.jpg,jpg,2023-09-14 12:34:29,/photo/,4032x3024,127.8321492,35.0269903,제천 돈 벌집삼겹살
f_f015600,2309140005,5,f01560001004p0006,f01560001004p0006.jpg,jpg,2023-09-14 12:36:11,/photo/,4032x3024,127.8316422,35.0267813,르컬렉티브 부산역
f_f015600,2309140006,5,f01560001005p0006,f01560001005p0006.jpg,jpg,2023-09-14 13:30:54,/photo/,4032x3024,127.89431039972,35.097152,달치즈
f_f015600,2309140006,6,f01560001005p0007,f01560001005p0007.jpg,jpg,2023-09-14 13:31:47,/photo/,4032x3024,127.89452579972,35.097355299722,스페이스 카페
f_f015975,2309150004,12,f01597501004p0013,f01597501004p0013.jpg,jpg,2023-09-15 14:58:04,/photo/,4032x3024,128.68174722222,35.233741666667,환호공원 스페이스 카페
f_f016818,2309160002,1,f01681801004p0002,f01681801004p0002.jpg,jpg,2023-09-16 15:31:10,/photo/,2992x2992,127.72327769972,37.8932884,집
f_f015842,2309160002,1,f01584201002p0002,f01584201002p0002.jpg,jpg,2023-09-16 11:55:05,/photo/,4032x3024,129.38905277778,36.066038888889,집
f_f015842,2309160002,3,f01584201002p0004,f01584201002p0004.jpg,jpg,2023-09-16 11:59:32,/photo/,4032x3024,129.39085277778,36.065236111111,도치돌 알파카 목장
f_f015842,2309160002,8,f01584201002p0009,f01584201002p0009.jpg,jpg,2023-09-16 12:14:17,/photo/,4032x3024,129.39186111111,36.066975,집
f_f015842,2309160002,9,f01584201002p0010,f01584201002p0010.jpg,jpg,2023-09-16 12:16:15,/photo/,4032x3024,129.39279166667,36.066988888889,집
f_f015841,2309160003,2,f01584101003p0003,f01584101003p0003.jpg,jpg,2023-09-16 10:16:21,/photo/,4032x2268,127.54343679972,37.8277792,거가대교
f_f015841,2309160003,3,f01584101003p0004,f01584101003p0004.jpg,jpg,2023-09-16 10:11:05,/photo/,4032x2268,127.5435264,37.828323199722,집
f_f015841,2309160003,4,f01584101003p0005,f01584101003p0005.jpg,jpg,2023-09-16 10:09:30,/photo/,4032x2268,127.54321919972,37.828102399722,제주신화 월드 랜딩 다이닝
f_f015841,2309160003,5,f01584101003p0006,f01584101003p0006.jpg,jpg,2023-09-16 10:04:00,/photo/,4032x2268,127.54310399972,37.8293984,한상 치킨
f_f015841,2309160003,8,f01584101003p0009,f01584101003p0009.jpg,jpg,2023-09-16 10:00:36,/photo/,4032x2268,127.54334719972,37.8306303,고부루 비어 컴퍼니
f_f015841,2309160003,10,f01584101003p0011,f01584101003p0011.jpg,jpg,2023-09-16 09:55:45,/photo/,4032x2268,127.54273279972,37.8321984,시남이 계곡 산책로
f_f015841,2309160003,11,f01584101003p0012,f01584101003p0012.jpg,jpg,2023-09-16 09:51:23,/photo/,4032x2268,127.5423104,37.832617599722,제주동문시장
f_f015841,2309160003,12,f01584101003p0013,f01584101003p0013.jpg,jpg,2023-09-16 09:51:17,/photo/,4032x2268,127.5423104,37.832617599722,남애항
f_f015842,2309160004,2,f01584201004p0003,f01584201004p0003.jpg,jpg,2023-09-16 15:22:02,/photo/,4032x3024,129.38136388889,36.061652777778,헤이 그린
f_f015842,2309160004,3,f01584201004p0004,f01584201004p0004.jpg,jpg,2023-09-16 15:26:26,/photo/,3024x4032,129.38203611111,36.062252777778,신세계백화점 마산점
f_f015842,2309160004,4,f01584201004p0005,f01584201004p0005.jpg,jpg,2023-09-16 15:26:40,/photo/,3024x4032,129.38209444444,36.062333333333,ICC 제주국제컨벤션센터
f_f015842,2309160004,5,f01584201004p0006,f01584201004p0006.jpg,jpg,2023-09-16 15:28:23,/photo/,4032x3024,129.38285833333,36.061822222222,안성 3.1운동 기념관
f_f015842,2309160004,6,f01584201004p0007,f01584201004p0007.jpg,jpg,2023-09-16 15:42:15,/photo/,4032x3024,129.38310277778,36.061613888889,집
f_f015842,2309160004,7,f01584201004p0008,f01584201004p0008.jpg,jpg,2023-09-16 15:55:46,/photo/,2979x3972,129.38111944444,36.061447222222,집
f_f015842,2309160004,9,f01584201004p0010,f01584201004p0010.jpg,jpg,2023-09-16 16:11:50,/photo/,4032x3024,129.37793055556,36.054886111111,집
f_f015841,2309160006,2,f01584101006p0003,f01584101006p0003.jpg,jpg,2023-09-16 13:43:56,/photo/,4032x2268,127.713216,37.816591999722,부산 시립미술관
f_f015842,2309160006,2,f01584201005p0003,f01584201005p0003.jpg,jpg,2023-09-16 17:06:08,/photo/,4032x3024,129.34094166667,36.012436111111,부산 시립미술관
f_f015842,2309160006,5,f01584201005p0006,f01584201005p0006.jpg,jpg,2023-09-16 17:00:44,/photo/,2678x2677,129.34245277778,36.014041666667,한화 오션 옥포조선소
f_f015842,2309160006,6,f01584201005p0007,f01584201005p0007.jpg,jpg,2023-09-16 16:59:02,/photo/,4032x3024,129.34324722222,36.014666666667,대릉원
f_f015841,2309160006,8,f01584101006p0009,f01584101006p0009.jpg,jpg,2023-09-16 14:11:31,/photo/,4032x2268,127.673856,37.826016,쏠비치 양양 셰프스키친
f_f016739,2309170002,2,f01673901002p0004,f01673901002p0004.jpg,jpg,2023-09-17 10:34:10,/photo/,5664x4248,127.91944444444,35.590833333333,조조모모
f_f016739,2309170002,3,f01673901002p0005,f01673901002p0005.jpg,jpg,2023-09-17 10:38:26,/photo/,5664x4248,127.91861111111,35.590555555556,대전복합터미널
f_f016739,2309170002,4,f01673901002p0006,f01673901002p0006.jpg,jpg,2023-09-17 10:26:46,/photo/,5664x4248,127.91972222222,35.591111111111,집
f_f016634,2309170003,2,f01663401003p0003,f01663401003p0003.jpg,jpg,2023-09-17 15:20:16,/photo/,4000x3000,128.08036359972,37.2717408,하늘정원
f_f016634,2309170003,12,f01663401003p0013,f01663401003p0013.jpg,jpg,2023-09-17 15:17:21,/photo/,4000x3000,128.0800365,37.271785299722,바니 베어뮤지엄
f_f015714,2309170004,2,f01571401003p0003,f01571401003p0003.jpg,jpg,2023-09-17 13:14:15,/photo/,4032x2268,127.82346388889,37.415816666667,비브레이브커피로스터스
f_f015714,2309170005,2,f01571401004p0003,f01571401004p0003.jpg,jpg,2023-09-17 16:36:09,/photo/,4032x2268,128.01168888889,37.334427777778,카멜리아힐
f_f016699,2309170005,2,f01669901005p0003,f01669901005p0003.jpg,jpg,2023-09-17 17:13:31,/photo/,4032x3024,128.42076111111,35.549205555556,카멜리아힐
f_f016699,2309170005,3,f01669901005p0004,f01669901005p0004.jpg,jpg,2023-09-17 17:07:30,/photo/,4032x3024,128.42077777778,35.549183333333,남원역
f_f015714,2309170005,3,f01571401004p0004,f01571401004p0004.jpg,jpg,2023-09-17 16:44:59,/photo/,2268x4032,128.01216111111,37.334438888889,남원역
f_f015714,2309170005,4,f01571401004p0005,f01571401004p0005.jpg,jpg,2023-09-17 16:47:03,/photo/,4032x3024,128.012925,37.334138888889,약목 중학교
f_f016699,2309170005,5,f01669901005p0006,f01669901005p0006.jpg,jpg,2023-09-17 16:52:40,/photo/,4032x3024,128.41786111111,35.5443,배 터지는 집
f_f015714,2309170005,5,f01571401004p0006,f01571401004p0006.jpg,jpg,2023-09-17 16:48:43,/photo/,4032x2268,128.01289444444,37.334280555556,배 터지는 집
f_f015714,2309170005,6,f01571401004p0007,f01571401004p0007.jpg,jpg,2023-09-17 16:50:32,/photo/,2268x4032,128.01323055556,37.334338888889,더 포레스트힐 아파트
f_f015714,2309170005,7,f01571401004p0008,f01571401004p0008.jpg,jpg,2023-09-17 16:52:06,/photo/,4032x2268,128.01336666667,37.334011111111,법환포구
f_f016739,2309170006,2,f01673901005p0003,f01673901005p0003.jpg,jpg,2023-09-17 14:37:56,/photo/,5664x4248,127.94027777778,35.655,공차 대전은행중앙로점
f_f015529,2309170006,5,f01552901005p0006,f01552901005p0006.jpg,jpg,2023-09-17 14:59:21,/photo/,4000x1800,128.9969035,35.292289199722,송정 3대 국밥
f_f016457,2309180002,2,f01645701002p0003,f01645701002p0003.jpg,jpg,2023-09-18 11:11:59,/photo/,2268x4032,127.871206,35.399165,쇠목재
f_f016457,2309180002,3,f01645701002p0004,f01645701002p0004.jpg,jpg,2023-09-18 11:27:21,/photo/,4032x2268,127.87073169972,35.398949,김치복 커피
f_f016457,2309180002,7,f01645701002p0008,f01645701002p0008.jpg,jpg,2023-09-18 12:26:10,/photo/,4032x2268,127.87059809972,35.3991436,집
f_f016457,2309180003,3,f01645701003p0004,f01645701003p0004.jpg,jpg,2023-09-18 15:24:10,/photo/,4032x2268,127.70153559972,35.2404938,죽녹원
f_f016457,2309180004,3,f01645701004p0004,f01645701004p0004.jpg,jpg,2023-09-18 17:29:51,/photo/,4032x2268,127.6864915,35.155120199722,소양강 스카이워크
f_f015703,2309230003,4,f01570301003p0005,f01570301003p0005.jpg,jpg,2023-09-23 14:41:59,/photo/,4032x3024,129.064748,35.486984972222,신화 테마파크
f_f015703,2309230003,5,f01570301003p0006,f01570301003p0006.jpg,jpg,2023-09-23 14:52:18,/photo/,4032x3024,129.064882,35.487521972222,집
f_f015703,2309230004,4,f01570301004p0005,f01570301004p0005.jpg,jpg,2023-09-23 16:45:14,/photo/,4032x3024,129.05393497222,35.431561972222,세화항
f_f015410,2309230004,4,f01541001004p0005,f01541001004p0005.jpg,jpg,2023-09-23 12:53:49,/photo/,4032x3024,129.08056666667,35.493977777778,세화항
f_f015703,2309230004,5,f01570301004p0006,f01570301004p0006.jpg,jpg,2023-09-23 16:41:05,/photo/,3024x4032,129.05393797222,35.431559972222,카이스트 본원
f_f015410,2309230004,11,f01541001004p0012,f01541001004p0012.jpg,jpg,2023-09-23 13:25:16,/photo/,4032x3024,129.06973333333,35.488358333333,마농 르블랑
f_f015703,2309230006,4,f01570301006p0005,f01570301006p0005.jpg,jpg,2023-09-23 17:57:09,/photo/,4160x3120,129.02353897222,35.307954972222,고서농협 로컬푸드 직매장
f_f014452,2309080003,13,f01445201003p0014,f01445201003p0014.jpg,jpg,2023-09-08 12:54:02,/photo/,4032x3024,127.69947777778,37.885397222222,
f_f010778,2308250010,14,f01077801009p0015,f01077801009p0015.jpg,jpg,2023-08-25 18:55:42,/photo/,4032x2268,127.93532469972,35.274825399722,
f_f014045,2309050011,14,f01404501011p0015,f01404501011p0015.jpg,jpg,2023-09-05 17:41:57,/photo/,4032x3024,128.58533239972,38.1915296,
f_f008380,2309110002,14,f00838002003p0015,f00838002003p0015.jpg,jpg,2023-09-11 11:20:27,/photo/,4032x3024,128.58311388889,38.231358333333,
f_f016094,2309130009,14,f01609401008p0015,f01609401008p0015.jpg,jpg,2023-09-13 14:47:43,/photo/,4032x2268,129.2560573,36.0011109,
f_f016094,2309130006,15,f01609401007p0017,f01609401007p0017.jpg,jpg,2023-09-13 14:12:52,/photo/,4032x2268,129.2519426,36.002220199722,
f_f015841,2309160006,15,f01584101006p0016,f01584101006p0016.jpg,jpg,2023-09-16 15:04:05,/photo/,4032x2268,127.712512,37.816419199722,
f_f010778,2308250010,16,f01077801009p0017,f01077801009p0017.jpg,jpg,2023-08-25 19:00:42,/photo/,4032x3024,127.9353069,35.273806299722,
f_f014045,2309050004,16,f01404501004p0017,f01404501004p0017.jpg,jpg,2023-09-05 09:18:29,/photo/,4032x3024,128.60715999972,38.185644099722,
f_f014045,2309050011,16,f01404501011p0017,f01404501011p0017.jpg,jpg,2023-09-05 17:45:03,/photo/,4032x3024,128.5853806,38.191358899722,
f_f016094,2309130006,16,f01609401007p0018,f01609401007p0018.jpg,jpg,2023-09-13 14:12:58,/photo/,4032x2268,129.2519426,36.002220199722,
f_f015975,2309150004,16,f01597501004p0017,f01597501004p0017.jpg,jpg,2023-09-15 15:00:38,/photo/,4032x3024,128.68103055556,35.234786111111,
f_f015410,2309230004,16,f01541001004p0017,f01541001004p0017.jpg,jpg,2023-09-23 15:25:51,/photo/,4032x3024,129.067275,35.488216666667,
f_f000782,2305200003,17,f00078201099p0018,f00078201099p0018.jpg,jpg,2023-05-21 10:38:24,/photo/,3456x4608,127.68120399972,37.6460352,
f_f001440,2305250004,17,f00144001004p0018,f00144001004p0018.jpg,jpg,2023-05-25 17:40:03,/photo/,4032x2268,129.01961019972,35.0611041,
f_f001440,2305260002,17,f00144002002p0018,f00144002002p0018.jpg,jpg,2023-05-26 10:00:40,/photo/,4032x2268,129.0085663,35.097697199722,
f_f010778,2308250010,17,f01077801009p0018,f01077801009p0018.jpg,jpg,2023-08-25 19:04:25,/photo/,4032x3024,127.93540799972,35.2737531,
f_f009530,2308290010,17,f00953001009p0018,f00953001009p0018.jpg,jpg,2023-08-29 15:00:36,/photo/,2268x4032,129.24252222222,35.812205555556,
f_f015954,2309110003,17,f01595401003p0018,f01595401003p0018.jpg,jpg,2023-09-11 13:45:31,/photo/,4000x3000,128.71646319972,35.546737899722,
f_f015410,2309230004,17,f01541001004p0018,f01541001004p0018.jpg,jpg,2023-09-23 15:35:18,/photo/,3024x4032,129.066025,35.487808333333,
f_f006357,2308160002,18,f00635701002p0019,f00635701002p0019.jpg,jpg,2023-08-16 15:26:47,/photo/,2992x2992,129.2061256,35.826443099722,
f_f010778,2308250010,18,f01077801009p0019,f01077801009p0019.jpg,jpg,2023-08-25 19:09:14,/photo/,4032x2268,127.9355575,35.273176399722,
f_f014045,2309050011,18,f01404501011p0019,f01404501011p0019.jpg,jpg,2023-09-05 18:00:33,/photo/,4032x3024,128.5828798,38.1945947,
f_f016094,2309130006,18,f01609401007p0020,f01609401007p0020.jpg,jpg,2023-09-13 14:19:00,/photo/,4032x2268,129.25241099972,36.002643399722,
f_f014045,2309050011,19,f01404501011p0020,f01404501011p0020.jpg,jpg,2023-09-05 17:59:49,/photo/,4032x3024,128.58253536389,38.194578363889,
f_f015410,2309230004,19,f01541001004p0020,f01541001004p0020.jpg,jpg,2023-09-23 15:47:39,/photo/,4032x3024,129.063675,35.487744444444,
f_f015410,2309230005,19,f01541001005p0020,f01541001005p0020.jpg,jpg,2023-09-23 18:16:13,/photo/,3024x4032,129.06521666667,35.487666666667,
