VISIT_AREA_ID,TRAVEL_ID,VISIT_ORDER,VISIT_AREA_NM,VISIT_START_YMD,VISIT_END_YMD,ROAD_NM_ADDR,LOTNO_ADDR,X_COORD,Y_COORD,ROAD_NM_CD,LOTNO_CD,POI_ID,POI_NM,RESIDENCE_TIME_MIN,VISIT_AREA_TYPE_CD,REVISIT_YN,VISIT_CHC_REASON_CD,LODGING_TYPE_CD,DGSTFN,REVISIT_INTENTION,RCMDTN_INTENTION,SGG_CD
2307260001,e_e005633,1,집,2023-07-26,2023-07-26,경상국립대학교 학생생활관,경남 진주시 가좌동 900,,,2332003,4817013100,,,,21,,,,,,,
2307260002,e_e005633,2,개양 고속버스정류장,2023-07-26,2023-07-26,경남 진주시 가좌길74번길 10-1,경남 진주시 가좌동 1398,128.1092155,35.1594358,,,POI01000000EBPSXZ,개양고속버스정류장,30,9,Y,6,,5,4,3,
2307260003,e_e005633,3,짱꼬집,2023-07-26,2023-07-26,서울 송파구 백제고분로7길 56,서울 송파구 잠실동 185-12,127.084965,37.5106723,,,POI02000TR004750V,짱꼬집,30,4,N,2,,4,5,5,
2307260004,e_e005633,4,도그존,2023-07-26,2023-07-26,서울 송파구 올림픽로12길 28,서울 송파구 잠실동 204-8,127.0832441,37.5091166,,,POI02000TR004751V,도그존,150,4,N,7,,4,3,4,
2307260005,e_e005633,5,잠실한강공원,2023-07-26,2023-07-26,,서울 송파구 잠실동 1-1,127.0823578,37.5177993,,,POI01000TR005858V,잠실한강공원,90,7,N,1,,5,4,5,
2307260006,e_e005633,6,호텔 6월,2023-07-26,2023-07-27,서울 강동구 올림픽로72길 19-4,서울 강동구 천호동 427-39,127.1252156,37.5396019,,,POI010000006KWO06,6월호텔,150,24,N,8,2,2,1,2,
2307270001,e_e005633,7,롯데월드,2023-07-27,2023-07-27,서울 송파구 올림픽로 240,서울 송파구 잠실동 40-1,127.0981198,37.5111306,,,POI01000TR002312V,롯데월드,420,6,Y,1,,4,4,3,
2307270002,e_e005633,9,호텔 6월,2023-07-27,2023-07-28,서울 강동구 올림픽로72길 19-4,서울 강동구 천호동 427-39,127.1252156,37.5396019,,,POI010000006KWO06,6월호텔,120,24,Y,8,2,1,1,2,
2307270003,e_e005633,8,이성원 셰프의 청년 감자탕 순댓국 방이동 본점,2023-07-27,2023-07-27,서울 송파구 오금로19길 5,서울 송파구 방이동 110-12,127.1133528,37.5102943,,,POI02000TR004752V,이성원쉐프의청년감자탕순대국 방이동 본점,60,11,N,2,,5,5,5,
2307280001,e_e005633,10,쉐이크쉑 잠실점,2023-07-28,2023-07-28,서울 송파구 올림픽로 269,서울 송파구 신천동 7-18,127.1006013,37.5144262,,,POI02000TR004753V,쉐이크쉑 잠실점,30,11,N,1,,4,3,3,
2307280002,e_e005633,11,롯데월드타워 롯데월드몰,2023-07-28,2023-07-28,서울 송파구 올림픽로 300,서울 송파구 신천동 29,127.1040795,37.5136519,,,POI01000TR025722V,디라이프 스타일키친 잠실 롯데월드몰점,30,9,N,8,,5,5,5,
2307280003,e_e005633,12,한성백제 박물관,2023-07-28,2023-07-28,서울 송파구 위례성대로 71,서울 송파구 방이동 88-20,127.120895,37.5154127,,,POI01000000BG0BB9,레드캡렌터카 제주지점,30,2,N,10,,4,3,4,
2307280004,e_e005633,14,경상 국립대학교 학생생활관,2023-07-28,2023-07-29,경남 진주시 진주대로 501,경남 진주시 가좌동 산 182-1,128.1000082,35.157692,,,POI02000TR004754V,경상국립대학교 학생생활관,90,21,,,,,,,
2307280005,e_e005633,13,송다찌동,2023-07-28,2023-07-28,대구 동구 동대구로 550,대구 동구 신암동 294,128.628777,35.8794377,,,POI01000000ES89J2,송다찌동,30,11,N,9,,3,3,3,
2304290001,f_f000011,1,집,2023-04-29,2023-04-29,경기 용인시 기흥구 강남서로98번길 3-8,경기 용인시 기흥구 구갈동 545-3,,,4412024,4146310200,,,,21,,,,,,,
2304290002,f_f000011,5,오산리 선사유적박물관 주차장,2023-04-29,2023-04-30,강원 양양군 손양면 학포길 33,강원 양양군 손양면 오산리 51,128.6602672,38.086312,,,POI02001TR021671V,오산리 선사유적박물관주차장,150,24,N,9,12,3,3,3,
2304290003,f_f000011,4,장터 순댓국 본점,2023-04-29,2023-04-29,강원 속초시 중앙로129번길 35-16,강원 속초시 금호동 492-17,128.5891508,38.2044819,,,POI01000TR034622V,본점장터순대국,30,11,Y,4,,5,5,5,
2304290004,f_f000011,3,진짜 감자전,2023-04-29,2023-04-29,중앙로 147번길 16 속초중앙시장 내 길거리 감자전,,128.5901784,38.2045407,,,POI02001TR027263V,진짜 감자전,30,11,N,9,,4,2,2,4221010300
2304290005,f_f000011,2,가치 김밥,2023-04-29,2023-04-29,경기 용인시 기흥구 갈곡로13번길 7,경기 용인시 기흥구 구갈동 583,127.1287047,37.2725502,,,POI01000000DZO1YV,가치김밥,0,11,Y,4,,5,5,5,
2304300001,f_f000011,6,투썸플레이스 양양 정암해변점,2023-04-30,2023-04-30,강원 양양군 강현면 동해대로 3343,강원 양양군 강현면 정암리 156-3,128.6168024,38.1368204,,,POI02001TR030377V,투썸플레이스 양양정암해변점,60,11,N,5,,5,5,5,
2304300002,f_f000011,7,설악해변,2023-04-30,2023-04-30,강원 양양군 강현면 뒷나루2길 5-8,강원 양양군 강현면 전진리 66-6,128.6233025,38.1299817,,,POI01000TR032701V,설악해변,120,1,N,9,,5,5,3,
2304300003,f_f000011,8,서프 독,2023-04-30,2023-04-30,강원 양양군 현남면 인구중앙길 79,강원 양양군 현남면 시변리 38-9,128.7595906,37.9713719,,,POI010000006BCCKL,서프독,30,11,N,2,,5,2,4,
2304300004,f_f000011,9,서피 비치,2023-04-30,2023-04-30,강원 양양군 현북면 하조대해안길 119,강원 양양군 현북면 중광정리 508,128.7172823,38.0278344,,,POI01000TR039883V,서피비치,30,1,N,1,,5,5,5,
2304300005,f_f000011,14,에이트 호텔,2023-04-30,2023-05-01,강원 양양군 강현면 동해대로 3403,강원 양양군 강현면 정암리 18-15,128.6130577,38.1413129,,,POI01000000DCG3X1,에이트,120,24,N,2,3,5,5,3,
2304300006,f_f000011,10,에이트 호텔,2023-04-30,2023-04-30,강원 양양군 강현면 동해대로 3403,강원 양양군 강현면 정암리 18-15,128.6130577,38.1413129,,,POI01000000DCG3X1,에이트,60,24,N,2,3,5,5,3,
2304300007,f_f000011,11,해마루 회 포장,2023-04-30,2023-04-30,강원 속초시 선사로1길 19,강원 속초시 조양동 1520-7,128.5904034,38.1873386,,,POI01000000CMQP1A,해마루회포장,0,11,N,2,,5,5,5,
2304300008,f_f000011,12,에이트 호텔,2023-04-30,2023-04-30,강원 양양군 강현면 동해대로 3403,강원 양양군 강현면 정암리 18-15,128.6130577,38.1413129,,,POI01000000DCG3X1,에이트,180,24,N,2,3,5,5,3,
2304300009,f_f000011,13,인생역전,2023-04-30,2023-04-30,강원 속초시 중앙시장로6길 32,강원 속초시 중앙동 473-14,128.5898614,38.2041912,,,POI01000TR035964V,인생역전,30,11,N,9,,5,3,3,
2305010001,f_f000011,20,집,2023-05-01,2023-05-02,경기 용인시 기흥구 강남서로98번길 3-8,경기 용인시 기흥구 구갈동 545-3,,,4412024,4146310200,,,300,21,,,,,,,
2305010002,f_f000011,15,인구해변,2023-05-01,2023-05-01,강원 양양군 현남면 인구항길 12,강원 양양군 현남면 인구리 630-2,128.7625133,37.9691067,,,POI01000TR011877V,인구해변,60,1,N,1,,5,5,5,
2305010003,f_f000011,16,닌 베,2023-05-01,2023-05-01,강원 양양군 현남면 인구항길 6,강원 양양군 현남면 인구리 630-7,128.7614986,37.9700696,,,POI01000000D1I4WS,닌베,30,11,N,2,,5,5,5,
2305010004,f_f000011,17,죽도해변,2023-05-01,2023-05-01,,강원 양양군 현남면 시변리,128.7607068,37.9729371,,,POI01000TR033965V,죽도해변,30,1,N,1,,5,5,5,
2305010005,f_f000011,18,서프 독,2023-05-01,2023-05-01,강원 양양군 현남면 인구중앙길 79,강원 양양군 현남면 시변리 38-9,128.7595906,37.9713719,,,POI010000006BCCKL,서프독,30,11,Y,4,,4,2,2,
2305010006,f_f000011,19,문막휴게소 주유소 인천방향,2023-05-01,2023-05-01,강원 원주시 문막읍 개나루길 13,강원 원주시 문막읍 포진리 926-1,127.817354,37.2970534,,,POI01000TR026298V,문막휴게소주유소 인천방향,30,9,N,9,,3,3,1,
2304280001,f_f000013,1,집,2023-04-28,2023-04-28,,,,,,,,,,21,,,,,,,4122012800
2304280002,f_f000013,2,처가댁,2023-04-28,2023-04-29,면온리 484,,,,,,,,60,22,,,,,,,4276034000
2304290001,f_f000013,3,CU 면온 IC 점,2023-04-29,2023-04-29,강원 평창군 봉평면 태기로 561,강원 평창군 봉평면 면온리 485-3,128.3577815,37.5640001,,,POI01000000C1NYZT,CU 면온IC점,30,10,Y,6,,5,5,5,
2304290002,f_f000013,4,평창휴게소 강릉방향,2023-04-29,2023-04-29,강원 평창군 용평면 경강로 2159-58,강원 평창군 용평면 이목정리 775,128.4529472,37.605367,,,POI01000TR015511V,평창휴게소 강릉방향,30,9,N,6,,5,5,5,
2304290003,f_f000013,7,도째비골스카이밸리,2023-04-29,2023-04-29,,강원 동해시 묵호진동 2-109,129.1191309,37.5552546,,,POI01000TR036734V,도째비골스카이밸리,30,1,N,1,,5,5,5,
2304290004,f_f000013,5,도째비골해랑전망대,2023-04-29,2023-04-29,,강원 동해시 묵호진동 13-61,129.1201741,37.5536576,,,POI01000TR014837V,도째비골해랑전망대,30,1,N,1,,5,4,5,
2304290005,f_f000013,6,청풍 횟집,2023-04-29,2023-04-29,강원 동해시 일출로 187,강원 동해시 묵호진동 2-442,129.120108,37.5589089,,,POI01000000BRVW4T,청풍횟집입구,30,11,N,2,,5,5,5,
2304290006,f_f000013,8,투썸플레이스 동해 어달 해 변점,2023-04-29,2023-04-29,강원 동해시 일출로 297,강원 동해시 어달동 141-14,129.1179178,37.5678377,,,POI01000TR015401V,투썸플레이스 동해어달해변점,60,11,N,1,,5,5,5,
2304290007,f_f000013,9,망상 해변,2023-04-29,2023-04-29,강원 동해시 동해대로 6270-10,강원 동해시 망상동 393-100,129.0904735,37.5933739,,,POI01000TR017039V,망상해변,30,1,N,9,,4,5,4,
2304290008,f_f000013,10,뚜레쥬르 진부 중앙점,2023-04-29,2023-04-29,강원 평창군 진부면 경강로 3615-1,강원 평창군 진부면 하진부리 98-1,128.5596718,37.6374721,,,POI02001TR008563V,뚜레쥬르 진부중앙점,30,10,N,9,,3,3,3,
2304290009,f_f000013,11,처가댁,2023-04-29,2023-04-30,면온리,,,,,,,,450,22,,,,,,,4276034000
2304300001,f_f000013,12,문막휴게소 주유소 인천방향,2023-04-30,2023-04-30,강원 원주시 문막읍 개나루길 13,강원 원주시 문막읍 포진리 926-1,127.817354,37.2970534,,,POI01000TR026298V,문막휴게소주유소 인천방향,30,9,N,9,,5,5,5,
2304300002,f_f000013,13,아미르,2023-04-30,2023-04-30,경기 용인시 처인구 원삼면 원양로 426,경기 용인시 처인구 원삼면 사암리 34-30,127.3100904,37.192397,,,POI01000TR040821V,라미르,60,11,Y,4,,5,5,5,
2304300003,f_f000013,14,집,2023-04-30,2023-05-01,,,,,,,,,630,21,,,,,,,4122012800
2304280001,f_f000027,1,집,2023-04-28,2023-04-28,동서로19길 56-9,,,,,,,,,21,,,,,,,4514012100
2304280002,f_f000027,2,마창대교,2023-04-28,2023-04-28,,경남 창원시 성산구 귀곡동,128.5943606,35.1631209,,,POI01000TR030038V,마창대교,30,7,N,5,,5,5,5,
2304280003,f_f000027,3,스타벅스 창원 마창대교점,2023-04-28,2023-04-28,경남 창원시 성산구 삼귀로 159,경남 창원시 성산구 귀곡동 717,128.5972457,35.170574,,,POI02001TR018199V,스타벅스 창원마창대교점,30,11,N,9,,4,4,4,
2304280004,f_f000027,4,마찰이 짬뽕 창원점,2023-04-28,2023-04-28,경남 창원시 의창구 의창대로266번길 5,경남 창원시 의창구 중동 754-3,128.6273935,35.2605587,,,POI02001TR009869V,마차이짬뽕 창원점,60,11,N,5,,4,3,3,
2304280005,f_f000027,5,지인 집,2023-04-28,2023-04-28,,,,,,,POI01000TR040630V,우도,120,1,N,11,,5,5,4,
2304280006,f_f000027,6,광안리해수욕장,2023-04-28,2023-04-28,부산 수영구 광안해변로 219,부산 수영구 광안동 192-20,129.1189761,35.1531933,,,POI01000TR030726V,광안리해수욕장,30,1,Y,1,,5,5,5,
2304280007,f_f000027,7,남천 가야 밀면,2023-04-28,2023-04-28,부산 수영구 남천동로 106,부산 수영구 남천동 6-11,129.1119204,35.1456171,,,POI01000000844PJK,남천가야밀면,30,11,N,2,,5,5,5,
2304280008,f_f000027,8,광안리해수욕장,2023-04-28,2023-04-28,부산 수영구 광안해변로 219,부산 수영구 광안동 192-20,129.1189761,35.1531933,,,POI01000TR030726V,광안리해수욕장,90,1,Y,1,,5,5,5,
2304280009,f_f000027,9,뮤직엔 비어 게스트하우스,2023-04-28,2023-04-29,경남 양산시 동면 금오11길 34-7,경남 양산시 동면 석산리 1459-11,129.0213812,35.3156175,,,POI02001TR011340V,뮤직앤비어 게스트하우스,210,24,N,7,7,5,5,5,
2304290001,f_f000027,10,양산 돼지국밥,2023-04-29,2023-04-29,경남 양산시 서일동로 17,경남 양산시 중부동 603-9,129.0363516,35.3399999,,,POI010000006T86NW,양산돼지국밥,30,11,N,2,,5,5,5,
2304290002,f_f000027,11,국립 해양 박물관,2023-04-29,2023-04-29,부산 영도구 해양로301번길 45,부산 영도구 동삼동 1156,129.0802872,35.0785177,,,POI01000000E60B1S,국립해양박물관,60,2,N,2,,4,3,5,
2304290003,f_f000027,12,동방 밀면,2023-04-29,2023-04-29,부산 영도구 꿈나무길 239,부산 영도구 영선동2가 222-1,129.0434392,35.0866837,,,POI01000000856P59,동방밀면,60,11,N,2,,5,5,5,
2304290004,f_f000027,13,카페만 디,2023-04-29,2023-04-29,부산 사하구 오작로 104-7,부산 사하구 괴정동 377-70,129.0047521,35.1003428,,,POI01000TR015506V,카페만디,120,11,N,2,,5,5,5,
2304290005,f_f000027,14,방가방가게스트하우스,2023-04-29,2023-04-29,부산 사하구 감내1로 218,부산 사하구 감천동 10-45,129.0095323,35.0971843,,,POI0100000076EM1A,방가방가게스트하우스,240,24,N,8,7,5,5,5,
2304290006,f_f000027,15,감천문화마을,2023-04-29,2023-04-29,부산 사하구 감내1로 200,부산 사하구 감천동 10-13,129.0094283,35.0963001,,,POI01000000BBU3O3,감천문화마을,60,7,N,1,,5,5,5,
2304290007,f_f000027,16,방가방가게스트하우스,2023-04-29,2023-04-30,부산 사하구 감내1로 218,부산 사하구 감천동 10-45,129.0095323,35.0971843,,,POI0100000076EM1A,방가방가게스트하우스,60,24,N,8,7,5,5,5,
2304300001,f_f000027,17,감천문화마을,2023-04-30,2023-04-30,부산 사하구 감내1로 200,부산 사하구 감천동 10-13,129.0094283,35.0963001,,,POI01000000BBU3O3,감천문화마을,60,7,Y,1,,5,5,5,
2304300002,f_f000027,18,신세계백화점 센텀시티점,2023-04-30,2023-04-30,부산 해운대구 센텀남대로 35,부산 해운대구 우동 1495,129.1290717,35.1686439,,,POI01000TR000416V,신세계백화점 센텀시티점,30,4,N,1,,4,4,4,
2304300003,f_f000027,19,딤딤섬 신세계백화점 센텀시티점,2023-04-30,2023-04-30,부산 해운대구 센텀남대로 35,부산 해운대구 우동 1495,129.1290576,35.1686892,,,POI010000006T9OYQ,CGV 센텀시티점,60,11,N,2,,4,3,5,
2304300004,f_f000027,20,고래가 어묵 본점,2023-04-30,2023-04-30,부산 부산진구 중앙대로769번길 17,부산 부산진구 부전동 272-37,129.0606171,35.1612221,,,POI01000TR014632V,고래사어묵 부산본점,30,10,N,1,,3,3,3,
2304300005,f_f000027,21,김해 낙동강 레일파크 와인동굴,2023-04-30,2023-04-30,경남 김해시 생림면 마사로473번길 41,경남 김해시 생림면 마사리 654-4,128.8208367,35.3717762,,,POI02001TR004924V,김해낙동강레일파크 와인동굴,30,13,N,1,,4,2,3,
2304300006,f_f000027,22,옥이네 뒷고기,2023-04-30,2023-04-30,경남 김해시 금관대로1204번길 24,경남 김해시 외동 1222-8,128.8562278,35.2329353,,,POI010000008YOMFR,옥이네뒷고기,60,11,N,2,,5,4,5,
2304300007,f_f000027,23,산운브루잉하우스,2023-04-30,2023-04-30,경남 김해시 전하로176번길 93-1,경남 김해시 전하동 43-12,128.8745409,35.2249235,,,POI02001TR014238V,산운브루잉하우스,30,11,N,2,,5,5,5,
2304300008,f_f000027,24,집,2023-04-30,2023-05-01,동서로19길 56-9,,,,,,,,60,21,,,,,,,4514012100
2304280001,f_f000040,2,속초관광수산시장,2023-04-28,2023-04-28,강원 속초시 중앙로147번길 16,강원 속초시 중앙동 471-4,128.5901795,38.2045436,,,POI01000TR005661V,속초관광수산시장,60,4,N,5,,5,5,5,
2304280002,f_f000040,3,포크니 테이블,2023-04-28,2023-04-28,강원 속초시 장성천길 149,강원 속초시 장사동 67,128.5475852,38.2150625,,,POI02001TR031070V,포크닉테이블,150,13,N,2,,5,5,5,
2304280007,f_f000040,1,사무실,2023-04-28,2023-04-28,노해로 459,,,,,,,,,23,,,,,,,1135010500
2304280008,f_f000040,4,한화리조트 설악 쏘라노,2023-04-28,2023-04-29,강원 속초시 미시령로2983번길 111,강원 속초시 장사동 24-1,128.5286096,38.2106242,,,POI010000006BI2DA,GS25 한화리조트설악점,60,24,N,7,4,5,5,5,
2304290001,f_f000040,5,강릉 짬뽕 순두부 동화 가든,2023-04-29,2023-04-29,청초호반로 174,강원도 속초시 교동 1021-8대,128.5799165,38.1952121,,,POI01000000ASHMYZ,강릉짬뽕순두부동화가든,60,11,N,2,,5,5,5,4221010600
2304290002,f_f000040,6,칠성 조선소,2023-04-29,2023-04-29,강원 속초시 중앙로46번길 45,강원 속초시 교동 664-110,128.5834761,38.1985393,,,POI010000006BH1HC,칠성조선소,60,4,N,2,,5,4,4,
2304290003,f_f000040,7,속초해수욕장,2023-04-29,2023-04-29,강원 속초시 해오름로 186,강원 속초시 조양동 1464-7,128.6040985,38.1900529,,,POI01000TR017253V,속초해수욕장,60,1,Y,1,,5,5,5,
2304290004,f_f000040,8,도봉 한신아파트,2023-04-29,2023-04-30,서울 도봉구 마들로 859-19,서울 도봉구 도봉동 30-1,127.0475484,37.6866928,,,POI01000000C1OVG8,도봉한신아파트,420,21,,,,,,,
2305190001,f_f000267,1,집,2023-05-19,2023-05-19,서울시 송파구 도곡로 62길 11-7 한양빌,,,,,,,,,21,,,,,,,1171010100
2305190002,f_f000267,2,서울역,2023-05-19,2023-05-19,서울 용산구 한강대로 405,서울 용산구 동자동 43-205,126.9706069,37.5546788,,,POI01000TR030428V,도원스타일 서울역점,30,9,Y,6,,4,4,4,
2305190003,f_f000267,3,진부(오대산) 역,2023-05-19,2023-05-19,강원 평창군 진부면 송정길 120,강원 평창군 진부면 송정리 1370-3,128.5743773,37.6427731,,,POI01000TR027314V,진부(오대산)역,30,9,N,6,,4,4,4,
2305190004,f_f000267,5,회동 집,2023-05-19,2023-05-19,강원 정선군 정선읍 5일장길 37-10,강원 정선군 정선읍 봉양리 344-3,128.6646463,37.3809342,,,POI01000000CMS7XQ,회동집,30,11,N,1,,5,5,5,
2305190005,f_f000267,6,카페 온스,2023-05-19,2023-05-19,강원 정선군 정선읍 정선로 1370,강원 정선군 정선읍 봉양리 359-9,128.666183,37.3798206,,,POI01000000CW4FQD,카페온스,30,11,N,9,,4,5,5,
2305190006,f_f000267,4,동강,2023-05-19,2023-05-19,,강원 정선군 정선읍 가수리,128.6294824,37.3029024,,,POI01000TR032164V,동강,60,1,N,1,,4,4,4,
2305190008,f_f000267,7,파크 로쉬리조트 앤 웰니스,2023-05-19,2023-05-20,강원 정선군 북평면 중봉길 9-12,강원 정선군 북평면 숙암리 482,128.6111324,37.4747409,,,POI01000TR015502V,파크로쉬리조트앤웰니스,480,24,N,2,4,5,5,5,
2305200001,f_f000267,8,정선 가리왕산 케이블카 숙암역,2023-05-20,2023-05-20,강원 정선군 북평면 중봉길 41-35,강원 정선군 북평면 숙암리 산 400,128.6098193,37.4741282,,,POI02001TR025551V,정선가리왕산케이블카 숙암역,150,1,N,6,,5,4,4,
2305200002,f_f000267,9,와우 대관령 한우,2023-05-20,2023-05-20,강원 평창군 진부면 까치골길 7,강원 평창군 진부면 상진부리 630-8,128.5634509,37.646868,,,POI0100000075TSB4,대관령한우타운진부점,30,11,N,6,,3,3,3,
2305200003,f_f000267,10,평창 관광센터 스페이스 창공,2023-05-20,2023-05-20,강원 평창군 진부면 송정길 110,강원 평창군 진부면 송정리 산 170-4,128.5740004,37.6423061,,,POI01000TR015161V,평창관광센터 스페이스창공,60,12,N,7,,5,5,5,
2305200004,f_f000267,11,청량리역,2023-05-20,2023-05-21,서울 동대문구 왕산로 214,서울 동대문구 전농동 591-53,127.0485044,37.5807329,,,POI01000TR012315V,청량리역,330,21,,,,,,,1171010100
2305190001,f_f000291,1,집,2023-05-19,2023-05-19,김해대로1870,,,,,,,,,21,,,,,,,4825010700
2305190002,f_f000291,5,집,2023-05-19,2023-05-20,김해대로1870,,,,,,,,270,21,,,,,,,4825010700
2305190003,f_f000291,2,부산역,2023-05-19,2023-05-19,부산 동구 중앙대로 206,부산 동구 초량동 1187-1,129.0414192,35.1151092,,,POI01000TR040141V,부산역,30,9,Y,6,,4,4,4,
2305190004,f_f000291,3,동백 섬,2023-05-19,2023-05-19,,부산 해운대구 우동 708-3,129.15229,35.1539431,,,POI01000TR033041V,동백섬,90,7,Y,1,,5,5,5,
2305190005,f_f000291,4,부산 시립미술관,2023-05-19,2023-05-19,부산 해운대구 APEC로 58,부산 해운대구 우동 1413,129.1370368,35.1667103,,,POI01000000E1BBNK,부산시립미술관,60,3,N,10,,5,5,5,
2305200001,f_f000338,1,집,2023-05-20,2023-05-20,관저북로 14 원앙마을 4단지,,,,,,,,,21,,,,,,,3017011600
2305200002,f_f000338,7,상주장호스텔,2023-05-20,2023-05-21,경남 남해군 상주면 남해대로697번길 22-1,경남 남해군 상주면 상주리 1318,127.9864479,34.7220975,,,POI02001TR014637V,상주장호스텔,330,24,Y,4,7,5,5,5,
2305200003,f_f000338,2,산청휴게소 통영방향,2023-05-20,2023-05-20,경남 산청군 단성면 통영대전고속도로 77,경남 산청군 단성면 방목리 산 68-12,127.9370245,35.3335046,,,POI01000TR007756V,산청휴게소 통영방향,60,9,N,9,,5,5,5,
2305200004,f_f000338,3,남해가,2023-05-20,2023-05-20,경남 남해군 설천면 남해대로 4216,경남 남해군 설천면 노량리 443-18,127.872408,34.940712,,,POI01000000BW8BL7,남해각,30,3,N,2,,5,5,5,
2305200005,f_f000338,4,남해양모라이 학교,2023-05-20,2023-05-20,경남 남해군 설천면 설천로775번길 256-17,경남 남해군 설천면 문의리 산 181-2,127.8979629,34.9323109,,,POI01000000B786IA,남해상상양떼목장편백숲,60,13,N,2,,5,5,5,
2305200006,f_f000338,5,브레드 멜,2023-05-20,2023-05-20,경남 남해군 남면 남서대로 788,경남 남해군 남면 당항리 1493-3,127.8857508,34.7715415,,,POI01000TR019815V,브레드멜,30,11,N,2,,5,5,5,
2305200007,f_f000338,6,상주 은모래비치,2023-05-20,2023-05-20,경남 남해군 상주면 상주로 10-3,경남 남해군 상주면 상주리 1136-1,127.9887668,34.7206365,,,POI01000TR016729V,상주은모래비치,30,1,Y,4,,5,5,5,
2305210001,f_f000338,12,집,2023-05-21,2023-05-22,관저북로 14 원앙마을 4단지,,,,,,,,510,21,,,,,,,3017011600
2305210002,f_f000338,8,상주 은모래비치,2023-05-21,2023-05-21,경남 남해군 상주면 상주로 10-3,경남 남해군 상주면 상주리 1136-1,127.9887668,34.7206365,,,POI01000TR016729V,상주은모래비치,30,1,Y,4,,5,5,5,
2305210003,f_f000338,9,채 두 식당,2023-05-21,2023-05-21,경남 남해군 상주면 남해대로 918-6,경남 남해군 상주면 상주리 2064-40,127.9847657,34.7394987,,,POI01000TR029771V,재두식당,30,11,N,2,,5,5,5,
2305210004,f_f000338,10,솟대 하우스,2023-05-21,2023-05-21,경남 남해군 상주면 남해대로1299번길 35-20,경남 남해군 상주면 양아리 1853-2,127.9497169,34.7425443,,,POI010000006YF0R6,솟대하우스,30,11,N,9,,5,5,5,
2305210005,f_f000338,11,사천휴게소 부산방향,2023-05-21,2023-05-21,경남 사천시 곤양면 서삼로 619,경남 사천시 곤양면 묵곡리 170,128.0108197,35.0732583,,,POI01000000B7RIPC,사천휴게소 부산방향,30,9,N,9,,5,5,5,
2305190001,f_f000382,1,집,2023-05-19,2023-05-19,율하시티프라디움,,,,,,,,,21,,,,,,,2714011900
2305190002,f_f000382,2,베스트루이스해밀턴호텔 오션 테라스,2023-05-19,2023-05-19,부산 기장군 기장읍 연화1길 27,,129.2223379,35.213817,,,POI02001TR012355V,베스트루이스 해밀턴호텔,30,7,N,8,,4,3,3,2671025029
2305190003,f_f000382,3,안초비 블루스,2023-05-19,2023-05-19,부산 기장군 기장읍 두호1길 2-7,부산 기장군 기장읍 죽성리 202-1,129.2476365,35.2406776,,,POI02001TR020597V,엔쵸비블루스,90,4,N,2,,4,3,3,
2305190004,f_f000382,4,이케아 동부산점,2023-05-19,2023-05-19,부산 기장군 기장읍 동부산관광3로 17,부산 기장군 기장읍 당사리 532,129.2104793,35.1907965,,,POI01000TR014886V,이케아 동부산점,60,4,Y,4,,5,5,5,
2305190006,f_f000382,5,베스트루이스해밀턴호텔 오션 테라스,2023-05-19,2023-05-20,부산 기장군 기장읍 연화1길 27,부산 기장군 기장읍 연화리 376-4,129.2223342,35.2138249,,,POI010000006TE6M1,베스트루이스해밀턴호텔 오션테라스,300,24,N,5,1,5,5,5,2714011900
2305200001,f_f000382,6,집,2023-05-20,2023-05-21,율하시티프라디움,,,,,,,,840,21,,,,,,,2714011900
2305190001,f_f000384,1,집,2023-05-19,2023-05-19,대하로 150 우미린아파트,,,,,,,,,21,,,,,,,4375025325
2305190002,f_f000384,2,신다리,2023-05-19,2023-05-19,강원 삼척시 진주로 30-49,강원 삼척시 남양동 33-19,129.1653629,37.4435222,,,POI010000007G2I8B,신다리입구,30,11,N,2,,5,5,5,
2305190003,f_f000384,3,삼척 중앙시장,2023-05-19,2023-05-19,강원 삼척시 진주로 12-21,강원 삼척시 남양동 55-4,129.165194,37.4420948,,,POI010000008LH0CI,삼척중앙시장,60,4,N,2,,4,3,3,
2305190004,f_f000384,4,추암 촛대바위,2023-05-19,2023-05-19,,강원 동해시 추암동 산 69,129.1598675,37.4792242,,,POI01000TR027331V,추암촛대바위,30,1,N,1,,5,5,5,
2305190010,f_f000384,5,어썸 비치,2023-05-19,2023-05-20,강원 삼척시 근덕면 초곡길 380,,129.2875754,37.3095444,,,POI02001TR020310V,어썸비치,540,24,N,5,5,5,4,4,4375025325
2305200001,f_f000384,6,삼척 해상 케이블카 용화역,2023-05-20,2023-05-20,강원 삼척시 근덕면 삼척로 2154-31,강원 삼척시 근덕면 용화리 6,129.3082554,37.2891165,,,POI01000TR042146V,삼척해상케이블카 용화역,90,13,N,2,,3,3,3,
2305200002,f_f000384,7,삼척 장호어촌체험마을,2023-05-20,2023-05-20,강원 삼척시 근덕면 장호항길 111,강원 삼척시 근덕면 장호리 3-1,129.3176147,37.2881263,,,POI010000006DKPNB,삼척장호어촌체험마을,60,5,N,2,,5,4,4,
2305200003,f_f000384,8,삼척 장미축제,2023-05-20,2023-05-20,,강원 삼척시 정상동 231,129.1774155,37.4332581,,,POI01000000B57JXZ,장미공원,30,8,N,3,,3,2,2,
2305200004,f_f000384,9,카페 얼,2023-05-20,2023-05-20,강원 삼척시 테마타운길 59,강원 삼척시 갈천동 14,129.1687584,37.4677106,,,POI010000008MEV21,카페 얼,60,4,N,2,,4,4,4,
2305200005,f_f000384,10,집,2023-05-20,2023-05-21,대하로 150 우미린아파트,,,,,,,,270,21,,,,,,,4375025325
2305190001,f_f000429,1,집,2023-05-19,2023-05-19,서울 강남구 개포로109길 9,서울 강남구 개포동 12,,,4166040,1168010300,,,,21,,,,,,,1168010300
2305190002,f_f000429,2,수서역 3호선,2023-05-19,2023-05-19,서울 강남구 광평로 지하 270,서울 강남구 수서동 728,127.1024105,37.4875602,,,POI01000TR002172V,수서역 3호선,30,9,Y,6,,5,5,5,
2305190003,f_f000429,3,부산역,2023-05-19,2023-05-19,부산 동구 중앙대로 206,부산 동구 초량동 1187-1,129.0414192,35.1151092,,,POI01000TR040141V,부산역,0,9,Y,6,,5,5,5,
2305190004,f_f000429,4,남포역 부산 1호선,2023-05-19,2023-05-19,부산 중구 구덕로 지하 12,부산 중구 남포동1가 11,129.0347356,35.0979055,,,POI01000TR040986V,남포역 부산1호선,0,9,Y,6,,5,5,4,
2305190005,f_f000429,5,이재모 피자,2023-05-19,2023-05-19,부산 중구 광복중앙로 31,부산 중구 신창동1가 2-1,129.0307472,35.1020422,,,POI01000TR017088V,이재모피자,30,4,N,2,,3,2,3,
2305190006,f_f000429,6,용두산공원,2023-05-19,2023-05-19,부산 중구 용두산길 37-55,부산 중구 광복동2가 1-2,129.0324434,35.1009305,,,POI01000000BBTVPV,용두산공원,30,1,Y,1,,4,4,4,
2305190007,f_f000429,8,호텔 아쿠아펠리스,2023-05-19,2023-05-19,부산 수영구 광안해변로 225,부산 수영구 광안동 192-5,129.118806,35.1540794,,,POI010000006TOQNW,호텔아쿠아펠리스,60,24,N,11,1,4,4,3,
2305190008,f_f000429,7,브롱스브루잉컴퍼니 광안리 BP 점,2023-05-19,2023-05-19,부산 수영구 광안해변로 217,부산 수영구 광안동 193-1,129.1179804,35.1534261,,,POI02001TR013582V,브롱스브루잉컴퍼니 광안리BP점,60,10,N,9,,4,3,3,
2305190009,f_f000429,9,호텔 아쿠아펠리스,2023-05-19,2023-05-20,부산 수영구 광안해변로 225,부산 수영구 광안동 192-5,129.118806,35.1540794,,,POI010000006TOQNW,호텔아쿠아펠리스,180,24,N,11,1,4,3,4,
2305200001,f_f000429,10,해운대 블루라인파크 미포 정거장,2023-05-20,2023-05-20,부산 해운대구 달맞이길62번길 13,부산 해운대구 중동 1019-2,129.1728147,35.1581526,,,POI01000000DY8RJP,해운대블루라인파크 미포정거장,0,6,N,2,,4,3,4,
2305200002,f_f000429,11,스타벅스 그랜드 조선 부산점,2023-05-20,2023-05-20,부산 해운대구 해운대해변로 292,부산 해운대구 중동 1405-16,129.1631362,35.1600407,,,POI01000TR039087V,스타벅스 그랜드조선 부산점,30,11,Y,4,,4,4,4,
2305200003,f_f000429,12,해운대 모래축제,2023-05-20,2023-05-20,부산 해운대구 해운대해변로 264,부산 해운대구 우동 620-3,129.159932,35.1587922,,,POI01000000E2LGER,2021년제16회해운대모래축제,30,8,N,2,,4,3,3,
2305200004,f_f000429,13,자갈치 횟집,2023-05-20,2023-05-20,부산 수영구 수영로702번길 28,부산 수영구 광안동 75-2,129.1171078,35.1665819,,,POI01000000DZUE6M,자갈치횟집,30,11,Y,4,,4,4,3,
2305200005,f_f000429,14,흰 여울 문화마을,2023-05-20,2023-05-20,,부산 영도구 영선동4가 1044-6,129.0452814,35.0779148,,,POI01000TR016934V,흰여울문화마을,30,1,N,1,,4,3,3,
2305200006,f_f000429,15,스타벅스 다대포 비치점,2023-05-20,2023-05-20,부산 사하구 다대로 714,부산 사하구 다대동 1548-42,128.9635706,35.04913,,,POI02001TR018041V,스타벅스 다대포비치점,30,11,N,9,,4,3,3,
2305200007,f_f000429,16,다대포 해변공원,2023-05-20,2023-05-20,,부산 사하구 다대동 1674,128.9666251,35.0460813,,,POI01000TR042171V,다대포해변공원,60,7,N,5,,4,3,3,
2305200008,f_f000429,17,광안리 남촌,2023-05-20,2023-05-20,부산 수영구 광안해변로255번길 14-3,부산 수영구 민락동 175-14,129.1217643,35.1558587,,,POI02001TR003022V,광안리 남촌,30,8,N,2,,4,4,4,
2305200009,f_f000429,18,호텔 아쿠아펠리스,2023-05-20,2023-05-21,부산 수영구 광안해변로 225,부산 수영구 광안동 192-5,129.118806,35.1540794,,,POI010000006TOQNW,호텔아쿠아펠리스,810,24,Y,7,1,4,3,3,
2305210001,f_f000429,19,스타벅스 광안리점,2023-05-21,2023-05-21,부산 수영구 광안해변로 247,부산 수영구 민락동 178-19,129.1208455,35.1550422,,,POI010000006TOQMV,스타벅스 광안리점,150,11,N,9,,4,3,3,
2305210002,f_f000429,20,부산 수영 요트계류장,2023-05-21,2023-05-21,,부산 해운대구 우동 1394,129.1413924,35.1591359,,,POI01000000BBU20E,부산광역시체육시설관리사무소요트경기장,30,5,N,2,,4,4,4,
2305210003,f_f000429,21,수영만 요트경기장,2023-05-21,2023-05-21,부산 해운대구 해운대해변로 84,부산 해운대구 우동 1393,129.1412726,35.1602617,,,POI01000TR042000V,수영만요트경기장,60,5,N,2,,5,4,4,
2305210004,f_f000429,22,본죽 비빔밥 cafe 해운대 마린시티점,2023-05-21,2023-05-21,부산 해운대구 마린시티2로 47,부산 해운대구 우동 1410,129.143892,35.1557078,,,POI02001TR012797V,본죽&비빔밥cafe 해운대마린시티점,30,11,N,9,,4,3,3,
2305210005,f_f000429,23,호텔 아쿠아펠리스,2023-05-21,2023-05-21,부산 수영구 광안해변로 225,부산 수영구 광안동 192-5,129.118806,35.1540794,,,POI010000006TOQNW,호텔아쿠아펠리스,0,12,Y,11,,4,3,3,
2305210006,f_f000429,24,부산역,2023-05-21,2023-05-21,부산 동구 중앙대로 206,부산 동구 초량동 1187-1,129.0414192,35.1151092,,,POI01000TR040141V,부산역,0,9,Y,6,,4,3,3,
2305210007,f_f000429,25,그린빌 오피스텔,2023-05-21,2023-05-22,서울 강남구 밤고개로1길 38,서울 강남구 수서동 717-1,127.1038913,37.4888672,,,POI02001TR004220V,그린빌오피스텔,30,22,,,,,,,
2306020001,f_f000433,1,집,2023-06-02,2023-06-02,울진북로 2149,,,,,,,,,21,,,,,,,4793031000
2306020002,f_f000433,2,서가 앤 쿡 대구 침산점,2023-06-02,2023-06-02,대구 북구 호암로 51,대구 북구 침산동 1757,128.5935079,35.8837363,,,POI01000000BZ9FWQ,대구창조경제혁신센터,60,11,N,2,,5,4,4,
2306020003,f_f000433,3,핸즈 커피 수성못점,2023-06-02,2023-06-02,대구 수성구 용학로 106-5,대구 수성구 두산동 856-3,128.6207986,35.8247635,,,POI01000TR007055V,핸즈커피 수성못점,60,11,N,5,,5,4,4,
2306020004,f_f000433,4,친구 집,2023-06-02,2023-06-03,,,,,,,,,90,22,,,,,,,2723011100
2306030001,f_f000433,5,등촌 샤브칼국수,2023-06-03,2023-06-03,대구 북구 침산남로 56,대구 북구 노원동1가 9-1,128.5820776,35.8892825,,,POI02001TR008438V,등촌샤브칼국수,60,11,N,2,,5,4,4,
2306030002,f_f000433,6,하중도 유채꽃 단지,2023-06-03,2023-06-03,,대구 북구 노곡동,128.5640187,35.902838,,,POI02001TR031800V,하중도 유채꽃단지,30,1,N,2,,5,5,5,
2306030003,f_f000433,7,큐비 쿼트,2023-06-03,2023-06-03,대구 남구 명덕로 256,대구 남구 이천동 439-18,128.5976395,35.8555648,,,POI02001TR029646V,큐바이쿼트,60,11,N,5,,5,3,3,
2306030004,f_f000433,8,신세계백화점 대구점,2023-06-03,2023-06-03,대구 동구 동부로 149,대구 동구 신천동 1506,128.6289649,35.8777969,,,POI01000TR010114V,신세계백화점 대구점,120,4,Y,7,,5,5,5,
2306030005,f_f000433,9,KFC 황금점 주차장,2023-06-03,2023-06-03,,대구 수성구 황금동 782,128.6240157,35.8441721,,,POI01000000861TMQ,KFC,60,11,N,8,,5,5,5,
2306030006,f_f000433,10,경북대학교 대구캠퍼스,2023-06-03,2023-06-03,대구 북구 대학로 80,대구 북구 산격동 1370-1,128.6121778,35.8906304,,,POI01000000DLVVAU,경북대학교 대구캠퍼스,30,8,Y,6,,4,4,4,
2306030007,f_f000433,11,친구 집,2023-06-03,2023-06-04,,,,,,,,,30,22,,,,,,,2723011100
2306040001,f_f000433,12,유가네닭갈비 경북대점,2023-06-04,2023-06-04,대구 북구 대학로17길 8,대구 북구 산격동 1327-7,128.6089621,35.8930489,,,POI02001TR023367V,유가네닭갈비 경북대점,30,11,N,9,,5,5,5,
2306040002,f_f000433,13,등계산 스카이워크,2023-06-04,2023-06-04,,경북 울진군 후포면 후포리 산 141-1,129.4648572,36.6802419,,,POI01000TR016797V,등기산스카이워크,60,1,N,3,,3,3,3,
2306040003,f_f000433,14,물치 상회,2023-06-04,2023-06-04,경북 울진군 후포면 울진대게로 289-1,경북 울진군 후포면 후포리 559-29,129.4638739,36.6825496,,,POI01000TR003581V,물치상회,30,11,N,2,,2,2,2,
2306040004,f_f000433,15,집,2023-06-04,2023-06-05,울진북로 2149,,,,,,,,330,21,,,,,,,4793031000
2305160001,f_f000437,1,집,2023-05-16,2023-05-16,서울 강남구 자곡로 101,서울 강남구 자곡동 611,,,3122014,1168011200,,,,21,,,,,,,1168011200
2305160002,f_f000437,11,케이스 호텔 안동점,2023-05-16,2023-05-17,경북 안동시 강남2길 60-16,경북 안동시 정하동 244-4,128.73551,36.5513957,,,POI02001TR029419V,케이스호텔 안동점,150,24,N,5,1,5,5,5,
2305160003,f_f000437,2,만휴정,2023-05-16,2023-05-16,경북 안동시 길안면 묵계하리길 42,경북 안동시 길안면 묵계리 1081,128.9098517,36.410446,,,POI0100000068R0TU,만휴정,30,2,N,1,,5,5,5,
2305160004,f_f000437,3,헛제사밥 까치구멍집,2023-05-16,2023-05-16,경북 안동시 석주로 203,경북 안동시 상아동 513-1,128.7581422,36.5776983,,,POI010000007T4WNJ,헛제사밥까치구멍집,30,11,N,5,,3,3,3,
2305160005,f_f000437,4,월영교,2023-05-16,2023-05-16,경북 안동시 석주로 203,경북 안동시 상아동 569,128.7609771,36.5766453,,,POI01000000CDEU4X,월영교,30,1,N,1,,5,5,5,
2305160006,f_f000437,5,낙강 물길 공원,2023-05-16,2023-05-16,,경북 안동시 상아동 423,128.7709445,36.5878597,,,POI01000TR000472V,낙강물길공원,30,1,N,5,,5,5,5,
2305160007,f_f000437,6,까치와 호랑이,2023-05-16,2023-05-16,경북 안동시 북후면 물한길 16-11,경북 안동시 북후면 물한리 673-1,128.7039511,36.6583198,,,POI02001TR004981V,까치와호랑이,30,11,N,5,,4,4,4,
2305160008,f_f000437,7,봉정사,2023-05-16,2023-05-16,경북 안동시 서후면 봉정사길 222,경북 안동시 서후면 태장리 901,128.6616691,36.6533058,,,POI01000000B8GVUK,봉정사,30,2,N,1,,5,5,5,
2305160009,f_f000437,8,케이스 호텔 안동점,2023-05-16,2023-05-16,경북 안동시 강남2길 60-16,경북 안동시 정하동 244-4,128.73551,36.5513957,,,POI02001TR029419V,케이스호텔 안동점,30,24,N,5,1,5,5,5,
2305160010,f_f000437,9,동부 한우갈비,2023-05-16,2023-05-16,경북 안동시 강남14길 81,경북 안동시 정상동 760-1,128.7366492,36.549004,,,POI0100000095IFQX,동부한우갈비,60,11,N,5,,5,5,5,
2305160011,f_f000437,10,월영교,2023-05-16,2023-05-16,경북 안동시 석주로 203,경북 안동시 상아동 569,128.7609771,36.5766453,,,POI01000000CDEU4X,월영교,90,13,Y,4,,5,5,5,
2305170001,f_f000437,18,집,2023-05-17,2023-05-18,서울 강남구 자곡로 101,서울 강남구 자곡동 611,,,3122014,1168011200,,,90,21,,,,,,,
2305170002,f_f000437,12,부용대,2023-05-17,2023-05-17,경북 안동시 풍천면 광덕솔밭길 72,경북 안동시 풍천면 광덕리 산 23-3,128.5166155,36.5428516,,,POI01000TR017381V,부용대,30,2,N,1,,5,5,5,
2305170003,f_f000437,13,병산서원,2023-05-17,2023-05-17,경북 안동시 풍천면 병산길 386,경북 안동시 풍천면 병산리 31,128.5526253,36.5405751,,,POI0100000068R2DG,병산서원,30,2,N,1,,5,5,5,
2305170004,f_f000437,14,하회 솔밭 식당,2023-05-17,2023-05-17,경북 안동시 풍천면 전서로 214-6,경북 안동시 풍천면 하회리 276,128.5274281,36.5494823,,,POI01000000BZ55N3,부네식당,60,11,N,5,,5,5,5,
2305170005,f_f000437,15,안동 하회마을,2023-05-17,2023-05-17,,경북 안동시 풍천면 하회리 1176-1,128.5181412,36.5389828,,,POI01000TR039262V,안동하회마을,90,2,N,1,,5,5,5,
2305170006,f_f000437,16,안동 중앙 신시장,2023-05-17,2023-05-17,경북 안동시 경동로 602,경북 안동시 옥야동 327-3,128.7234942,36.5630888,,,POI01000TR011090V,안동중앙신시장,30,4,N,5,,4,4,4,
2305170007,f_f000437,17,안동역,2023-05-17,2023-05-17,경북 안동시 경동로 122-16,경북 안동시 송현동 648,128.6748768,36.5744618,,,POI01000TR008324V,안동역,30,9,N,6,,5,5,5,
2306020001,f_f000461,1,사무실,2023-06-02,2023-06-02,경기 수원시 영통구 광교산로 154-42,,,,3174001,4111710300,,,,23,,,,,,,
2306020002,f_f000461,2,수원역,2023-06-02,2023-06-02,경기 수원시 팔달구 덕영대로 924,경기 수원시 팔달구 매산로1가 18,127.0000947,37.2657903,,,POI01000TR008434V,수원역,120,9,Y,6,,5,5,5,
2306020003,f_f000461,3,서울역,2023-06-02,2023-06-02,서울 용산구 한강대로 405,서울 용산구 동자동 43-205,126.9706069,37.5546788,,,POI01000TR030428V,도원스타일 서울역점,30,9,N,6,,5,5,5,
2306020004,f_f000461,4,신경주역,2023-06-02,2023-06-02,경북 경주시 건천읍 경주역로 80,경북 경주시 건천읍 화천리 1010,129.1389983,35.7983755,,,POI0100000068UYDF,신경주역,0,9,N,6,,5,5,5,
2306020005,f_f000461,5,전 밤,2023-06-02,2023-06-02,경북 경주시 사정로50번길 5-1,경북 경주시 사정동 123-13,129.2086335,35.8362034,,,POI01000000CX0DDV,정밤,60,11,N,5,,5,5,5,
2306020006,f_f000461,6,천마총,2023-06-02,2023-06-02,경북 경주시 계림로 9,경북 경주시 황남동 262,129.2105594,35.8384566,,,POI01000TR036572V,천마총,0,2,N,1,,5,5,5,
2306020007,f_f000461,7,첨성대,2023-06-02,2023-06-02,,경북 경주시 인왕동 910-30,129.2190202,35.834718,,,POI01000TR003385V,첨성대,30,2,N,1,,5,5,5,
2306020008,f_f000461,8,신경주역,2023-06-02,2023-06-02,경북 경주시 건천읍 경주역로 80,경북 경주시 건천읍 화천리 1010,129.1389983,35.7983755,,,POI0100000068UYDF,신경주역,0,9,Y,6,,5,5,5,
2306020009,f_f000461,9,부산역,2023-06-02,2023-06-02,부산 동구 중앙대로 206,부산 동구 초량동 1187-1,129.0414192,35.1151092,,,POI01000TR040141V,부산역,0,9,Y,6,,5,5,5,
2306020010,f_f000461,10,해운대 한신휴플러스 오피스텔,2023-06-02,2023-06-03,부산 해운대구 해운대로 550,부산 해운대구 우동 777,129.1520595,35.1598119,,,POI01000000C27LFH,해운대한신휴플러스,30,24,N,6,11,5,5,5,
2306030001,f_f000461,11,씨라 이르 부산아쿠아리움,2023-06-03,2023-06-03,부산 해운대구 해운대해변로 266,부산 해운대구 중동 1411-4,129.1609992,35.1593544,,,POI010000006T9BDS,씨라이프 부산아쿠아리움,120,6,N,2,,5,5,5,
2306030002,f_f000461,12,스마트 띠아모 행리단길점,2023-06-03,2023-06-03,부산 해운대구 우동1로 58,부산 해운대구 우동 456-9,129.157712,35.1664698,,,POI02001TR017856V,스마트띠아모 해리단길점,30,11,N,9,,4,3,4,
2306030003,f_f000461,13,고래서 이뻐,2023-06-03,2023-06-03,부산 해운대구 우동1로38번길 15-1,부산 해운대구 우동 519-10,129.1583566,35.1656942,,,POI02001TR002375V,고래서이뻐,0,10,N,9,,5,5,5,
2306030004,f_f000461,14,히피 몬드,2023-06-03,2023-06-03,부산 해운대구 우동1로38번가길 1,부산 해운대구 우동 517-3,129.1580576,35.1650939,,,POI02001TR034769V,히피몬드,0,10,N,9,,5,5,5,
2306030005,f_f000461,15,나가 하마만 게츠,2023-06-03,2023-06-03,부산 해운대구 우동1로 57,부산 해운대구 우동 397-22,129.1574863,35.166564,,,POI0100000094XU11,나가하마만게츠,120,11,N,5,,5,5,5,
2306030006,f_f000461,16,해동용궁사,2023-06-03,2023-06-03,부산 기장군 기장읍 용궁길 86,부산 기장군 기장읍 시랑리 416-3,129.2231431,35.1884028,,,POI01000000BYZ0VZ,해동용궁사,60,2,N,5,,5,5,5,
2306030007,f_f000461,17,스카이라인 루지 부산,2023-06-03,2023-06-03,,부산 기장군 기장읍 시랑리 산 60-1,129.218841,35.1947284,,,POI01000TR029429V,스카이라인루지 부산,30,5,N,9,,5,5,5,
2306030008,f_f000461,18,광안리끄티집 직영점,2023-06-03,2023-06-03,부산 수영구 민락로13번길 21,부산 수영구 민락동 175-20,129.1215348,35.1561079,,,POI02001TR003025V,광안리끄티집 직영점,90,11,N,5,,5,5,5,
2306030009,f_f000461,19,해운대해수욕장,2023-06-03,2023-06-03,,부산 해운대구 우동,129.1598547,35.1585232,,,POI01000TR008098V,해운대해수욕장,60,1,Y,1,,5,5,5,
2306030010,f_f000461,20,해운대 한신휴플러스 오피스텔,2023-06-03,2023-06-04,부산 해운대구 해운대로 550,부산 해운대구 우동 777,129.1520595,35.1598119,,,POI01000000C27LFH,해운대한신휴플러스,1350,24,Y,11,11,5,5,5,
2306040001,f_f000461,21,해운대해수욕장,2023-06-04,2023-06-04,,부산 해운대구 우동,129.1598547,35.1585232,,,POI01000TR008098V,해운대해수욕장,30,1,Y,4,,5,5,5,
2306040002,f_f000461,22,고메 밀면 해운대점,2023-06-04,2023-06-04,부산 해운대구 구남로 13-1,부산 해운대구 우동 618-11,129.1599287,35.1627338,,,POI02001TR002412V,고메밀면 해운대점,30,11,N,2,,5,5,5,
2306040003,f_f000461,23,해운대관광안내소,2023-06-04,2023-06-04,부산 해운대구 해운대해변로 264,부산 해운대구 우동 620-3,129.1602636,35.159172,,,POI02001TR032746V,해운대관광안내소,30,12,N,7,,5,5,5,
2306040004,f_f000461,24,해운대 한신휴플러스 오피스텔,2023-06-04,2023-06-04,부산 해운대구 해운대로 550,부산 해운대구 우동 777,129.1520595,35.1598119,,,POI01000000C27LFH,해운대한신휴플러스,0,24,Y,11,11,5,5,5,
2306040005,f_f000461,25,부산역,2023-06-04,2023-06-04,부산 동구 중앙대로 206,부산 동구 초량동 1187-1,129.0414192,35.1151092,,,POI01000TR040141V,부산역,0,9,Y,6,,5,5,5,
2306040006,f_f000461,27,성원아파트,2023-06-04,2023-06-05,경기 수원시 장안구 창훈로60번길 31,경기 수원시 장안구 연무동 10,127.0294781,37.2984944,,,POI01000000BY1QVR,성원아파트,120,21,,,,,,,
2306040007,f_f000461,26,수원역,2023-06-04,2023-06-04,경기 수원시 팔달구 덕영대로 924,경기 수원시 팔달구 매산로1가 18,127.0000947,37.2657903,,,POI01000TR008434V,수원역,0,9,Y,6,,5,5,5,
2305270001,f_f000473,1,집,2023-05-27,2023-05-27,부산 부산진구 자유평화로37번길 67,,,,4187651,2623010400,,,,21,,,,,,,2623010400
2305270002,f_f000473,2,신세계백화점 센텀시티점,2023-05-27,2023-05-27,부산 해운대구 센텀남대로 35,부산 해운대구 우동 1495,129.1290717,35.1686439,,,POI01000TR000416V,신세계백화점 센텀시티점,150,10,Y,1,,5,5,5,
2305270003,f_f000473,3,문수사,2023-05-27,2023-05-27,,,,,,,,,60,2,N,9,,4,4,4,
2305270004,f_f000473,4,루브 하우스,2023-05-27,2023-05-27,,,,,,,,,60,12,N,5,,4,4,4,
2305270005,f_f000473,5,무진장,2023-05-27,2023-05-27,경남 함안군 함안면 괴산4길 25,경남 함안군 함안면 괴산리 547,128.4230933,35.2554702,,,POI0100000068RF6M,무진정,60,8,N,1,,1,1,1,
2305270006,f_f000473,6,영창 연립,2023-05-27,2023-05-28,경남 합천군 합천읍 충효로 122,경남 합천군 합천읍 합천리 1519,128.1629343,35.5710437,,,POI02001TR021290V,영창연립,120,22,,,,,,,
2305280001,f_f000473,7,해인사,2023-05-28,2023-05-28,경남 합천군 가야면 해인사길 122,경남 합천군 가야면 치인리 10,128.097559,35.8009362,,,POI01000TR017506V,해인사,120,2,Y,4,,5,5,5,
2305280002,f_f000473,8,합천 시네마,2023-05-28,2023-05-28,경남 합천군 합천읍 남정길 76,경남 합천군 합천읍 합천리 512,128.1576428,35.5676609,,,POI0100000077GQO4,합천시네마,150,3,Y,4,,5,5,5,
2305280003,f_f000473,9,하들 생태공원,2023-05-28,2023-05-28,,경남 합천군 합천읍 영창리 463,128.1675357,35.5750241,,,POI01000TR036168V,핫들생태공원,60,1,Y,4,,4,4,4,
2305280004,f_f000473,10,고기 굽는 펑크네,2023-05-28,2023-05-28,경남 합천군 합천읍 대야로 935,경남 합천군 합천읍 합천리 1507,128.163546,35.5719228,,,POI01000000CW12Y5,고기굽는빵구네,60,11,Y,4,,5,5,5,
2305280005,f_f000473,11,한미 리츠빌 4차,2023-05-28,2023-05-28,경남 합천군 합천읍 핫들2로 25,경남 합천군 합천읍 합천리 65,128.1680385,35.5689341,,,POI01000000C9Q0OV,한미리치빌4차101동,60,22,,,,,,,
2305280006,f_f000473,12,감성 포차,2023-05-28,2023-05-28,,,,,,,,,180,11,N,5,,5,5,5,4889025021
2305280007,f_f000473,13,영창 연립,2023-05-28,2023-05-29,경남 합천군 합천읍 충효로 122,경남 합천군 합천읍 합천리 1519,128.1629343,35.5710437,,,POI02001TR021290V,영창연립,30,22,,,,,,,
2305290001,f_f000473,14,합천 소문난 고깃집,2023-05-29,2023-05-29,경남 합천군 합천읍 옥산로 62,경남 합천군 합천읍 합천리 413-3,128.1620588,35.5682385,,,POI02001TR032502V,합천소문난고깃집,30,10,N,5,,5,5,5,
2305290002,f_f000473,15,집,2023-05-29,2023-05-30,부산 부산진구 자유평화로37번길 67,,,,4187651,2623010400,,,570,21,,11,,,,,
2305230001,f_f000484,1,집,2023-05-23,2023-05-23,서울 서대문구 독립문로14길 33 돈의문센트레빌,,,,4136058,1141010500,,,,21,,,,,,,11410
2305230002,f_f000484,2,괴산휴게소 창원방향,2023-05-23,2023-05-23,충북 괴산군 장연면 중부내륙고속도로 205,충북 괴산군 장연면 오가리 103-2,127.9579258,36.8314014,,,POI01000TR015522V,괴산휴게소 창원방향,60,9,N,9,,5,5,5,
2305230003,f_f000484,3,영어도시 퀸덤 1차 아인슈타인 타운 아파트,2023-05-23,2023-05-23,부산 강서구 명지오션시티11로 51,부산 강서구 명지동 3232,128.9017984,35.0856002,,,POI01000000DM8DUA,영어도시퀸덤1차아인슈타인타운아파트,30,22,,,,,,,
2305230004,f_f000484,4,브런치빈 부산 명지점,2023-05-23,2023-05-23,부산 강서구 명지오션시티4로 94,부산 강서구 명지동 3237-12,128.9032451,35.0806714,,,POI01000000ESGU9L,브런치빈,120,11,N,1,,5,5,5,
2305230005,f_f000484,5,설빙 명지점,2023-05-23,2023-05-23,부산 강서구 명지오션시티12로 64,부산 강서구 명지동 3237,128.9029971,35.081699,,,POI02001TR015674V,설빙 명지점,60,11,Y,4,,5,5,5,
2305230007,f_f000484,6,영어도시 퀸덤 1차 아인슈타인 타운 아파트,2023-05-23,2023-05-24,부산 강서구 명지오션시티11로 51,부산 강서구 명지동 3232,128.9017984,35.0856002,,,POI01000000DM8DUA,영어도시퀸덤1차아인슈타인타운아파트,120,22,,,,,,,
2305240001,f_f000484,11,영어도시 퀸덤 1차 아인슈타인 타운 아파트,2023-05-24,2023-05-25,부산 강서구 명지오션시티11로 51,부산 강서구 명지동 3232,128.9017984,35.0856002,,,POI01000000DM8DUA,영어도시퀸덤1차아인슈타인타운아파트,120,22,,,,,,,
2305240002,f_f000484,7,금호 설렁탕,2023-05-24,2023-05-24,부산 강서구 명지오션시티4로 94,부산 강서구 명지동 3237-12,128.9032486,35.0806785,,,POI02001TR004462V,금호설렁탕,60,11,N,5,,5,5,5,
2305240003,f_f000484,8,다이소 부산 명지오션시티점,2023-05-24,2023-05-24,부산 강서구 명지오션시티4로 87,부산 강서구 명지동 3240-2,128.9039361,35.0811562,,,POI02001TR006153V,다이소 부산명지오션시티점,30,10,Y,8,,5,5,5,
2305240004,f_f000484,9,영어도시 퀸덤 1차 아인슈타인 타운 아파트,2023-05-24,2023-05-24,부산 강서구 명지오션시티11로 51,부산 강서구 명지동 3232,128.9017984,35.0856002,,,POI01000000DM8DUA,영어도시퀸덤1차아인슈타인타운아파트,240,22,,,,,,,
2305240005,f_f000484,10,브런치빈 부산 명지점,2023-05-24,2023-05-24,부산 강서구 명지오션시티4로 94,부산 강서구 명지동 3237-12,128.9032451,35.0806714,,,POI01000000ESGU9L,브런치빈,90,11,Y,4,,5,5,5,
2305250001,f_f000484,13,한화리조트 거제 벨보 디어,2023-05-25,2023-05-26,경남 거제시 장목면 거제북로 2501-40,경남 거제시 장목면 농소리 25,128.7117807,35.0079112,,,POI01000TR021038V,한화리조트 거제벨버디어,660,24,Y,11,4,5,5,5,
2305250002,f_f000484,12,오션블루 가덕휴게소,2023-05-25,2023-05-25,부산 강서구 거가대로 2571,부산 강서구 천성동 산 255-1,128.8073263,35.0233724,,,POI01000TR034760V,오션블루 가덕휴게소,30,9,N,9,,5,5,5,
2305260001,f_f000484,15,한화리조트 거제 벨보 디어,2023-05-26,2023-05-27,경남 거제시 장목면 거제북로 2501-40,경남 거제시 장목면 농소리 25,128.7117807,35.0079112,,,POI01000TR021038V,한화리조트 거제벨버디어,510,24,Y,7,4,5,5,5,
2305260002,f_f000484,14,김가네 가야 밀면,2023-05-26,2023-05-26,공항앞길 21,,,,,,,,60,4,Y,4,,2,2,2,2644010100
2305270001,f_f000484,16,바운스 트램펄린 파크 거제한 하벨 버티어 센터,2023-05-27,2023-05-27,경남 거제시 장목면 거제북로 2501-40,경남 거제시 장목면 농소리 25,128.7119213,35.0079822,,,POI01000TR037141V,바운스트램폴린파크 거제한화벨버디어센터,90,6,N,1,,5,5,5,
2305270002,f_f000484,21,영어도시 퀸덤 1차 아인슈타인 타운 아파트,2023-05-27,2023-05-28,부산 강서구 명지오션시티11로 51,부산 강서구 명지동 3232,128.9017984,35.0856002,,,POI01000000DM8DUA,영어도시퀸덤1차아인슈타인타운아파트,150,22,,,,,,,
2305270003,f_f000484,17,블루미,2023-05-27,2023-05-27,경남 거제시 일운면 지세포해안로 88,경남 거제시 일운면 지세포리 929-1,128.7046307,34.8299109,,,POI02001TR013665V,블루밀,90,11,N,2,,5,5,5,
2305270004,f_f000484,18,거제 시월드,2023-05-27,2023-05-27,경남 거제시 일운면 지세포해안로 15,경남 거제시 일운면 소동리 478-1,128.7014614,34.8358811,,,POI01000000EBSDPF,거제씨월드,120,13,N,2,,4,4,4,
2305270005,f_f000484,19,영어도시 퀸덤 1차 아인슈타인 타운 아파트,2023-05-27,2023-05-27,부산 강서구 명지오션시티11로 51,부산 강서구 명지동 3232,128.9017984,35.0856002,,,POI01000000DM8DUA,영어도시퀸덤1차아인슈타인타운아파트,30,22,,,,,,,
2305270006,f_f000484,20,동백 횟집,2023-05-27,2023-05-27,부산 사하구 다대동로 48-2,부산 사하구 다대1동 854-5,128.9732525,35.0572782,,,POI010000008574AU,동백횟집,90,11,Y,5,,5,5,5,
2305280001,f_f000484,22,만호갈미샤브샤브,2023-05-28,2023-05-28,부산 강서구 르노삼성대로 602,부산 강서구 명지동 1532-14,128.9290977,35.101366,,,POI02001TR010030V,만호갈미샤브샤브,60,11,Y,4,,3,3,3,
2305280002,f_f000484,23,한화리조트 거제 벨보 디어,2023-05-28,2023-05-29,경남 거제시 장목면 거제북로 2501-40,경남 거제시 장목면 농소리 25,128.7117807,35.0079112,,,POI01000TR021038V,한화리조트 거제벨버디어,600,24,Y,11,4,5,5,5,
2305290001,f_f000484,27,집,2023-05-29,2023-05-30,,,,,,,,,210,21,,,,,,,1141010500
2305290002,f_f000484,24,바운스 트램펄린 파크 거제한 하벨 버티어 센터,2023-05-29,2023-05-29,경남 거제시 장목면 거제북로 2501-40,경남 거제시 장목면 농소리 25,128.7119213,35.0079822,,,POI01000TR037141V,바운스트램폴린파크 거제한화벨버디어센터,120,6,Y,4,,5,5,5,
2305290003,f_f000484,25,외식하기 가장 좋은 집 진 해룡 원점,2023-05-29,2023-05-29,경남 창원시 진해구 만금로 11,경남 창원시 진해구 용원동 1119-10,128.8220472,35.0991682,,,POI02001TR022335V,외식하기가장좋은집 진해용원점,60,11,N,2,,5,5,5,
2305290004,f_f000484,26,새문 순댓국,2023-05-29,2023-05-29,서울 서대문구 충정로5길 2,서울 서대문구 충정로3가 190-21,126.9641115,37.5627139,,,POI02001TR014679V,새문순대국,60,4,Y,4,,4,3,3,
2306060001,f_f000489,1,집,2023-06-06,2023-06-06,강원 원주시 혁신로 346,강원 원주시 반곡동 1818-10,,,3219082,4213011700,,,,21,,,,,,,
2306060002,f_f000489,2,원주종합버스터미널,2023-06-06,2023-06-06,강원 원주시 서원대로 171,강원 원주시 단계동 877-1,127.9307166,37.3449189,,,POI01000000E2MQC0,원주시외버스터미널,30,9,Y,11,,4,4,4,
2306060003,f_f000489,3,속초 시외버스터미널,2023-06-06,2023-06-06,강원 속초시 장안로 16,강원 속초시 동명동 261-84,128.5908135,38.2112227,,,POI01000TR001526V,속초시외버스터미널,30,9,Y,6,,3,4,4,
2306060004,f_f000489,4,속초 쉼 게스트하우스,2023-06-06,2023-06-06,강원 속초시 중앙로 66,강원 속초시 청학동 482-390,128.5834241,38.2010929,,,POI01000TR008570V,속초쉼게스트하우스,30,24,Y,11,7,3,4,4,
2306060005,f_f000489,5,동해 막국수 분점,2023-06-06,2023-06-06,강원 양양군 양양읍 포월윗말길 2,강원 양양군 양양읍 포월리 98-1,128.6299857,38.100861,,,POI010000006BF13W,동해막국수 분점,60,11,N,5,,5,5,5,
2306060006,f_f000489,6,설악산 국립공원 용소 폭포 코스,2023-06-06,2023-06-06,,강원 양양군 서면 오색리,128.4363793,38.0799658,,,POI010000006BE43Y,CU 오색터미널점,30,1,N,1,,4,4,4,
2306060007,f_f000489,7,낙산사,2023-06-06,2023-06-06,강원 양양군 강현면 낙산사로 100,강원 양양군 강현면 전진리 57-1,128.6279776,38.1254327,,,POI01000TR037246V,낙산사,90,2,N,1,,4,4,5,
2306060008,f_f000489,8,다래헌,2023-06-06,2023-06-06,강원 속초시 영금정로 7,강원 속초시 동명동 68-3,128.5970878,38.212867,,,POI02001TR006057V,다래헌,60,11,N,5,,5,5,5,
2306060009,f_f000489,9,노웨어,2023-06-06,2023-06-06,강원 속초시 만천1길 34,강원 속초시 교동 909-10,128.5767011,38.2005997,,,POI01000000D1TPPH,노웨어,90,11,N,5,,4,4,5,
2306060010,f_f000489,10,속초 쉼 게스트하우스,2023-06-06,2023-06-07,강원 속초시 중앙로 66,강원 속초시 청학동 482-390,128.5834241,38.2010929,,,POI01000TR008570V,속초쉼게스트하우스,150,24,Y,5,7,4,3,3,
2306070001,f_f000489,16,집,2023-06-07,2023-06-08,강원 원주시 혁신로 346,강원 원주시 반곡동 1818-10,,,3219082,4213011700,,,210,21,,,,,,,
2306070002,f_f000489,11,바다서프,2023-06-07,2023-06-07,강원 속초시 새마을길 66,강원 속초시 조양동 1480-104,128.6053085,38.1862637,,,POI01000000910X14,바다서프,180,5,N,2,,5,5,5,
2306070003,f_f000489,12,강원도 속초의료원,2023-06-07,2023-06-07,강원 속초시 영랑호반길 3,강원 속초시 영랑동 591-10,128.5891185,38.216229,,,POI01000000BSENQQ,강원도속초의료원,90,12,N,11,,4,3,3,
2306070004,f_f000489,13,보미네 국수,2023-06-07,2023-06-07,강원 속초시 수복로 259,강원 속초시 동명동 450-138,128.5913798,38.2103845,,,POI01000TR022104V,보미네국수,30,11,N,9,,4,4,4,
2306070005,f_f000489,14,소호 카페,2023-06-07,2023-06-07,강원 속초시 수복로259번길 11,강원 속초시 동명동 261-17,128.5910334,38.2106216,,,POI01000TR036508V,소호카페,120,11,N,9,,4,3,3,
2306070006,f_f000489,15,원주종합버스터미널,2023-06-07,2023-06-07,강원 원주시 서원대로 171,강원 원주시 단계동 877-1,127.9307166,37.3449189,,,POI01000000E2MQC0,원주시외버스터미널,30,9,Y,6,,3,3,3,
2305150001,f_f000492,1,친구 친지 집,2023-05-15,2023-05-15,,,,,,,,,,22,,,,,,,4122011900
2305150002,f_f000492,5,알펜시아 홀리데이인 리조트호텔,2023-05-15,2023-05-16,강원 평창군 대관령면 솔봉로 325,강원 평창군 대관령면 용산리 425,128.6737414,37.6569362,,,POI01000TR016542V,알펜시아 홀리데이인리조트호텔,480,24,N,2,4,4,3,4,
2305150003,f_f000492,3,대관령 양떼목장,2023-05-15,2023-05-15,강원 평창군 대관령면 대관령마루길 483-32,강원 평창군 대관령면 횡계리 14-104,128.7529731,37.6897876,,,POI01000TR025004V,대관령양떼목장,90,1,N,2,,4,3,4,
2305150004,f_f000492,2,문막휴게소 강릉방향,2023-05-15,2023-05-15,강원 원주시 문막읍 원문로 1234,강원 원주시 문막읍 동화리 114,127.8582007,37.3352003,,,POI01000TR005442V,문막휴게소 강릉방향,60,9,N,9,,4,3,3,
2305150005,f_f000492,4,지는 태원,2023-05-15,2023-05-15,강원 평창군 대관령면 횡계길 19,강원 평창군 대관령면 횡계리 325-18,128.7083076,37.6731843,,,POI010000006B80WH,진태원,60,11,N,2,,5,4,5,
2305160001,f_f000492,8,알펜시아 홀리데이인 리조트호텔,2023-05-16,2023-05-17,강원 평창군 대관령면 솔봉로 325,강원 평창군 대관령면 용산리 425,128.6737414,37.6569362,,,POI01000TR016542V,알펜시아 홀리데이인리조트호텔,360,24,Y,11,4,4,3,4,
2305160002,f_f000492,6,알펜시아리조트 오션 7,2023-05-16,2023-05-16,강원 평창군 대관령면 솔봉로 325,강원 평창군 대관령면 용산리 425,128.6776982,37.6571322,,,POI01000TR042867V,알펜시아리조트 오션700,240,6,N,6,,4,3,3,
2305160003,f_f000492,7,평창한우마을 대관령점,2023-05-16,2023-05-16,강원 평창군 대관령면 경강로 5195-25,강원 평창군 대관령면 횡계리 377-12,128.702141,37.6798877,,,POI01000TR021226V,평창한우마을 대관령점,90,11,N,8,,5,5,5,
2305170001,f_f000492,13,레고랜드 코리아리조트 레고랜드호텔,2023-05-17,2023-05-18,,강원 춘천시 중도동 460,127.6988843,37.8848126,,,POI01000TR037903V,레고랜드코리아리조트 레고랜드호텔,210,24,N,3,1,5,4,4,
2305170002,f_f000492,9,맥도날드 춘천 퇴계 DT점,2023-05-17,2023-05-17,강원 춘천시 영서로 2173,강원 춘천시 퇴계동 418-20,127.731116,37.8591259,,,POI01000000CVM0J8,한국맥도날드춘천퇴계DT점,60,11,N,9,,4,4,4,
2305170003,f_f000492,10,강촌레일파크 김유정역,2023-05-17,2023-05-17,강원 춘천시 신동면 김유정로 1385,강원 춘천시 신동면 증리 327-4,127.7120333,37.8159745,,,POI01000TR010052V,강촌레일파크 김유정역,120,5,N,9,,4,2,3,
2305170004,f_f000492,12,곰배령,2023-05-17,2023-05-17,강원 춘천시 춘천로 19,강원 춘천시 온의동 589,127.7213473,37.8669775,,,POI02001TR002717V,곰배령,60,11,N,2,,5,4,5,
2305170005,f_f000492,11,레고랜드 코리아리조트 레고랜드호텔,2023-05-17,2023-05-17,,강원 춘천시 중도동 460,127.6988843,37.8848126,,,POI01000TR037903V,레고랜드코리아리조트 레고랜드호텔,60,24,N,3,1,4,4,4,
2305180001,f_f000492,14,레고랜드 코리아리조트,2023-05-18,2023-05-18,강원 춘천시 하중도길 128,강원 춘천시 중도동 603,127.6963934,37.8822417,,,POI01000TR001315V,레고랜드코리아리조트,390,6,N,3,,5,5,5,
2305180002,f_f000492,15,우리 집,2023-05-18,2023-05-19,,,,,,,,,270,21,,,,,,,4122011900
2305190001,f_f000493,1,집,2023-05-19,2023-05-19,덕풍쌍용아파트,,,,,,,,,21,,,,,,,4145010800
2305190002,f_f000493,5,태백산 민박촌,2023-05-19,2023-05-20,강원 태백시 천제단길 134,강원 태백시 소도동 331-1,128.9532387,37.1227414,,,POI01000000B56DID,태백산민박촌관리실,330,24,N,8,11,5,5,5,
2305190003,f_f000493,2,365세이프타운,2023-05-19,2023-05-19,,강원 태백시 장성동 산 1-10,129.0296274,37.1018683,,,POI01000TR034270V,365세이프타운,120,13,Y,8,,5,5,5,
2305190004,f_f000493,3,부산 감자옹심이,2023-05-19,2023-05-19,강원 태백시 시장안1길 28,강원 태백시 황지동 38-211,128.9933777,37.1733492,,,POI01000000D7J6Y3,부산감자옹심이,60,11,Y,4,,5,5,5,
2305190005,f_f000493,4,365세이프타운,2023-05-19,2023-05-19,,강원 태백시 장성동 산 1-10,129.0296274,37.1018683,,,POI01000TR034270V,365세이프타운,120,13,Y,4,,5,5,5,
2305200001,f_f000493,12,태백산 민박촌,2023-05-20,2023-05-21,강원 태백시 천제단길 134,강원 태백시 소도동 331-1,128.9532387,37.1227414,,,POI01000000B56DID,태백산민박촌관리실,180,24,Y,4,11,5,5,5,
2305200002,f_f000493,6,도계 유리나라,2023-05-20,2023-05-20,강원 삼척시 도계읍 강원남부로 893-36,강원 삼척시 도계읍 심포리 267-1,129.0324024,37.1938212,,,POI01000TR007727V,도계유리나라,60,13,Y,4,,5,5,5,
2305200003,f_f000493,7,부산 감자옹심이,2023-05-20,2023-05-20,강원 태백시 시장안1길 28,강원 태백시 황지동 38-211,128.9933777,37.1733492,,,POI01000000D7J6Y3,부산감자옹심이,60,11,Y,4,,5,5,5,
2305200004,f_f000493,9,도계 유리나라,2023-05-20,2023-05-20,강원 삼척시 도계읍 강원남부로 893-36,강원 삼척시 도계읍 심포리 267-1,129.0324024,37.1938212,,,POI01000TR007727V,도계유리나라,150,13,Y,4,,5,5,5,
2305200005,f_f000493,8,황지공원 황지연못,2023-05-20,2023-05-20,강원 태백시 황지연못길 12,강원 태백시 황지동 623,128.9910588,37.1728441,,,POI01000TR026783V,황지공원 황지연못,30,2,Y,4,,5,5,5,
2305200006,f_f000493,10,태백체험공원,2023-05-20,2023-05-20,,강원 태백시 소도동 23,128.9719936,37.1332237,,,POI01000TR002219V,태백체험공원,150,13,N,6,,5,5,5,
2305200007,f_f000493,11,기와집 갈비,2023-05-20,2023-05-20,강원 태백시 짐대배기2길 4,강원 태백시 황지동 187,128.9885158,37.1558011,,,POI02001TR004505V,기와집갈비,120,11,N,5,,5,5,5,
2305210001,f_f000493,15,집,2023-05-21,2023-05-22,덕풍쌍용아파트,,,,,,,,270,21,,,,,,,4145010800
2305210002,f_f000493,13,하이원 추추 파크,2023-05-21,2023-05-21,강원 삼척시 도계읍 심포남길 99,강원 삼척시 도계읍 심포리 231-3,129.0392306,37.1819507,,,POI010000006CJZ84,하이원추추파크,240,13,Y,4,,5,5,5,
2305210003,f_f000493,14,강원종합 박물관,2023-05-21,2023-05-21,강원 삼척시 신기면 강원남부로 3016,강원 삼척시 신기면 신기리 375-4,129.0865007,37.3509272,,,POI01000TR002408V,강원종합박물관,150,2,N,2,,5,5,5,
2305190001,f_f000516,1,친구 친지 집,2023-05-19,2023-05-19,시그니엘,,,,,,,,,22,,,,,,,1171010100
2305190002,f_f000516,2,브리드 호텔 양양,2023-05-19,2023-05-19,강원 양양군 현남면 인구항길 17,강원 양양군 현남면 인구리 1-77,128.762093,37.9709435,,,POI0100000068CAD9,브리드호텔 양양,30,24,N,8,1,5,5,5,
2305190003,f_f000516,3,죽지도정,2023-05-19,2023-05-19,,강원 양양군 현남면 인구리,128.7638334,37.9715804,,,POI01000TR026053V,죽도정,60,1,N,1,,5,5,5,
2305190004,f_f000516,4,주문진항,2023-05-19,2023-05-19,,강원 강릉시 주문진읍 교항리,128.8307832,37.8878397,,,POI01000TR003097V,주문진항,30,4,N,6,,3,3,3,
2305190005,f_f000516,5,브리드 호텔 양양,2023-05-19,2023-05-20,강원 양양군 현남면 인구항길 17,강원 양양군 현남면 인구리 1-77,128.762093,37.9709435,,,POI0100000068CAD9,브리드호텔 양양,330,24,Y,8,1,5,5,5,
2305200001,f_f000516,6,휴휴암,2023-05-20,2023-05-20,강원 양양군 현남면 광진2길 3-16,강원 양양군 현남면 광진리 1,128.7676497,37.9612212,,,POI01000TR027679V,휴휴암,90,2,N,1,,5,5,5,
2305200002,f_f000516,7,양양 버거,2023-05-20,2023-05-20,강원 양양군 현남면 인구중앙길 103-2,강원 양양군 현남면 시변리 10-4,128.7590889,37.9738063,,,POI01000000CUBAOB,양양버거,30,11,N,5,,5,5,5,
2305200003,f_f000516,8,죽도해변,2023-05-20,2023-05-20,,강원 양양군 현남면 시변리,128.7607068,37.9729371,,,POI01000TR033965V,죽도해변,90,1,N,1,,5,5,5,
2305200004,f_f000516,9,솔티 캐빈 양양점,2023-05-20,2023-05-20,강원 양양군 현남면 새나루길 31,강원 양양군 현남면 시변리 33-15,128.7618565,37.972001,,,POI010000006BCB00,쏠티캐빈 양양점,30,11,N,9,,4,3,3,
2305200005,f_f000516,10,브리드 호텔 양양,2023-05-20,2023-05-20,강원 양양군 현남면 인구항길 17,강원 양양군 현남면 인구리 1-77,128.762093,37.9709435,,,POI0100000068CAD9,브리드호텔 양양,180,24,Y,11,1,5,5,5,
2305200006,f_f000516,11,어촌마을 포차,2023-05-20,2023-05-20,강원 양양군 현남면 인구항길 22,강원 양양군 현남면 인구리 1-124,128.7628756,37.9710741,,,POI01000000D0WR84,어촌마을포차,60,11,N,9,,2,1,1,
2305200007,f_f000516,12,죽지도암,2023-05-20,2023-05-20,강원 양양군 현남면 새나루길 26,강원 양양군 현남면 인구리 1-1,128.7638491,37.9721414,,,POI01000TR009444V,죽도암,30,1,Y,1,,5,5,5,
2305200008,f_f000516,13,플리즈 웨이스,2023-05-20,2023-05-20,강원 양양군 현남면 인구길 28-23,강원 양양군 현남면 인구리 636-5,128.7618888,37.9685918,,,POI01000000CV0V86,플리즈웨잇,60,11,N,1,,4,3,3,
2305200009,f_f000516,14,브리드 호텔 양양,2023-05-20,2023-05-21,강원 양양군 현남면 인구항길 17,강원 양양군 현남면 인구리 1-77,128.762093,37.9709435,,,POI0100000068CAD9,브리드호텔 양양,240,24,Y,11,1,5,5,5,
2305210001,f_f000516,15,반도유보라 아이비 파크 3. 아파트,2023-05-21,2023-05-22,경기 화성시 동탄대로12길 17,경기 화성시 오산동 1044,127.1050462,37.1820868,,,POI02001TR011897V,반도유보라아이비파크3.0아파트,720,21,,,,,,,
2305190001,f_f000530,1,집,2023-05-19,2023-05-19,현진에버빌 6차아파트 607동,,,,,,,,,21,,,,,,,4213010700
2305190002,f_f000530,2,강릉 대관령휴게소 강릉방향,2023-05-19,2023-05-19,강원 강릉시 성산면 영동고속도로 232,강원 강릉시 성산면 보광리 151,128.806598,37.7573639,,,POI01000TR025521V,강릉대관령휴게소 강릉방향,30,9,N,11,,4,3,3,
2305190003,f_f000530,3,강릉 중앙시장,2023-05-19,2023-05-19,강원 강릉시 금성로 21,강원 강릉시 성남동 50,128.8986238,37.7540251,,,POI01000TR021364V,강릉중앙시장,30,4,Y,1,,5,4,4,
2305190004,f_f000530,4,디어 웨이브 풀빌라,2023-05-19,2023-05-19,강원 강릉시 해안로 633-4,강원 강릉시 안현동 204-1,128.8965232,37.8135503,,,POI02001TR008472V,디어웨이브풀빌라,1200,24,N,2,3,5,5,5,
2305190005,f_f000530,5,디어 웨이브 풀빌라,2023-05-19,2023-05-20,강원 강릉시 해안로 633-4,강원 강릉시 안현동 204-1,128.8965232,37.8135503,,,POI02001TR008473V,디어웨이브풀빌라,540,24,N,2,3,5,5,5,
2305200001,f_f000530,6,신잠,2023-05-20,2023-05-20,강원 강릉시 중기길 19,강원 강릉시 옥천동 366,128.9033296,37.7625495,,,POI01000TR000625V,신짬,30,11,N,2,,5,5,5,
2305200002,f_f000530,7,안목 해변,2023-05-20,2023-05-20,강원 강릉시 창해로14번길 51-26,강원 강릉시 견소동 286-10,128.9482754,37.7722618,,,POI01000TR042380V,안목해변,30,1,Y,1,,5,5,5,
2305200003,f_f000530,8,체크 이스트,2023-05-20,2023-05-20,강원 강릉시 강변북길 153,강원 강릉시 포남동 1278-119,128.9129297,37.7661757,,,POI02001TR028226V,체크이스트,60,11,N,1,,5,5,5,
2305200004,f_f000530,9,강릉 중앙시장,2023-05-20,2023-05-20,강원 강릉시 금성로 21,강원 강릉시 성남동 50,128.8986238,37.7540251,,,POI01000TR021364V,강릉중앙시장,30,4,Y,4,,5,5,5,
2305200005,f_f000530,10,집,2023-05-20,2023-05-21,현진에버빌 6차아파트,,,,,,,,360,21,,,,,,,4213010700
2306020001,f_f000532,1,집,2023-06-02,2023-06-02,월드컵파크11단지 1102-102,,,,,,,,,21,,,,,,,1144012700
2306020003,f_f000532,2,고성공룡나라휴게소 통영방향,2023-06-02,2023-06-02,경남 고성군 대가면 통영대전고속도로 29,경남 고성군 대가면 송계리 447,128.2626773,35.0517359,,,POI01000000BWE1HZ,고성공룡나라휴게소 통영방향,30,9,N,9,,4,3,3,
2306020004,f_f000532,3,강남치과 의원,2023-06-02,2023-06-02,,,,,,,,,30,12,N,11,,5,5,5,4822010500
2306020005,f_f000532,4,통영 케이블카,2023-06-02,2023-06-02,경남 통영시 발개로 205,경남 통영시 도남동 349-1,128.4262079,34.8267877,,,POI01000TR026043V,통영케이블카,60,5,N,11,,5,4,4,
2306020006,f_f000532,5,제승당,2023-06-02,2023-06-02,경남 통영시 한산면 한산일주로 70,경남 통영시 한산면 두억리 874,128.4718804,34.7942184,,,POI01000000AMPHCA,제승당,120,2,N,11,,5,4,4,
2306020007,f_f000532,6,울산 다찌,2023-06-02,2023-06-02,경남 통영시 미수해안로 157,경남 통영시 봉평동 447,128.4144839,34.8329679,,,POI010000006VO1DZ,울산다찌,60,11,N,11,,5,4,4,
2306020008,f_f000532,7,디피랑,2023-06-02,2023-06-02,경남 통영시 남망공원길 29,경남 통영시 동호동 230-1,128.4305772,34.8407185,,,POI01000TR038320V,디피랑,90,3,N,11,,5,4,4,
2306020009,f_f000532,8,포르투나 호텔,2023-06-02,2023-06-03,경남 통영시 미수해안로 152,경남 통영시 봉평동 446-2,128.4139971,34.8329546,,,POI01000TR037720V,포르투나호텔,150,24,N,11,1,5,4,4,
2306030001,f_f000532,9,충렬사,2023-06-03,2023-06-03,경남 통영시 여황로 251,경남 통영시 명정동 213,128.4174778,34.846989,,,POI01000000B773G4,충렬사,60,2,N,11,,4,3,3,
2306030002,f_f000532,10,통영 삼도수군통제영,2023-06-03,2023-06-03,경남 통영시 세병로 27,경남 통영시 문화동 392-2,128.4232853,34.8472421,,,POI01000000EGBCER,통영삼도수군통제영,240,13,N,11,,5,4,4,
2306030003,f_f000532,11,조선 군선,2023-06-03,2023-06-03,,경남 통영시 중앙동 236,128.4242179,34.8439459,,,POI01000TR026573V,조선군선,60,2,N,11,,4,3,3,
2306030004,f_f000532,12,신세계타운 아파트 3-38,2023-06-03,2023-06-04,대구 수성구 신천동로 320,대구 수성구 수성동1가 613,128.6106658,35.8531488,,,POI02001TR018783V,신세계타운아파트 3-308,210,22,,,,,,,
2306040001,f_f000532,13,코스트코 대구점,2023-06-04,2023-06-04,대구 북구 검단로 97,대구 북구 산격동 1817,128.6182151,35.9062758,,,POI01000000715DCY,코스트코 대구점,60,4,N,8,,5,4,4,
2306040002,f_f000532,14,신세계타운 아파트,2023-06-04,2023-06-04,대구 수성구 신천동로 320,대구 수성구 수성동1가 613,128.6106658,35.8531488,,,POI02001TR018782V,신세계타운아파트,480,22,,,,,,,
2306040003,f_f000532,15,집,2023-06-04,2023-06-05,월드컵파크11단지 1102-102,,,,,,,,30,21,,,,,,,1144012700
2306030001,f_f000538,1,집,2023-06-03,2023-06-03,신공덕래미안2차,,,,,,,,,21,,,,,,,1144010300
2306030002,f_f000538,2,경기 광주 휴게소 원주 방향,2023-06-03,2023-06-03,경기 광주시 곤지암읍 만삼로 270,경기 광주시 곤지암읍 삼합리 산 27-2,127.4361214,37.3783578,,,POI01000TR022799V,경기광주휴게소 서울방향 전기차충전소,30,9,N,9,,3,3,3,
2306030003,f_f000538,3,강릉 대관령휴게소 강릉방향,2023-06-03,2023-06-03,강원 강릉시 성산면 영동고속도로 232,강원 강릉시 성산면 보광리 151,128.806598,37.7573639,,,POI01000TR025521V,강릉대관령휴게소 강릉방향,30,9,N,9,,3,3,3,
2306030004,f_f000538,4,묵호항 이어도 국숫집,2023-06-03,2023-06-03,,,,,,,,,30,11,N,9,,5,4,4,4217012300
2306030005,f_f000538,5,묵호항,2023-06-03,2023-06-03,강원 동해시 임항로 121,강원 동해시 발한동 27-2,129.1123913,37.5497974,,,POI01000TR006223V,묵호항,30,4,Y,4,,4,4,4,
2306030006,f_f000538,6,추암 촛대바위,2023-06-03,2023-06-03,,강원 동해시 추암동 산 69,129.1598675,37.4792242,,,POI01000TR027331V,추암촛대바위,60,1,N,9,,5,5,5,
2306030007,f_f000538,8,쏠비치 삼척,2023-06-03,2023-06-03,강원 삼척시 수로부인길 453,강원 삼척시 갈천동 225,129.1641301,37.4714259,,,POI01000TR033557V,쏠비치 삼척,120,24,Y,4,4,4,4,4,
2306030008,f_f000538,7,한 맹방해수욕장,2023-06-03,2023-06-03,,강원 삼척시 근덕면 하맹방리 221-59,129.2251592,37.3941585,,,POI02001TR031615V,하맹방해수욕장,120,1,N,2,,4,5,4,
2306030009,f_f000538,10,멕시칸치킨 사직점,2023-06-03,2023-06-03,중앙로2길,,,,,,,,0,11,N,9,,3,3,3,4223012000
2306030010,f_f000538,9,오복 미가,2023-06-03,2023-06-03,강원 삼척시 새천년도로 511,강원 삼척시 교동 413-5,129.1721468,37.4654467,,,POI010000008LOI83,오복미가,0,11,N,9,,3,3,3,
2306030011,f_f000538,11,쏠비치 삼척,2023-06-03,2023-06-04,강원 삼척시 수로부인길 453,강원 삼척시 갈천동 225,129.1641301,37.4714259,,,POI01000TR033557V,쏠비치 삼척,300,24,Y,4,4,4,4,4,
2306040001,f_f000538,12,장호항,2023-06-04,2023-06-04,,강원 삼척시 근덕면 장호리 1-13,129.3178682,37.2885222,,,POI01000000AT4ZY0,장호항,30,1,N,1,,3,3,3,
2306040002,f_f000538,13,장호해변,2023-06-04,2023-06-04,,강원 삼척시 근덕면 장호리,129.3141772,37.2858875,,,POI01000TR041869V,장호해변,180,1,N,9,,3,3,3,
2306040003,f_f000538,14,삼척 해양레일바이크 궁촌정거장,2023-06-04,2023-06-04,강원 삼척시 근덕면 공양왕길 2,강원 삼척시 근덕면 궁촌리 146-6,129.2663663,37.3236505,,,POI01000000BXREDM,삼척해양레일바이크 궁촌정거장,90,13,N,2,,4,4,4,
2306040004,f_f000538,15,다 보문어 전문점,2023-06-04,2023-06-04,강원 동해시 묵호시장길 32,강원 동해시 묵호진동 15-6,129.1157396,37.5524904,,,POI02001TR006087V,다보문어전문점,60,4,N,9,,4,4,4,
2306040005,f_f000538,16,묵호항,2023-06-04,2023-06-04,강원 동해시 임항로 121,강원 동해시 발한동 27-2,129.1123913,37.5497974,,,POI01000TR006223V,묵호항,30,4,Y,4,,4,4,4,
2306040006,f_f000538,17,쏠비치 삼척,2023-06-04,2023-06-05,강원 삼척시 수로부인길 453,강원 삼척시 갈천동 225,129.1641301,37.4714259,,,POI01000TR033557V,쏠비치 삼척,240,24,Y,4,4,4,4,4,
2306050001,f_f000538,18,쏠비치 삼척 오션 플레이,2023-06-05,2023-06-05,강원 삼척시 수로부인길 453,강원 삼척시 갈천동 산 16-4,129.1643421,37.4713302,,,POI01000TR017876V,쏠비치삼척 오션플레이,360,6,N,9,,4,4,4,
2306050002,f_f000538,19,쏠비치 삼척 쉐프스키친,2023-06-05,2023-06-05,강원 삼척시 수로부인길 453,강원 삼척시 갈천동 225,129.1653073,37.4708999,,,POI01000TR041719V,쏠비치삼척 쉐프스키친,30,11,N,9,,4,4,4,
2306050003,f_f000538,20,일가,2023-06-05,2023-06-05,강원 삼척시 새천년도로 626,강원 삼척시 갈천동 138-2,129.1614535,37.4652213,,,POI01000TR023388V,일가,90,11,N,9,,4,4,4,
2306050004,f_f000538,21,양평 휴게 주유소 서울 방향,2023-06-05,2023-06-05,경기 양평군 양동면 여양3로 384-27,경기 양평군 양동면 단석리 산 166-3,127.7221178,37.3984625,,,POI01000TR009962V,양평휴게주유소 서울방향,30,9,N,9,,4,4,4,
2306050005,f_f000538,22,집,2023-06-05,2023-06-06,신공덕래미안2차,,,,,,,,90,21,,,,,,,1144010300
2305160001,f_f000543,1,집,2023-05-16,2023-05-16,경기 화성시 봉담읍 상리3길 90 봉담힐스테이트,경기 화성시 봉담읍 수영리 689,,,4855207,4159025323,,,,21,,,,,,,41590
2305160002,f_f000543,2,수원역,2023-05-16,2023-05-16,경기 수원시 팔달구 덕영대로 924,경기 수원시 팔달구 매산로1가 18,127.0000947,37.2657903,,,POI01000TR008434V,수원역,30,9,Y,11,,5,5,5,
2305160003,f_f000543,3,서울역,2023-05-16,2023-05-16,서울 용산구 한강대로 405,서울 용산구 동자동 43-205,126.9706069,37.5546788,,,POI01000TR030428V,도원스타일 서울역점,0,9,Y,11,,5,5,5,
2305160004,f_f000543,4,강릉역,2023-05-16,2023-05-16,강원 강릉시 용지로 176,강원 강릉시 교동 118,128.8996276,37.7645236,,,POI0100000075Y1PW,강릉역,0,9,N,6,,5,5,5,
2305160005,f_f000543,5,더다온,2023-05-16,2023-05-16,강원 강릉시 율곡로 2886,강원 강릉시 교동 183-200,128.8946087,37.7609262,,,POI01000TR001480V,더다온,0,24,N,2,7,4,4,4,
2305160006,f_f000543,6,기동이네 장칼국수,2023-05-16,2023-05-16,강원 강릉시 강릉대로 461,강원 강릉시 포남동 1056-3,128.9132611,37.774323,,,POI02001TR004487V,기동이네장칼국수,30,11,N,2,,5,5,5,
2305160007,f_f000543,7,갤러리 밥스,2023-05-16,2023-05-16,강원 강릉시 난설헌로 144,강원 강릉시 포남동 82-7,128.9080424,37.787195,,,POI01000TR023461V,갤러리밥스,60,11,N,1,,5,5,5,
2305160008,f_f000543,8,경포해수욕장,2023-05-16,2023-05-16,강원 강릉시 창해로 514,강원 강릉시 강문동 산 1,128.9102102,37.8034055,,,POI01000TR027006V,경포해수욕장,120,1,Y,4,,5,5,5,
2305160009,f_f000543,9,강릉 동화 가든 본점,2023-05-16,2023-05-16,강원 강릉시 초당순두부길77번길 15,강원 강릉시 초당동 309-1,128.91466,37.7911504,,,POI01000TR028300V,동화가든 본점,30,11,N,2,,4,4,4,
2305160010,f_f000543,10,순두부 젤라또 2호점,2023-05-16,2023-05-16,강원 강릉시 경강로 2642,강원 강릉시 견소동 190-82,128.9471035,37.7713695,,,POI01000000CWUWRL,순두부젤라또 2호점,30,11,N,2,,5,5,5,
2305160011,f_f000543,11,더다온,2023-05-16,2023-05-17,강원 강릉시 율곡로 2886,강원 강릉시 교동 183-200,128.8946087,37.7609262,,,POI01000TR001480V,더다온,270,24,N,2,7,5,5,5,
2305170001,f_f000543,12,마크 모예 베이글바,2023-05-17,2023-05-17,강원 강릉시 율곡로 2881-2,강원 강릉시 교동 183-358,128.8944245,37.7603815,,,POI01000TR042031V,마카모예 베이글바,120,11,N,2,,5,5,5,
2305170002,f_f000543,13,뚱보 냉면,2023-05-17,2023-05-17,강원 강릉시 토성로 156-2,강원 강릉시 임당동 72-3,128.8936557,37.7552825,,,POI010000007UG96S,뚱보냉면,30,11,N,2,,3,3,3,
2305170003,f_f000543,14,사유의 공간,2023-05-17,2023-05-17,강원 강릉시 임영로 194,강원 강릉시 교동 162-46,128.8919463,37.7583746,,,POI01000TR039103V,사유의공간 더빈티지,30,10,N,1,,5,5,5,
2305170004,f_f000543,15,더다온,2023-05-17,2023-05-17,강원 강릉시 율곡로 2886,강원 강릉시 교동 183-200,128.8946087,37.7609262,,,POI01000TR001480V,더다온,30,24,Y,2,7,5,5,5,
2305170005,f_f000543,16,강릉역,2023-05-17,2023-05-17,강원 강릉시 용지로 176,강원 강릉시 교동 118,128.8996276,37.7645236,,,POI0100000075Y1PW,강릉역,0,9,Y,6,,5,5,5,
2305170006,f_f000543,17,묵호역,2023-05-17,2023-05-17,강원 동해시 해안로 520,강원 동해시 발한동 210,129.1077179,37.5468478,,,POI01000TR027162V,묵호역,30,9,N,6,,5,5,5,
2305170007,f_f000543,18,여행 책방 잔잔하게,2023-05-17,2023-05-17,강원 동해시 발한로 215-2,강원 동해시 발한동 32-7,129.1086171,37.5487677,,,POI01000TR011660V,여행책방 잔잔하게,30,10,N,1,,5,5,5,
2305170008,f_f000543,19,끼룩 상점,2023-05-17,2023-05-17,강원 동해시 중앙시장길 12,강원 동해시 발한동 7-1,129.1085683,37.5510477,,,POI01000TR041730V,끼룩상점,30,10,N,1,,4,4,4,
2305170009,f_f000543,20,발한공원,2023-05-17,2023-05-17,강원 동해시 해안로 535,강원 동해시 발한동 241-9,129.105721,37.5478951,,,POI02001TR011951V,발한공원,60,12,N,11,,5,5,5,
2305170010,f_f000543,21,묵호역,2023-05-17,2023-05-17,강원 동해시 해안로 520,강원 동해시 발한동 210,129.1077179,37.5468478,,,POI01000TR027162V,묵호역,0,9,Y,6,,5,5,5,
2305170011,f_f000543,22,103랩,2023-05-17,2023-05-17,강원 동해시 논골1길 19,강원 동해시 묵호진동 2-352,129.1174527,37.5532128,,,POI010000008N5ANT,103랩,0,24,N,1,7,5,5,5,
2305170012,f_f000543,23,논골담길,2023-05-17,2023-05-17,강원 동해시 논골1길 2,강원 동해시 묵호진동 2-294,129.1165848,37.5527707,,,POI01000TR000425V,논골담길,30,7,N,1,,5,5,5,
2305170013,f_f000543,24,진모래 횟집,2023-05-17,2023-05-17,강원 동해시 일출로 125-1,강원 동해시 묵호진동 2-483,129.1199832,37.5541871,,,POI010000006B9WZH,진모래횟집,60,11,N,2,,5,5,5,
2305170014,f_f000543,25,한결,2023-05-17,2023-05-17,강원 동해시 일출로 195,강원 동해시 묵호진동 2-453,129.1199343,37.5595678,,,POI02001TR031851V,한결,60,11,N,1,,5,5,5,
2305170015,f_f000543,26,103랩,2023-05-17,2023-05-18,강원 동해시 논골1길 19,강원 동해시 묵호진동 2-352,129.1174527,37.5532128,,,POI010000008N5ANT,103랩,210,24,Y,1,7,5,5,5,
2305180001,f_f000543,27,바람의 언덕,2023-05-18,2023-05-18,,강원 동해시 묵호진동 2-244,129.1184805,37.5540267,,,POI01000TR000754V,바람의언덕,30,1,Y,1,,4,4,4,
2305180002,f_f000543,28,103랩,2023-05-18,2023-05-18,강원 동해시 논골1길 19,강원 동해시 묵호진동 2-352,129.1174527,37.5532128,,,POI010000008N5ANT,103랩,300,24,Y,1,7,5,5,5,
2305180003,f_f000543,29,묵호역,2023-05-18,2023-05-18,강원 동해시 해안로 520,강원 동해시 발한동 210,129.1077179,37.5468478,,,POI01000TR027162V,묵호역,30,9,Y,6,,5,5,5,
2305180004,f_f000543,30,라운드어바웃 동해,2023-05-18,2023-05-18,강원 동해시 발한로 220,강원 동해시 발한동 31-23,129.1090279,37.5490919,,,POI010000006BA7NH,라운드어바웃 동해,60,11,N,1,,5,5,5,
2305180005,f_f000543,31,묵호역,2023-05-18,2023-05-18,강원 동해시 해안로 520,강원 동해시 발한동 210,129.1077179,37.5468478,,,POI01000TR027162V,묵호역,30,9,Y,6,,5,5,5,
2305180006,f_f000543,32,초당 쫄면 순두부,2023-05-18,2023-05-18,강원 동해시 해안로 515-1,강원 동해시 발한동 209-71,129.1071099,37.5462705,,,POI01000000EZAQIR,초당쫄면순두부,30,11,N,2,,3,1,2,
2305180007,f_f000543,33,북평민속시장,2023-05-18,2023-05-18,강원 동해시 오일장길 32,강원 동해시 북평동 15-5,129.1260202,37.48244,,,POI010000006DLQ4U,북평민속시장,30,4,N,5,,4,4,4,
2305180008,f_f000543,34,해파랑길 33코스,2023-05-18,2023-05-18,,강원 동해시 송정동,129.126766,37.5042702,,,POI01000TR027606V,해파랑길 33코스,90,7,N,2,,5,5,5,
2305180009,f_f000543,35,파스쿠찌 동해 해안 도로 DI 점,2023-05-18,2023-05-18,강원 동해시 해안로 374,강원 동해시 평릉동 94-4,129.1144647,37.5354045,,,POI02001TR030561V,파스쿠찌 동해해안도로DI점,90,11,N,2,,5,5,5,
2305180010,f_f000543,36,어향,2023-05-18,2023-05-18,강원 동해시 중앙시장길 24,강원 동해시 발한동 302-29,129.1078074,37.5517531,,,POI02001TR020343V,어향,60,11,N,1,,5,5,5,
2305180011,f_f000543,37,묵호역,2023-05-18,2023-05-18,강원 동해시 해안로 520,강원 동해시 발한동 210,129.1077179,37.5468478,,,POI01000TR027162V,묵호역,30,9,Y,6,,5,5,5,
2305180012,f_f000543,38,서울역,2023-05-18,2023-05-18,서울 용산구 한강대로 405,서울 용산구 동자동 43-205,126.9706069,37.5546788,,,POI01000TR030428V,도원스타일 서울역점,30,9,Y,6,,5,5,5,
2305180013,f_f000543,39,수원역,2023-05-18,2023-05-18,경기 수원시 팔달구 덕영대로 924,경기 수원시 팔달구 매산로1가 18,127.0000947,37.2657903,,,POI01000TR008434V,수원역,0,9,Y,6,,5,5,5,
2305180014,f_f000543,40,집,2023-05-18,2023-05-19,경기 화성시 봉담읍 상리3길 90 봉담힐스테이트,경기 화성시 봉담읍 수영리 689,,,4855207,4159025323,,,30,21,,,,,,,
2305190001,f_f000568,1,사무실,2023-05-19,2023-05-19,동자동 43-205 서울역,,,,,,,,,23,,,,,,,1117010700
2305190002,f_f000568,2,가봄,2023-05-19,2023-05-20,강원 강릉시 초당원길 71-20,강원 강릉시 초당동 234-12,128.9128241,37.787176,,,POI01000000F1C7YT,가봄,1440,24,N,7,7,5,5,5,
2305200001,f_f000568,12,한 장 프리젠,2023-05-20,2023-05-21,서울 영등포구 양평로24길 16,서울 영등포구 양평동5가 94,126.8937526,37.5396565,,,POI01000000B1GMX7,한강프리젠오피스텔,90,21,,,,,,,
2305200002,f_f000568,3,농촌 순두부,2023-05-20,2023-05-20,강원 강릉시 초당순두부길 108,강원 강릉시 강문동 126-1,128.9169324,37.7920214,,,POI01000TR019559V,농촌순두부,30,11,N,2,,4,3,4,
2305200003,f_f000568,4,가봄,2023-05-20,2023-05-20,강원 강릉시 초당원길 71-20,강원 강릉시 초당동 234-12,128.9128241,37.787176,,,POI01000000F1C7YT,가봄,90,24,Y,7,7,5,5,5,
2305200004,f_f000568,5,경포해수욕장,2023-05-20,2023-05-20,강원 강릉시 창해로 514,강원 강릉시 강문동 산 1,128.9102102,37.8034055,,,POI01000TR027006V,경포해수욕장,30,1,N,1,,4,4,4,
2305200005,f_f000568,6,은파 횟집,2023-05-20,2023-05-20,강원 강릉시 창해로350번길 29,강원 강릉시 강문동 223,128.9169662,37.7964926,,,POI010000006B2GD8,은파횟집,60,11,N,5,,5,4,4,
2305200006,f_f000568,7,구옥,2023-05-20,2023-05-20,강원 강릉시 창해로 378,강원 강릉시 강문동 242-1,128.9164459,37.7961282,,,POI01000TR022204V,꾸옥,60,11,N,2,,5,5,5,
2305200007,f_f000568,8,강문해변,2023-05-20,2023-05-20,,강원 강릉시 강문동 182-1,128.9191753,37.7948207,,,POI01000TR024661V,강문해변,30,1,N,1,,4,4,4,
2305200008,f_f000568,9,오죽헌,2023-05-20,2023-05-20,강원 강릉시 율곡로3139번길 24,강원 강릉시 죽헌동 177-4,128.8773135,37.7795001,,,POI01000TR010855V,오죽헌,90,2,N,1,,5,5,5,
2305200009,f_f000568,10,현대 장칼국수,2023-05-20,2023-05-20,강원 강릉시 임영로182번길 7-1,강원 강릉시 임당동 187-11,128.8926667,37.7574784,,,POI01000TR038085V,현대장칼국수,30,11,N,3,,3,2,2,
2305200010,f_f000568,11,강릉 중앙시장,2023-05-20,2023-05-20,강원 강릉시 금성로 21,강원 강릉시 성남동 50,128.8986238,37.7540251,,,POI01000TR021364V,강릉중앙시장,30,4,N,1,,4,4,3,
2305310001,f_f000586,1,집,2023-05-31,2023-05-31,,,,,,,,,,21,,,,,,,4211011700
2305310002,f_f000586,2,속초 아이파크스위트호텔 앤 레지던스,2023-05-31,2023-05-31,강원 속초시 중앙로 266,강원 속초시 동명동 62,128.5966604,38.2134746,,,POI02001TR016821V,속초아이파크스위트호텔앤레지던스,90,24,N,8,1,5,5,5,
2305310003,f_f000586,3,속초 아이,2023-05-31,2023-05-31,강원 속초시 청호해안길 2,강원 속초시 조양동 1450-143,128.6026902,38.1907387,,,POI01000TR019981V,속초아이,30,1,Y,1,,5,5,5,
2305310004,f_f000586,4,속초해수욕장,2023-05-31,2023-05-31,강원 속초시 해오름로 186,강원 속초시 조양동 1464-7,128.6040985,38.1900529,,,POI01000TR017253V,속초해수욕장,30,1,Y,1,,5,5,5,
2305310005,f_f000586,5,중앙 닭강정 엑스포 직영점,2023-05-31,2023-05-31,강원 속초시 엑스포로 135-5,강원 속초시 교동 1022-3,128.5809979,38.1961676,,,POI02001TR026856V,중앙닭강정 엑스포직영점,30,11,Y,4,,5,5,5,
2305310006,f_f000586,6,버거킹 속초 DT점,2023-05-31,2023-05-31,강원 속초시 동해대로 4059,강원 속초시 조양동 1521-3,128.5907103,38.1892766,,,POI01000TR007383V,버거킹 속초DT점,30,11,Y,8,,5,5,5,
2305310007,f_f000586,7,속초 아이파크스위트호텔 앤 레지던스,2023-05-31,2023-06-01,강원 속초시 중앙로 266,강원 속초시 동명동 62,128.5966604,38.2134746,,,POI02001TR016821V,속초아이파크스위트호텔앤레지던스,270,24,N,7,1,5,5,5,
2306010001,f_f000586,8,아바이마을,2023-06-01,2023-06-01,,강원 속초시 청호동 550-14,128.5942286,38.2021772,,,POI01000TR007741V,아바이마을,30,1,Y,1,,5,5,5,
2306010002,f_f000586,9,청초호유원지,2023-06-01,2023-06-01,,강원 속초시 조양동 1544-2,128.5853333,38.191641,,,POI01000TR009801V,청초호유원지,60,1,Y,1,,5,5,5,
2306010003,f_f000586,10,버거킹 속초 DT점,2023-06-01,2023-06-01,강원 속초시 동해대로 4059,강원 속초시 조양동 1521-3,128.5907103,38.1892766,,,POI01000TR007383V,버거킹 속초DT점,30,11,Y,8,,5,5,5,
2306010004,f_f000586,11,속초관광수산시장,2023-06-01,2023-06-01,강원 속초시 중앙로147번길 16,강원 속초시 중앙동 471-4,128.5901795,38.2045436,,,POI01000TR005661V,속초관광수산시장,60,4,Y,1,,5,5,5,
2306010005,f_f000586,12,영금정,2023-06-01,2023-06-01,강원 속초시 영금정로 43,강원 속초시 동명동 1-185,128.6016133,38.2118109,,,POI01000TR015762V,영금정,30,1,Y,1,,5,5,5,
2306010006,f_f000586,13,속초 아이파크스위트호텔 앤 레지던스,2023-06-01,2023-06-02,강원 속초시 중앙로 266,강원 속초시 동명동 62,128.5966604,38.2134746,,,POI02001TR016821V,속초아이파크스위트호텔앤레지던스,270,24,Y,7,1,5,5,5,
2306020001,f_f000586,15,집,2023-06-02,2023-06-03,,,,,,,,,660,21,,,,,,,4211011700
2306020002,f_f000586,14,롯데리조트 속초,2023-06-02,2023-06-02,강원 속초시 대포항길 186,강원 속초시 대포동 995,128.6132016,38.1807173,,,POI01000TR028984V,롯데리조트 속초,30,12,Y,6,,5,5,5,
2305270001,f_f000591,2,나드리김밥,2023-05-27,2023-05-27,경남 창녕군 창녕읍 종로 44-1,경남 창녕군 창녕읍 교상리 40,128.4997548,35.5413202,,,POI02001TR005113V,나드리김밥,30,11,N,9,,3,4,4,
2305270002,f_f000591,1,집,2023-05-27,2023-05-27,과학마을로 3길 14,,,,,,,,,21,,,,,,,2771038000
2305270003,f_f000591,4,창녕천,2023-05-27,2023-05-27,,경남 창녕군 창녕읍 송현리,128.5175724,35.5422183,,,POI01000000BYPLL0,창녕천,30,7,N,1,,5,5,5,
2305270004,f_f000591,7,남중 빌라,2023-05-27,2023-05-27,경남 창녕군 창녕읍 창녕대로 46-12,경남 창녕군 창녕읍 술정리 303-1,128.4915669,35.5402592,,,POI01000000C8EE7F,남중그린빌라,120,22,Y,6,,5,5,5,
2305270005,f_f000591,6,대구 반야월 막창 창녕점,2023-05-27,2023-05-27,경남 창녕군 창녕읍 당산길 9,경남 창녕군 창녕읍 술정리 320-7,128.4928191,35.5405366,,,POI02001TR006522V,대구반야월막창 창녕점,120,11,Y,4,,5,5,5,
2305270006,f_f000591,8,집,2023-05-27,2023-05-28,,,,,,,,,570,22,,,,,,,4874025025
2305270007,f_f000591,5,창녕술정리동 삼층석탑,2023-05-27,2023-05-27,,경남 창녕군 창녕읍 술정리 412-20,128.4961109,35.5396099,,,POI02001TR027424V,창녕술정리동 삼층석탑,30,2,N,10,,5,5,5,
2305270008,f_f000591,3,파리바게뜨 경남 창녕 점,2023-05-27,2023-05-27,경남 창녕군 창녕읍 종로 39,경남 창녕군 창녕읍 교하리 91-2,128.4995697,35.5408539,,,POI02001TR030530V,파리바게뜨 경남창녕점,0,10,Y,9,,4,3,3,
2305280001,f_f000591,9,우포늪 생태체험장,2023-05-28,2023-05-28,경남 창녕군 대합면 우포2로 370,경남 창녕군 대합면 주매리 556-2,128.4212414,35.5659478,,,POI01000000E180VE,우포늪생태체험장,60,13,N,2,,5,5,5,
2305280002,f_f000591,10,우포늪 생태체험장(전시관 관람),2023-05-28,2023-05-28,경남 창녕군 대합면 우포2로 370,경남 창녕군 대합면 주매리 556-2,128.4212414,35.5659478,,,POI02001TR022775V,우포늪생태체험장(전시관관람),60,13,N,10,,5,5,5,
2305280003,f_f000591,11,우포로와(수제햄 거거),2023-05-28,2023-05-28,경남 창녕군 대합면 쟁반1길 38,경남 창녕군 대합면 신당리 80-7,128.4390795,35.5761073,,,POI02001TR022776V,우포로와(수제햄거거),60,11,N,5,,3,3,3,
2305280004,f_f000591,12,집,2023-05-28,2023-05-29,과학마을로 3길 14,,,,,,,,570,21,,,,,,,2771038000
2305190001,f_f000609,1,집,2023-05-19,2023-05-19,서울 마포구 백범로 82,서울 마포구 대흥동 803,,,3005016,1144010800,,,,21,,,,,,,1144010800
2305190002,f_f000609,2,평창휴게소 강릉방향,2023-05-19,2023-05-19,강원 평창군 용평면 경강로 2159-58,강원 평창군 용평면 이목정리 775,128.4529472,37.605367,,,POI01000TR015511V,평창휴게소 강릉방향,30,9,N,9,,4,4,4,
2305190003,f_f000609,3,정동진 밥집,2023-05-19,2023-05-19,강원 강릉시 강동면 정동3길 46,강원 강릉시 강동면 정동진리 133-5,129.0358884,37.6860735,,,POI01000000ASHQBG,정동진밥집,60,11,N,2,,5,5,5,
2305190004,f_f000609,4,강릉통일공원,2023-05-19,2023-05-19,강원 강릉시 강동면 율곡로 1715-38,강원 강릉시 강동면 안인진리 산 45-49,128.9974263,37.72003,,,POI01000000ATE27M,통일공원,90,2,N,10,,5,5,5,
2305190005,f_f000609,5,강릉 사천농협 하나로마트 본점,2023-05-19,2023-05-19,강원 강릉시 사천면 미노길 78-7,강원 강릉시 사천면 미노리 493,128.8500147,37.8238211,,,POI0100000075Y65H,강릉사천농협하나로마트 본점,30,4,N,6,,5,5,5,
2305190006,f_f000609,6,컨피네스 오션 스위트,2023-05-19,2023-05-19,강원 강릉시 사천면 진리항구2길 5,강원 강릉시 사천면 사천진리 86-81,128.8746189,37.8366057,,,POI01000TR001912V,컨피네스오션스위트,60,24,Y,4,1,5,5,5,
2305190007,f_f000609,7,사천진항,2023-05-19,2023-05-19,,강원 강릉시 사천면 사천진리 2,128.8769889,37.8372562,,,POI01000TR037079V,사천진항,60,7,N,1,,5,5,5,
2305190008,f_f000609,8,컨피네스 오션 스위트,2023-05-19,2023-05-20,강원 강릉시 사천면 진리항구2길 5,강원 강릉시 사천면 사천진리 86-81,128.8746189,37.8366057,,,POI01000TR001912V,컨피네스오션스위트,210,24,Y,4,1,5,5,5,
2305200001,f_f000609,9,대관령 아기동물 목장,2023-05-20,2023-05-20,강원 강릉시 사천면 송암골길 197-13,강원 강릉시 사천면 노동리 819-13,128.8294435,37.7976126,,,POI01000000CFIF1L,대관령아기동물농장,60,13,N,2,,5,5,5,
2305200002,f_f000609,10,동해 건어물,2023-05-20,2023-05-20,강원 강릉시 경포로 489-6,강원 강릉시 안현동 94-143,128.9047395,37.8039986,,,POI010000008MTTLX,강릉동해건어물,30,10,N,2,,4,4,4,
2305200003,f_f000609,11,한솥도시락 강릉원주대점,2023-05-20,2023-05-20,강원 강릉시 지변길 20,강원 강릉시 지변동 280-10,128.8728049,37.7731002,,,POI02001TR032132V,한솥도시락 강릉원주대점,30,11,N,6,,5,5,5,
2305200004,f_f000609,12,컨피네스 오션 스위트,2023-05-20,2023-05-20,강원 강릉시 사천면 진리항구2길 5,강원 강릉시 사천면 사천진리 86-81,128.8746189,37.8366057,,,POI01000TR001912V,컨피네스오션스위트,90,24,Y,4,1,5,5,5,
2305200005,f_f000609,13,사천해변,2023-05-20,2023-05-20,,강원 강릉시 사천면 방동리 282-1,128.8777019,37.8304345,,,POI01000TR036165V,사천해변,60,1,Y,4,,5,5,5,
2305200006,f_f000609,14,바우 카페 본점,2023-05-20,2023-05-20,강원 강릉시 사천면 진리해변길 109-1,강원 강릉시 사천면 사천진리 266-34,128.8754758,37.8410206,,,POI01000TR004855V,바우카페 본점,30,11,Y,4,,5,5,5,
2305200007,f_f000609,15,강릉 중앙시장,2023-05-20,2023-05-20,강원 강릉시 금성로 21,강원 강릉시 성남동 50,128.8986238,37.7540251,,,POI01000TR021364V,강릉중앙시장,60,4,N,1,,5,5,5,
2305200008,f_f000609,16,홍익 돈가스 강릉점,2023-05-20,2023-05-20,강원 강릉시 가작로 151,강원 강릉시 교동 713-15,128.8922345,37.7707971,,,POI02001TR033931V,홍익돈까스 강릉점,30,11,Y,4,,5,5,5,
2305200009,f_f000609,17,포남 수산,2023-05-20,2023-05-20,강원 강릉시 경강로 2247,강원 강릉시 포남동 1147-8,128.9082105,37.7645533,,,POI01000TR009049V,포남수산,30,11,Y,4,,5,5,5,
2305200010,f_f000609,18,컨피네스 오션 스위트,2023-05-20,2023-05-21,강원 강릉시 사천면 진리항구2길 5,강원 강릉시 사천면 사천진리 86-81,128.8746189,37.8366057,,,POI01000TR001912V,컨피네스오션스위트,300,24,Y,4,1,5,5,5,
2305210001,f_f000609,19,오죽헌,2023-05-21,2023-05-21,강원 강릉시 율곡로3139번길 24,강원 강릉시 죽헌동 177-4,128.8773135,37.7795001,,,POI01000TR010855V,오죽헌,60,2,Y,10,,5,5,5,
2305210002,f_f000609,20,강문 옛 태광 식당,2023-05-21,2023-05-21,강원 강릉시 난설헌로 105,강원 강릉시 포남동 945,128.9036933,37.7853601,,,POI0100000090ZEWE,강문옛태광식당,60,11,Y,4,,5,5,5,
2305210003,f_f000609,21,순두부 젤라또 1호점,2023-05-21,2023-05-21,강원 강릉시 초당순두부길 95-5,강원 강릉시 초당동 354-4,128.9154798,37.7916865,,,POI01000TR039076V,순두부젤라또 1호점,30,11,N,2,,5,5,5,
2305210004,f_f000609,22,송정해변,2023-05-21,2023-05-21,,강원 강릉시 송정동 산 1-4,128.9377962,37.7798287,,,POI01000TR040808V,송정해변,60,1,N,9,,5,5,5,
2305210005,f_f000609,23,집,2023-05-21,2023-05-22,서울 마포구 백범로 82,서울 마포구 대흥동 803,,,3005016,1144010800,,,270,21,,,,,,,
2305280001,f_f000611,1,집,2023-05-28,2023-05-28,,,,,,,,,,21,,,,,,,1144010900
2305280002,f_f000611,2,가평휴게소 춘천 방향,2023-05-28,2023-05-28,경기 가평군 설악면 미사리로540번길 51,경기 가평군 설악면 미사리,127.5468237,37.7019331,,,POI01000TR027920V,가평휴게소 춘천방향,60,9,Y,6,,4,4,4,
2305280003,f_f000611,4,레고랜드 코리아리조트,2023-05-28,2023-05-29,강원 춘천시 하중도길 128,강원 춘천시 중도동 603,127.6963934,37.8822417,,,POI01000TR001315V,레고랜드코리아리조트,270,24,Y,4,1,4,4,4,
2305280004,f_f000611,3,황토집 숯불닭갈비,2023-05-28,2023-05-28,강원 춘천시 신북읍 신샘밭로 656-9,강원 춘천시 신북읍 천전리 89-4,127.7830823,37.9290351,,,POI01000000CMSQT5,황토집숯불닭갈비,30,4,N,5,,4,4,4,
2305290001,f_f000611,6,집,2023-05-29,2023-05-30,,,,,,,,,330,21,,,,,,,1144010900
2305290002,f_f000611,5,레고랜드 코리아리조트,2023-05-29,2023-05-29,강원 춘천시 하중도길 128,강원 춘천시 중도동 603,127.6963934,37.8822417,,,POI01000TR001315V,레고랜드코리아리조트,30,13,N,11,,5,5,5,
2306030001,f_f000627,1,집,2023-06-03,2023-06-03,,,,,,,,,,21,,,,,,,4812111600
2306030002,f_f000627,5,상족암 군립 공원 오토캠핑장,2023-06-03,2023-06-04,경남 고성군 하이면 덕명5길 53-7,경남 고성군 하이면 덕명리 15,128.1554733,34.9095293,,,POI02001TR014615V,상족암군립공원 오토캠핑장,540,24,N,1,5,4,3,3,
2306030003,f_f000627,2,율대 한식 뷔페,2023-06-03,2023-06-03,경남 고성군 고성읍 남해안대로 2514-8,경남 고성군 고성읍 율대리 789-22,128.3352538,34.9678158,,,POI02001TR023621V,율대한식뷔페,30,11,N,9,,5,5,5,
2306030004,f_f000627,3,만화방초,2023-06-03,2023-06-03,경남 고성군 거류면 은황길 82-91,경남 고성군 거류면 은월리 17-8,128.3855,34.9603597,,,POI02001TR010031V,만화방초,60,1,N,1,,5,5,5,
2306030005,f_f000627,4,고성 학동마을 옛 담장,2023-06-03,2023-06-03,경남 고성군 하일면 학동돌담길 11-5,경남 고성군 하일면 학림리 917-1,128.1923399,34.948955,,,POI01000TR032103V,고성학동마을옛담장,30,1,Y,9,,3,5,4,
2306040001,f_f000627,9,집,2023-06-04,2023-06-05,,,,,,,,,180,21,,,,,,,4812111600
2306040002,f_f000627,6,고성공룡 박물관,2023-06-04,2023-06-04,경남 고성군 하이면 자란만로 618,경남 고성군 하이면 덕명리 82,128.1486627,34.908149,,,POI01000000EGAK4O,고성공룡박물관,60,1,Y,6,,5,5,5,
2306040003,f_f000627,7,상족암 군립 공원,2023-06-04,2023-06-04,,경남 고성군 하이면 덕명리 50-1,128.1541682,34.9090739,,,POI01000000BYLRWD,상족암군립공원,300,1,Y,1,,3,3,3,
2306040004,f_f000627,8,고옥정,2023-06-04,2023-06-04,경남 고성군 거류면 당동5길 54-7,경남 고성군 거류면 당동리 150-6,128.4075771,34.9889977,,,POI01000000DP09RY,고옥정,30,11,Y,4,,5,5,5,
2306060001,f_f000650,1,집,2023-06-06,2023-06-06,사직대로38 포빌아파트,,,,,,,,,21,,,,,,,4311311400
2306060002,f_f000650,10,삼화사 템플스테이,2023-06-06,2023-06-07,산172,,,,,,,,450,24,N,5,11,4,4,4,4217012400
2306060003,f_f000650,2,청주 시외버스터미널,2023-06-06,2023-06-06,충북 청주시 흥덕구 풍산로 6,충북 청주시 흥덕구 가경동 1449,127.4317027,36.6253384,,,POI01000TR042590V,청주시외버스터미널,30,9,Y,7,,4,4,4,
2306060004,f_f000650,3,강릉 시외버스터미널,2023-06-06,2023-06-06,강원특별자치도 강릉시 하슬라로 27,강원특별자치도 강릉시 홍제동 992-1,128.8788757,37.7546804,,,POI01000TR035464V,강릉시외버스터미널,0,9,N,6,,4,4,4,
2306060005,f_f000650,4,동해시 종합버스터미널,2023-06-06,2023-06-06,강원특별자치도 동해시 동해대로 5443,강원특별자치도 동해시 평릉동 166-4,129.1040424,37.5277066,,,POI02001TR008156V,동해시종합버스터미널,0,9,N,6,,4,4,4,
2306060006,f_f000650,5,소복소복,2023-06-06,2023-06-06,강원특별자치도 동해시 평원5길 8-5,강원특별자치도 동해시 평릉동 486-6,129.1183262,37.5293897,,,POI01000TR034280V,소복소복,60,11,Y,4,,5,4,4,
2306060007,f_f000650,6,한 섬 해변,2023-06-06,2023-06-06,,강원특별자치도 동해시 천곡동 45-1,129.1219431,37.5201938,,,POI01000TR016632V,한섬해변,30,1,Y,4,,4,4,5,
2306060008,f_f000650,7,동해 제빵소,2023-06-06,2023-06-06,강원특별자치도 동해시 한섬로 126-1,강원특별자치도 동해시 천곡동 936-2,129.1179638,37.5213751,,,POI01000000CYURPG,동해제빵소,30,11,Y,1,,4,4,4,
2306060009,f_f000650,8,삼화사,2023-06-06,2023-06-06,강원특별자치도 동해시 삼화로 584,강원특별자치도 동해시 삼화동 860-1,129.0142263,37.4635644,,,POI01000000BSEJFB,삼화사,30,2,N,1,,5,4,4,
2306060010,f_f000650,9,무릉 계곡,2023-06-06,2023-06-06,강원특별자치도 동해시 삼화로 538,강원특별자치도 동해시 삼화동 859,129.0193932,37.4634726,,,POI01000000AT6HZL,무릉계곡,60,1,N,1,,5,5,5,
2306070001,f_f000650,23,내게 와 묵호,2023-06-07,2023-06-08,,,,,,,,,240,24,Y,4,3,5,4,4,4217012300
2306070002,f_f000650,11,"두타산 쌍폭포, 용추폭포",2023-06-07,2023-06-07,두타산,,,,,,,,150,1,N,1,,5,4,4,4217012400
2306070003,f_f000650,12,삼화사 기념품 숍,2023-06-07,2023-06-07,삼화사 내 기념품샵,,,,,,,,0,10,N,9,,4,4,4,4217012400
2306070004,f_f000650,13,한 섬 해변,2023-06-07,2023-06-07,,강원특별자치도 동해시 천곡동 45-1,129.1219431,37.5201938,,,POI01000TR016632V,한섬해변,30,1,Y,4,,5,5,5,
2306070005,f_f000650,14,묵호등대,2023-06-07,2023-06-07,강원특별자치도 동해시 해맞이길 289,강원특별자치도 동해시 묵호진동 2-215,129.1185623,37.554355,,,POI02001TR011104V,묵호등대,30,13,N,1,,4,5,5,
2306070006,f_f000650,15,논골담길 1길,2023-06-07,2023-06-07,강원특별자치도 동해시 논골1길 2,강원특별자치도 동해시 묵호진동 2-294,129.1165848,37.5527707,,,POI02001TR005859V,논골담길1길,30,7,Y,6,,4,4,4,
2306070007,f_f000650,16,동북 횟집,2023-06-07,2023-06-07,강원특별자치도 동해시 일출로 95,강원특별자치도 동해시 묵호진동 2-285,129.1181406,37.5520906,,,POI01000000DOQHLP,동북횟집,60,11,N,2,,4,3,4,
2306070008,f_f000650,17,동쪽 바다 중앙시장,2023-06-07,2023-06-07,강원특별자치도 동해시 중앙시장길 12,강원특별자치도 동해시 발한동 7-1,129.1085705,37.5510477,,,POI01000TR009803V,동쪽바다중앙시장,0,4,N,1,,3,3,3,
2306070009,f_f000650,18,런던 브라우니,2023-06-07,2023-06-07,강원특별자치도 동해시 중앙시장길 10-1,강원특별자치도 동해시 발한동 8-4,129.1088749,37.5509674,,,POI01000TR015625V,런던브라우니,0,11,N,2,,4,4,4,
2306070010,f_f000650,19,끼룩 상점,2023-06-07,2023-06-07,강원특별자치도 동해시 중앙시장길 12,강원특별자치도 동해시 발한동 7-1,129.1085683,37.5510477,,,POI01000TR041730V,끼룩상점,0,10,Y,4,,5,5,5,
2306070011,f_f000650,20,내게 와 묵호,2023-06-07,2023-06-07,,,,,,,,,30,24,Y,4,3,4,5,5,4217012300
2306070012,f_f000650,21,도째비골해랑전망대,2023-06-07,2023-06-07,,강원특별자치도 동해시 묵호진동 13-61,129.1201741,37.5536576,,,POI01000TR014837V,도째비골해랑전망대,0,1,N,9,,4,4,4,
2306070013,f_f000650,22,호재 퀴진,2023-06-07,2023-06-07,강원특별자치도 동해시 일출로 151,강원특별자치도 동해시 묵호진동 2-2,129.1209515,37.5567317,,,POI02001TR033507V,호재퀴진,60,11,N,2,,5,5,5,
2306080001,f_f000650,28,내게 와 묵호,2023-06-08,2023-06-09,,,,,,,,,450,24,Y,4,3,5,5,5,4217012300
2306080002,f_f000650,24,논골담길 3길,2023-06-08,2023-06-08,논골3길,,,,,,,,30,7,N,9,,4,4,4,4217012300
2306080003,f_f000650,25,울진대게 빵 동해 묵호점,2023-06-08,2023-06-08,강원특별자치도 동해시 논골길 2-1,강원특별자치도 동해시 묵호진동 15-66,129.1165572,37.5524361,,,POI02001TR022864V,울진대게빵 동해묵호점,0,10,N,9,,4,4,4,
2306080004,f_f000650,26,옥이네 분식,2023-06-08,2023-06-08,강원특별자치도 동해시 발한복개로 25,강원특별자치도 동해시 발한동 302-5,129.1074529,37.5510568,,,POI010000006BA1PD,옥이네분식,60,11,N,2,,4,3,4,
2306080005,f_f000650,27,묵호 287,2023-06-08,2023-06-08,강원특별자치도 동해시 해맞이길 287,강원특별자치도 동해시 묵호진동 2-209,129.1181698,37.5551611,,,POI01000TR027291V,묵호287,60,11,N,6,,5,5,5,
2306090001,f_f000650,34,집,2023-06-09,2023-06-10,사직대로38 포빌아파트,,,,,,,,300,21,,,,,,,4311311400
2306090002,f_f000650,29,묵호 287,2023-06-09,2023-06-09,강원특별자치도 동해시 해맞이길 287,강원특별자치도 동해시 묵호진동 2-209,129.1181698,37.5551611,,,POI01000TR027291V,묵호287,60,11,Y,4,,5,5,5,
2306090003,f_f000650,30,초당 쫄면 순두부,2023-06-09,2023-06-09,강원특별자치도 동해시 해안로 515-1,강원특별자치도 동해시 발한동 209-71,129.1071099,37.5462705,,,POI01000000EZAQIR,초당쫄면순두부,60,11,N,1,,5,5,5,
2306090004,f_f000650,31,묵호역,2023-06-09,2023-06-09,강원특별자치도 동해시 해안로 520,강원특별자치도 동해시 발한동 210,129.1077179,37.5468478,,,POI01000TR027162V,묵호역,30,9,Y,6,,4,4,4,
2306090005,f_f000650,32,서울역,2023-06-09,2023-06-09,서울 용산구 한강대로 405,서울 용산구 동자동 43-205,126.9706069,37.5546788,,,POI01000TR030428V,도원스타일 서울역점,0,9,Y,6,,4,4,4,
2306090006,f_f000650,33,오송역,2023-06-09,2023-06-09,충북 청주시 흥덕구 오송읍 오송가락로 123,충북 청주시 흥덕구 오송읍 봉산리 369-1,127.3275321,36.620159,,,POI01000000BUU0MH,오송역,0,9,Y,6,,4,4,4,
2306040001,f_f000655,1,집,2023-06-04,2023-06-04,강송로 19,,,,,,,,,21,,,,,,,4128510500
2306040002,f_f000655,2,청량리역,2023-06-04,2023-06-04,서울 동대문구 왕산로 214,서울 동대문구 전농동 591-53,127.0478983,37.5801601,,,POI01000TR012315V,청량리역,30,9,N,6,,4,4,4,
2306040004,f_f000655,4,만당 해장국,2023-06-04,2023-06-04,경북 영주시 대학로 6,경북 영주시 휴천동 320-13,128.6234984,36.8105268,,,POI01000TR042924V,만당해장국,30,11,N,9,,4,4,4,
2306040005,f_f000655,11,소백 게스트하우스,2023-06-04,2023-06-05,경북 영주시 영주로215번길 7-11,경북 영주시 영주동 335-39,128.6227198,36.8263014,,,POI0100000095T9DP,소백게스트하우스,360,24,N,8,7,2,1,1,
2306040006,f_f000655,5,철암 탄광 역사촌,2023-06-04,2023-06-04,강원 태백시 동태백로 402,강원 태백시 철암동 403-156,129.0371482,37.1141538,,,POI01000TR034047V,철암탄광역사촌,30,13,N,11,,4,3,3,
2306040007,f_f000655,8,부석사 식당,2023-06-04,2023-06-04,경북 영주시 부석면 부석사로 317,경북 영주시 부석면 북지리 287-5,128.6816964,36.9952024,,,POI010000006A7CNI,부석사식당,30,2,N,5,,3,3,3,
2306040008,f_f000655,9,부석사,2023-06-04,2023-06-04,충남 서산시 부석면 부석사길 243,충남 서산시 부석면 취평리 154-1,126.4122076,36.7042404,,,POI01000TR032463V,부석사,60,2,N,1,,4,3,3,
2306040009,f_f000655,10,소수서원,2023-06-04,2023-06-04,경북 영주시 순흥면 소백로 2740,경북 영주시 순흥면 내죽리 152-8,128.5802029,36.9256207,,,POI01000000E194NB,소수서원,30,2,N,1,,3,3,3,
2306040010,f_f000655,3,영주역,2023-06-04,2023-06-04,경북 영주시 선비로 64,경북 영주시 휴천동 257,128.625037,36.8110103,,,POI0100000068URGB,영주역,0,9,N,6,,4,3,3,
2306040011,f_f000655,6,철암역,2023-06-04,2023-06-04,강원 태백시 동태백로 389,강원 태백시 철암동 370-1,129.036557,37.1129964,,,POI01000TR013352V,철암역,30,9,N,6,,4,3,3,
2306040012,f_f000655,7,영주역,2023-06-04,2023-06-04,경북 영주시 선비로 64,경북 영주시 휴천동 257,128.625037,36.8110103,,,POI0100000068URGB,영주역,0,9,Y,6,,4,3,3,
2306050001,f_f000655,12,태극당,2023-06-05,2023-06-05,경북 영주시 번영로 154,경북 영주시 하망동 344-18,128.6250856,36.8249662,,,POI01000TR030034V,태극당,30,11,N,1,,5,5,5,
2306050002,f_f000655,14,유진 찜닭,2023-06-05,2023-06-05,경북 안동시 번영길 12,경북 안동시 남문동 181-4,128.7277146,36.5654208,,,POI02001TR023544V,유진찜닭,30,11,N,2,,4,4,4,
2306050003,f_f000655,15,매머드 베이커리,2023-06-05,2023-06-05,경북 안동시 문화광장길 34,경북 안동시 남부동 164-1,128.7309765,36.5646383,,,POI01000TR031326V,맘모스베이커리,60,11,Y,2,,4,4,4,
2306050004,f_f000655,16,청운채,2023-06-05,2023-06-05,경북 안동시 풍천면 하회남촌길 67,경북 안동시 풍천면 하회리 634-2,128.5179047,36.5379694,,,POI02001TR028027V,청운채,90,24,Y,4,6,5,5,5,
2306050005,f_f000655,17,안동 하회마을,2023-06-05,2023-06-05,,경북 안동시 풍천면 하회리 1176-1,128.5181412,36.5389828,,,POI01000TR039262V,안동하회마을,120,2,Y,4,,5,5,5,
2306050006,f_f000655,18,청운채,2023-06-05,2023-06-06,경북 안동시 풍천면 하회남촌길 67,경북 안동시 풍천면 하회리 634-2,128.5179047,36.5379694,,,POI02001TR028027V,청운채,300,24,Y,4,6,5,5,5,
2306050007,f_f000655,13,안동역,2023-06-05,2023-06-05,경북 안동시 경동로 122-16,경북 안동시 송현동 648,128.6748768,36.5744618,,,POI01000TR008324V,안동역,0,9,N,6,,4,3,3,
2306060001,f_f000655,19,부용대,2023-06-06,2023-06-06,경북 안동시 풍천면 광덕솔밭길 72,경북 안동시 풍천면 광덕리 산 23-3,128.5166155,36.5428516,,,POI01000TR017381V,부용대,30,1,Y,4,,5,5,5,
2306060002,f_f000655,20,대구식육식당,2023-06-06,2023-06-06,경북 안동시 풍산읍 풍산중앙길 152,경북 안동시 풍산읍 상리리 460-4,128.5770264,36.5778359,,,POI01000TR028115V,대구식육식당,30,11,N,5,,5,5,5,
2306060003,f_f000655,21,체화정,2023-06-06,2023-06-06,경북 안동시 풍산읍 풍산태사로 1123-10,경북 안동시 풍산읍 상리리 447,128.5782254,36.5790022,,,POI01000000BBUE1R,체화정,30,2,N,5,,5,5,5,
2306060004,f_f000655,22,안동역,2023-06-06,2023-06-06,경북 안동시 경동로 122-16,경북 안동시 송현동 648,128.6748768,36.5744618,,,POI01000TR008324V,안동역,60,9,Y,6,,4,3,3,
2306060005,f_f000655,24,집,2023-06-06,2023-06-07,강송로 196,,,,,,,,420,21,,,,,,,4128510500
2306060006,f_f000655,23,백마역 경의중앙선,2023-06-06,2023-06-06,경기 고양시 일산동구 경의로 318,경기 고양시 일산동구 백석동 92,126.7946165,37.6580166,,,POI02001TR012131V,백마역 경의중앙선,0,9,Y,6,,4,3,3,
2305270001,f_f000657,1,집,2023-05-27,2023-05-27,울산 울주군 청량읍 삼정로 92 쌍용하나빌리지,,,,3173048,3171026227,,,,21,,,,,,,3171026227
2305270002,f_f000657,2,노포역 부산 1호선,2023-05-27,2023-05-27,부산 금정구 중앙대로 2238,부산 금정구 노포동 133,129.0950242,35.2838438,,,POI01000TR107240V,노포역 부산1호선,30,9,Y,6,,3,3,3,
2305270003,f_f000657,3,부산역 홍콩반점,2023-05-27,2023-05-27,,,129.0394945,35.1156239,,,POI02001TR013146V,부산역 홍콩반점,30,11,N,9,,4,4,4,2617010100
2305270004,f_f000657,5,북항 엑스포 개최지,2023-05-27,2023-05-27,,,,,,,,,60,7,N,1,,5,5,5,2617010100
2305270005,f_f000657,4,흰 여울 문화마을,2023-05-27,2023-05-27,,부산 영도구 영선동4가 1044-6,129.0452814,35.0779148,,,POI01000TR016934V,흰여울문화마을,120,7,Y,4,,5,5,5,
2305270006,f_f000657,6,태화강역 동해선,2023-05-27,2023-05-27,울산 남구 산업로 654,울산 남구 삼산동 8-26,129.353813,35.5384669,,,POI01000000DQIHSQ,스퀘어짐 양천향교점,0,9,Y,6,,4,4,4,
2305270007,f_f000657,7,집,2023-05-27,2023-05-28,울산 울주군 청량읍 삼정로 92 쌍용하나빌리지,,,,3173048,3171026227,,,120,21,,,,,,,
2306030001,f_f000669,1,친구 친지 집,2023-06-03,2023-06-03,세종특별자치시 대평로 56,세종특별자치시 대평동 700,,,3350795,3611010400,,,,22,,,,,,,3611010400
2306030002,f_f000669,2,부산과학체험관,2023-06-03,2023-06-03,부산 동구 중앙대로260번길 11,부산 동구 초량동 1167,129.04413,35.1203218,,,POI010000006UDS56,부산과학체험관,180,3,N,10,,5,5,5,
2306030003,f_f000669,3,국립 해양 박물관,2023-06-03,2023-06-03,부산 영도구 해양로301번길 45,부산 영도구 동삼동 1156,129.0802872,35.0785177,,,POI01000000E60B1S,국립해양박물관,180,3,N,10,,3,2,3,
2306030004,f_f000669,4,더 숍 파크시티 아파트,2023-06-03,2023-06-04,부산 연제구 안연로 33,부산 연제구 연산동 2311,129.0973191,35.1909609,,,POI01000000BYZHZK,부산더샵파크시티,360,22,,,,,,,
2306040001,f_f000669,5,송도해수욕장,2023-06-04,2023-06-04,,부산 서구 암남동 135-5,129.0169544,35.0759454,,,POI01000TR034090V,송도해수욕장,300,1,Y,4,,5,5,5,
2306040002,f_f000669,6,송정동 핫도그,2023-06-04,2023-06-04,,,,,,,,,30,1,N,9,,5,5,5,2635010800
2306040003,f_f000669,7,더 숍 파크시티 아파트,2023-06-04,2023-06-05,부산 연제구 안연로 33,부산 연제구 연산동 2311,129.0973191,35.1909609,,,POI01000000BYZHZK,부산더샵파크시티,180,22,,,,,,,
2306050001,f_f000669,8,불국사,2023-06-05,2023-06-05,경북 경주시 불국로 385,경북 경주시 진현동 15-1,129.3318426,35.7899147,,,POI01000TR000952V,불국사,30,2,Y,10,,4,4,4,
2306050002,f_f000669,9,석굴암,2023-06-05,2023-06-05,경북 경주시 석굴로 238,경북 경주시 진현동 999,129.3505207,35.7952417,,,POI01000000AQI33K,석굴암,30,2,Y,10,,3,3,3,
2306050003,f_f000669,10,고향 밀면 본점,2023-06-05,2023-06-05,,,,,,,,,60,11,N,1,,3,3,4,4713010500
2306050004,f_f000669,11,교원프라퍼티 드림센터,2023-06-05,2023-06-06,경주교원드림센터,,,,,,,,210,24,N,5,1,4,3,3,4713014000
2306060001,f_f000669,12,경주엑스포 대공원,2023-06-06,2023-06-06,경북 경주시 경감로 614,경북 경주시 천군동 130,129.2883479,35.8308656,,,POI0100000073FDTR,경주세계문화엑스포공원첨성대영상관,240,13,N,1,,5,5,5,
2306060002,f_f000669,13,신경주역,2023-06-06,2023-06-06,경북 경주시 건천읍 경주역로 80,경북 경주시 건천읍 화천리 1010,129.1389983,35.7983755,,,POI0100000068UYDF,신경주역,30,9,N,6,,5,5,5,
2306060003,f_f000669,14,금천 롯데캐슬골드파크 3차 아파트,2023-06-06,2023-06-07,서울 금천구 시흥대로 291,서울 금천구 독산동 1155,126.8968052,37.4601175,,,POI01000000C4G8GG,롯데캐슬골드파크3차아파트,300,21,,,,,,,
2305150001,f_f000689,1,집,2023-05-15,2023-05-15,경남 사천시 사천읍 구암두문로 93 201호 주택,경남 사천시 사천읍 정의리 26,,,3019010,4824025022,,,,21,,,,,,,
2305150002,f_f000689,2,사천 해안 상업로 미관광장,2023-05-15,2023-05-15,경남 사천시 사남면 해안산업로 474,,128.0404341,35.057968,,,POI02001TR014115V,사천 해안사업로 미관광장,30,7,Y,11,,5,4,5,4824032000
2305150003,f_f000689,3,일로 하와이,2023-05-15,2023-05-15,경남 남해군 남면 남면로1017번길 10,경남 남해군 남면 선구리 474,127.8662597,34.7304317,,,POI01000TR038669V,알로하와이,0,11,N,2,,4,3,4,
2305150004,f_f000689,4,다랭이마을,2023-05-15,2023-05-15,경남 남해군 남면 남면로679번길 21,경남 남해군 남면 홍현리 898-5,127.894048,34.7275304,,,POI01000TR009343V,다랭이마을,30,1,N,1,,4,5,5,
2305150005,f_f000689,5,엔시아 애견 풀 빌라,2023-05-15,2023-05-16,경남 남해군 남면 남면로56번길 6-7,경남 남해군 남면 석교리 847,127.8964665,34.7666614,,,POI02001TR020631V,엘시아애견풀빌라,450,24,N,7,3,4,4,4,
2305160001,f_f000689,6,헐스 밴드,2023-05-16,2023-05-16,경남 남해군 서면 남서대로1517번길 44,경남 남해군 서면 서상리 1166,127.836535,34.801135,,,POI01000000D2CT1H,헐스밴드,0,11,N,2,,4,3,3,
2305160002,f_f000689,7,남해스포츠파크,2023-05-16,2023-05-16,경남 남해군 서면 스포츠파크길 15,경남 남해군 서면 서상리 1182-4,127.8354698,34.8058186,,,POI02001TR005571V,남해스포츠파크,30,3,N,5,,5,5,5,
2305160003,f_f000689,8,구미동 해수욕장,2023-05-16,2023-05-16,,경남 남해군 남면 덕월리 1140-1,127.8466089,34.7854065,,,POI02001TR003464V,구미동해수욕장,60,1,N,1,,5,5,5,
2305160004,f_f000689,9,집,2023-05-16,2023-05-17,경남 사천시 사천읍 구암두문로 93 201호 주택,경남 사천시 사천읍 정의리 26,,,3019010,4824025022,,,540,21,,,,,,,
2305180001,f_f000690,1,집,2023-05-18,2023-05-18,경남 창원시 성산구 용지로245번길 25,경남 창원시 성산구 용호동 18-1,,,4781415,4812313500,,,,21,,,,,,,
2305180002,f_f000690,3,집,2023-05-18,2023-05-19,경남 창원시 성산구 용지로245번길 25,경남 창원시 성산구 용호동 18-1,,,4781415,4812313500,,,420,21,,,,,,,
2305180003,f_f000690,2,청녕장,2023-05-18,2023-05-18,,경남 창녕군 창녕읍 교하리 263-12,128.4972247,35.5395024,,,POI02001TR027425V,창녕장,60,4,Y,4,,4,4,4,
2305270001,f_f000710,1,집,2023-05-27,2023-05-27,경기 화성시 동탄대로 469-12,경기 화성시 오산동 1020,,,2348100,4159012900,,,,21,,,,,,,
2305270002,f_f000710,3,한화리조트 설악 쏘라노,2023-05-27,2023-05-28,강원 속초시 미시령로2983번길 111,강원 속초시 장사동 24-1,128.5286096,38.2106242,,,POI010000006BI2DA,GS25 한화리조트설악점,330,24,N,11,4,5,4,4,
2305270003,f_f000710,2,횡성 전통시장,2023-05-27,2023-05-27,강원 횡성군 횡성읍 문정로19번길 12-4,강원 횡성군 횡성읍 읍상리 292-5,127.9872013,37.4897256,,,POI010000006D8B75,횡성 전통시장,30,4,N,6,,4,3,3,
2305280001,f_f000710,8,한화리조트 설악 쏘라노,2023-05-28,2023-05-29,강원 속초시 미시령로2983번길 111,강원 속초시 장사동 24-1,128.5286096,38.2106242,,,POI010000006BI2DA,GS25 한화리조트설악점,450,24,Y,11,4,4,4,4,
2305280002,f_f000710,4,낙산사,2023-05-28,2023-05-28,강원 양양군 강현면 낙산사로 100,강원 양양군 강현면 전진리 57-1,128.6279776,38.1254327,,,POI01000TR037246V,낙산사,60,2,Y,4,,5,5,5,
2305280003,f_f000710,5,삽교리 동치미 막국수 양양점,2023-05-28,2023-05-28,강원 양양군 손양면 재뫼길 20,강원 양양군 손양면 도화리 61-2,128.6668763,38.0788173,,,POI01000TR025546V,삼교리동치미막국수 양양점,30,11,Y,4,,4,4,4,
2305280004,f_f000710,6,속초해수욕장,2023-05-28,2023-05-28,강원 속초시 해오름로 186,강원 속초시 조양동 1464-7,128.6040985,38.1900529,,,POI01000TR017253V,속초해수욕장,60,1,Y,4,,4,4,4,
2305280005,f_f000710,7,속초종합 중앙시장 주차장,2023-05-28,2023-05-28,강원 속초시 중앙로147번길 16,강원 속초시 중앙동 471-4,128.5900658,38.2050875,,,POI02001TR016830V,속초종합중앙시장 주차장,30,4,Y,4,,4,3,4,
2305290001,f_f000710,10,집,2023-05-29,2023-05-30,경기 화성시 동탄대로 469-12,경기 화성시 오산동 1020,,,2348100,4159012900,,,600,21,,,,,,,
2305290002,f_f000710,9,감나무 식당,2023-05-29,2023-05-29,강원 양양군 양양읍 안산1길 73-6,강원 양양군 양양읍 월리 154-1,128.6280005,38.0705739,,,POI01000TR033955V,감나무식당,60,11,N,2,,4,4,4,
2305200001,f_f000730,1,집,2023-05-20,2023-05-20,보우근화아파트603동,,,,,,,,,21,,,,,,,4713012500
2305200002,f_f000730,2,사마 솔숲,2023-05-20,2023-05-20,원학길 485 사마솔숲,,127.8325089,35.7547159,,,POI02001TR014071V,사마솔숲,1440,24,Y,4,5,5,5,5,4888035000
2305200003,f_f000730,3,수승대관광지,2023-05-20,2023-05-20,,경남 거창군 위천면 강천리 790,127.8321851,35.7600069,,,POI01000TR004702V,수승대관광지,30,1,N,5,,5,5,5,
2305200004,f_f000730,4,수승대 출렁다리,2023-05-20,2023-05-20,,경남 거창군 위천면 황산리 산 8,127.8260954,35.7671308,,,POI02001TR017355V,수승대출렁다리,30,1,N,2,,4,4,5,
2305200005,f_f000730,5,사마 솔숲 캠핑장,2023-05-20,2023-05-21,원학길 485 사마솔숲,,127.8325089,35.7547159,,,POI02001TR014072V,사마솔숲 캠핑장,360,24,Y,4,5,5,5,5,4888035000
2305210001,f_f000730,6,황산 전통한옥마을,2023-05-21,2023-05-21,경남 거창군 위천면 황산2길 13,경남 거창군 위천면 황산리 612-1,127.8385733,35.7622661,,,POI01000TR013224V,황산전통한옥마을,30,2,N,2,,4,4,4,
2305210002,f_f000730,7,거창 창포원,2023-05-21,2023-05-21,경남 거창군 남상면 창포원길 21-1,경남 거창군 남상면 월평리 2286-1,127.9395911,35.6548848,,,POI01000TR005912V,거창창포원,90,8,Y,2,,5,5,5,
2305210003,f_f000730,8,집,2023-05-21,2023-05-22,보우근화아파트603동,,,,,,,,300,21,,,,,,,4713012500
2305260001,f_f000740,1,사무실,2023-05-26,2023-05-26,대전 유성구 대학로 291,,,,3167083,3020012400,,,,23,,,,,,,
2305260002,f_f000740,2,죽암휴게소 서울 방향,2023-05-26,2023-05-26,충북 청주시 서원구 현도면 경부고속도로 290,충북 청주시 서원구 현도면 죽전리 40,127.4308641,36.4969721,,,POI01000000B0PC6E,죽암휴게소 서울방향,30,9,N,9,,4,4,4,
2305260003,f_f000740,3,더 잭슨 나인스 호텔,2023-05-26,2023-05-26,강원 춘천시 중앙로 193,강원 춘천시 근화동 265-1,127.7141303,37.8737532,,,POI01000000DRKNU1,더잭슨나인스호텔,60,24,N,2,1,5,5,4,
2305260004,f_f000740,4,공지천 조각 공원,2023-05-26,2023-05-26,,강원 춘천시 근화동,127.7134801,37.8728022,,,POI01000000BXT524,공지천조각공원,30,7,N,9,,3,3,2,
2305260005,f_f000740,5,더 잭슨 나인스 호텔,2023-05-26,2023-05-27,강원 춘천시 중앙로 193,강원 춘천시 근화동 265-1,127.7141303,37.8737532,,,POI01000000DRKNU1,더잭슨나인스호텔,300,24,N,2,1,4,4,4,
2305270001,f_f000740,7,레고랜드 코리아리조트,2023-05-27,2023-05-27,강원 춘천시 하중도길 128,강원 춘천시 중도동 603,127.6963934,37.8822417,,,POI01000TR001315V,레고랜드코리아리조트,330,6,N,1,,5,4,4,
2305270002,f_f000740,8,춘천역 경춘선,2023-05-27,2023-05-27,강원 춘천시 공지로 591,강원 춘천시 근화동 190,127.7166986,37.8845127,,,POI01000TR008437V,춘천역 경춘선,0,9,N,11,,4,4,4,
2305270003,f_f000740,6,춘천역 경춘선,2023-05-27,2023-05-27,강원 춘천시 공지로 591,강원 춘천시 근화동 190,127.7166986,37.8845127,,,POI01000TR008437V,춘천역 경춘선,0,9,N,11,,4,4,4,
2305270004,f_f000740,9,더 잭슨 나인스 호텔,2023-05-27,2023-05-28,강원 춘천시 중앙로 193,강원 춘천시 근화동 265-1,127.7141303,37.8737532,,,POI01000000DRKNU1,더잭슨나인스호텔,180,24,N,2,1,5,4,4,
2305280001,f_f000740,13,스카이뷰 아파트,2023-05-28,2023-05-29,대전 유성구 대학로 55-35,대전 유성구 봉명동 605-2,127.3423568,36.3584831,,,POI02001TR017934V,스카이뷰아파트,480,21,,,,,,,
2305280002,f_f000740,11,KTG 상상마당 춘천,2023-05-28,2023-05-28,강원 춘천시 스포츠타운길399번길 25,강원 춘천시 삼천동 223-2,127.7024032,37.8735102,,,POI01000TR028348V,KT&G상상마당 춘천,60,3,Y,1,,4,4,4,
2305280003,f_f000740,10,더 잭슨 나인스 호텔,2023-05-28,2023-05-28,강원 춘천시 중앙로 193,강원 춘천시 근화동 265-1,127.7141303,37.8737532,,,POI01000000DRKNU1,더잭슨나인스호텔,30,11,N,2,,2,1,2,
2305280004,f_f000740,12,음성휴게소 통영방향,2023-05-28,2023-05-28,충북 음성군 삼성면 중부고속도로 51,충북 음성군 삼성면 용성리 산 31-1,127.4806429,37.0195771,,,POI01000TR016825V,음성휴게소 통영방향,30,9,N,9,,4,3,3,
2306030001,f_f000767,1,집,2023-06-03,2023-06-03,강원 평창군 대관령면 도암새싹길 11,강원 평창군 대관령면 차항리 55-1,,,4484101,4276038023,,,,21,,,,,,,
2306030002,f_f000767,6,호텔마레몬스,2023-06-03,2023-06-04,강원 속초시 동해대로 3705,강원 속초시 대포동 245-5,128.6065091,38.1669329,,,POI02001TR033638V,호텔마레몬스,180,24,N,8,1,4,3,3,
2306030003,f_f000767,2,낙산사,2023-06-03,2023-06-03,강원 양양군 강현면 낙산사로 100,강원 양양군 강현면 전진리 57-1,128.6279776,38.1254327,,,POI01000TR037246V,낙산사,120,2,Y,1,,5,5,5,
2306030004,f_f000767,3,과자의 성,2023-06-03,2023-06-03,강원 속초시 미시령로 3010,강원 속초시 노학동 1006-64,128.5364313,38.2027453,,,POI01000TR007259V,과자의성,90,13,Y,4,,5,5,5,
2306030005,f_f000767,4,초당 본점,2023-06-03,2023-06-03,강원 속초시 관광로 440,강원 속초시 노학동 980-63,128.5361801,38.1991021,,,POI01000TR035104V,초당본점,30,11,N,2,,1,1,1,
2306030006,f_f000767,5,대포항원조튀김골목,2023-06-03,2023-06-03,강원 속초시 대포항희망길 55,강원 속초시 대포동 964,128.6058374,38.1735514,,,POI01000TR042903V,대포항원조튀김골목,60,4,N,1,,3,2,3,
2306040001,f_f000767,11,선라이즈 호텔,2023-06-04,2023-06-05,강원 속초시 청초호반로 291,강원 속초시 금호동 482-18,128.588906,38.201781,,,POI01000TR002800V,썬라이즈호텔,150,24,N,8,1,2,1,1,
2306040002,f_f000767,7,고성 하늬 라벤더 축제,2023-06-04,2023-06-04,강원 고성군 간성읍 꽃대마을길 175,강원 고성군 간성읍 어천리 786-5,128.414451,38.3488561,,,POI02001TR002450V,고성 하늬라벤더축제,60,1,N,1,,5,5,5,
2306040003,f_f000767,8,김일성 별장,2023-06-04,2023-06-04,강원 고성군 거진읍 화진포길 280,강원 고성군 거진읍 화포리 530-1,128.4415674,38.4735011,,,POI01000TR016859V,김일성별장,180,2,N,10,,5,5,5,
2306040004,f_f000767,9,청초수물회,2023-06-04,2023-06-04,강원 속초시 엑스포로 12-36,강원 속초시 조양동 1555-1,128.59054,38.1921471,,,POI01000TR019228V,청초수물회 속초본점,30,11,N,2,,3,1,2,
2306040005,f_f000767,10,청초 호수공원,2023-06-04,2023-06-04,강원 속초시 엑스포로 140,강원 속초시 교동 1025-1,128.5824915,38.1955601,,,POI01000TR012327V,청초호수공원,90,7,N,1,,5,5,5,
2306050001,f_f000767,12,신흥사,2023-06-05,2023-06-05,강원 속초시 설악산로 1137,강원 속초시 설악동 170,128.4845902,38.1753417,,,POI01000TR017000V,신흥사,180,1,Y,4,,5,5,5,
2306050002,f_f000767,13,범바위 막국수,2023-06-05,2023-06-05,,,,,,,,,30,11,N,6,,5,5,5,4221010700
2306050003,f_f000767,14,집,2023-06-05,2023-06-06,강원 평창군 대관령면 도암새싹길 11,강원 평창군 대관령면 차항리 55-1,,,4484101,4276038023,,,450,21,,,,,,,
2305200001,f_f000782,1,집,2023-05-20,2023-05-20,경기 고양시 대덕산로 31,,,,,,,,,21,,,,,,,4128113100
2305200002,f_f000782,2,비발디파크 오션월드,2023-05-20,2023-05-20,강원 홍천군 서면 한치골길 262,강원 홍천군 서면 팔봉리 산 125-17,127.686912,37.6499535,,,POI01000TR005189V,비발디파크 오션월드,240,6,Y,4,,5,5,5,
2305200003,f_f000782,3,소노벨 비발디파크 B동,2023-05-20,2023-05-21,강원 홍천군 서면 한치골길 262,강원 홍천군 서면 팔봉리 1290-2,127.6803149,37.6456121,,,POI01000TR036372V,소노벨비발디파크 B동,420,24,Y,4,4,5,5,5,
2305210001,f_f000782,4,집,2023-05-21,2023-05-22,경기 고양시 대덕산로 31,,,,,,,,510,21,,,,,,,4128113100
2305190001,f_f000790,1,사무실,2023-05-19,2023-05-19,웰빙프라자,,,,,,,,,23,,,,,,,2632010200
2305190002,f_f000790,2,기와 메밀막국수,2023-05-19,2023-05-19,경북 경주시 분황로 91,경북 경주시 구황동 840-13,129.2321253,35.8405825,,,POI01000TR035919V,기와메밀막국수,30,11,N,2,,3,3,3,
2305190003,f_f000790,3,어마 무시,2023-05-19,2023-05-19,경북 경주시 양정로 41-12,경북 경주시 인왕동 674-1,129.2217886,35.8393956,,,POI01000TR024305V,어마무시,60,11,Y,1,,5,5,5,
2305190004,f_f000790,4,금장대,2023-05-19,2023-05-19,,경북 경주시 석장동 산 38-9,129.2010358,35.8607404,,,POI01000000BZBEID,금장대,30,2,N,3,,3,2,2,
2305190005,f_f000790,5,황련단길,2023-05-19,2023-05-19,경북 경주시 태종로 746,경북 경주시 황남동 270-10,129.2096454,35.8393348,,,POI01000TR022576V,황리단길,90,4,Y,1,,4,4,4,
2305190006,f_f000790,6,경주 게스트하우스 프렌즈,2023-05-19,2023-05-20,,,129.2145824,35.8439926,,,POI02001TR002041V,경주게스트하우스 프랜즈,150,24,N,8,7,1,1,1,4713010500
2305200001,f_f000790,8,경주 루지 월드,2023-05-20,2023-05-20,경북 경주시 천북남로 16,경북 경주시 신평동 355,129.2891583,35.8444729,,,POI01000TR037060V,경주루지월드,60,5,N,1,,4,3,4,
2305200002,f_f000790,7,보불어탕명가,2023-05-20,2023-05-20,경북 경주시 보불로 174-17,경북 경주시 하동 118-1,129.3146581,35.8003483,,,POI010000008V1EP3,보불어탕명가,30,11,Y,4,,5,5,5,
2305200003,f_f000790,9,카페 아래 헌,2023-05-20,2023-05-20,경북 경주시 보불로 181,경북 경주시 하동 121-3,129.313307,35.7999824,,,POI01000TR025376V,카페아래헌,120,11,N,5,,5,5,5,
2305200004,f_f000790,10,경주엑스포 대공원,2023-05-20,2023-05-20,경북 경주시 경감로 614,경북 경주시 천군동 130,129.2883479,35.8308656,,,POI0100000073FDTR,경주세계문화엑스포공원첨성대영상관,30,3,N,8,,1,1,1,
2305200005,f_f000790,11,전촌용 굴,2023-05-20,2023-05-20,경북 경주시 감포읍 장진길 39,경북 경주시 감포읍 전촌리 27-3,129.495999,35.7915413,,,POI01000TR032488V,전촌용굴,60,1,N,2,,5,5,5,
2305200006,f_f000790,12,료코,2023-05-20,2023-05-20,경북 경주시 첨성로99번길 24,경북 경주시 황남동 221-11,129.2127376,35.8352845,,,POI01000TR005036V,료코,30,11,N,2,,5,5,5,
2305200007,f_f000790,13,쿠쿠봉,2023-05-20,2023-05-20,황남동 종합시장,,,,,,,,30,4,N,1,,5,5,5,4713011000
2305200008,f_f000790,14,경주 게스트하우스 프렌즈,2023-05-20,2023-05-21,,,129.2145824,35.8439926,,,POI02001TR002027V,경주 게스트하우스 프렌즈,240,24,Y,11,7,1,1,1,4713010500
2305210001,f_f000790,21,리버파크 반도유보라 아파트,2023-05-21,2023-05-22,부산 북구 백양대로 1136,부산 북구 구포동 1300,129.0027944,35.2040335,,,POI02001TR009572V,리버파크반도유보라아파트,120,21,,,,,,,
2305210002,f_f000790,15,황남 샌드,2023-05-21,2023-05-21,경북 경주시 포석로 1074-2,경북 경주시 황남동 290-5,129.2097779,35.8369302,,,POI01000TR030487V,황남샌드,30,10,N,1,,2,1,1,
2305210003,f_f000790,16,베이글 베이 글러,2023-05-21,2023-05-21,경북 경주시 교촌길 18,경북 경주시 교동 82-2,129.2137618,35.8316866,,,POI01000TR023191V,베이글 베이글러,60,11,N,1,,5,4,4,
2305210004,f_f000790,17,교촌마을,2023-05-21,2023-05-21,경북 경주시 교촌길 39-2,경북 경주시 교동 88-5,129.2170243,35.8307543,,,POI01000TR042941V,교촌마을,30,7,N,9,,4,2,3,
2305210005,f_f000790,18,첨성대,2023-05-21,2023-05-21,,경북 경주시 인왕동 910-30,129.2190202,35.834718,,,POI01000TR003385V,첨성대,60,2,N,1,,5,4,4,
2305210006,f_f000790,19,산해,2023-05-21,2023-05-21,경북 경주시 숲머리길 130-5,경북 경주시 보문동 49-24,129.2507495,35.8412495,,,POI01000TR031064V,산해,30,11,N,5,,5,5,5,
2305210007,f_f000790,20,무이,2023-05-21,2023-05-21,경남 양산시 물금읍 화산길 78,경남 양산시 물금읍 물금리 673-1,128.9785989,35.311169,,,POI01000TR006811V,무이,90,11,N,2,,3,3,3,
2305270001,f_f000796,1,집,2023-05-27,2023-05-27,냉천로 129번길,,,,,,,,,21,,,,,,,4812914200
2305270002,f_f000796,6,집,2023-05-27,2023-05-28,냉천로 129번길,,,,,,,,270,21,,,,,,,4812914200
2305270003,f_f000796,2,악양 생태공원,2023-05-27,2023-05-27,경남 함안군 대산면 하기2길 208-49,경남 함안군 대산면 하기리 802-2,128.3978886,35.3405139,,,POI01000000BYQ5VV,악양생태공원,60,1,N,1,,5,5,5,
2305270004,f_f000796,3,연을 담은 돈가스,2023-05-27,2023-05-27,경남 함안군 가야읍 왕궁1길 36,경남 함안군 가야읍 가야리 260-7,128.3934989,35.2798133,,,POI01000000E0P739,연을담은돈까스,60,11,N,6,,3,3,3,
2305270005,f_f000796,4,카페 두루고,2023-05-27,2023-05-27,경남 함안군 가야읍 가야1길 28,경남 함안군 가야읍 도항리 412-4,128.4024917,35.2754825,,,POI02001TR028914V,카페두루고,30,11,N,2,,4,3,4,
2305270006,f_f000796,5,무진장,2023-05-27,2023-05-27,경남 함안군 함안면 괴산4길 25,경남 함안군 함안면 괴산리 547,128.4230933,35.2554702,,,POI0100000068RF6M,무진정,60,2,N,1,,1,3,1,
2305260001,f_f000831,1,집,2023-05-26,2023-05-26,부산 북구 효열로 1,부산 북구 금곡동 1915,,,3132022,2632010100,,,,21,,,,,,,
2305260002,f_f000831,2,통도사,2023-05-26,2023-05-26,경남 양산시 하북면 통도사로 108,경남 양산시 하북면 지산리 583,129.0646834,35.4882846,,,POI01000TR043045V,통도사,30,2,Y,1,,5,5,5,
2305260003,f_f000831,3,토곡 정원,2023-05-26,2023-05-26,경남 양산시 하북면 충렬로 1701-34,경남 양산시 하북면 초산리 160-4,129.0816523,35.4844966,,,POI01000TR005155V,토곡정원,60,11,N,2,,5,5,5,
2305260004,f_f000831,4,모리 커피 양산 사송점,2023-05-26,2023-05-26,경남 양산시 동면 내송내안2길 28,경남 양산시 동면 내송리 872-5,129.0661686,35.3191019,,,POI02001TR010615V,모리커피 양산사송점,30,11,N,2,,5,5,5,
2305260005,f_f000831,5,친지 집,2023-05-26,2023-05-27,,,,,,,,,240,22,,,,,,,4833031000
2305270001,f_f000831,6,초밥 정식당,2023-05-27,2023-05-27,경남 양산시 물금읍 목화로 40,경남 양산시 물금읍 범어리 644-3,129.0007533,35.3306927,,,POI01000000E0354M,초밥정식당,60,11,N,1,,5,5,5,
2305270002,f_f000831,7,황산공원,2023-05-27,2023-05-27,,경남 양산시 물금읍 증산리 1141,128.9931836,35.2971976,,,POI01000TR015470V,황산공원,30,1,N,5,,5,5,4,
2305270003,f_f000831,8,친지 집,2023-05-27,2023-05-28,,,,,,,,,480,22,,,,,,,4833031000
2305280001,f_f000831,9,가야 밀면 석산점,2023-05-28,2023-05-28,경남 양산시 동면 금오3길 24,경남 양산시 동면 금산리 1446-4,129.0221764,35.3099342,,,POI010000008ZDLCD,가야밀면,30,11,N,2,,5,5,5,
2305280002,f_f000831,10,집,2023-05-28,2023-05-29,부산 북구 효열로 1,부산 북구 금곡동 1915,,,3132022,2632010100,,,750,21,,,,,,,
2305190001,f_f000835,1,사무실,2023-05-19,2023-05-19,신흥로169,,,,,,,,,23,,,,,,,4119010800
2305190002,f_f000835,5,발리 아쿠아랜드,2023-05-19,2023-05-20,부산 동구 중앙대로195번길 24,부산 동구 초량2동 542,129.0379902,35.1154796,,,POI010000006UD2T4,발리아쿠아랜드,1320,24,N,6,11,2,1,1,
2305190003,f_f000835,3,코스트코 광명점,2023-05-19,2023-05-19,경기 광명시 일직로 40,경기 광명시 일직동 163-3,126.8860014,37.4209432,,,POI01000TR010688V,코스트코 광명점,60,4,Y,4,,4,4,5,
2305190004,f_f000835,2,hot bread,2023-05-19,2023-05-19,,,,,,,,,30,11,N,6,,3,3,3,1154510100
2305190005,f_f000835,4,광명역,2023-05-19,2023-05-19,경기 광명시 광명역로 21,경기 광명시 일직동 276-8,126.884804,37.4164513,,,POI0100000079DDIK,KTX광명역,150,9,Y,6,,4,4,4,
2305200001,f_f000835,6,본전 돼지국밥,2023-05-20,2023-05-20,부산 동구 중앙대로214번길 3-8,부산 동구 초량동 1200-6,129.0413868,35.1165795,,,POI01000TR001237V,본전돼지국밥,60,11,N,2,,5,5,5,
2305200002,f_f000835,7,삼진 어묵 부산역 광장점,2023-05-20,2023-05-20,부산 동구 중앙대로214번길 7,부산 동구 초량동 1200-17,129.041346,35.1161765,,,POI010000006UDVVZ,삼진어묵 부산역광장점,30,10,N,9,,4,4,4,
2305200003,f_f000835,8,흰 여울 문화마을,2023-05-20,2023-05-20,,부산 영도구 영선동4가 1044-6,129.0452814,35.0779148,,,POI01000TR016934V,흰여울문화마을,60,7,N,1,,5,5,5,
2305200004,f_f000835,9,태종대 전망대,2023-05-20,2023-05-20,부산 영도구 전망로 209,부산 영도구 동삼동 산 29-1,129.0883325,35.0503837,,,POI01000TR012253V,태종대 전망대,60,1,Y,4,,5,5,5,
2305200005,f_f000835,10,국제시장,2023-05-20,2023-05-20,부산 중구 중구로 36,부산 중구 신창동4가 35-3,129.028084,35.1011261,,,POI01000TR023565V,국제시장,30,4,Y,4,,4,4,4,
2305200006,f_f000835,11,자갈치시장,2023-05-20,2023-05-20,부산 중구 자갈치해안로 52,부산 중구 남포동5가 105-1,129.0305798,35.0966199,,,POI01000000E1B9XS,자갈치시장,60,4,Y,6,,4,3,3,
2305200007,f_f000835,12,부평 깡통시장,2023-05-20,2023-05-20,,부산 중구 부평동2가 82,129.0258803,35.1021146,,,POI01000TR043138V,부평깡통시장,30,4,N,1,,3,3,3,
2305200008,f_f000835,13,국제시장 먹자골목,2023-05-20,2023-05-20,,부산 중구 남포동3가 16,129.0284924,35.0988447,,,POI01000TR024511V,국제시장먹자골목,30,4,Y,4,,5,5,5,
2305200009,f_f000835,14,플래티넘 호텔,2023-05-20,2023-05-21,부산 중구 광복로 50,부산 중구 창선동1가 40-1,129.0304871,35.0990708,,,POI010000006UNPT1,플래티넘호텔,180,24,N,7,1,5,5,5,
2305210001,f_f000835,19,오류동 행복주택 아파트,2023-05-21,2023-05-22,서울 구로구 경인로20가길 68,서울 구로구 오류동 64-28,126.8477504,37.4957967,,,POI01000000B69961,오류동행복주택,1410,21,,,,,,,
2305210002,f_f000835,15,행리단길,2023-05-21,2023-05-21,,부산 해운대구 우동 517-14,129.1579088,35.165111,,,POI01000TR028835V,해리단길,90,4,N,2,,4,4,4,
2305210003,f_f000835,16,산리 오러 버스 클럽,2023-05-21,2023-05-21,부산 해운대구 우동1로 56-4,부산 해운대구 우동 457-7,129.1578619,35.1663284,,,POI02001TR014173V,산리오러버스클럽,30,10,N,2,,5,2,4,
2305210004,f_f000835,17,해운대해수욕장,2023-05-21,2023-05-21,,부산 해운대구 우동,129.1598547,35.1585232,,,POI01000TR008098V,해운대해수욕장,30,8,Y,1,,5,5,5,
2305210005,f_f000835,18,광안리해수욕장,2023-05-21,2023-05-21,부산 수영구 광안해변로 219,부산 수영구 광안동 192-20,129.1189761,35.1531933,,,POI01000TR030726V,광안리해수욕장,210,1,Y,4,,4,4,4,
2305190001,f_f000844,1,사무실,2023-05-19,2023-05-19,서울 용산구 신흥로3가길 10,서울 용산구 용산동2가 43-11,,,4106208,1117010200,,,,23,,,,,,,11
2305190002,f_f000844,2,친구 집,2023-05-19,2023-05-20,,,,,,,,,60,22,,,,,,,3171025900
2305200001,f_f000844,3,비단 미미,2023-05-20,2023-05-20,울산 중구 신기9길 63-1,울산 중구 태화동 479-12,129.2968993,35.5501073,,,POI01000000F1JNO6,비단미미,60,4,N,5,,3,3,3,
2305200002,f_f000844,4,태화강 국가 정원,2023-05-20,2023-05-20,,울산 중구 태화동 107,129.2970462,35.5480699,,,POI01000TR034214V,태화강국가정원,60,1,Y,1,,4,5,5,
2305200003,f_f000844,5,대왕암공원,2023-05-20,2023-05-20,울산 동구 등대로 140,울산 동구 일산동 905,129.4399333,35.4922907,,,POI01000000DRGR8F,대왕암공원,60,1,N,1,,4,5,5,
2305200004,f_f000844,6,슬도,2023-05-20,2023-05-20,,울산 동구 방어동,129.4308379,35.4782712,,,POI01000TR011850V,슬도,30,1,N,1,,4,5,5,
2305200005,f_f000844,7,울 산조가 창고 동구점,2023-05-20,2023-05-20,울산 동구 방어진순환도로 652,울산 동구 일산동 945,129.4288417,35.4997815,,,POI02001TR022855V,울산조개창고 동구점,120,4,N,2,,4,5,5,
2305200006,f_f000844,8,함월루,2023-05-20,2023-05-20,울산 중구 함월1길 7,울산 중구 성안동 산 152-11,129.3130458,35.5710653,,,POI01000TR005315V,함월루,30,2,N,1,,4,5,5,
2305200007,f_f000844,9,친구 집,2023-05-20,2023-05-21,,,,,,,,,60,22,,,,,,,3171025900
2305210001,f_f000844,10,이모집 식당,2023-05-21,2023-05-21,울산 중구 젊음의1거리 38,울산 중구 성남동 253-3,129.3210991,35.5537219,,,POI02001TR024037V,이모집식당,30,4,N,2,,5,5,5,
2305210002,f_f000844,11,울산시립미술관,2023-05-21,2023-05-21,울산 중구 미술관길 72,울산 중구 북정동 1-3,129.3207963,35.5579032,,,POI02001TR022835V,울산시립미술관,60,3,N,2,,5,5,5,
2305210003,f_f000844,12,서울역,2023-05-21,2023-05-22,서울 용산구 한강대로 405,서울 용산구 동자동 43-205,126.9706069,37.5546788,,,POI01000TR030428V,도원스타일 서울역점,30,21,,11,,,,,
2305200001,f_f000869,1,친구 친지 집,2023-05-20,2023-05-20,경기 성남시 수정구 산성대로 지하 365 단대오거리역,,,,2179002,4113110100,,,,22,,,,,,,
2305200002,f_f000869,2,범바위 막국수,2023-05-20,2023-05-20,강원 속초시 척산양지말길 47-14,강원 속초시 노학동 1265-81,128.5417369,38.1869177,,,POI01000TR003773V,범바위막국수,30,11,N,1,,4,3,3,
2305200003,f_f000869,3,속초해수욕장,2023-05-20,2023-05-20,강원 속초시 해오름로 186,강원 속초시 조양동 1464-7,128.6040985,38.1900529,,,POI01000TR017253V,속초해수욕장,120,1,N,2,,4,4,4,
2305200004,f_f000869,4,속초관광수산시장,2023-05-20,2023-05-20,강원 속초시 중앙로147번길 16,강원 속초시 중앙동 471-4,128.5901795,38.2045436,,,POI01000TR005661V,속초관광수산시장,30,4,Y,4,,3,3,3,
2305200006,f_f000869,5,라헨느 J 펜션,2023-05-20,2023-05-21,강원 고성군 죽왕면 가진해변길 231,강원 고성군 죽왕면 공현진리 431-39,128.5072023,38.3592532,,,POI02001TR008835V,라헨느J펜션,360,24,N,7,3,4,4,4,
2305210001,f_f000869,6,스테이 가진 카페,2023-05-21,2023-05-21,강원 고성군 죽왕면 가진해변길 168,강원 고성군 죽왕면 공현진리 639-1,128.5068695,38.3646109,,,POI02001TR018316V,스테이가진카페,30,4,N,9,,4,4,4,
2305210002,f_f000869,7,아야진해수욕장,2023-05-21,2023-05-21,,강원 고성군 토성면 아야진리,128.553373,38.276835,,,POI01000TR011251V,아야진해수욕장,30,1,N,2,,4,3,3,
2305210003,f_f000869,8,단대 오거리,2023-05-21,2023-05-22,,경기 성남시 중원구 금광동 4850,127.157071,37.4453257,,,POI02001TR006235V,단대오거리,300,22,,,,,,,
2306030001,f_f000879,1,집,2023-06-03,2023-06-03,굴포로 81,,,,,,,,,21,,,,,,,2823710600
2306030002,f_f000879,10,시타 딘 커넥트 호텔 하리 부산,2023-06-03,2023-06-04,부산 영도구 동삼오션로 58,부산 영도구 동삼동 1180,129.0824886,35.0695962,,,POI01000000E83DOM,시타딘커넥트호텔 하리부산,30,24,N,8,1,4,4,4,
2306030003,f_f000879,2,서울역,2023-06-03,2023-06-03,서울 용산구 한강대로 405,서울 용산구 동자동 43-205,126.9706069,37.5546788,,,POI01000TR030428V,도원스타일 서울역점,0,9,Y,11,,3,3,3,
2306030004,f_f000879,3,구포역,2023-06-03,2023-06-03,부산 북구 구포만세길 82,부산 북구 구포동 1060-470,128.997114,35.2054809,,,POI01000TR003186V,구포역,0,9,N,11,,3,3,3,
2306030005,f_f000879,4,늘해랑,2023-06-03,2023-06-03,부산 부산진구 중앙대로928번길 12,부산 부산진구 양정동 350-1,129.0716733,35.1722709,,,POI02001TR005990V,늘해랑,30,11,N,2,,4,4,4,
2306030006,f_f000879,5,부산 시민공원,2023-06-03,2023-06-03,부산 부산진구 시민공원로 73,부산 부산진구 연지동 111,129.0574038,35.1683563,,,POI01000TR032730V,부산시민공원,30,13,N,5,,4,4,4,
2306030007,f_f000879,6,켈리 라운지 부산,2023-06-03,2023-06-03,,,,,,,,,90,4,N,9,,5,5,5,2623010300
2306030008,f_f000879,7,전포 카페거리,2023-06-03,2023-06-03,부산 부산진구 전포대로209번길 26,부산 부산진구 전포동 682,129.0625694,35.1554467,,,POI01000TR033286V,전포카페거리,90,4,Y,4,,4,4,4,
2306030009,f_f000879,8,이재모 피자 서면점,2023-06-03,2023-06-03,부산 부산진구 전포대로209번길 21,부산 부산진구 전포동 687-20,129.0639896,35.1552891,,,POI01000TR030680V,이재모피자 서면점,60,11,N,5,,5,5,5,
2306030010,f_f000879,9,광안리해수욕장,2023-06-03,2023-06-03,부산 수영구 광안해변로 219,부산 수영구 광안동 192-20,129.1189761,35.1531933,,,POI01000TR030726V,광안리해수욕장,90,1,Y,1,,5,5,5,
2306040001,f_f000879,17,토요코인 호텔 부산 해운대 2호점,2023-06-04,2023-06-05,부산 해운대구 해운대해변로237번길 5,부산 해운대구 우동 648-2,129.1573775,35.1594559,,,POI01000TR041509V,토요코인호텔 부산해운대2호점,120,24,N,5,1,3,3,4,
2306040002,f_f000879,11,개미집,2023-06-04,2023-06-04,부산 중구 중구로30번길 15,부산 중구 신창동2가 18-6,129.0295312,35.1006315,,,POI01000TR005806V,개미집,30,11,N,1,,4,3,3,
2306040003,f_f000879,13,국제시장,2023-06-04,2023-06-04,부산 중구 중구로 36,부산 중구 신창동4가 35-3,129.028084,35.1011261,,,POI01000TR023565V,국제시장,30,4,Y,6,,4,4,4,
2306040004,f_f000879,12,해운대해수욕장,2023-06-04,2023-06-04,,부산 해운대구 우동,129.1598547,35.1585232,,,POI01000TR008098V,해운대해수욕장,60,1,Y,1,,5,5,5,
2306040005,f_f000879,14,상국이네,2023-06-04,2023-06-04,부산 해운대구 구남로41번길 40-1,부산 해운대구 중동 1394-42,129.1628769,35.1620162,,,POI01000TR004761V,상국이네,30,11,Y,4,,5,5,5,
2306040006,f_f000879,15,신세계 센텀시티몰,2023-06-04,2023-06-04,부산 해운대구 센텀4로 15,부산 해운대구 우동 1493,129.1282305,35.1698843,,,POI01000TR034789V,신세계 센텀시티몰,120,4,N,1,,5,5,5,
2306040007,f_f000879,16,해운대 활어회센터,2023-06-04,2023-06-04,부산 해운대구 구남로41번길 36,부산 해운대구 중동 1394-43,129.1628469,35.1618365,,,POI02001TR032907V,해운대활어회센터,60,11,N,2,,4,4,4,
2306050001,f_f000879,21,토요코인 호텔 부산 해운대 2호점,2023-06-05,2023-06-06,부산 해운대구 해운대해변로237번길 5,부산 해운대구 우동 648-2,129.1573775,35.1594559,,,POI01000TR041509V,토요코인호텔 부산해운대2호점,180,24,Y,8,1,4,4,4,
2306050002,f_f000879,18,유진한의원,2023-06-05,2023-06-05,부산 해운대구 중동1로 33-1,부산 해운대구 중동 1378-7,129.1632518,35.1625393,,,POI02001TR023545V,유진한의원,120,12,N,6,,3,3,3,
2306050003,f_f000879,19,롯데월드 어드벤처 부산,2023-06-05,2023-06-05,부산 기장군 기장읍 동부산관광로 42,부산 기장군 기장읍 시랑리 산 46,129.2132068,35.1960435,,,POI01000TR019759V,롯데월드 어드벤처 부산,360,6,N,1,,4,4,4,
2306050004,f_f000879,20,팔팔 양대 창,2023-06-05,2023-06-05,부산 해운대구 해운대해변로209번길 26,부산 해운대구 우동 684-2,129.1541655,35.1604881,,,POI02001TR030711V,팔팔양대창,60,11,N,5,,4,4,4,
2306060001,f_f000879,28,집,2023-06-06,2023-06-07,굴포로 81,,,,,,,,120,21,,,,,,,2823710600
2306060002,f_f000879,22,씨라 이르 부산아쿠아리움,2023-06-06,2023-06-06,부산 해운대구 해운대해변로 266,부산 해운대구 중동 1411-4,129.1609992,35.1593544,,,POI010000006T9BDS,씨라이프 부산아쿠아리움,120,6,N,6,,5,5,5,
2306060003,f_f000879,23,오복 돼지국밥,2023-06-06,2023-06-06,부산 해운대구 구남로 15,부산 해운대구 우동 618-13,129.1599746,35.1625618,,,POI01000TR041082V,오복돼지국밥,60,11,N,2,,4,4,4,
2306060004,f_f000879,24,포토 드링크,2023-06-06,2023-06-06,부산 해운대구 구남로 26,부산 해운대구 우동 1308,129.1602988,35.1616224,,,POI01000TR035051V,포토드링크,0,12,N,6,,4,3,4,
2306060005,f_f000879,25,부산역,2023-06-06,2023-06-06,부산 동구 중앙대로 206,부산 동구 초량동 1187-1,129.0414192,35.1151092,,,POI01000TR040141V,부산역,0,9,Y,6,,5,5,5,
2306060006,f_f000879,26,서울역,2023-06-06,2023-06-06,서울 용산구 한강대로 405,서울 용산구 동자동 43-205,126.9706069,37.5546788,,,POI01000TR030428V,도원스타일 서울역점,0,9,Y,6,,5,5,5,
2306060007,f_f000879,27,호수 집 원조 닭꼬치,2023-06-06,2023-06-06,서울 중구 청파로 443,서울 중구 중림동 61-4,126.9686812,37.5590608,,,POI01000TR028735V,호수집 원조닭꼬치,60,11,Y,11,,4,4,4,
2305260001,f_f000889,1,사무실,2023-05-26,2023-05-26,,,,,,,,,,23,,,,,,,4119010300
2305260002,f_f000889,6,창포 아이파크 3차,2023-05-26,2023-05-27,,,,,,,,,120,22,,,,,,,4711312000
2305260003,f_f000889,2,서울역,2023-05-26,2023-05-26,서울 용산구 한강대로 405,서울 용산구 동자동 43-205,126.9706069,37.5546788,,,POI01000TR030428V,도원스타일 서울역점,30,9,Y,6,,5,5,5,
2305260004,f_f000889,3,포항역,2023-05-26,2023-05-26,경북 포항시 북구 흥해읍 포항역로 1,경북 포항시 북구 흥해읍 이인리 8,129.3419282,36.0716052,,,POI01000000E678SN,포항역,30,9,Y,6,,5,5,5,
2305260005,f_f000889,4,강변체육공원 운동장 1,2023-05-26,2023-05-26,,경북 포항시 남구 송도동 222,129.3768438,36.0222138,,,POI02001TR001533V,강변체육공원 운동장1,60,8,N,11,,5,5,5,
2305260006,f_f000889,5,포항 철길 숲,2023-05-26,2023-05-26,,경북 포항시 북구 득량동 66-5,129.3482039,36.0201798,,,POI01000TR010284V,포항철길숲,30,1,N,2,,5,5,5,
2305270001,f_f000889,11,창포 아이파크 3차,2023-05-27,2023-05-28,,,,,,,,,450,22,,,,,,,4711312000
2305270002,f_f000889,7,학전 제당,2023-05-27,2023-05-27,산43,,,,,,,,30,2,N,6,,5,5,5,4711312000
2305270003,f_f000889,8,영일대해수욕장,2023-05-27,2023-05-27,,경북 포항시 북구 두호동 685-1,129.378187,36.0550696,,,POI01000TR034421V,영일대해수욕장,60,1,Y,4,,5,5,5,
2305270004,f_f000889,9,환호공원 스페이스 워크,2023-05-27,2023-05-27,,경북 포항시 북구 두호동 산 8,129.3897412,36.0654569,,,POI01000TR029542V,환호공원 스페이스워크,60,13,N,1,,5,5,5,
2305270005,f_f000889,10,환호공원 포항시립미술관,2023-05-27,2023-05-27,경북 포항시 북구 환호공원길 10,경북 포항시 북구 환호동 352,129.3911647,36.0665132,,,POI01000TR042620V,"환호공원 스페이스워크, 주유",90,3,N,7,,5,5,5,
2305280001,f_f000889,14,창포 아이파크 3차,2023-05-28,2023-05-29,,,,,,,,,450,22,,,,,,,4711312000
2305280002,f_f000889,12,죽도 시장,2023-05-28,2023-05-28,경북 포항시 북구 죽도시장13길 13-1,경북 포항시 북구 죽도동 2-4,129.36839,36.0363546,,,POI01000TR021396V,죽도시장,60,4,Y,8,,5,5,5,
2305280003,f_f000889,13,포항 운하,2023-05-28,2023-05-28,경북 포항시 남구 희망대로 1040,경북 포항시 남구 송도동 222,129.3785929,36.0235774,,,POI01000TR003294V,포항운하,60,7,N,5,,5,5,5,
2305290001,f_f000889,17,까치울역,2023-05-29,2023-05-30,,,,,,,,,510,23,,,,,,,4119010300
2305290002,f_f000889,15,포항 고속버스터미널,2023-05-29,2023-05-29,경북 포항시 남구 중앙로 166,경북 포항시 남구 해도동 33-7,129.3676001,36.028055,,,POI01000000BZE0RB,랜디스도넛 안국점,30,9,N,6,,5,5,5,
2305290003,f_f000889,16,서울고속버스터미널(경부),2023-05-29,2023-05-29,서울 서초구 신반포로 194,서울 서초구 반포동 19-4,127.0069895,37.5060751,,,POI01000TR020748V,서울고속버스터미널(경부),30,9,Y,6,,5,5,5,
2305190001,f_f000925,1,집,2023-05-19,2023-05-19,중심상업로 47,,,,,,,,,21,,,,,,,4311425300
2305190002,f_f000925,5,지인 집,2023-05-19,2023-05-20,,,,,,,,,30,22,,,,,,,4812110300
2305190003,f_f000925,2,양정고,2023-05-19,2023-05-19,,경남 함안군 칠원읍 용정리,128.5098503,35.2951762,,,POI02001TR020118V,양정교,60,1,N,9,,4,4,4,
2305190004,f_f000925,3,마당쇠 순대 돼지국밥 본점,2023-05-19,2023-05-19,경남 함안군 칠원읍 운무로 3,경남 함안군 칠원읍 구성리 663,128.5190534,35.3092932,,,POI02001TR009684V,마당쇠 순대돼지국밥 본점,60,11,Y,1,,4,4,4,
2305190005,f_f000925,4,홈플러스 마산점,2023-05-19,2023-05-19,경남 창원시 마산회원구 삼호로 56,경남 창원시 마산회원구 양덕동 151-1,128.5857449,35.2226292,,,POI010000006V9MTL,홈플러스마산점,60,4,Y,11,,3,3,3,
2305200001,f_f000925,6,목구멍 창원 유니 시티점,2023-05-20,2023-05-20,경남 창원시 의창구 남산로115번길 27,경남 창원시 의창구 서상동 692-3,128.6225317,35.2558889,,,POI02001TR010679V,목구멍 창원유니시티점,90,11,N,9,,4,3,3,
2305200002,f_f000925,7,지인 집,2023-05-20,2023-05-21,,,,,,,,,150,22,,,,,,,4812110300
2305210001,f_f000925,8,선두,2023-05-21,2023-05-21,,경남 창원시 마산합포구 진동면 고현리,128.4673106,35.1014292,,,POI02001TR015565V,선두,300,1,Y,4,,4,5,3,
2305210002,f_f000925,9,지인 집,2023-05-21,2023-05-21,,,,,,,,,840,22,Y,11,,4,4,3,4812110300
2305210003,f_f000925,10,삼귀해안,2023-05-21,2023-05-21,,경남 창원시 성산구 귀산동,128.600718,35.1636139,,,POI01000TR043451V,삼귀해안,60,1,Y,1,,5,5,5,
2305210004,f_f000925,11,지인 집,2023-05-21,2023-05-22,,,,,,,,,30,22,,,,,,,4812110300
2305220001,f_f000925,12,디저트 39 창원 유니 시티점,2023-05-22,2023-05-22,경남 창원시 의창구 중동중앙로 95,경남 창원시 의창구 중동 778-1,128.6287709,35.2593857,,,POI02001TR008492V,디저트39 창원유니시티점,30,11,N,1,,5,5,5,
2305220002,f_f000925,13,용지못,2023-05-22,2023-05-22,,경남 창원시 성산구 용지동 551-1,128.6818526,35.2320311,,,POI010000006VC44H,용지공원 용지호수공원,30,7,Y,1,,4,4,4,
2305220003,f_f000925,14,집,2023-05-22,2023-05-23,중심상업로 47,,,,,,,,30,21,,,,,,,4311425300
2305270001,f_f000935,1,집,2023-05-27,2023-05-27,강선8단지,,,,,,,,,21,,,,,,,4128710200
2305270002,f_f000935,2,망향휴게소 부산방향,2023-05-27,2023-05-27,충남 천안시 서북구 성거읍 돌다리길 23-37,충남 천안시 서북구 성거읍 요방리 121,127.1809288,36.8555526,,,POI01000TR031853V,망향휴게소 부산방향,60,9,N,9,,3,3,3,
2305270003,f_f000935,3,덕유산 휴게소 통영방향,2023-05-27,2023-05-27,전북 장수군 계북면 통영대전고속도로 147,전북 장수군 계북면 양악리 산 4-7,127.6431983,35.8134365,,,POI01000TR027507V,덕유산휴게소 통영방향,30,9,N,9,,4,3,3,
2305270004,f_f000935,8,통영 비치 캐슬호텔,2023-05-27,2023-05-28,경남 통영시 평인일주로 486-1,경남 통영시 평림동 812,128.3832875,34.8542435,,,POI01000000DCBU3T,통영비치캐슬호텔,210,24,N,11,1,3,3,3,
2305270006,f_f000935,4,통제영 주차장,2023-05-27,2023-05-27,,경남 통영시 문화동 109,128.4234829,34.8464619,,,POI010000006VNAZT,통제영유료주차장,60,9,N,2,,5,5,5,
2305270007,f_f000935,5,동피랑 벽화마을,2023-05-27,2023-05-27,경남 통영시 동피랑1길 6-18,경남 통영시 동호동 118-1,128.427625,34.8453057,,,POI010000006VOVHX,동피랑벽화마을,60,4,Y,4,,5,5,5,
2305270008,f_f000935,6,중앙 활어시장,2023-05-27,2023-05-27,경남 통영시 중앙로 158-8,경남 통영시 문화동 137-1,128.4240668,34.845643,,,POI01000TR039252V,중앙활어시장,30,4,Y,4,,4,4,4,
2305270009,f_f000935,7,해미가,2023-05-27,2023-05-27,경남 통영시 도산면 남해안대로 1869,경남 통영시 도산면 도선리 374-6,128.3580841,34.9178683,,,POI02001TR032638V,해미가,60,11,N,2,,3,3,3,
2305280001,f_f000935,9,거제 파노라마 케이블카,2023-05-28,2023-05-28,경남 거제시 동부면 거제중앙로 288,경남 거제시 동부면 구천리 953-2,128.6329856,34.7842588,,,POI01000000EGNUV2,거제파노라마케이블카,60,13,N,9,,5,5,5,
2305280002,f_f000935,10,바람의 언덕,2023-05-28,2023-05-28,,경남 거제시 남부면 갈곶리 산 14-47,128.6631492,34.744621,,,POI01000TR035341V,바람의언덕,60,1,N,5,,5,5,5,
2305280003,f_f000935,11,백민석 본점,2023-05-28,2023-05-28,경남 거제시 계룡로 47,경남 거제시 상동동 960,128.6268715,34.8753287,,,POI01000000770IH9,백만석 본점,60,11,N,9,,2,1,2,
2305280004,f_f000935,12,금산인삼랜드 휴게소 대전방향,2023-05-28,2023-05-28,충남 금산군 군북면 대암길 34-30,충남 금산군 군북면 외부리 721-3,127.4976753,36.1548966,,,POI01000TR038463V,금산인삼랜드휴게소 대전방향,30,9,N,9,,3,3,3,
2305280005,f_f000935,13,서창산업 용인휴게소 주유소 인천방향,2023-05-28,2023-05-28,경기 용인시 처인구 주북로 66-16,경기 용인시 처인구 고림동 88-1,127.2369793,37.2481126,,,POI01000000BSG1YE,서창산업 용인휴게소주유소 인천방향,30,9,N,9,,5,5,5,
2305280006,f_f000935,14,집,2023-05-28,2023-05-29,강선8단지,,,,,,,,120,21,,,,,,,4128710200
2306050001,f_f000940,1,집,2023-06-05,2023-06-05,,,,,,,,,,21,,,,,,,4719011700
2306050002,f_f000940,9,경주엔 한옥 펜션,2023-06-05,2023-06-06,경북 경주시 충효서악길 81,경북 경주시 서악동 391,129.191495,35.8331401,,,POI01000000B8613P,경주엔한옥펜션,120,24,N,7,3,4,4,4,
2306050003,f_f000940,2,태종무열왕릉,2023-06-05,2023-06-05,경북 경주시 대경로 4859,경북 경주시 서악동 843,129.1876442,35.8249134,,,POI01000TR037554V,태종무열왕릉,60,2,N,1,,4,3,3,
2306050004,f_f000940,3,경주엔 한옥 펜션,2023-06-05,2023-06-05,경북 경주시 충효서악길 81,경북 경주시 서악동 391,129.191495,35.8331401,,,POI01000000B8613P,경주엔한옥펜션,240,24,N,7,3,4,4,4,
2306050005,f_f000940,4,경주 단골 식당,2023-06-05,2023-06-05,경북 경주시 충효녹지길 30,경북 경주시 충효동 3003-5,129.1875862,35.8414974,,,POI01000TR003036V,경주단골식당,60,11,N,2,,5,4,4,
2306050006,f_f000940,5,첨성대,2023-06-05,2023-06-05,,경북 경주시 인왕동 910-30,129.2190202,35.834718,,,POI01000TR003385V,첨성대,60,2,Y,1,,5,4,4,
2306050007,f_f000940,6,GS25 경주 첨성대점,2023-06-05,2023-06-05,경북 경주시 첨성로 161,경북 경주시 인왕동 815-1,129.218662,35.835842,,,POI01000TR036996V,GS25 경주첨성대점,30,10,N,9,,3,4,3,
2306050008,f_f000940,7,대릉원,2023-06-05,2023-06-05,경북 경주시 계림로 9,경북 경주시 황남동 268-10,129.2123347,35.83815,,,POI01000TR032143V,대릉원,30,2,N,1,,5,4,4,
2306050009,f_f000940,8,1894사랑채,2023-06-05,2023-06-05,경북 경주시 포석로1068번길 23,경북 경주시 황남동 238-1,129.2119094,35.8361836,,,POI0100000095NPJ5,1894사랑채,30,11,N,9,,4,3,4,
2306060001,f_f000940,10,교촌마을,2023-06-06,2023-06-06,경북 경주시 교촌길 39-2,경북 경주시 교동 88-5,129.2170243,35.8307543,,,POI01000TR042941V,교촌마을,30,2,Y,4,,4,4,4,
2306060002,f_f000940,11,반월성 화덕피자,2023-06-06,2023-06-06,경북 경주시 알천남로 316,경북 경주시 구황동 883-34,129.2320907,35.8424663,,,POI01000000DZYCK2,반월성화덕피자,60,11,N,6,,4,3,4,
2306060003,f_f000940,12,국립경주박물관,2023-06-06,2023-06-06,경북 경주시 일정로 186,경북 경주시 인왕동 76,129.2279503,35.8292339,,,POI010000009GI2HM,국립경주박물관,180,2,Y,10,,5,4,4,
2306060004,f_f000940,13,스타벅스 경주 대릉원점,2023-06-06,2023-06-06,경북 경주시 첨성로 125,경북 경주시 황남동 140-2,129.2149871,35.83405,,,POI01000TR042908V,스타벅스 경주대릉원점,60,11,N,8,,4,4,3,
2306060005,f_f000940,14,집,2023-06-06,2023-06-07,,,,,,,,,360,21,,,,,,,4719011700
2305220001,f_f000952,1,집,2023-05-22,2023-05-22,부영아파트,,,,,,,,,21,,,,,,,2917013000
2305220002,f_f000952,2,거창 휴게소 대구방향,2023-05-22,2023-05-22,경남 거창군 가조면 가조가야로 1523,경남 거창군 가조면 도리 산 181,128.0569634,35.7062734,,,POI01000TR000449V,거창휴게소 대구방향,30,9,N,9,,4,4,4,
2305220003,f_f000952,3,국립경주박물관,2023-05-22,2023-05-22,경북 경주시 일정로 186,경북 경주시 인왕동 76,129.2279503,35.8292339,,,POI010000009GI2HM,국립경주박물관,240,2,N,10,,5,5,5,
2305220004,f_f000952,4,평사리 가는 길,2023-05-22,2023-05-22,경북 경주시 첨성로111번길 7-4,경북 경주시 황남동 185-5,129.2144517,35.8338941,,,POI01000000EJVR8N,한옥민박평사리가는길,90,24,N,6,8,5,4,4,
2305220005,f_f000952,5,백년손님,2023-05-22,2023-05-22,경북 경주시 포석로1050번길 32,경북 경주시 황남동 177-8,129.2129357,35.8342897,,,POI01000TR021278V,백년손님,30,11,N,9,,4,4,4,
2305220006,f_f000952,6,동궁과 월지,2023-05-22,2023-05-22,경북 경주시 원화로 102,경북 경주시 인왕동 506-1,129.2269755,35.8347763,,,POI01000TR019222V,동궁과월지,60,2,N,1,,5,5,5,
2305220007,f_f000952,7,첨성대,2023-05-22,2023-05-22,,경북 경주시 인왕동 910-30,129.2190202,35.834718,,,POI01000TR003385V,첨성대,30,2,N,1,,5,5,5,
2305220008,f_f000952,8,평사리 가는 길,2023-05-22,2023-05-23,경북 경주시 첨성로111번길 7-4,경북 경주시 황남동 185-5,129.2144517,35.8338941,,,POI01000000EJVR8N,한옥민박평사리가는길,120,24,N,6,8,5,4,4,
2305230001,f_f000952,9,불국사,2023-05-23,2023-05-23,경북 경주시 불국로 385,경북 경주시 진현동 15-1,129.3318426,35.7899147,,,POI01000TR000952V,불국사,90,2,N,1,,5,5,5,
2305230002,f_f000952,10,석굴암,2023-05-23,2023-05-23,경북 경주시 석굴로 238,경북 경주시 진현동 999,129.3505207,35.7952417,,,POI01000000AQI33K,석굴암,60,2,N,10,,5,5,5,
2305230003,f_f000952,11,이상복 경주빵 본가,2023-05-23,2023-05-23,경북 경주시 첨성로 169,경북 경주시 인왕동 809-14,129.2193854,35.8358718,,,POI01000TR021918V,이상복경주빵 본가,0,10,N,1,,4,4,4,
2305230004,f_f000952,13,황련단길,2023-05-23,2023-05-23,경북 경주시 태종로 746,경북 경주시 황남동 270-10,129.2096454,35.8393348,,,POI01000TR022576V,황리단길,60,4,Y,6,,4,4,4,
2305230005,f_f000952,12,황련단길,2023-05-23,2023-05-23,경북 경주시 태종로 746,경북 경주시 황남동 270-10,129.2096454,35.8393348,,,POI01000TR022576V,황리단길,30,4,Y,7,,5,5,5,
2305230006,f_f000952,14,금관총,2023-05-23,2023-05-23,,경북 경주시 노서동 104,129.2098226,35.841094,,,POI01000TR015027V,금관총,30,2,N,10,,5,5,5,
2305230007,f_f000952,16,황남 짬뽕,2023-05-23,2023-05-23,경북 경주시 첨성로81번길 13,경북 경주시 황남동 315-6,129.2110938,35.8342677,,,POI01000000CY9K54,황남짬뽕,30,11,N,2,,4,4,4,
2305230008,f_f000952,15,황남쫀드기,2023-05-23,2023-05-23,경북 경주시 포석로 1078,경북 경주시 황남동 283-2,129.2098118,35.8371954,,,POI01000000CZ62XC,황남쫀드기,0,10,N,2,,4,4,4,
2305230009,f_f000952,17,대릉원,2023-05-23,2023-05-23,경북 경주시 계림로 9,경북 경주시 황남동 268-10,129.2123347,35.83815,,,POI01000TR032143V,대릉원,60,3,N,1,,5,5,5,
2305230010,f_f000952,18,월정교,2023-05-23,2023-05-23,,경북 경주시 교동 274,129.2181213,35.8292995,,,POI01000TR017617V,월정교,30,2,N,1,,5,5,5,
2305230011,f_f000952,19,평사리 가는 길,2023-05-23,2023-05-24,경북 경주시 첨성로111번길 7-4,경북 경주시 황남동 185-5,129.2144517,35.8338941,,,POI01000000EJVR8N,한옥민박평사리가는길,120,24,Y,6,8,5,4,4,
2305240001,f_f000952,20,황련단길,2023-05-24,2023-05-24,경북 경주시 태종로 746,경북 경주시 황남동 270-10,129.2096454,35.8393348,,,POI01000TR022576V,황리단길,60,4,Y,7,,5,5,5,
2305240002,f_f000952,21,대산도 예 체험장,2023-05-24,2023-05-24,경북 경주시 보불로 213,경북 경주시 하동 184,129.3116573,35.8027082,,,POI02001TR006689V,대산도예 체험장,90,13,N,5,,5,5,5,
2305240003,f_f000952,22,조돌 칼국수,2023-05-24,2023-05-24,경북 경주시 북군길 3-6,경북 경주시 북군동 산 116,129.2617638,35.8510748,,,POI01000TR026293V,조돌칼국수,30,11,N,5,,5,4,4,
2305240004,f_f000952,23,거창 휴게소 광주방향,2023-05-24,2023-05-24,경남 거창군 가조면 가조가야로 1543-81,경남 거창군 가조면 도리 산 181,128.0580163,35.7086902,,,POI01000TR008872V,거창휴게소 광주방향,30,9,N,9,,4,4,4,
2305240005,f_f000952,24,집,2023-05-24,2023-05-25,부영아파트,,,,,,,,330,21,,,,,,,2917013000
2305210001,f_f000959,1,집,2023-05-21,2023-05-21,삼성아파트,,,,,,,,,21,,,,,,,2650010100
2305210002,f_f000959,2,예수그리스도 후기성도교회 포항지부,2023-05-21,2023-05-21,경북 포항시 북구 죽도로20번길 19,경북 포항시 북구 죽도동 79-13,129.3620971,36.03291,,,POI02001TR021371V,예수그리스도 후기성도교회 포항지부,150,2,Y,11,,5,5,5,
2305210003,f_f000959,3,토마틸로 포항점,2023-05-21,2023-05-21,경북 포항시 북구 해안로 221,경북 포항시 북구 두호동 139-2,129.3875234,36.0642649,,,POI01000TR004601V,토마틸로 포항점,90,11,N,5,,4,4,5,
2305210004,f_f000959,4,팜 테이블 영일대점,2023-05-21,2023-05-21,경북 포항시 북구 해안로 211,경북 포항시 북구 두호동 169,129.3864014,36.0648468,,,POI01000000D1JU9W,팜테이블영일대점,60,11,N,5,,4,3,4,
2305210005,f_f000959,5,한화리조트 경주,2023-05-21,2023-05-21,경북 경주시 보문로 182-27,경북 경주시 북군동 30-3,129.2703553,35.8599176,,,POI0100000073F8WP,아사달,90,24,N,8,4,5,5,5,
2305210006,f_f000959,6,첨성대,2023-05-21,2023-05-21,,경북 경주시 인왕동 910-30,129.2190202,35.834718,,,POI01000TR003385V,첨성대,60,2,Y,1,,5,5,5,
2305210007,f_f000959,7,월정교,2023-05-21,2023-05-21,,경북 경주시 교동 274,129.2181213,35.8292995,,,POI01000TR017617V,월정교,30,2,Y,1,,5,5,5,
2305210013,f_f000959,8,한화리조트 경주,2023-05-21,2023-05-22,경북 경주시 보문로 182-27,경상북도 경주시 북군동 30-3대,129.2702405,35.8596894,,,POI01000000CNP5XM,한화리조트경주아사달,180,24,N,8,4,5,5,5,2650010100
2305220001,f_f000959,9,아사달,2023-05-22,2023-05-22,경북 경주시 보문로 182-27,경북 경주시 북군동 30-3,129.2700854,35.8607381,,,POI0100000073F8WP,아사달,60,11,N,6,,3,4,2,
2305220002,f_f000959,10,뽀로로 아쿠아빌리지,2023-05-22,2023-05-22,경북 경주시 보문로 182-27,경북 경주시 북군동 30-3,129.270348,35.8599718,,,POI01000000DYIJS0,뽀로로아쿠아빌리지,180,6,N,2,,5,5,5,
2305220003,f_f000959,14,집,2023-05-22,2023-05-23,삼성아파트,,,,,,,,180,21,,,,,,,2650010100
2305220004,f_f000959,11,문천교,2023-05-22,2023-05-22,,경북 경주시 황남동,129.2099745,35.8259897,,,POI01000000BWMHLR,문천교,30,7,N,9,,4,4,3,
2305220005,f_f000959,12,불국사,2023-05-22,2023-05-22,경북 경주시 불국로 385,경북 경주시 진현동 15-1,129.3318426,35.7899147,,,POI01000TR000952V,불국사,60,2,Y,1,,5,5,5,
2305220006,f_f000959,13,낙지 마실,2023-05-22,2023-05-22,경북 경주시 북군길 9,경북 경주시 북군동 229-7,129.2629476,35.8516453,,,POI01000TR007282V,낙지마실,90,11,N,2,,4,3,4,
2305270001,f_f000973,1,집,2023-05-27,2023-05-27,예학로 162,,,,,,,,,21,,,,,,,4481025300
2305270002,f_f000973,2,광부의 행복밥상,2023-05-27,2023-05-27,경북 문경시 가은읍 대야로 2442,경북 문경시 가은읍 왕능리 537-3,128.0601755,36.6496152,,,POI0100000095NP2O,광부의행복밥상,60,4,N,1,,3,3,3,
2305270003,f_f000973,3,문경새재도립공원,2023-05-27,2023-05-27,경북 문경시 문경읍 새재로 932,경북 문경시 문경읍 상초리 288-1,128.0766857,36.7619076,,,POI01000TR015552V,문경새재도립공원,90,2,N,1,,4,3,3,
2305270004,f_f000973,4,STX리조트,2023-05-27,2023-05-27,경북 문경시 농암면 청화로 509,경북 문경시 농암면 내서리 257-2,127.9642207,36.569342,,,POI01000TR000338V,STX리조트,1080,24,N,8,4,3,2,2,
2305270005,f_f000973,5,STX리조트,2023-05-27,2023-05-28,경북 문경시 농암면 청화로 509,경북 문경시 농암면 내서리 257-2,127.9642207,36.569342,,,POI01000TR000338V,STX리조트,390,24,N,8,4,3,2,3,
2305280001,f_f000973,6,다온 정에 숯불 양념 석쇠구이,2023-05-28,2023-05-28,경북 문경시 가은읍 가은로 178,경북 문경시 가은읍 왕능리 75-2,128.0681457,36.6434796,,,POI02001TR006113V,다온정숯불양념석쇠구이,60,11,N,2,,3,3,3,
2305280002,f_f000973,7,가은역 (폐역),2023-05-28,2023-05-28,경북 문경시 가은읍 대야로 2441,경북 문경시 가은읍 왕능리 536,128.0604128,36.6499627,,,POI01000TR041798V,가은역 (폐역),90,11,N,1,,4,4,4,
2305280003,f_f000973,8,문경 에코월드,2023-05-28,2023-05-28,경북 문경시 가은읍 왕능길 114,경북 문경시 가은읍 왕능리 480-4,128.0603848,36.6541115,,,POI01000TR028972V,문경에코랄라,240,13,N,2,,5,5,5,
2305280004,f_f000973,9,초계한 우,2023-05-28,2023-05-28,경북 문경시 호계면 부천로 136,경북 문경시 호계면 막곡리 173-5,128.2066662,36.6324955,,,POI01000TR012246V,초계한우,90,11,N,2,,4,3,4,
2305280005,f_f000973,10,STX리조트,2023-05-28,2023-05-29,경북 문경시 농암면 청화로 509,경북 문경시 농암면 내서리 257-2,127.9642207,36.569342,,,POI01000TR000338V,STX리조트,960,24,N,8,4,2,2,2,
2305290001,f_f000973,11,고 데스 커피 로스터리,2023-05-29,2023-05-29,경북 문경시 가은읍 공단강변길 17,경북 문경시 가은읍 왕능리 68,128.0675434,36.6426164,,,POI01000000CWSUE4,고더스커피로스터리,30,11,N,2,,4,4,4,
2305290002,f_f000973,12,문경오미자 테마 터널,2023-05-29,2023-05-29,경북 문경시 마성면 문경대로 1356-1,경북 문경시 마성면 신현리 산 35-6,128.1286391,36.6596027,,,POI01000TR036672V,문경오미자테마터널,60,2,N,2,,4,4,4,
2305290003,f_f000973,13,메밀꽃필무렵,2023-05-29,2023-05-29,경북 문경시 신흥1길 11,경북 문경시 흥덕동 806-3,128.2036607,36.5995427,,,POI02001TR010399V,메밀꽃필무렵,60,11,N,2,,3,3,4,
2305290004,f_f000973,14,애플문,2023-05-29,2023-05-29,경북 문경시 문경읍 새재로 587-10,경북 문경시 문경읍 진안리 55,128.0924215,36.7352888,,,POI02001TR019990V,애플문,30,11,N,2,,3,3,3,
2305290005,f_f000973,15,금강 숯불갈비,2023-05-29,2023-05-29,충남 예산군 삽교읍 삽교로 253,충남 예산군 삽교읍 방아리 130-4,126.7567739,36.6870087,,,POI02001TR004285V,금강숯불갈비,60,22,,,,,,,
2305290006,f_f000973,16,집,2023-05-29,2023-05-30,예학로 162,,,,,,,,330,21,,,,,,,4481025300
2305270001,f_f000979,1,집,2023-05-27,2023-05-27,,,,,,,,,,21,,,,,,,1135010500
2305270002,f_f000979,2,한반도 지형,2023-05-27,2023-05-27,,강원 영월군 한반도면 옹정리 산 180,128.3460489,37.2206087,,,POI01000TR034033V,한반도지형,90,1,N,1,,5,4,4,
2305270003,f_f000979,3,한반도 전기 카트체험장,2023-05-27,2023-05-27,강원 영월군 한반도면 안새내길 63-33,강원 영월군 한반도면 신천리 593-1,128.337455,37.2317755,,,POI01000TR039755V,한반도전기카트체험장,60,5,N,11,,5,4,4,
2305270004,f_f000979,4,영월 서부시장,2023-05-27,2023-05-27,강원 영월군 영월읍 서부시장길 13,강원 영월군 영월읍 하송리 5-1,128.4665141,37.1830221,,,POI01000TR038777V,영월서부시장,60,4,N,2,,5,5,4,
2305270005,f_f000979,5,삿갓 펜션 캠핑장,2023-05-27,2023-05-28,강원 영월군 김삿갓면 김삿갓로 362,강원 영월군 김삿갓면 와석리 878,128.6036458,37.0910134,,,POI02001TR014546V,삿갓펜션&캠핑장,540,24,N,11,3,2,1,1,
2305280001,f_f000979,6,태화산 고씨동굴,2023-05-28,2023-05-28,,강원 영월군 김삿갓면 진별리,128.5328903,37.1294065,,,POI01000TR019087V,태화산 고씨동굴,120,2,N,1,,4,2,3,
2305280002,f_f000979,7,요선암돌개구멍,2023-05-28,2023-05-28,,강원 영월군 무릉도원면 무릉리 1423,128.2608587,37.2970912,,,POI01000TR009266V,요선암돌개구멍,60,1,N,1,,4,3,3,
2305280003,f_f000979,8,집,2023-05-28,2023-05-29,,,,,,,,,270,21,,,,,,,1135010500
2305260001,f_f001026,1,집,2023-05-26,2023-05-26,석수로40,,,,,,,,,21,,,,,,,4117110200
2305260002,f_f001026,3,외할머니 댁,2023-05-26,2023-05-27,영당1길 47(덕은다원),,,,,,,,30,22,,,,,,,4885031000
2305260003,f_f001026,2,장수옥,2023-05-26,2023-05-26,경기 안양시 동안구 경수대로 499,경기 안양시 동안구 호계동 974-6,126.9577837,37.367077,,,POI010000006JBPO9,장수옥,30,11,N,5,,5,4,4,
2305270001,f_f001026,4,하동송림공원,2023-05-27,2023-05-27,경남 하동군 하동읍 섬진강대로 2107-3,경남 하동군 하동읍 광평리 443-10,127.7450539,35.0623868,,,POI01000TR028538V,하동송림공원,30,7,N,9,,5,4,5,
2305270002,f_f001026,5,하동 북천 꽃양귀비 축제,2023-05-27,2023-05-27,,경남 하동군 북천면 직전리 507-3,127.8800505,35.1116507,,,POI02001TR031554V,하동 북천꽃양귀비축제,90,8,N,2,,3,2,2,
2305270003,f_f001026,6,함안 제일 숯불갈비,2023-05-27,2023-05-27,경남 함안군 가야읍 중앙본길 32,경남 함안군 가야읍 말산리 280,128.4099272,35.2724165,,,POI02001TR032452V,함안제일숯불갈비,60,11,N,9,,4,3,4,
2305270004,f_f001026,7,무진장,2023-05-27,2023-05-27,경남 함안군 함안면 괴산4길 25,경남 함안군 함안면 괴산리 547,128.4230933,35.2554702,,,POI0100000068RF6M,무진정,150,2,N,2,,3,4,5,
2305270005,f_f001026,8,덕은 다원,2023-05-27,2023-05-28,경남 하동군 화개면 섬진강대로 3940,경남 하동군 화개면 덕은리 840-1,127.6315522,35.1815615,,,POI01000000CKRPIQ,덕은다원,60,22,,,,,,,
2305280001,f_f001026,9,보람 산장,2023-05-28,2023-05-28,경남 하동군 화개면 쌍계로 537,경남 하동군 화개면 운수리 384-12,127.6440434,35.2274566,,,POI01000000EV7ZP0,보람산장,90,11,N,2,,3,2,3,
2305280002,f_f001026,10,223 하동 세계 차 엑스포 제2행사장,2023-05-28,2023-05-28,경남 하동군 화개면 쌍계로 571-25,경남 하동군 화개면 운수리 664,127.6426923,35.2277323,,,POI01000000E2LGHU,하동야생차문화축제,120,8,N,5,,4,4,4,
2305280003,f_f001026,11,더 로드 11,2023-05-28,2023-05-28,경남 하동군 화개면 화개로 357,경남 하동군 화개면 삼신리 341-3,127.6375639,35.2158457,,,POI01000000994J67,더로드101,90,11,N,1,,5,5,5,
2305280004,f_f001026,12,덕은 다원,2023-05-28,2023-05-29,경남 하동군 화개면 섬진강대로 3940,경남 하동군 화개면 덕은리 840-1,127.6315522,35.1815615,,,POI01000000CKRPIQ,덕은다원,330,22,,,,,,,
2305290001,f_f001026,13,밤톨,2023-05-29,2023-05-29,경남 하동군 화개면 화개로 17-1,경남 하동군 화개면 탑리 667-2,127.623405,35.1900276,,,POI01000TR009988V,밤톨,30,11,N,2,,5,5,5,
2305290002,f_f001026,14,화개 장터,2023-05-29,2023-05-29,경남 하동군 화개면 쌍계로 15,경남 하동군 화개면 탑리 726-46,127.6242407,35.1878908,,,POI01000TR008697V,화개장터,30,4,Y,1,,3,1,2,
2305290003,f_f001026,15,온담,2023-05-29,2023-05-29,전북 전주시 완산구 전주천동로 210,전북 전주시 완산구 다가동2가 181,127.1398815,35.815157,,,POI01000000CYFT0E,온담,60,11,Y,4,,5,5,5,
2305290004,f_f001026,16,전주한옥마을,2023-05-29,2023-05-29,,전북 전주시 완산구 풍남동3가 64-1,127.1525571,35.8148243,,,POI01000TR026131V,전주한옥마을,30,4,Y,4,,5,5,5,
2305290005,f_f001026,17,전동성당,2023-05-29,2023-05-29,전북 전주시 완산구 태조로 51,전북 전주시 완산구 전동 200-1,127.1492215,35.8133288,,,POI010000007TFCE1,전동성당,30,2,Y,9,,4,3,4,
2305290006,f_f001026,18,카카오 프렌즈 전주한옥마을 점,2023-05-29,2023-05-29,전북 전주시 완산구 팔달로 126,전북 전주시 완산구 전동 74,127.1487359,35.8140144,,,POI01000TR016483V,카카오프렌즈 전주한옥마을점,30,10,Y,4,,5,5,5,
2305290007,f_f001026,19,외할머니 솜씨,2023-05-29,2023-05-29,전북 전주시 완산구 오목대길 81-8,전북 전주시 완산구 교동 97-1,127.1520497,35.8127566,,,POI01000TR043504V,외할머니솜씨,30,11,N,2,,3,2,3,
2305290008,f_f001026,20,집,2023-05-29,2023-05-30,석수로40,,,,,,,,270,21,,,,,,,4117110200
2305210001,f_f001059,1,집,2023-05-21,2023-05-21,강원 동해시 평원로 110,강원 동해시 평릉동 448,,,3221041,4217010200,,,,21,,,,,,,
2305210002,f_f001059,2,옥계휴게소 속초방향,2023-05-21,2023-05-21,강원 강릉시 옥계면 동해고속도로 320,강원 강릉시 옥계면 주수리 88-5,129.0605918,37.6160819,,,POI01000TR019060V,옥계휴게소 속초방향,30,9,Y,4,,5,5,5,
2305210003,f_f001059,6,집,2023-05-21,2023-05-22,강원 동해시 평원로 110,강원 동해시 평릉동 448,,,3221041,4217010200,,,510,21,,,,,,,
2305210004,f_f001059,3,강릉시립미술관,2023-05-21,2023-05-21,강원 강릉시 화부산로40번길 46,강원 강릉시 교동 904-86,128.8908825,37.7604879,,,POI0100000075UCS6,강릉시립미술관,60,3,N,10,,5,5,5,
2305210005,f_f001059,4,재스민,2023-05-21,2023-05-21,강원 강릉시 난설헌로 105,강원 강릉시 포남동 945,128.9036881,37.785335,,,POI01000TR009863V,자스민,60,11,N,5,,5,5,5,
2305210006,f_f001059,5,경포호,2023-05-21,2023-05-21,,강원 강릉시 초당동,128.9030906,37.7961988,,,POI01000TR039894V,경포호,90,1,Y,4,,5,5,5,
2306050001,f_f001074,1,집,2023-06-05,2023-06-05,,,,,,,,,,21,,,,,,,2720010300
2306050002,f_f001074,2,평사휴게소 부산방향,2023-06-05,2023-06-05,경북 경산시 진량읍 경부고속도로 105,경북 경산시 진량읍 평사리 193,128.8671021,35.885333,,,POI01000TR024294V,평사휴게소 부산방향,30,9,N,9,,3,2,2,
2306050003,f_f001074,3,호텔별,2023-06-05,2023-06-05,경북 경주시 원효로26번길 17,경북 경주시 노서동 175-5,129.2037574,35.8407405,,,POI02001TR033649V,호텔별,30,24,N,11,2,3,2,3,
2306050004,f_f001074,4,대릉원,2023-06-05,2023-06-05,경북 경주시 계림로 9,경북 경주시 황남동 268-10,129.2123347,35.83815,,,POI01000TR032143V,대릉원,30,2,Y,4,,5,5,5,
2306050005,f_f001074,5,천마총,2023-06-05,2023-06-05,경북 경주시 계림로 9,경북 경주시 황남동 262,129.2105594,35.8384566,,,POI01000TR036572V,천마총,30,2,Y,11,,5,5,5,
2306050006,f_f001074,6,황련단길,2023-06-05,2023-06-05,경북 경주시 태종로 746,경북 경주시 황남동 270-10,129.2096454,35.8393348,,,POI01000TR022576V,황리단길,30,4,N,1,,3,3,3,
2306050007,f_f001074,7,연 식당,2023-06-05,2023-06-05,경북 경주시 포석로1068번길 15-14,경북 경주시 황남동 74-4,129.2112886,35.8367807,,,POI02001TR020910V,연식당,60,11,N,11,,5,5,5,
2306050008,f_f001074,8,호텔별,2023-06-05,2023-06-05,경북 경주시 원효로26번길 17,경북 경주시 노서동 175-5,129.2037574,35.8407405,,,POI02001TR033649V,호텔별,30,24,Y,11,2,3,2,3,
2306050009,f_f001074,9,경주엑스포 대공원,2023-06-05,2023-06-05,경북 경주시 경감로 614,경북 경주시 천군동 130,129.2883479,35.8308656,,,POI0100000073FDTR,경주세계문화엑스포공원첨성대영상관,60,13,N,5,,5,5,5,
2306050010,f_f001074,10,호텔별,2023-06-05,2023-06-06,경북 경주시 원효로26번길 17,경북 경주시 노서동 175-5,129.2037574,35.8407405,,,POI02001TR033649V,호텔별,120,24,Y,11,2,3,2,3,
2306060001,f_f001074,11,롯데리아 경주 보문점,2023-06-06,2023-06-06,경북 경주시 보문로 465-67,경북 경주시 신평동 150-10,129.2909818,35.839732,,,POI01000TR007965V,롯데리아 경주보문지티랜드점,30,11,N,8,,4,4,4,
2306060002,f_f001074,12,불국사,2023-06-06,2023-06-06,경북 경주시 불국로 385,경북 경주시 진현동 15-1,129.3318426,35.7899147,,,POI01000TR000952V,불국사,60,2,N,10,,5,5,5,
2306060003,f_f001074,13,석굴암,2023-06-06,2023-06-06,경북 경주시 석굴로 238,경북 경주시 진현동 999,129.3505207,35.7952417,,,POI01000000AQI33K,석굴암,60,2,N,11,,5,5,5,
2306060004,f_f001074,14,힐튼호텔 경주,2023-06-06,2023-06-06,경북 경주시 보문로 484-7,경북 경주시 신평동 370,129.2857569,35.8399757,,,POI01000TR013739V,힐튼호텔 경주,120,24,N,2,1,5,5,5,
2306060005,f_f001074,15,보문 콜로세움,2023-06-06,2023-06-06,경북 경주시 보문로 132-16,경북 경주시 북군동 57-24,129.2681981,35.8525807,,,POI010000008V5A8M,보문콜로세움,30,12,N,1,,1,1,1,
2306060006,f_f001074,16,어촌 밥상,2023-06-06,2023-06-06,경북 경주시 북군길 15-5,경북 경주시 북군동 225-3,129.2631375,35.8522112,,,POI01000000CVUJR7,어촌밥상,30,11,N,2,,4,4,4,
2306060007,f_f001074,17,선덕여왕공원,2023-06-06,2023-06-06,,경북 경주시 북군동 114-11,129.2703223,35.8525513,,,POI01000TR033575V,선덕여왕공원,60,1,N,11,,4,4,4,
2306060008,f_f001074,18,첨성대,2023-06-06,2023-06-06,,경북 경주시 인왕동 910-30,129.2190202,35.834718,,,POI01000TR003385V,첨성대,60,2,Y,4,,5,5,5,
2306060009,f_f001074,19,힐튼호텔 경주,2023-06-06,2023-06-07,경북 경주시 보문로 484-7,경북 경주시 신평동 370,129.2857569,35.8399757,,,POI01000TR013739V,힐튼호텔 경주,120,24,Y,11,1,5,5,5,
2306070001,f_f001074,20,아화 전통 국수 보문점,2023-06-07,2023-06-07,경북 경주시 북군길 25,경북 경주시 북군동 221,129.2634766,35.8525778,,,POI01000TR043494V,아화전통국수 보문점,30,11,N,9,,5,5,5,
2306070002,f_f001074,21,신라명가 오릉 본점 CAFE- 경주빵 찰보리빵,2023-06-07,2023-06-07,경북 경주시 서라벌대로 229,경북 경주시 탑동 676-1,129.2139263,35.8205647,,,POI02001TR018654V,신라명가 오릉 본점 CAFE- 경주빵 찰보리빵,60,10,N,3,,5,5,5,
2306070003,f_f001074,23,집,2023-06-07,2023-06-08,,,,,,,,,570,21,,,,,,,2720010300
2306070004,f_f001074,22,경주 주유소,2023-06-07,2023-06-07,경북 경주시 원화로 232-1,경북 경주시 황오동 115-8,129.2174912,35.8414428,,,POI01000000BWMD8A,S-Oil경주셀프주유소,30,12,N,9,,3,3,3,
2305220001,f_f001081,1,집,2023-05-22,2023-05-22,경기 가평군 가평읍 석봉로 247-154,,,,3216024,4182025021,,,,21,,,,,,,
2305220002,f_f001081,10,경포비치호텔,2023-05-22,2023-05-23,강원 강릉시 해안로406번길 17,강원 강릉시 강문동 303-4,128.913699,37.7990429,,,POI01000TR034790V,경포비치호텔,300,24,Y,4,1,5,4,4,
2305220003,f_f001081,2,오죽헌,2023-05-22,2023-05-22,강원 강릉시 율곡로3139번길 24,강원 강릉시 죽헌동 177-4,128.8773135,37.7795001,,,POI01000TR010855V,오죽헌,30,2,N,1,,5,3,4,
2305220004,f_f001081,4,주문진항,2023-05-22,2023-05-22,,강원 강릉시 주문진읍 교항리,128.8307832,37.8878397,,,POI01000TR003097V,주문진항,30,9,N,2,,4,3,3,
2305220005,f_f001081,3,연곡 꾹저구탕,2023-05-22,2023-05-22,강원 강릉시 연곡면 진고개로 2679,강원 강릉시 연곡면 방내리 69-4,128.8319372,37.8586275,,,POI01000TR039259V,연곡꾹저구탕,30,11,N,2,,3,2,3,
2305220006,f_f001081,5,안목 해변,2023-05-22,2023-05-22,강원 강릉시 창해로14번길 51-26,강원 강릉시 견소동 286-10,128.9482754,37.7722618,,,POI01000TR042380V,안목해변,30,4,N,1,,5,4,4,
2305220007,f_f001081,6,카페베네 강릉 안목점,2023-05-22,2023-05-22,강원 강릉시 창해로14번길 50,강원 강릉시 견소동 3-1,128.9497036,37.770813,,,POI01000TR004080V,카페베네 강릉안목점,30,4,N,1,,5,4,5,
2305220008,f_f001081,7,관동팔경 녹색경관길 경포대와 호수길,2023-05-22,2023-05-22,,강원 강릉시 초당동,128.9079175,37.795137,,,POI02001TR002929V,관동팔경녹색경관길 경포대와호수길,60,7,Y,3,,5,5,5,
2305220009,f_f001081,8,경포해수욕장,2023-05-22,2023-05-22,강원 강릉시 창해로 514,강원 강릉시 강문동 산 1,128.9102102,37.8034055,,,POI01000TR027006V,경포해수욕장,30,1,Y,4,,5,5,5,
2305220010,f_f001081,9,솔향 초당순두부,2023-05-22,2023-05-22,강원 강릉시 초당순두부길 67,강원 강릉시 초당동 303-2,128.9152048,37.7893002,,,POI01000000D2G3KE,솔향초당순두부,60,11,N,9,,3,3,2,
2305230001,f_f001081,18,피카소 호텔,2023-05-23,2023-05-24,강원 동해시 동굴로 123-6,강원 동해시 천곡동 904-1,129.1168063,37.5194789,,,POI01000TR021564V,피카소호텔,300,24,N,7,1,4,3,3,
2305230002,f_f001081,11,감자바위,2023-05-23,2023-05-23,강원 강릉시 금성로35번길 4,강원 강릉시 성남동 97-17,128.8970743,37.7531069,,,POI01000TR013885V,감자바우,30,11,N,2,,4,3,3,
2305230003,f_f001081,12,강릉 중앙시장,2023-05-23,2023-05-23,강원 강릉시 금성로 21,강원 강릉시 성남동 50,128.8986238,37.7540251,,,POI01000TR021364V,강릉중앙시장,30,4,Y,2,,4,3,3,
2305230004,f_f001081,14,삼척 장밋공원,2023-05-23,2023-05-23,강원 삼척시 오십천로 586,강원 삼척시 정상동 440,129.1774071,37.4332799,,,POI010000006DL9PY,삼척장미공원,30,8,N,3,,5,5,5,
2305230005,f_f001081,13,동해휴게소 주유소 동해 방향,2023-05-23,2023-05-23,강원 동해시 동해대로 6427,강원 동해시 망상동 3-1,129.0752181,37.6005797,,,POI010000006B9PY9,동해휴게소주유소 동해방향,30,9,Y,4,,5,5,5,
2305230006,f_f001081,15,무릉 계곡 관광지,2023-05-23,2023-05-23,강원 동해시 삼화로 538,강원 동해시 삼화동 859,129.019362,37.4634875,,,POI01000TR013611V,무릉계곡관광지,180,1,N,3,,4,1,2,
2305230007,f_f001081,16,동해 에그 카페,2023-05-23,2023-05-23,,,,,,,,,30,11,N,9,,5,2,3,4217012400
2305230008,f_f001081,17,삼정 식당,2023-05-23,2023-05-23,강원 동해시 동굴로 123-2,강원 동해시 천곡동 901,129.1170738,37.5189597,,,POI01000000BIQW4F,삼정식당입구,30,11,N,9,,3,1,1,
2305240001,f_f001081,22,집,2023-05-24,2023-05-25,석봉로 247-154,,,,,,,,420,21,,,,,,,4182025000
2305240002,f_f001081,19,오대산,2023-05-24,2023-05-24,,강원 평창군 진부면 동산리 산 1,128.542639,37.793478,,,POI01000TR009080V,오대산,120,2,Y,1,,5,5,5,
2305240003,f_f001081,20,비로봉,2023-05-24,2023-05-24,강원 평창군 진부면 오대산로 90,강원 평창군 진부면 간평리 106-17,128.6001037,37.7107107,,,POI01000TR040208V,비로봉,30,11,N,6,,4,2,1,
2305240004,f_f001081,21,홍천강 휴게소 춘천 방향,2023-05-24,2023-05-24,강원 홍천군 북방면 도사곡길 223,강원 홍천군 북방면 소매곡리 294,127.8277028,37.7124156,,,POI01000TR105281V,홍천강휴게소 춘천방향,30,11,Y,6,,4,4,4,
2306020001,f_f001092,1,사무실,2023-06-02,2023-06-02,,,,,,,,,,23,,,,,,,2644010100
2306020005,f_f001092,2,생림 오토캠핑장,2023-06-02,2023-06-03,,,,,,,,,330,24,N,2,5,4,3,3,4825035000
2306030001,f_f001092,3,신세계백화점 김해점,2023-06-03,2023-06-03,경남 김해시 김해대로 2232,경남 김해시 외동 1264,128.8725354,35.2289819,,,POI01000TR007253V,신세계백화점 김해점,330,4,Y,7,,4,4,4,
2306030002,f_f001092,4,스타벅스 남양산 IC DT 점,2023-06-03,2023-06-03,경남 양산시 동면 양산대로 532,경남 양산시 동면 석산리 966,129.030485,35.3199869,,,POI01000TR010435V,스타벅스 남양산IC DT점,30,11,Y,6,,4,4,4,
2306030003,f_f001092,7,친구 집,2023-06-03,2023-06-04,,,,,,,,,450,22,,,,,,,4833010700
2306030004,f_f001092,6,공원,2023-06-03,2023-06-03,,,,,,,,,30,7,N,9,,4,3,3,4833010700
2306030005,f_f001092,5,친구 집,2023-06-03,2023-06-03,,,,,,,,,150,22,N,11,,4,3,3,4833010700
2306040001,f_f001092,8,교동 면옥 양산점,2023-06-04,2023-06-04,경남 양산시 물금읍 물금중앙길 21,경남 양산시 물금읍 물금리 377-1,128.9844493,35.3091644,,,POI02001TR003290V,교동면옥 양산점,60,4,N,9,,4,3,3,
2306040002,f_f001092,9,해월당 호포점,2023-06-04,2023-06-04,경남 양산시 동면 양산대로 83,경남 양산시 동면 가산리 1183,129.0162975,35.2829311,,,POI02001TR032913V,해월당 호포점,120,11,N,2,,4,4,4,
2306040003,f_f001092,10,아웃백 스테이크하우스 동래점,2023-06-04,2023-06-04,부산 동래구 온천장로 20,부산 동래구 온천동 456-29,129.0793947,35.2138043,,,POI02001TR019513V,아웃백스테이크하우스 동래점,90,11,Y,7,,4,3,3,
2306040004,f_f001092,11,집,2023-06-04,2023-06-05,,,,,,,,,240,21,,,,,,,2623010300
2306030001,f_f001112,1,사무실,2023-06-03,2023-06-03,서울역,,,,,,,,,23,,,,,,,1117010700
2306030002,f_f001112,2,서울역,2023-06-03,2023-06-03,서울 용산구 한강대로 405,서울 용산구 동자동 43-205,126.9706069,37.5546788,,,POI01000TR030428V,도원스타일 서울역점,30,9,Y,6,,5,5,5,
2306030003,f_f001112,3,부산역,2023-06-03,2023-06-03,부산 동구 중앙대로 206,부산 동구 초량동 1187-1,129.0414192,35.1151092,,,POI01000TR040141V,부산역,0,9,N,1,,5,5,5,
2306030004,f_f001112,4,말리꽃 펜트하우스,2023-06-03,2023-06-03,부산 중구 광복로 88,부산 중구 광복동1가 45,129.0345471,35.0983917,,,POI02001TR010044V,말리꽃펜트하우스,30,24,N,6,7,5,5,5,
2306030005,f_f001112,5,오래된 할미 가야 밀면,2023-06-03,2023-06-03,부산 중구 광복로 56-14,부산 중구 남포동2가 17-1,129.031223,35.0989468,,,POI01000TR009678V,오래된할매가야밀면,30,11,N,9,,5,5,5,
2306030006,f_f001112,6,용두산공원,2023-06-03,2023-06-03,부산 중구 용두산길 37-55,부산 중구 광복동2가 1-2,129.0324434,35.1009305,,,POI01000000BBTVPV,용두산공원,60,1,N,1,,5,5,5,
2306030007,f_f001112,7,자갈치시장,2023-06-03,2023-06-03,부산 중구 자갈치해안로 52,부산 중구 남포동5가 105-1,129.0305798,35.0966199,,,POI01000000E1B9XS,자갈치시장,30,4,N,1,,5,5,5,
2306030008,f_f001112,8,대정 양 곱창 본관,2023-06-03,2023-06-03,부산 중구 중구로23번길 31,부산 중구 부평동2가 26-1,129.0260988,35.0999553,,,POI01000TR016115V,대정양곱창 본관,90,11,N,1,,5,5,5,
2306030009,f_f001112,9,말리꽃 펜트하우스,2023-06-03,2023-06-04,부산 중구 광복로 88,부산 중구 광복동1가 45,129.0345471,35.0983917,,,POI02001TR010044V,말리꽃펜트하우스,210,24,Y,6,7,5,5,5,
2306040001,f_f001112,10,소문난 주문진 막국수,2023-06-04,2023-06-04,부산 동래구 사직로58번길 8,부산 동래구 사직동 92-1,129.0594692,35.1959327,,,POI02001TR016458V,소문난주문진막국수,90,11,N,2,,5,5,5,
2306040002,f_f001112,11,부산 사직종합운동장 사직야구장,2023-06-04,2023-06-04,부산 동래구 사직로 45,부산 동래구 사직동 960,129.061544,35.1940176,,,POI01000TR032378V,부산사직종합운동장 사직야구장,240,5,N,1,,5,5,5,
2306040003,f_f001112,13,행복식당,2023-06-04,2023-06-04,부산 수영구 민락수변로 11,부산 수영구 민락동 181-139,129.1241007,35.1548193,,,POI02001TR033032V,행복식당,120,11,N,6,,5,5,5,
2306040004,f_f001112,12,해운대해수욕장,2023-06-04,2023-06-04,,부산 해운대구 우동,129.1598547,35.1585232,,,POI01000TR008098V,해운대해수욕장,60,1,N,1,,5,5,5,
2306040005,f_f001112,14,해운대푸르지오시티,2023-06-04,2023-06-05,부산 해운대구 해운대해변로298번길 29,부산 해운대구 중동 1123,129.1668539,35.1611989,,,POI01000000DQZC3D,해운대푸르지오시티,120,24,N,7,8,5,5,5,
2306050001,f_f001112,15,금수복국 해운대본점,2023-06-05,2023-06-05,부산 해운대구 중동1로43번길 23,부산 해운대구 중동 1394-65,129.1644474,35.1623954,,,POI01000TR022622V,금수복국 해운대본점,60,11,N,1,,5,5,5,
2306050002,f_f001112,16,롯데월드 어드벤처 부산,2023-06-05,2023-06-05,부산 기장군 기장읍 동부산관광로 42,부산 기장군 기장읍 시랑리 산 46,129.2132068,35.1960435,,,POI01000TR019759V,롯데월드 어드벤처 부산,360,6,N,5,,5,5,5,
2306050003,f_f001112,17,성원 정향 대창 광안 본점,2023-06-05,2023-06-05,부산 수영구 광안로61번가길 4,부산 수영구 민락동 713-30,129.1206135,35.1551526,,,POI01000000C94R4G,성원정양대창 광안본점,120,11,N,5,,5,5,5,
2306050004,f_f001112,18,광안리해수욕장,2023-06-05,2023-06-05,부산 수영구 광안해변로 219,부산 수영구 광안동 192-20,129.1189761,35.1531933,,,POI01000TR030726V,광안리해수욕장,90,1,N,1,,5,5,5,
2306050005,f_f001112,19,해운대푸르지오시티,2023-06-05,2023-06-06,부산 해운대구 해운대해변로298번길 29,부산 해운대구 중동 1123,129.1668539,35.1611989,,,POI01000000DQZC3D,해운대푸르지오시티,120,24,Y,11,8,5,5,5,
2306060001,f_f001112,20,행리단길,2023-06-06,2023-06-06,,부산 해운대구 우동 517-14,129.1579088,35.165111,,,POI01000TR028835V,해리단길,60,4,N,2,,5,5,5,
2306060002,f_f001112,23,백련산 해 모로 아파트,2023-06-06,2023-06-07,서울 은평구 응암로30길 15,서울 은평구 응암동 768,126.9218666,37.5962492,,,POI01000000DQXSQE,백련산해모로아파트입주자대표회의,390,21,,,,,,,
2306060003,f_f001112,21,부산역,2023-06-06,2023-06-06,부산 동구 중앙대로 206,부산 동구 초량동 1187-1,129.0414192,35.1151092,,,POI01000TR040141V,부산역,30,9,Y,6,,5,5,5,
2306060004,f_f001112,22,서울역,2023-06-06,2023-06-06,서울 용산구 한강대로 405,서울 용산구 동자동 43-205,126.9706069,37.5546788,,,POI01000TR030428V,도원스타일 서울역점,30,9,Y,6,,5,5,5,
2305260001,f_f001116,1,사무실,2023-05-26,2023-05-26,,,,,,,,,,23,,,,,,,4111710100
2305260002,f_f001116,2,수원역,2023-05-26,2023-05-26,경기 수원시 팔달구 덕영대로 924,경기 수원시 팔달구 매산로1가 18,127.0000947,37.2657903,,,POI01000TR008434V,수원역,30,9,Y,6,,5,5,5,
2305260003,f_f001116,3,구미역,2023-05-26,2023-05-26,경북 구미시 구미중앙로 76,경북 구미시 원평동 1008-1,128.3310162,36.1282722,,,POI010000006O8XGB,구미역,30,9,Y,6,,4,4,4,
2305260004,f_f001116,4,구평영무예다음1차아파트,2023-05-26,2023-05-26,경북 구미시 인동54길 9,경북 구미시 구평동 1087,128.4478489,36.0916899,,,POI01000000E04ZER,(주)태웅구평1차영무예다음,30,22,,,,,,,
2305260006,f_f001116,5,의성 펫 월드 오토캠핑장,2023-05-26,2023-05-27,,경북 의성군 단북면 노연리 380,128.4274142,36.3907422,,,POI02001TR023793V,의성펫월드 오토캠핑장,270,24,Y,4,5,5,5,5,
2305270001,f_f001116,6,의성 펫 월드 오토캠핑장,2023-05-27,2023-05-28,,경북 의성군 단북면 노연리 380,128.4274142,36.3907422,,,POI02001TR023793V,의성펫월드 오토캠핑장,1440,24,Y,2,5,5,5,5,
2305280001,f_f001116,7,원조 추어탕,2023-05-28,2023-05-28,경북 칠곡군 가산면 인동가산로 686,경북 칠곡군 가산면 학하리 357-1,128.4839602,36.0981182,,,POI02001TR023009V,원조추어탕,60,11,N,5,,5,5,5,
2305280002,f_f001116,8,카페 미술관,2023-05-28,2023-05-28,경북 구미시 인동50길 15,경북 구미시 구평동 380-1,128.443382,36.0913689,,,POI02001TR029008V,카페미술관,30,4,Y,7,,5,5,5,
2305280003,f_f001116,10,구평영무예다음1차아파트,2023-05-28,2023-05-29,경북 구미시 인동54길 9,경북 구미시 구평동 1087,128.4478489,36.0916899,,,POI01000000E04ZER,(주)태웅구평1차영무예다음,210,22,,,,,,,
2305280004,f_f001116,9,봉구스 밥버거 지은 평점,2023-05-28,2023-05-28,경북 구미시 인동36길 10,경북 구미시 진평동 67-4,128.4322242,36.0938422,,,POI02001TR012823V,봉구스밥버거 진평점,30,11,Y,8,,4,4,4,
2305290001,f_f001116,11,구미역,2023-05-29,2023-05-29,경북 구미시 구미중앙로 76,경북 구미시 원평동 1008-1,128.3310162,36.1282722,,,POI010000006O8XGB,구미역,30,9,Y,6,,4,4,4,
2305290002,f_f001116,13,엘리시아 빌,2023-05-29,2023-05-30,경기 수원시 팔달구 매산로155번길 12,경기 수원시 팔달구 구천동 47-13,127.0172553,37.2737083,,,POI02001TR020612V,엘리시아빌,30,21,,,,,,,
2305290003,f_f001116,12,수원역,2023-05-29,2023-05-29,경기 수원시 팔달구 덕영대로 924,경기 수원시 팔달구 매산로1가 18,127.0000947,37.2657903,,,POI01000TR008434V,수원역,30,9,Y,6,,4,4,4,
2305260001,f_f001117,1,사무실,2023-05-26,2023-05-26,,,,,,,,,,23,,,,,,,4119010500
2305260002,f_f001117,2,양평 신내 서울 해장국,2023-05-26,2023-05-26,,,,,,,,,60,11,Y,1,,5,5,5,4157010300
2305260003,f_f001117,3,호텔 발리,2023-05-26,2023-05-27,충북 충주시 동량면 김생로 60,충북 충주시 동량면 용교리 283-2,127.9197156,37.0253627,,,POI02001TR033645V,호텔발리,30,24,N,8,1,5,5,5,
2305270001,f_f001117,4,GS25 충주 래미 안느 점,2023-05-27,2023-05-27,충북 충주시 동량면 김생로 58,충북 충주시 동량면 용교리 283-3,127.9198572,37.0255526,,,POI01000000EYV6LU,GS25,0,10,N,9,,5,5,5,
2305270002,f_f001117,5,호텔 발리,2023-05-27,2023-05-27,충북 충주시 동량면 김생로 60,충북 충주시 동량면 용교리 283-2,127.9197156,37.0253627,,,POI02001TR033645V,호텔발리,450,24,N,8,1,5,5,5,
2305270003,f_f001117,6,죽령휴게소 주차장,2023-05-27,2023-05-27,,충북 단양군 대강면 용부원리 산 13-39,128.4353954,36.898706,,,POI02001TR026759V,죽령휴게소 주차장,30,1,Y,4,,5,5,5,
2305270004,f_f001117,8,CU 울진 오션뷰 점,2023-05-27,2023-05-27,경북 울진군 울진읍 울진북로 842,경북 울진군 울진읍 온양리 306-13,129.412284,37.0157661,,,POI02001TR000294V,CU 울진오션뷰점,30,10,Y,4,,5,5,5,
2305270005,f_f001117,7,남 울진농협 하나로마트 기성점,2023-05-27,2023-05-27,,경북 울진군 기성면 척산리 213-3,129.4516219,36.7962791,,,POI02001TR005434V,남울진농협하나로마트 기성점,30,10,Y,4,,5,5,5,
2305270006,f_f001117,9,울진군 기성면 기성리 125-1  기성항 옆 방파제,2023-05-27,2023-05-27,기성리  125-1  기성항 옆 방파제,,,,,,,,360,13,Y,4,,5,5,5,4793035000
2305270007,f_f001117,10,기성항,2023-05-27,2023-05-28,,경북 울진군 기성면 기성리,129.4586739,36.8027062,,,POI02001TR004495V,기성항,60,24,Y,4,5,5,5,5,
2305280001,f_f001117,11,육반장 울진점,2023-05-28,2023-05-28,경북 울진군 죽변면 봉황길 4,경북 울진군 죽변면 봉평리 63,129.4121147,37.0453203,,,POI02001TR023589V,육반장 울진점,60,11,N,5,,5,5,5,
2305280002,f_f001117,12,제천 중앙시장,2023-05-28,2023-05-28,충북 제천시 풍양로 108,충북 제천시 중앙로1가 77,128.211328,37.1366972,,,POI01000TR013607V,제천중앙시장,120,10,N,3,,2,1,2,
2305280003,f_f001117,13,에이스 원룸주택,2023-05-28,2023-05-29,서울 강서구 방화동로10길 47,서울 강서구 방화동 609-116,126.814676,37.564776,,,POI01000000C70GWR,에이스원룸주택,60,21,,,,,,,
2305250001,f_f001124,1,집,2023-05-25,2023-05-25,광주 광산구 사암로340번길 30,광주 광산구 월곡동 685-1,,,4289194,2920012800,,,,21,,,,,,,2920012800
2305250002,f_f001124,2,신탄진휴게소 서울 방향,2023-05-25,2023-05-25,대전 대덕구 산업단지로 27,대전 대덕구 상서동 236-1,127.4184994,36.4267547,,,POI01000TR040650V,신탄진휴게소 서울방향,30,9,N,11,,4,3,4,
2305250003,f_f001124,3,둔내 역한 우,2023-05-25,2023-05-25,강원 횡성군 둔내면 고원로 117,강원 횡성군 둔내면 자포곡리 421,128.2194732,37.5106999,,,POI010000008LRP5A,둔내역한우,60,11,N,2,,5,4,4,
2305250004,f_f001124,4,둔내농협 하나로마트 본점,2023-05-25,2023-05-25,강원 횡성군 둔내면 둔내로 76-4,강원 횡성군 둔내면 자포곡리 412-8,128.2181502,37.5112028,,,POI010000008LXPJU,둔내농협하나로마트둔내농협,30,10,N,9,,3,3,3,
2305250005,f_f001124,5,평창휴게소 강릉방향,2023-05-25,2023-05-25,강원 평창군 용평면 경강로 2159-58,강원 평창군 용평면 이목정리 775,128.4529472,37.605367,,,POI01000TR015511V,평창휴게소 강릉방향,30,9,N,9,,4,3,3,
2305250006,f_f001124,6,모래시계공원,2023-05-25,2023-05-25,,강원 강릉시 강동면 정동진리 6-4,129.0379807,37.687104,,,POI01000TR023627V,모래시계공원,150,13,N,1,,4,4,4,
2305250007,f_f001124,7,명성 수산,2023-05-25,2023-05-25,,,,,,,,,30,4,N,11,,5,5,5,4223012600
2305250008,f_f001124,8,와우 펜션,2023-05-25,2023-05-26,강원 삼척시 삼척로 4246-15,강원 삼척시 오분동 1-14,129.1945942,37.4219175,,,POI01000000B57N28,와우펜션,270,24,N,2,3,4,4,4,
2305260001,f_f001124,11,광주 우산 LH1단지 아파트,2023-05-26,2023-05-27,광주 광산구 무진대로 246-7,광주 광산구 우산동 1599-1,126.8075435,35.1606817,,,POI01000000AOJ5VD,광주우산LH1단지입구,300,21,,,,,,,
2305260002,f_f001124,9,맹방해수욕장,2023-05-26,2023-05-26,,강원 삼척시 근덕면 하맹방리 12-1,129.2323351,37.390182,,,POI01000TR031630V,맹방해수욕장,30,1,N,1,,5,5,5,
2305260003,f_f001124,10,수로부인 헌화 공원,2023-05-26,2023-05-26,,강원 삼척시 원덕읍 임원리 산 323-1,129.349822,37.2346838,,,POI01000TR017056V,수로부인헌화공원,60,12,N,1,,4,4,4,
2306040001,f_f001131,1,집,2023-06-04,2023-06-04,한실로29 나래마을아파트,,,,,,,,,21,,,,,,,2729011600
2306040002,f_f001131,5,경상북도교육청 해양수련원,2023-06-04,2023-06-05,경북 영덕군 병곡면 고래불로 201,경상북도 영덕군 병곡면 거무역리 5-41,129.4124293,36.5785833,,,POI01000000EJZKNZ,경상북도학생해양수련원,480,24,N,8,4,5,5,5,2729011600
2306040003,f_f001131,2,삼사해상 산책로,2023-06-04,2023-06-04,,경북 영덕군 강구면 삼사리,129.3827583,36.3386931,,,POI01000TR005369V,삼사해상산책로,30,7,N,1,,5,4,4,
2306040004,f_f001131,3,강구항,2023-06-04,2023-06-04,,경북 영덕군 강구면 강구리 253-51,129.3913128,36.3587105,,,POI01000TR007260V,강구항,90,6,Y,4,,5,4,4,
2306040005,f_f001131,4,영덕 해 파랑공원,2023-06-04,2023-06-04,,경북 영덕군 강구면 강구리 584,129.3926424,36.3608101,,,POI01000TR013673V,영덕해파랑공원,30,6,N,1,,5,5,5,
2306050001,f_f001131,6,고래불해수욕장,2023-06-05,2023-06-05,,경북 영덕군 병곡면 병곡리 58-26,129.4107192,36.5986693,,,POI01000TR024065V,고래불해수욕장,90,1,N,1,,5,5,5,
2306050002,f_f001131,7,경상북도교육청 해양수련원,2023-06-05,2023-06-05,경북 영덕군 병곡면 고래불로 201,경북 영덕군 병곡면 거무역리 5-41,129.4125124,36.5790085,,,POI01000000EJZKNZ,경상북도학생해양수련원,150,24,Y,8,4,5,5,5,
2306050003,f_f001131,8,국립칠보산자연휴양림,2023-06-05,2023-06-05,경북 영덕군 병곡면 칠보산길 587,경북 영덕군 병곡면 영리 산 214,129.3672558,36.6242586,,,POI01000000BZ6C9X,국립칠보산자연휴양림,60,1,N,1,,5,5,5,
2306050004,f_f001131,9,벌열 메타세쿼이아 숲,2023-06-05,2023-06-05,,경북 영덕군 영해면 벌영리 산 54-1,129.3844386,36.5300581,,,POI01000TR018438V,메타세콰이어숲,30,7,N,1,,5,5,5,4777036000
2306050005,f_f001131,10,괴시리아 전통마을,2023-06-05,2023-06-05,경북 영덕군 영해면 호지마을1길 26,경북 영덕군 영해면 괴시리 350,129.4168725,36.5439033,,,POI01000TR029666V,괴시리전통마을,30,2,N,2,,5,5,5,
2306050006,f_f001131,11,칠보산 돌솥밥,2023-06-05,2023-06-05,벌영1길 8,,,,,,,,30,11,N,9,,5,5,5,4777036000
2306050007,f_f001131,12,경상북도교육청 해양수련원,2023-06-05,2023-06-06,경북 영덕군 병곡면 고래불로 201,경북 영덕군 병곡면 거무역리 5-41,129.4125124,36.5790085,,,POI01000000EJZKNZ,경상북도학생해양수련원,300,24,Y,8,4,5,5,5,
2306060001,f_f001131,13,영덕풍력발전 단지,2023-06-06,2023-06-06,,경북 영덕군 영덕읍 창포리 산 70,129.4166964,36.4187568,,,POI01000TR028054V,영덕풍력발전단지,30,6,N,1,,5,5,5,
2306060002,f_f001131,14,영천 휴게소 대구방향,2023-06-06,2023-06-06,경북 영천시 임고면 운주로 791,경북 영천시 임고면 금대리 99,129.0444974,36.053223,,,POI01000TR038492V,영천휴게소 대구방향,60,9,N,9,,5,5,5,
2306060003,f_f001131,15,집,2023-06-06,2023-06-07,한실로29 나래마을아파트,,,,,,,,540,21,,,,,,,2729011600
2305270001,f_f001134,1,집,2023-05-27,2023-05-27,한아름아파트 1525동,,,,,,,,,21,,,,,,,4119010900
2305270002,f_f001134,2,스타벅스 평내 DT,2023-05-27,2023-05-27,경기 남양주시 경춘로 1269,경기 남양주시 평내동 246-2,127.2347031,37.6476835,,,POI010000008EJPWM,스타벅스,30,11,N,9,,5,5,5,
2305270003,f_f001134,3,솥뚜껑 닭볶음탕,2023-05-27,2023-05-27,경기 가평군 설악면 어비산길 130-18,경기 가평군 설악면 가일리 95-5,127.5058674,37.5966191,,,POI01000000BGG7OY,솥뚜껑닭볶음탕,60,11,N,2,,5,5,5,
2305270004,f_f001134,4,파스쿠찌 유명산 DI 점,2023-05-27,2023-05-27,경기 가평군 설악면 어비산길 16,경기 가평군 설악면 가일리 193-12,127.4940965,37.5995016,,,POI01000TR007633V,파스쿠찌 유명산DI점,60,11,N,1,,5,5,5,
2305270005,f_f001134,5,국립유명산자연휴양림,2023-05-27,2023-05-27,경기 가평군 설악면 유명산길 79-53,경기 가평군 설악면 가일리 산 35,127.4910548,37.5929336,,,POI01000TR038600V,국립유명산자연휴양림,90,1,N,1,,5,5,5,
2305270008,f_f001134,6,르그랑 샤리오,2023-05-27,2023-05-28,강원 홍천군 서면 팔봉강변길 261-6,강원도 홍천군 서면 팔봉리 977-1 대,127.7070095,37.698487,,,POI01000000DCFCP1,르그랑샤리오신관,360,24,N,2,3,5,5,5,4272037000
2305280001,f_f001134,7,팔봉산,2023-05-28,2023-05-28,,강원 홍천군 서면 팔봉리 산 225,127.6970338,37.6959333,,,POI01000TR011042V,팔봉산,30,1,N,1,,5,5,5,
2305280002,f_f001134,8,프로메나드,2023-05-28,2023-05-28,경기 고양시 덕양구 행주산성로120번길 43,경기 고양시 덕양구 행주외동 177-5,126.8169867,37.6010896,,,POI02001TR031334V,프로메나드,150,11,N,1,,5,5,5,
2305280003,f_f001134,9,집,2023-05-28,2023-05-29,한아름아파트 1525동,,,,,,,,480,21,,,,,,,4119010900
2306020001,f_f001181,1,집,2023-06-02,2023-06-02,서울 강남구 압구정로42길,,,,4166523,1168010700,,,,21,,,,,,,1168011000
2306020002,f_f001181,2,가평휴게소 춘천 방향,2023-06-02,2023-06-02,경기 가평군 설악면 미사리로540번길 51,경기 가평군 설악면 미사리,127.5468237,37.7019331,,,POI01000TR027920V,가평휴게소 춘천방향,30,9,Y,7,,5,5,5,
2306020003,f_f001181,3,VIP 모텔,2023-06-02,2023-06-03,강원 춘천시 금강로13번길 21,강원 춘천시 소양로3가 70,127.7248795,37.8836842,,,POI01000000AT6MD4,춘천시VIP모텔,60,24,N,8,2,4,4,4,
2306030001,f_f001181,4,이디야커피 강원도청점,2023-06-03,2023-06-03,강원 춘천시 서부대성로 44,강원 춘천시 요선동 8-7,127.7278753,37.8831684,,,POI02001TR023867V,이디야커피 강원도청점,30,11,N,9,,4,4,4,
2306030002,f_f001181,5,실비 막국수,2023-06-03,2023-06-03,강원 춘천시 소양고개길 25,강원 춘천시 소양로2가 127-1,127.7258243,37.8835919,,,POI010000006CQPTM,실비막국수,30,11,N,3,,4,4,4,
2306030003,f_f001181,6,에티오피아 집,2023-06-03,2023-06-03,강원 춘천시 이디오피아길 7,강원 춘천시 근화동 371-3,127.7112742,37.873648,,,POI01000TR024850V,이디오피아집,30,11,N,3,,4,3,4,
2306030004,f_f001181,7,모텔 지퍼,2023-06-03,2023-06-03,강원 춘천시 보안길 91,강원 춘천시 후평동 703-14,127.7489184,37.8823049,,,POI010000006CQUGE,지퍼모텔,60,24,N,8,2,3,4,4,
2306030005,f_f001181,8,육설모 춘천점,2023-06-03,2023-06-03,영서로2279번길,,,,,,,,60,11,N,2,,5,5,5,4211012100
2306030006,f_f001181,9,모텔 지퍼,2023-06-03,2023-06-04,강원 춘천시 보안길 91,강원 춘천시 후평동 703-14,127.7489184,37.8823049,,,POI010000006CQUGE,지퍼모텔,240,24,Y,8,2,4,4,4,
2306040001,f_f001181,11,집,2023-06-04,2023-06-05,서울 강남구 압구정로42길,,,,4166523,1168010700,,,570,21,,,,,,,
2306040002,f_f001181,10,부안 막국수,2023-06-04,2023-06-04,강원 춘천시 후석로344번길 8,강원 춘천시 후평동 429-17,127.7496414,37.8816444,,,POI010000006CQZCF,부안막국수,30,11,N,2,,5,5,5,
2306020001,f_f001184,1,집,2023-06-02,2023-06-02,경기 성남시 분당구 수내로 174,경기 성남시 분당구 수내동 71,,,3180039,4113510200,,,,21,,,,,,,
2306020002,f_f001184,2,충주휴게소 창원방향,2023-06-02,2023-06-02,충북 충주시 중앙탑면 중부내륙고속도로 231,충북 충주시 중앙탑면 용전리 48-86,127.8370284,37.0221615,,,POI01000TR013853V,충주휴게소 창원방향,30,9,N,9,,4,4,3,
2306020003,f_f001184,3,국립경주박물관,2023-06-02,2023-06-02,경북 경주시 일정로 186,경북 경주시 인왕동 76,129.2279503,35.8292339,,,POI010000009GI2HM,국립경주박물관,90,2,N,10,,5,5,5,
2306020004,f_f001184,4,연희옥,2023-06-02,2023-06-02,경북 경주시 사정로57번길 8-1,경북 경주시 황남동 288-1,129.2094309,35.8371871,,,POI02001TR020963V,연희옥,30,11,N,9,,3,2,2,
2306020005,f_f001184,5,황련단길,2023-06-02,2023-06-02,경북 경주시 태종로 746,경북 경주시 황남동 270-10,129.2096454,35.8393348,,,POI01000TR022576V,황리단길,30,4,N,1,,3,3,3,
2306020006,f_f001184,6,경주 황룡사 역사문화관,2023-06-02,2023-06-02,경북 경주시 임해로 64-19,경북 경주시 구황동 786-1,129.2309889,35.8385294,,,POI01000TR006876V,경주황룡사역사문화관,60,2,N,10,,5,5,5,
2306020007,f_f001184,7,성공한 옥스 테이,2023-06-02,2023-06-02,경북 경주시 이구2길 5-6,경북 경주시 구정동 77,129.3032104,35.7820277,,,POI01000TR013735V,청공한옥스테이,120,24,N,2,6,5,5,5,
2306020008,f_f001184,8,황남 갈비,2023-06-02,2023-06-02,경북 경주시 포석로1050번길 33,경북 경주시 황남동 222-3,129.2130174,35.8345233,,,POI02001TR034274V,황남갈비,30,11,N,11,,4,4,4,
2306020009,f_f001184,9,대릉원,2023-06-02,2023-06-02,경북 경주시 계림로 9,경북 경주시 황남동 268-10,129.2123347,35.83815,,,POI01000TR032143V,대릉원,60,2,N,5,,5,5,5,
2306020010,f_f001184,10,신경주역 공영주차장,2023-06-02,2023-06-02,,경북 경주시 건천읍 화천리 1011,129.1401403,35.7995518,,,POI01000TR018782V,신경주역 공영주차장,30,9,N,11,,4,3,4,
2306020011,f_f001184,11,버거킹 경주터미널 FS 점,2023-06-02,2023-06-02,경북 경주시 강변로 158-3,경북 경주시 사정동 488-1,129.2030759,35.8379471,,,POI01000TR018547V,버거킹 경주터미널FS점,30,11,N,9,,4,4,4,
2306020012,f_f001184,12,성공한 옥스 테이,2023-06-02,2023-06-03,경북 경주시 이구2길 5-6,경북 경주시 구정동 77,129.3032104,35.7820277,,,POI01000TR013735V,청공한옥스테이,1440,24,N,2,6,5,5,5,
2306030001,f_f001184,13,황남 만두,2023-06-03,2023-06-03,경북 경주시 포석로1068번길 22-3,경북 경주시 황남동 229-33,129.2120182,35.8356798,,,POI02001TR034278V,황남만두,60,11,N,2,,3,3,3,
2306030002,f_f001184,14,불국사,2023-06-03,2023-06-03,경북 경주시 불국로 385,경북 경주시 진현동 15-1,129.3318426,35.7899147,,,POI01000TR000952V,불국사,90,2,N,1,,5,5,5,
2306030003,f_f001184,15,석굴암,2023-06-03,2023-06-03,경북 경주시 석굴로 238,경북 경주시 진현동 999,129.3505207,35.7952417,,,POI01000000AQI33K,석굴암,60,2,N,1,,5,5,5,
2306030004,f_f001184,16,코오롱호텔 경주,2023-06-03,2023-06-03,경북 경주시 불국로 289-17,경북 경주시 마동 111-1,129.321891,35.7877926,,,POI01000000CKT2M9,코오롱호텔,30,24,N,11,1,4,4,4,
2306030005,f_f001184,17,반월성 화덕피자,2023-06-03,2023-06-03,경북 경주시 알천남로 316,경북 경주시 구황동 883-34,129.2320907,35.8424663,,,POI01000000DZYCK2,반월성화덕피자,60,11,N,2,,5,5,5,
2306030006,f_f001184,18,코오롱호텔 경주,2023-06-03,2023-06-04,경북 경주시 불국로 289-17,경북 경주시 마동 111-1,129.321891,35.7877926,,,POI01000000CKT2M9,코오롱호텔,270,24,N,11,1,4,4,4,
2306040001,f_f001184,19,엘린 커피,2023-06-04,2023-06-04,경북 경주시 불국신택지6길 25,경북 경주시 진현동 651-6,129.3262125,35.7856637,,,POI02001TR020619V,엘린커피,90,11,N,2,,5,5,5,
2306040002,f_f001184,20,분황사,2023-06-04,2023-06-04,경북 경주시 분황로 94-11,경북 경주시 구황동 312,129.2339233,35.8410446,,,POI01000TR005498V,분황사,90,2,N,10,,5,5,5,
2306040003,f_f001184,21,황련단길,2023-06-04,2023-06-04,경북 경주시 태종로 746,경북 경주시 황남동 270-10,129.2096454,35.8393348,,,POI01000TR022576V,황리단길,60,4,Y,1,,3,3,3,
2306040004,f_f001184,22,스타벅스 경주 황성점,2023-06-04,2023-06-04,경북 경주시 황성로1번길 4,경북 경주시 황성동 450-13,129.2129794,35.8638935,,,POI01000TR001444V,스타벅스 경주황성점,60,11,N,6,,4,3,3,
2306040005,f_f001184,23,동궁과 월지,2023-06-04,2023-06-04,경북 경주시 원화로 102,경북 경주시 인왕동 506-1,129.2269755,35.8347763,,,POI01000TR019222V,동궁과월지,90,2,N,1,,5,5,5,
2306040006,f_f001184,24,경주 중앙시장,2023-06-04,2023-06-04,경북 경주시 금성로 295,경북 경주시 성건동 339-2,129.2067438,35.8439619,,,POI0100000073II39,경주중앙시장,30,4,N,1,,4,4,4,
2306040007,f_f001184,25,코오롱호텔 경주,2023-06-04,2023-06-05,경북 경주시 불국로 289-17,경북 경주시 마동 111-1,129.321891,35.7877926,,,POI01000000CKT2M9,코오롱호텔,150,24,N,11,1,4,4,4,
2306050001,f_f001184,26,청주 휴게소 서울 방향,2023-06-05,2023-06-05,충북 청주시 흥덕구 옥산면 경부고속도로 318,충북 청주시 흥덕구 옥산면 장남리 282-6,127.3493578,36.7161104,,,POI01000TR024840V,청주휴게소 서울방향,60,9,Y,9,,4,4,4,
2306050002,f_f001184,27,삼환로즈빌아파트(시댁),2023-06-05,2023-06-06,서울 구로구 경인로 343,서울 구로구 고척동 336,126.8580404,37.4978665,,,POI01000000DM8ZZ1,삼환로즈빌아파트,330,22,,,,,,,
2305270001,f_f001226,1,집,2023-05-27,2023-05-27,그랑시티자이,,,,,,,,,21,,,,,,,4127110300
2305270002,f_f001226,2,덕평자연휴게소 강릉방향,2023-05-27,2023-05-27,경기 이천시 마장면 덕이로154번길 287-76,경기 이천시 마장면 각평리 산 22-2,127.389563,37.2418341,,,POI01000TR007719V,덕평자연휴게소 강릉방향,30,9,Y,4,,4,4,4,
2305270003,f_f001226,3,실로암 메밀국수,2023-05-27,2023-05-27,강원 양양군 강현면 장산4길 8-14,강원 양양군 강현면 장산리 224,128.5901989,38.137598,,,POI01000TR013727V,실로암메밀국수,30,11,N,1,,2,1,2,
2305270004,f_f001226,4,외옹치 바다 향기로,2023-05-27,2023-05-27,,강원 속초시 대포동 585-5,128.6094426,38.1829047,,,POI01000TR011472V,외옹치 바다향기로,60,1,N,2,,4,3,3,
2305270005,f_f001226,5,속초해수욕장,2023-05-27,2023-05-27,강원 속초시 해오름로 186,강원 속초시 조양동 1464-7,128.6040985,38.1900529,,,POI01000TR017253V,속초해수욕장,90,1,N,1,,5,5,5,
2305270006,f_f001226,6,카페 청호동,2023-05-27,2023-05-27,강원 속초시 청호해안길 123,강원 속초시 청호동 1163,128.5957917,38.1995256,,,POI01000TR017360V,카페청호동,60,11,N,2,,4,4,4,
2305270007,f_f001226,7,체스터 톤스 속초,2023-05-27,2023-05-27,강원 속초시 엑스포로 109,강원 속초시 교동 1024-1,128.5805325,38.1941758,,,POI01000TR011420V,체스터톤스속초,30,24,N,5,4,4,4,4,
2305270008,f_f001226,8,케이 에이비,2023-05-27,2023-05-27,강원 속초시 엑스포로2길 22,강원 속초시 교동 1022-12,128.5805071,38.1956373,,,POI02001TR029423V,케이에이비,90,11,N,2,,5,5,5,
2305270009,f_f001226,9,체스터 톤스 속초,2023-05-27,2023-05-28,강원 속초시 엑스포로 109,강원 속초시 교동 1024-1,128.580522,38.1941651,,,POI01000TR011420V,체스터톤스속초,270,24,N,5,4,4,4,4,
2305280001,f_f001226,10,엄마 손 순두부 냉면,2023-05-28,2023-05-28,강원 고성군 토성면 고성대로 51,강원 고성군 토성면 원암리 334-8,128.5081983,38.2080867,,,POI02001TR020384V,엄마손순두부냉면,30,11,N,9,,2,2,2,
2305280002,f_f001226,11,해피가 울 하우스,2023-05-28,2023-05-28,강원 속초시 바람꽃마을길 118,강원 속초시 노학동 1000-461,128.5236012,38.2003966,,,POI01000000BEKK0P,해피아울하우스,60,3,N,2,,5,5,5,
2305280003,f_f001226,12,속초관광수산시장,2023-05-28,2023-05-28,강원 속초시 중앙로147번길 16,강원 속초시 중앙동 471-4,128.5901795,38.2045436,,,POI01000TR005661V,속초관광수산시장,90,4,N,1,,3,2,3,
2305280004,f_f001226,13,커피 장사,2023-05-28,2023-05-28,장사항해안길 58,,,,,,,,30,11,N,9,,4,4,4,4221011300
2305280005,f_f001226,14,장사항 해변,2023-05-28,2023-05-28,장사항해안길 58,,,,,,,,60,1,N,9,,3,3,3,4221011300
2305280006,f_f001226,15,피노 디아 엑스포타워,2023-05-28,2023-05-28,,,,,,,,,30,13,N,2,4,4,4,4,4221010600
2305280007,f_f001226,16,체스터 톤스 속초,2023-05-28,2023-05-28,강원 속초시 엑스포로 109,강원 속초시 교동 1024-1,128.580522,38.1941651,,,POI01000TR011420V,체스터톤스속초,30,24,Y,5,4,4,4,4,
2305280008,f_f001226,17,보구밍샵,2023-05-28,2023-05-28,강원 속초시 엑스포로 175,강원 속초시 교동 664-188,128.5808694,38.1988807,,,POI01000TR006784V,보구밍샵,30,10,N,9,,3,2,2,
2305280009,f_f001226,18,속초 그 바다로,2023-05-28,2023-05-28,엑스포로 171,,,,,,,,60,11,N,2,,4,4,4,4221010600
2305280010,f_f001226,19,베이커리 가루 속초점,2023-05-28,2023-05-28,강원 속초시 청초호반로 208,강원 속초시 교동 1019-3,128.5814157,38.197751,,,POI01000TR028813V,베이커리가루 속초점,30,11,N,1,,4,4,4,
2305280011,f_f001226,20,체스터 톤스 속초,2023-05-28,2023-05-29,강원 속초시 엑스포로 109,강원 속초시 교동 1024-1,128.580522,38.1941651,,,POI01000TR011420V,체스터톤스속초,330,24,Y,5,4,4,4,4,
2305290001,f_f001226,21,청초수물회,2023-05-29,2023-05-29,강원 속초시 엑스포로 12-36,강원 속초시 조양동 1555-1,128.59054,38.1921471,,,POI01000TR019228V,청초수물회 속초본점,60,11,N,2,,2,2,2,
2305290002,f_f001226,22,하와이 새우 트럭 양양점,2023-05-29,2023-05-29,강원 양양군 현남면 인구중앙길 99,강원 양양군 현남면 시변리 25-3,128.7589954,37.9735122,,,POI01000000CJUWTA,하와이새우트럭 양양점,30,11,N,9,,4,3,3,
2305290003,f_f001226,23,죽도해변,2023-05-29,2023-05-29,,강원 양양군 현남면 시변리,128.7607068,37.9729371,,,POI01000TR033965V,죽도해변,120,1,N,1,,4,4,4,
2305290004,f_f001226,24,카페 소돌엔,2023-05-29,2023-05-29,강원 강릉시 주문진읍 해안로 1987,강원 강릉시 주문진읍 주문리 804,128.8279064,37.9062686,,,POI01000TR023480V,카페소돌엔,30,11,N,2,,4,4,4,
2305290005,f_f001226,25,소돌해변,2023-05-29,2023-05-29,,강원 강릉시 주문진읍 주문리,128.8251679,37.9069741,,,POI01000TR015128V,소돌해변,60,1,N,9,,5,5,5,
2305290006,f_f001226,26,팍스 버거,2023-05-29,2023-05-29,강원 강릉시 연곡면 해안로 1433-1,강원 강릉시 연곡면 영진리 72-17,128.8468735,37.8681258,,,POI01000000F09DPM,팍스버거,60,11,N,2,,4,4,3,
2305290007,f_f001226,27,집,2023-05-29,2023-05-30,그랑시티자이,,,,,,,,180,21,,,,,,,4127110300
2305270001,f_f001233,1,집,2023-05-27,2023-05-27,청풍호로10길53,,,,,,,,,21,,,,,,,4315012100
2305270002,f_f001233,2,백성 해상 전망대,2023-05-27,2023-05-27,,강원 고성군 거진읍 거진리 산 105,128.4683189,38.4502436,,,POI01000TR004952V,백섬해상전망대,30,1,N,1,,5,5,5,
2305270003,f_f001233,3,역사안보전시관 이승만 대통령 별장,2023-05-27,2023-05-27,강원 고성군 현내면 이승만별장길 33,강원 고성군 현내면 죽정리,128.4367659,38.4709424,,,POI01000TR003437V,역사안보전시관 이승만대통령별장,60,2,N,2,,5,5,5,
2305270004,f_f001233,4,제비로 식당,2023-05-27,2023-05-27,강원 고성군 거진읍 거진항길 29,강원 고성군 거진읍 거진리 287-251,128.4564088,38.4471963,,,POI02001TR025690V,제비호식당,30,11,N,3,,5,5,5,
2305270005,f_f001233,5,명호 엄마,2023-05-27,2023-05-27,거진항1길 42,,,,,,,,60,10,N,9,,5,5,5,4282025300
2305270006,f_f001233,6,건봉사로 1518,2023-05-27,2023-05-28,건봉사로 1518,,,,,,,,480,22,,,,,,,4282025300
2305280001,f_f001233,7,통일전망대,2023-05-28,2023-05-28,강원 고성군 현내면 금강산로 481,강원 고성군 현내면 마차진리 188,128.4174511,38.5151111,,,POI01000TR024883V,통일전망대,90,2,N,5,,5,5,5,
2305280002,f_f001233,8,백도 막국수,2023-05-28,2023-05-28,강원 고성군 죽왕면 동해대로 5845,강원 고성군 죽왕면 오호리 75-4,128.5255064,38.3240067,,,POI02001TR012116V,백도막국수,60,11,N,2,,5,5,5,
2305280003,f_f001233,9,바다정원,2023-05-28,2023-05-28,강원 고성군 토성면 버리깨길 23,강원 고성군 토성면 용촌리 75-36,128.582885,38.2314325,,,POI01000TR030325V,바다정원,60,11,N,1,,5,5,5,
2305280004,f_f001233,10,원주휴게소 부산방향,2023-05-28,2023-05-28,강원 원주시 호저면 마근거리길 120,강원 원주시 호저면 옥산리 297,127.9290828,37.435248,,,POI01000TR013201V,원주휴게소 부산방향,60,9,N,9,,5,5,5,
2305280005,f_f001233,11,영월 주천 고령자 복지주택 아파트,2023-05-28,2023-05-29,강원 영월군 주천면 주천로89번길 26-23,강원 영월군 주천면 주천리 1397-15,128.2675051,37.2745335,,,POI02001TR021175V,영월주천고령자복지주택아파트,180,22,,,,,,,
2305290001,f_f001233,12,주천 묵집,2023-05-29,2023-05-29,강원 영월군 주천면 송학주천로 1282-11,강원 영월군 주천면 신일리 162,128.2612181,37.2605156,,,POI01000TR035217V,주천묵집,30,11,N,5,,5,5,5,
2305290002,f_f001233,13,젊은 달 와이 파크,2023-05-29,2023-05-29,강원 영월군 주천면 송학주천로 1467-9,강원 영월군 주천면 주천리 1376-35,128.2692246,37.2740042,,,POI01000000CMR6SJ,젊은달와이파크,60,13,N,2,,5,5,5,
2305290003,f_f001233,14,집,2023-05-29,2023-05-30,청풍호로10길53,,,,,,,,480,21,,,,,,,4315012100
2305270001,f_f001245,1,집,2023-05-27,2023-05-27,인천 미추홀구 인하로330번길 18-9,,,,4253606,2817710500,,,,21,,,,,,,
2305270002,f_f001245,2,김포국제공항 국내선,2023-05-27,2023-05-27,서울 강서구 하늘길 112,서울 강서구 공항동 1373,126.8028655,37.558949,,,POI01000TR030881V,김포국제공항 국내선,30,9,Y,6,,5,5,5,
2305270003,f_f001245,3,포항 경주공항,2023-05-27,2023-05-27,경북 포항시 남구 동해면 일월로 18,경북 포항시 남구 동해면 도구리 403-3,129.4340775,35.9842691,,,POI01000TR018458V,포항경주공항,30,9,N,6,,5,5,5,
2305270004,f_f001245,4,구룡포 돌 짜장 짬뽕,2023-05-27,2023-05-27,경북 포항시 남구 구룡포읍 호미로 16,경북 포항시 남구 구룡포읍 병포리 364,129.5372417,35.9802367,,,POI02001TR003410V,구룡포돌짜장짬뽕,30,11,N,9,,3,2,2,
2305270005,f_f001245,5,수협 활어직판장,2023-05-27,2023-05-27,경북 경주시 감포읍 감포항구길 91,경북 경주시 감포읍 오류리 600-2,129.5075988,35.808296,,,POI01000TR021441V,수협활어직판장,30,4,N,2,,5,5,5,
2305270006,f_f001245,6,커피명가 경주 양남점,2023-05-27,2023-05-27,경북 경주시 양남면 동해안로 440,경북 경주시 양남면 하서리 12-1,129.4707647,35.6824753,,,POI01000TR001205V,커피명가 경주양남점,60,11,N,11,,4,3,3,
2305270007,f_f001245,7,브룩스 플럭스 호텔,2023-05-27,2023-05-27,경북 경주시 양남면 동해안로 440,경북 경주시 양남면 하서리 12-1,129.4707549,35.6824431,,,POI01000TR012064V,프룩스플럭스호텔,90,24,N,2,1,5,5,5,
2305270008,f_f001245,8,황련단길,2023-05-27,2023-05-27,경북 경주시 태종로 746,경북 경주시 황남동 270-10,129.2096454,35.8393348,,,POI01000TR022576V,황리단길,30,4,Y,4,,5,5,5,
2305270009,f_f001245,11,대릉원,2023-05-27,2023-05-27,경북 경주시 계림로 9,경북 경주시 황남동 268-10,129.2123347,35.83815,,,POI01000TR032143V,대릉원,60,2,N,2,,5,5,5,
2305270010,f_f001245,12,동궁과 월지,2023-05-27,2023-05-27,경북 경주시 원화로 102,경북 경주시 인왕동 506-1,129.2269755,35.8347763,,,POI01000TR019222V,동궁과월지,30,2,N,2,,5,5,5,
2305270011,f_f001245,9,경주시 공간,2023-05-27,2023-05-27,경북 경주시 원효로 134,경북 경주시 황오동 303,129.2155888,35.8417969,,,POI01000TR020440V,경주시공간,0,10,N,9,,4,3,3,
2305270012,f_f001245,10,진가에 대구 갈비,2023-05-27,2023-05-27,경북 경주시 북정로 5,경북 경주시 황오동 329-3,129.2151313,35.8414612,,,POI02001TR027096V,진가네대구갈비,30,11,N,5,,5,5,5,
2305270013,f_f001245,13,브룩스 플럭스 호텔,2023-05-27,2023-05-28,경북 경주시 양남면 동해안로 440,경북 경주시 양남면 하서리 12-1,129.4707549,35.6824431,,,POI01000TR012064V,프룩스플럭스호텔,60,24,N,2,1,5,5,5,
2305280001,f_f001245,14,샬로 커피 울산 송정점,2023-05-28,2023-05-28,울산 북구 송정17길 2,울산 북구 송정동 1218-5,129.3627389,35.6003637,,,POI02001TR014784V,샬로우커피 울산송정점,0,11,N,2,,5,5,5,
2305280003,f_f001245,16,가정 횟집,2023-05-28,2023-05-28,경북 경주시 양남면 양남항구길 23-2,경북 경주시 양남면 읍천리 261,129.4734101,35.6916077,,,POI01000000BANP81,가정횟집,150,11,N,2,1,5,5,5,
2305280004,f_f001245,15,경주 양남 주상절리,2023-05-28,2023-05-28,,경북 경주시 양남면 읍천리 405-3,129.4745274,35.6863751,,,POI01000TR023267V,경주 양남 주상절리,30,1,N,9,,5,5,5,
2305280005,f_f001245,17,브룩스 플럭스 호텔,2023-05-28,2023-05-29,경북 경주시 양남면 동해안로 440,경북 경주시 양남면 하서리 12-1,129.4707549,35.6824431,,,POI01000TR012064V,프룩스플럭스호텔,390,24,N,2,1,5,5,5,
2305290001,f_f001245,18,노워즈 경주점,2023-05-29,2023-05-29,경북 경주시 태종로 744,경북 경주시 황남동 270-11,129.2094974,35.8392655,,,POI01000TR024384V,노워즈,0,11,N,2,,5,5,5,
2305290002,f_f001245,19,교리 김밥 경주 본점,2023-05-29,2023-05-29,경북 경주시 탑리3길 2,경북 경주시 탑동 400-1,129.2107891,35.8216929,,,POI01000TR034215V,교리김밥 경주본점,30,11,N,5,,5,5,5,
2305290003,f_f001245,20,포항터미널,2023-05-29,2023-05-29,경북 포항시 남구 중흥로 85,경북 포항시 남구 상도동 579-13,129.3496772,36.0134728,,,POI01000TR010740V,포항터미널,90,9,N,6,,4,3,3,
2305290004,f_f001245,21,이지 빌리지,2023-05-29,2023-05-30,인천 미추홀구 인하로330번길 18-9,인천 미추홀구 주안동 1161-132,126.684632,37.4469817,,,POI010000007B33BV,이지빌리지입구,120,21,,,,,,,
2305270001,f_f001321,1,집,2023-05-27,2023-05-27,Sk아파트,,,,,,,,,21,,,,,,,4139013500
2305270002,f_f001321,2,천등산(제천) 휴게소,2023-05-27,2023-05-27,천등산(제천)휴게소,,,,,,,,30,9,N,9,,3,3,3,4313041000
2305270003,f_f001321,3,만휴정,2023-05-27,2023-05-27,경북 안동시 길안면 묵계하리길 42,경북 안동시 길안면 묵계리 1081,128.9098517,36.410446,,,POI0100000068R0TU,만휴정,60,1,N,1,,4,3,4,
2305270004,f_f001321,4,병산서원,2023-05-27,2023-05-27,경북 안동시 풍천면 병산길 386,경북 안동시 풍천면 병산리 31,128.5526253,36.5405751,,,POI0100000068R2DG,병산서원,30,2,N,10,,4,3,3,
2305270005,f_f001321,7,어울림 하우스 2호점,2023-05-27,2023-05-28,경북 안동시 남문로 6-2,경북 안동시 남문동 189-24,128.729772,36.5637187,,,POI02001TR020321V,어울림하우스 2호점,180,24,N,2,7,5,5,5,
2305270006,f_f001321,5,안동시골찜닭,2023-05-27,2023-05-27,경북 안동시 번영길 6,경북 안동시 남문동 179-2,128.7273601,36.5655557,,,POI010000008WIL9C,안동시골찜닭,60,11,N,5,,3,3,3,
2305270007,f_f001321,6,짱만두,2023-05-27,2023-05-27,경북 안동시 서동문로 188-1,경북 안동시 동부동 87-2,128.7325615,36.5657902,,,POI01000000D6YG0T,짱만두,30,11,N,9,,4,5,5,
2305280001,f_f001321,8,매머드 베이커리,2023-05-28,2023-05-28,경북 안동시 문화광장길 34,경북 안동시 남부동 164-1,128.7309765,36.5646383,,,POI01000TR031326V,맘모스베이커리,30,10,N,1,,4,3,3,
2305280002,f_f001321,10,나드리,2023-05-28,2023-05-28,경북 영주시 중앙로 89,경북 영주시 영주동 382-1,128.6248498,36.8233567,,,POI01000TR016236V,나드리,60,11,N,1,,3,2,2,
2305280003,f_f001321,11,집,2023-05-28,2023-05-29,Sk아파트,,,,,,,,270,21,,,,,,,4139013500
2305280004,f_f001321,9,도산서원,2023-05-28,2023-05-28,경북 안동시 도산면 도산서원길 154,경북 안동시 도산면 토계리 679-2,128.843531,36.7273471,,,POI0100000068R4QV,도산서원전교당,60,2,N,1,,2,2,3,
2305260001,f_f001336,1,집,2023-05-26,2023-05-26,전남 고흥군 고흥읍 흥양길 89,,,,4667727,4677025029,,,,21,,,,,,,
2305260002,f_f001336,2,용 가락국수 벌교점,2023-05-26,2023-05-26,전남 보성군 벌교읍 채동선로 222,전남 보성군 벌교읍 벌교리 737-30,127.3441606,34.8423361,,,POI02001TR022554V,용우동 벌교점,30,11,Y,6,,5,5,5,
2305260003,f_f001336,3,벌교역,2023-05-26,2023-05-26,전남 보성군 벌교읍 채동선로 228,전남 보성군 벌교읍 벌교리 890-1,127.3453052,34.8420426,,,POI01000TR110377V,벌교역,30,9,Y,6,,5,5,5,
2305260004,f_f001336,4,부전역,2023-05-26,2023-05-26,부산 부산진구 부전로 181,부산 부산진구 부전동 280-76,129.0601198,35.1646514,,,POI0100000068UNG7,부전역,0,9,Y,6,,4,5,5,
2305260005,f_f001336,7,허브 팰리스 서면 아파트,2023-05-26,2023-05-27,부산 부산진구 부전로 193,부산 부산진구 부전동 38,129.0618887,35.1642978,,,POI01000000CEBVXP,서면허브팰리스입구,210,22,,,,,,,
2305260006,f_f001336,5,삼정 타워,2023-05-26,2023-05-26,부산 부산진구 중앙대로 672,부산 부산진구 부전동 227-2,129.0596068,35.1530135,,,POI01000000CUDX1D,삼정타워,90,4,Y,4,,5,5,5,
2305260007,f_f001336,6,애니 창고 미니 부산 서면점,2023-05-26,2023-05-26,부산 부산진구 중앙대로680번길 680,부산 부산진구 부전동 197-3,129.059383,35.1534931,,,POI02001TR019953V,애니창고미니 부산서면점,30,4,Y,4,,4,5,5,
2305270001,f_f001336,8,쇼쿠지 서면점,2023-05-27,2023-05-27,부산 부산진구 동천로 97-4,부산 부산진구 부전동 149-10,129.0620147,35.1574675,,,POI02001TR017198V,쇼쿠지 서면점,90,11,N,2,,5,5,5,
2305270002,f_f001336,9,태종대유원지,2023-05-27,2023-05-27,,부산 영도구 동삼동 산 29-1,129.0877865,35.0525271,,,POI01000TR005791V,태종대유원지,180,1,Y,1,,4,3,3,
2305270003,f_f001336,10,토로,2023-05-27,2023-05-27,부산 영도구 태종로752번길 25,부산 영도구 동삼동 712-4,129.0787792,35.0688128,,,POI02001TR030090V,토로,90,11,N,2,,5,5,5,
2305270004,f_f001336,11,허브 팰리스 오피스텔,2023-05-27,2023-05-28,부산 부산진구 범일로154번길 55,부산 부산진구 범천동 842-3,129.0623848,35.1439618,,,POI02001TR033127V,허브팰리스오피스텔,180,22,,,,,,,
2305280001,f_f001336,12,삼정 타워,2023-05-28,2023-05-28,부산 부산진구 중앙대로 672,부산 부산진구 부전동 227-2,129.0596068,35.1530135,,,POI01000000CUDX1D,삼정타워,60,4,Y,4,,5,5,5,
2305280002,f_f001336,13,써브웨이 부산 서면점,2023-05-28,2023-05-28,부산 부산진구 중앙대로 690,부산 부산진구 부전동 194-6,129.059384,35.1542717,,,POI02001TR019043V,써브웨이 부산서면점,30,11,Y,4,,4,4,4,
2305280003,f_f001336,14,설빙 부산 서면 영광도서거리점,2023-05-28,2023-05-28,부산 부산진구 서면문화로 7,부산 부산진구 부전동 475-1,129.0575109,35.1583642,,,POI02001TR015676V,설빙 부산서면영광도서거리점,30,11,N,5,,4,4,4,
2305280004,f_f001336,15,허브 팰리스 서면 아파트,2023-05-28,2023-05-28,부산 부산진구 부전로 193,부산 부산진구 부전동 38,129.0618887,35.1642978,,,POI01000000CEBVXP,서면허브팰리스입구,90,22,Y,11,,5,5,5,
2305280005,f_f001336,16,조선 화로집 부산 전포점,2023-05-28,2023-05-28,부산 부산진구 중앙대로 792,부산 부산진구 전포동 875-1,129.06327,35.1624206,,,POI02001TR026539V,조선화로집 부산전포점,90,11,Y,6,,3,3,3,
2305280006,f_f001336,17,부산 시민공원,2023-05-28,2023-05-28,부산 부산진구 시민공원로 73,부산 부산진구 연지동 111,129.0574038,35.1683563,,,POI01000TR032730V,부산시민공원,90,1,Y,1,,5,5,5,
2305280007,f_f001336,18,허브 팰리스 서면 아파트,2023-05-28,2023-05-29,부산 부산진구 부전로 193,부산 부산진구 부전동 38,129.0618887,35.1642978,,,POI01000000CEBVXP,서면허브팰리스입구,180,22,,,,,,,
2305290001,f_f001336,19,부전역,2023-05-29,2023-05-29,부산 부산진구 부전로 181,부산 부산진구 부전동 280-76,129.0601198,35.1646514,,,POI0100000068UNG7,부전역,30,9,Y,6,,5,5,5,
2305290002,f_f001336,20,순천역,2023-05-29,2023-05-29,전남 순천시 팔마로 135,전남 순천시 덕암동 139-1,127.5032361,34.9457678,,,POI01000000BUTJGT,순천역,30,9,Y,6,,4,4,4,
2305290003,f_f001336,21,벌교역,2023-05-29,2023-05-29,전남 보성군 벌교읍 채동선로 228,전남 보성군 벌교읍 벌교리 890-1,127.3453052,34.8420426,,,POI01000TR110377V,벌교역,0,9,Y,11,,4,5,5,
2305290004,f_f001336,22,집,2023-05-29,2023-05-30,전남 고흥군 고흥읍 흥양길 89,,,,4667727,4677025029,,,330,21,,,,,,,
2306020001,f_f001363,1,사무실,2023-06-02,2023-06-02,성남 도시개발 공사,,,,,,,,,23,,,,,,,4113310100
2306020002,f_f001363,2,어반 스테이 속초 해변,2023-06-02,2023-06-02,강원 속초시 해오름로 195,강원 속초시 조양동 1450-6,128.6013625,38.1901533,,,POI01000TR040461V,어반스테이 속초해변,30,24,N,2,1,5,5,5,
2306020003,f_f001363,3,오징어 난전,2023-06-02,2023-06-02,,강원 속초시 동명동 383-1,128.5943017,38.209716,,,POI01000TR025362V,오징어 난전,60,8,Y,4,,5,5,5,
2306020004,f_f001363,4,속초관광수산시장,2023-06-02,2023-06-02,강원 속초시 중앙로147번길 16,강원 속초시 중앙동 471-4,128.5901795,38.2045436,,,POI01000TR005661V,속초관광수산시장,30,4,N,1,,4,4,4,
2306020005,f_f001363,5,등대해수욕장,2023-06-02,2023-06-02,,강원 속초시 영랑동 1-9,128.598354,38.2145902,,,POI01000TR041090V,등대해수욕장,30,1,N,1,,1,5,5,
2306020006,f_f001363,6,어반 스테이 속초 등대점,2023-06-02,2023-06-03,강원 속초시 영랑해안8길 11,강원 속초시 영랑동 148-45,128.5941064,38.2169883,,,POI01000TR026061V,어반스테이 속초등대점,120,24,N,2,1,5,5,5,
2306030001,f_f001363,7,별미 순댓국,2023-06-03,2023-06-03,강원 속초시 중앙로 299-1,강원 속초시 영랑동 148-56,128.5942145,38.2156626,,,POI01000TR009815V,별미순대국,30,11,N,5,,3,3,3,
2306030002,f_f001363,8,낙산사,2023-06-03,2023-06-03,강원 양양군 강현면 낙산사로 100,강원 양양군 강현면 전진리 57-1,128.6279776,38.1254327,,,POI01000TR037246V,낙산사,120,2,N,1,,5,5,5,
2306030003,f_f001363,9,다래헌,2023-06-03,2023-06-03,강원 양양군 강현면 낙산사로 100,강원 양양군 강현면 전진리 1,128.6304329,38.1246654,,,POI010000006BEX5T,다래헌,30,11,N,9,,5,5,5,
2306030004,f_f001363,10,하마 식당,2023-06-03,2023-06-03,강원 속초시 영랑해안3길 64,강원 속초시 영랑동 147-23,128.5945532,38.2165318,,,POI010000006BFGGO,하마식당,30,11,N,9,,5,5,5,
2306030005,f_f001363,11,등대해수욕장,2023-06-03,2023-06-03,,강원 속초시 영랑동 1-9,128.598354,38.2145902,,,POI01000TR041090V,등대해수욕장,120,1,Y,4,,5,5,5,
2306030006,f_f001363,12,아지트,2023-06-03,2023-06-03,,강원 속초시 영랑동 147-335,128.596304,38.2156612,,,POI02001TR019589V,아지트,60,11,Y,4,,5,5,5,
2306030007,f_f001363,13,별천지,2023-06-03,2023-06-03,강원 속초시 중앙로108번길 43-5,강원 속초시 금호동 482-5,128.5894941,38.2014766,,,POI01000TR025685V,별천지,60,11,Y,8,,5,5,5,
2306030008,f_f001363,14,어반 스테이 속초 등대점,2023-06-03,2023-06-04,강원 속초시 영랑해안8길 11,강원 속초시 영랑동 148-45,128.5941064,38.2169883,,,POI01000TR026061V,어반스테이 속초등대점,120,24,Y,4,1,5,5,5,
2306040001,f_f001363,15,봉포 잠수부 집 본점,2023-06-04,2023-06-04,강원 속초시 영랑해안길 223,강원 속초시 영랑동 148-30,128.593279,38.2187309,,,POI01000TR024798V,봉포머구리집 본점,60,11,N,2,,1,1,1,
2306040002,f_f001363,16,할리스 속초 영랑 해변 DI 점,2023-06-04,2023-06-04,강원 속초시 영랑해안길 205,강원 속초시 영랑동 148-31,128.5938027,38.2182445,,,POI02001TR032333V,할리스 속초영랑해변DI점,30,11,N,6,,3,3,3,
2306040003,f_f001363,17,물레방아 식당,2023-06-04,2023-06-04,강원 양양군 서면 설악로 1417-7,강원 양양군 서면 오색리 113-1,128.5032265,38.0761469,,,POI010000008LMADY,물레방아식당,60,1,N,1,,5,5,5,
2306040004,f_f001363,18,방화 2단지 아파트,2023-06-04,2023-06-05,서울 강서구 방화대로48길 40,서울 강서구 방화동 839,126.8192316,37.5746976,,,POI01000000DMCOQL,방화2단지아파트,390,21,,,,,,,
2306030001,f_f001380,1,집,2023-06-03,2023-06-03,경북 김천시 용전로 47,경북 김천시 율곡동 771,,,3306067,4715012000,,,,21,,,,,,,
2306030002,f_f001380,2,경천서 공원,2023-06-03,2023-06-03,,경북 상주시 중동면 오상리,128.2597119,36.4399244,,,POI01000TR024912V,경천섬공원,60,1,N,2,,4,5,4,
2306030003,f_f001380,3,이마트 상주점,2023-06-03,2023-06-03,경북 상주시 경상대로 3141,경북 상주시 만산동 693-29,128.1511557,36.4278319,,,POI02001TR023928V,이마트 상주점,60,10,N,7,,4,4,4,
2306030004,f_f001380,4,루안,2023-06-03,2023-06-03,경북 상주시 중앙로 177-7,경북 상주시 서문동 130-1,128.1575781,36.4159292,,,POI01000TR035718V,루안,60,11,N,2,,5,5,5,
2306030005,f_f001380,5,월방지,2023-06-03,2023-06-04,,경북 상주시 중동면 신암리 963,128.3041174,36.4237287,,,POI010000009H8HKV,월방지,270,22,,,,,,,
2306040001,f_f001380,6,경천서 공원,2023-06-04,2023-06-04,,경북 상주시 중동면 오상리,128.2597119,36.4399244,,,POI01000TR024912V,경천섬공원,120,13,Y,4,,5,5,5,
2306040002,f_f001380,7,낙동강 자전거 이야기촌,2023-06-04,2023-06-04,,경북 상주시 사벌국면 삼덕리 339,128.240235,36.4575629,,,POI01000TR021654V,낙동강자전거이야기촌,30,5,N,2,,5,5,5,
2306040003,f_f001380,8,상주국제승마장 승마체험장,2023-06-04,2023-06-04,경북 상주시 사벌국면 국제승마장로 1,경북 상주시 사벌국면 화달리 산 6-5,128.2317247,36.4602291,,,POI02001TR014617V,상주국제승마장 승마체험장,60,13,N,5,,5,5,5,
2306040004,f_f001380,9,상주 박물관,2023-06-04,2023-06-04,경북 상주시 사벌국면 경천로 684,경북 상주시 사벌국면 삼덕리 산 86,128.2411193,36.459992,,,POI01000000BT6AGW,상주박물관,60,2,N,8,,4,3,4,
2306040005,f_f001380,10,경천서 공원,2023-06-04,2023-06-04,,경북 상주시 중동면 오상리,128.2597119,36.4399244,,,POI01000TR024912V,경천섬공원,90,1,Y,4,,5,5,5,
2306040006,f_f001380,11,월방지,2023-06-04,2023-06-05,,경북 상주시 중동면 신암리 963,128.3041174,36.4237287,,,POI010000009H8HKV,월방지,360,22,,,,,,,
2306050001,f_f001380,12,문경 에코월드,2023-06-05,2023-06-05,경북 문경시 가은읍 왕능길 114,경북 문경시 가은읍 왕능리 480-4,128.0603848,36.6541115,,,POI01000TR028972V,문경에코랄라,390,6,Y,4,,5,5,5,
2306050002,f_f001380,13,월방지,2023-06-05,2023-06-06,,경북 상주시 중동면 신암리 963,128.3041174,36.4237287,,,POI010000009H8HKV,월방지,360,22,,,,,,,
2306060001,f_f001380,14,집,2023-06-06,2023-06-07,경북 김천시 용전로 47,경북 김천시 율곡동 771,,,3306067,4715012000,,,270,21,,,,,,,
2306040001,f_f001408,1,집,2023-06-04,2023-06-04,부산 사상구 가야대로255번길 5,,,,4217014,2653010600,,,,21,,,,,,,2653010600
2306040002,f_f001408,2,선유 그린빌라,2023-06-04,2023-06-04,경남 김해시 김해대로2529번길 6-24,경남 김해시 어방동 1116-4,128.9045633,35.2289038,,,POI01000000CECS0Q,선유그린빌라입구,90,22,,,,,,,
2306040003,f_f001408,3,가야 해 수 사우나,2023-06-04,2023-06-04,경남 김해시 김해대로2492번길 38,경남 김해시 삼정동 567-2,128.902888,35.2266304,,,POI01000000EHTYI0,가야해수사우나,90,5,N,5,,4,4,4,
2306040004,f_f001408,4,미즈 컨테이너 김해 신세계점,2023-06-04,2023-06-04,경남 김해시 김해대로 2232,경남 김해시 외동 1264,128.8722427,35.2293397,,,POI02001TR011471V,미즈컨테이너 김해신세계점,90,11,N,1,,5,5,5,
2306040005,f_f001408,5,뽀로로 빌리지 김해점,2023-06-04,2023-06-04,경남 김해시 김해대로 2232,경남 김해시 외동 1264,128.8725949,35.2287972,,,POI02001TR013958V,뽀로로빌리지 김해점,90,6,Y,4,,5,5,5,
2306040006,f_f001408,6,선유 그린빌라,2023-06-04,2023-06-04,경남 김해시 김해대로2529번길 6-24,경남 김해시 어방동 1116-4,128.9045633,35.2289038,,,POI01000000CECS0Q,선유그린빌라입구,300,22,,,,,,,
2306040007,f_f001408,7,집,2023-06-04,2023-06-05,부산 사상구 가야대로255번길 5,,,,4217014,2653010600,,,240,21,,,,,,,
2306030001,f_f001412,1,집,2023-06-03,2023-06-03,대림하이빌아파트,,,,,,,,,21,,,,,,,4812710500
2306030002,f_f001412,2,럭셔리 글램핑 W,2023-06-03,2023-06-04,경남 산청군 산청읍 웅석봉로285번길 80-20,경남 산청군 산청읍 내리 741,127.8859668,35.3929496,,,POI01000TR034684V,럭셔리글램핑W풀빌라,540,24,N,2,3,4,5,4,
2306040001,f_f001412,3,산청 동의보감촌,2023-06-04,2023-06-04,경남 산청군 금서면 동의보감로555번길 45-6,경남 산청군 금서면 특리 1300-26,127.8283943,35.4404595,,,POI01000TR002036V,산청동의보감촌,240,6,N,1,,4,3,3,
2306040002,f_f001412,4,풍차 카페 수제버거,2023-06-04,2023-06-04,경남 산청군 금서면 동의보감로555번길 104-9,경남 산청군 금서면 특리 1300-60,127.825265,35.4398825,,,POI02001TR031304V,풍차카페수제버거,90,11,N,9,,3,2,2,
2306040003,f_f001412,5,경상남도교육청 과학교육원,2023-06-04,2023-06-04,경남 진주시 진성면 진의로 178-35,경남 진주시 진성면 가진리 75-18,128.2258745,35.2015714,,,POI01000000BBUA4Q,경남과학교육원,90,13,N,10,,5,5,5,
2306040004,f_f001412,6,고메 밀면 마산 본점,2023-06-04,2023-06-04,경남 창원시 마산합포구 용마로 86,경남 창원시 마산합포구 산호동 25-5,128.5829092,35.2204817,,,POI02001TR002410V,고메밀면 마산본점,60,11,N,9,,4,4,4,
2306040005,f_f001412,7,집,2023-06-04,2023-06-05,대림하이빌아파트,,,,,,,,990,21,,,,,,,4812710500
2305270001,f_f001421,1,집,2023-05-27,2023-05-27,,,,,,,,,,21,,,,,,,2629010600
2305270002,f_f001421,2,탑 마트 기장 서부점,2023-05-27,2023-05-27,부산 기장군 기장읍 읍내로 49,부산 기장군 기장읍 서부리 76-1,129.2099792,35.2456373,,,POI02001TR029814V,탑마트 기장서부점,30,10,N,6,,4,4,4,
2305270003,f_f001421,3,강변체육공원,2023-05-27,2023-05-27,,경북 포항시 남구 해도동,129.3748679,36.0187571,,,POI02001TR001522V,강변체육공원,90,8,N,2,,5,5,5,
2305270004,f_f001421,4,풀하우스펜션,2023-05-27,2023-05-28,경북 포항시 남구 구룡포읍 일출로 242-40,경북 포항시 남구 구룡포읍 석병리 729-1,129.5789205,36.0142413,,,POI01000000734TKN,풀하우스펜션,750,24,N,2,3,4,4,4,
2305280001,f_f001421,5,호미곶,2023-05-28,2023-05-28,,경북 포항시 남구 호미곶면 대보리,129.5697369,36.0780562,,,POI01000TR018095V,호미곶,30,1,N,1,,3,3,3,
2305280002,f_f001421,6,까치회 식당,2023-05-28,2023-05-28,경북 포항시 남구 호미곶면 호미곶길 81,경북 포항시 남구 호미곶면 대보리 202-1,129.5692724,36.0756867,,,POI01000000CV88P8,까치회식당,30,11,N,2,,4,4,4,
2305280003,f_f001421,7,구룡포 일본인 가옥거리,2023-05-28,2023-05-28,,경북 포항시 남구 구룡포읍 구룡포리 971-1,129.5604189,35.9905582,,,POI01000TR015758V,구룡포일본인가옥거리,30,2,N,2,,4,4,4,
2305280004,f_f001421,8,삼정해수욕장,2023-05-28,2023-05-28,,경북 포항시 남구 구룡포읍 삼정리 961-16,129.5722514,36.0042147,,,POI02001TR014458V,삼정해수욕장,60,12,N,9,,4,4,4,
2305280005,f_f001421,9,카페 루치아,2023-05-28,2023-05-28,경북 포항시 남구 구룡포읍 호미로 420-5,경북 포항시 남구 구룡포읍 구룡포리 9-43,129.5656303,35.9964372,,,POI02001TR028968V,카페루치아,60,11,N,2,,4,4,4,
2305280006,f_f001421,10,외동휴게소 울산방향,2023-05-28,2023-05-28,경북 경주시 외동읍 상석길 58-74,경북 경주시 외동읍 석계리 산 231-33,129.2854043,35.6728069,,,POI01000000BWG9SK,외동휴게소 울산방향,30,9,N,9,,4,4,4,
2305280007,f_f001421,11,집,2023-05-28,2023-05-29,,,,,,,,,270,21,,,,,,,2629010600
2305250001,f_f001440,1,집,2023-05-25,2023-05-25,코아루,,,,,,,,,21,,,,,,,4827010400
2305250002,f_f001440,2,다대포해수욕장,2023-05-25,2023-05-25,,부산 사하구 다대동,128.9627412,35.0465263,,,POI01000TR026310V,다대포해수욕장,30,1,Y,11,,5,5,5,
2305250003,f_f001440,3,괴정 골목시장,2023-05-25,2023-05-25,부산 사하구 사하로198번길 7,부산 사하구 괴정동 1011-26,128.9938504,35.0995385,,,POI02001TR003276V,괴정골목시장,150,4,N,5,,3,3,3,
2305250004,f_f001440,4,암남 공원,2023-05-25,2023-05-25,,부산 서구 암남동 산 193-4,129.0156812,35.0585918,,,POI0100000076TWLJ,암남공원,90,1,N,5,,5,4,5,
2305250005,f_f001440,5,e 편한 세상 사하 1차 아파트,2023-05-25,2023-05-25,부산 사하구 서포로30번길 26,부산 사하구 구평동 517,128.9866788,35.0797311,,,POI01000000DMB83H,e편한세상사하아파트,60,22,,,,,,,
2305250006,f_f001440,6,까치 생숯불구이,2023-05-25,2023-05-25,부산 사하구 다대동로 7-1,부산 사하구 다대동 626,128.9709465,35.054541,,,POI02001TR004980V,까치생숯불구이,30,11,N,5,,5,5,5,
2305250013,f_f001440,7,e 편한 세상 사하 1차 아파트,2023-05-25,2023-05-26,,,,,,,,,180,22,,,,,,,2638010700
2305260001,f_f001440,13,집,2023-05-26,2023-05-27,코아루,,,,,,,,570,21,,,,,,,4827010400
2305260002,f_f001440,8,감천문화마을,2023-05-26,2023-05-26,부산 사하구 감내1로 200,부산 사하구 감천동 10-13,129.0094283,35.0963001,,,POI01000000BBU3O3,감천문화마을,60,4,N,1,,4,5,5,
2305260003,f_f001440,9,용두산공원,2023-05-26,2023-05-26,부산 중구 용두산길 37-55,부산 중구 광복동2가 1-2,129.0324434,35.1009305,,,POI01000000BBTVPV,용두산공원,30,7,N,1,,5,3,5,
2305260004,f_f001440,10,남포동 먹자골목,2023-05-26,2023-05-26,,부산 중구 신창동1가 42,129.0304249,35.1010725,,,POI02001TR005515V,남포동먹자골목,30,4,N,2,,4,3,4,
2305260005,f_f001440,11,부산 근현대 역사관 별관,2023-05-26,2023-05-26,부산 중구 대청로 104,부산 중구 대청동2가 24-2,129.0312188,35.1026633,,,POI01000000BVA6EW,부산근대역사관,30,2,N,9,,5,5,5,
2305260006,f_f001440,12,대성당,2023-05-26,2023-05-26,부산 동구 중앙대로296번길 3-5,부산 동구 초량동 1158-5,129.0446514,35.1232761,,,POI0100000076EFOQ,태성당,30,10,N,2,,4,3,4,
2305270001,f_f001442,1,집,2023-05-27,2023-05-27,부산 해운대구 선수촌로 122,부산 해운대구 반여동 1638,,,3133009,2635010300,,,,21,,,,,,,
2305270002,f_f001442,2,귀양지,2023-05-27,2023-05-27,,경남 밀양시 부북면 위양리 294,128.7158855,35.5462799,,,POI01000TR021985V,위양지,60,2,N,1,,4,4,4,
2305270003,f_f001442,3,아랑 식당,2023-05-27,2023-05-27,가곡리 293-11,,,,,,,,90,11,N,5,,3,2,2,4827032000
2305270004,f_f001442,4,밀양 189,2023-05-27,2023-05-27,경남 밀양시 용평로5길 282,경남 밀양시 용평동 189,128.7709212,35.4823835,,,POI01000000E02SNR,밀양189,90,11,N,5,,4,4,4,
2305270005,f_f001442,5,집,2023-05-27,2023-05-28,부산 해운대구 선수촌로 122,부산 해운대구 반여동 1638,,,3133009,2635010300,,,330,21,,,,,,,
2305260001,f_f001446,1,친구 친지 집,2023-05-26,2023-05-26,동대구역,,,,,,,,,22,,,,,,,2714010200
2305260002,f_f001446,2,카페 새디,2023-05-26,2023-05-26,부산 부산진구 전포대로186번길 36-1,부산 부산진구 전포동 354-40,129.0675676,35.1530248,,,POI02001TR029049V,카페세디,90,11,N,2,,5,4,4,
2305260003,f_f001446,3,다이소 부산 서면점,2023-05-26,2023-05-26,부산 부산진구 중앙대로702번길 43,부산 부산진구 부전동 168-451,129.061591,35.1558094,,,POI010000006UH5SA,다이소 부산서면점,30,2,N,8,,5,4,4,
2305260004,f_f001446,4,가야 가야 부산 서면점,2023-05-26,2023-05-26,부산 부산진구 전포대로209번길 43,부산 부산진구 전포동 683-1,129.0628898,35.1552754,,,POI01000000CUG5UH,가야가야,60,11,N,3,,3,1,2,
2305260005,f_f001446,5,삼광사,2023-05-26,2023-05-26,부산 부산진구 초읍천로43번길 77,부산 부산진구 초읍동 54-58,129.0433692,35.1757059,,,POI02001TR014325V,삼광사,120,2,N,1,,5,5,5,
2305260006,f_f001446,6,하운드 호텔,2023-05-26,2023-05-27,부산 수영구 남천바다로33번길 12,부산 수영구 광안동 204-5,129.114539,35.1488732,,,POI01000000CWD8TI,하운드호텔,60,24,N,6,1,4,3,3,
2305270001,f_f001446,7,퍼지 네이블 해운대점,2023-05-27,2023-05-27,부산 해운대구 구남로 43-1,부산 해운대구 중동 1392-17,129.1616324,35.1605993,,,POI02001TR030755V,퍼지네이블 해운대점,60,11,N,2,,5,4,4,
2305270002,f_f001446,8,해운대 모래축제,2023-05-27,2023-05-27,부산 해운대구 해운대해변로 264,부산 해운대구 우동 620-3,129.159932,35.1587922,,,POI01000000E2LGER,2021년제16회해운대모래축제,90,8,N,1,,3,3,3,
2305270003,f_f001446,9,호랑이 젤라 떡,2023-05-27,2023-05-27,부산 해운대구 달맞이길62번길 38,부산 해운대구 중동 957-2,129.1708853,35.1585495,,,POI01000TR033497V,호랑이젤라떡,30,11,N,2,,4,4,4,
2305270004,f_f001446,10,조세호,2023-05-27,2023-05-27,부산 수영구 광안해변로 199,부산 수영구 광안동 196-10,129.117004,35.1521211,,,POI01000TR004270V,조새호,60,11,N,1,,2,1,3,
2305270005,f_f001446,11,광안리해수욕장,2023-05-27,2023-05-27,부산 수영구 광안해변로 219,부산 수영구 광안동 192-20,129.1189761,35.1531933,,,POI01000TR030726V,광안리해수욕장,30,8,Y,4,,5,5,5,
2305270006,f_f001446,12,친구 집,2023-05-27,2023-05-28,,,,,,,,,90,22,,,,,,,2714010200
2306100001,f_f001487,1,집,2023-06-10,2023-06-10,가곡로 50,,,,,,,,,21,,,,,,,4213033000
2306100002,f_f001487,3,웰리힐리 리조트,2023-06-10,2023-06-11,고원로 451,,,,,,,,720,24,Y,6,4,5,4,4,4273033000
2306100003,f_f001487,2,웰리힐리 파크 워터 플래닛,2023-06-10,2023-06-10,강원 횡성군 둔내면 고원로 451,강원 횡성군 둔내면 두원리 213,128.2529199,37.492084,,,POI01000TR014789V,웰리힐리파크 워터플래닛,300,6,Y,4,,5,5,5,
2306110001,f_f001487,4,횡성 라이니아,2023-06-11,2023-06-11,고원로 398번길 6,,,,,,,,60,11,N,5,,4,4,4,4273033000
2306110002,f_f001487,5,횡성 루지 체험장,2023-06-11,2023-06-11,강원 횡성군 우천면 전재로 407,강원 횡성군 우천면 오원리 321-7,128.1088074,37.4283576,,,POI02001TR034486V,횡성루지체험장,60,5,Y,4,,5,5,5,
2306110003,f_f001487,6,엘크 커피,2023-06-11,2023-06-11,강원 횡성군 갑천면 태기로 975,강원 횡성군 갑천면 중금리 7-16,128.0626547,37.539816,,,POI01000TR028264V,엘크커피,60,11,N,2,,5,5,5,
2306110004,f_f001487,7,집,2023-06-11,2023-06-12,가곡로 50,,,,,,,,450,21,,,,,,,4213033000
2305260001,f_f001514,1,집,2023-05-26,2023-05-26,신탄진동로 30번길 4,,,,,,,,,21,,,,,,,3023012600
2305260002,f_f001514,2,김천휴게소 부산방향,2023-05-26,2023-05-26,경북 김천시 농소면 경부고속도로 193,경북 김천시 농소면 신촌리 1111-2,128.1648688,36.1291311,,,POI01000TR000909V,김천휴게소 부산방향,60,9,N,9,,3,3,3,
2305260003,f_f001514,3,당근 양 곱창구이,2023-05-26,2023-05-26,부산 수영구 광남로142번길 2,부산 수영구 광안동 194-1,129.1175247,35.1538378,,,POI02001TR006420V,당그레양곱창구이,60,11,N,2,,4,4,4,
2305260004,f_f001514,4,퍼지 네이블 광안점,2023-05-26,2023-05-26,부산 수영구 광안해변로 177,부산 수영구 광안동 200-20,129.1158023,35.1504588,,,POI01000TR012423V,퍼지네이블 광안점,60,11,N,9,,5,5,5,
2305260005,f_f001514,5,클램,2023-05-26,2023-05-26,부산 수영구 광안해변로 201,부산 수영구 광안동 196-8,129.1172114,35.1522914,,,POI0100000085LBPU,클램,60,11,N,9,,4,3,4,
2305260006,f_f001514,6,호텔 아쿠아펠리스,2023-05-26,2023-05-27,부산 수영구 광안해변로 225,부산 수영구 광안동 192-5,129.118806,35.1540794,,,POI010000006TOQNW,호텔아쿠아펠리스,30,24,N,8,1,5,4,4,
2305270001,f_f001514,7,부센동,2023-05-27,2023-05-27,부산 수영구 수영로588번길 7,부산 수영구 광안동 142-6,129.1136798,35.1584539,,,POI01000000C93M7D,부센동,30,11,N,5,,4,4,4,
2305270002,f_f001514,8,오프 오,2023-05-27,2023-05-27,부산 기장군 기장읍 기장해안로 860,부산 기장군 기장읍 죽성리 413,129.2438594,35.2318393,,,POI01000000850JB3,오프오,60,11,N,2,,4,4,4,
2305270003,f_f001514,11,스페인 클럽 해운대점,2023-05-27,2023-05-27,부산 해운대구 해운대해변로298번길 24,부산 해운대구 중동 1124-2,129.1661136,35.1599307,,,POI01000TR028211V,스페인클럽 해운대점,60,11,N,2,,5,3,4,
2305270004,f_f001514,9,호랑 대공원,2023-05-27,2023-05-27,,부산 기장군 기장읍 시랑리,129.2278144,35.2059096,,,POI01000TR019493V,오랑대공원,60,1,N,1,,4,3,3,
2305270005,f_f001514,10,해동용궁사,2023-05-27,2023-05-27,부산 기장군 기장읍 용궁길 86,부산 기장군 기장읍 시랑리 416-3,129.2231431,35.1884028,,,POI01000000BYZ0VZ,해동용궁사,60,1,N,2,,4,3,3,
2305270006,f_f001514,12,수영만 요트경기장,2023-05-27,2023-05-27,부산 해운대구 해운대해변로 84,부산 해운대구 우동 1393,129.1412726,35.1602617,,,POI01000TR042000V,수영만요트경기장,90,5,N,2,,4,3,3,
2305270007,f_f001514,14,리엔 호텔,2023-05-27,2023-05-28,부산 해운대구 해운대로594번가길 4,부산 해운대구 우동 644-1,129.1566272,35.1607975,,,POI02001TR009589V,리안호텔,60,24,N,8,1,4,3,3,
2305270008,f_f001514,13,더베이 11,2023-05-27,2023-05-27,부산 해운대구 동백로 52,부산 해운대구 우동 747-7,129.1520211,35.1565648,,,POI01000TR040498V,더베이101,30,4,N,5,,5,3,3,
2305280001,f_f001514,15,류센소 본점,2023-05-28,2023-05-28,부산 해운대구 구남로8번길 62,부산 해운대구 우동 641-15,129.1562176,35.1615726,,,POI01000TR029518V,류센소 본점,120,11,N,3,,4,3,3,
2305280002,f_f001514,16,신기산업,2023-05-28,2023-05-28,부산 영도구 와치로51번길 2,부산 영도구 청학동 148-203,129.0608911,35.0880878,,,POI01000TR006587V,신기산업,60,4,N,2,,4,3,3,
2305280003,f_f001514,17,국제시 장로 1구간 노상 공영주차장,2023-05-28,2023-05-28,부산 중구 중구로 지하 31,부산 중구 신창동4가 56-4,129.0279274,35.1006484,,,POI02001TR003915V,국제시장로1구간 노상공영주차장,90,4,N,3,,4,3,3,
2305280004,f_f001514,18,집,2023-05-28,2023-05-29,신탄진동로 30번길 4,,,,,,,,180,21,,,,,,,3023012600
2306050001,f_f001516,1,집,2023-06-05,2023-06-05,경북 칠곡군 석적읍 서중리5길 66-6,경북 칠곡군 석적읍 중리 171,,,4766328,4785025622,,,,21,,,,,,,4785025622
2306050002,f_f001516,3,집,2023-06-05,2023-06-06,경북 칠곡군 석적읍 서중리5길 66-6,경북 칠곡군 석적읍 중리 171,,,4766328,4785025622,,,300,21,,,,,,,
2306050003,f_f001516,2,대구 아쿠아리움,2023-06-05,2023-06-05,대구 동구 동부로 149,대구 동구 신천동 1506,128.6289964,35.8777172,,,POI01000TR014383V,대구아쿠아리움,270,6,Y,6,,5,5,5,
2306040001,f_f001544,1,사무실,2023-06-04,2023-06-04,서울 중구 세종대로 39,,,,2005001,1114011700,,,,23,,,,,,,
2306040002,f_f001544,2,역곡역 1호선,2023-06-04,2023-06-04,경기 부천시 역곡로 1,경기 부천시 역곡동 382,126.8120593,37.4853144,,,POI01000000B5OYKI,역곡역,0,9,Y,6,,5,5,5,
2306040003,f_f001544,4,만도 사원아파트,2023-06-04,2023-06-05,,,,,,,,,240,22,,,,,,,4213025022
2306040004,f_f001544,3,문막농협 하나로마트 동화점,2023-06-04,2023-06-04,강원 원주시 문막읍 왕건로 94,강원 원주시 문막읍 동화리 1536-7,127.8300874,37.3275549,,,POI01000000CJV8HB,문막농협하나로마트(동화점),0,4,N,6,,4,2,3,
2306050001,f_f001544,5,이디야커피 원주 문막 동화점,2023-06-05,2023-06-05,강원 원주시 문막읍 왕건로 81,강원 원주시 문막읍 동화리 1534-3,127.829195,37.3267385,,,POI02001TR023883V,이디야커피 원주문막동화점,150,11,N,8,,5,5,5,
2306050002,f_f001544,6,만도 사원아파트,2023-06-05,2023-06-05,,,,,,,,,30,22,,,,,,,4213025022
2306050003,f_f001544,7,AJ 오토캠핑장,2023-06-05,2023-06-05,강원 원주시 지정면 지정로 717,강원 원주시 지정면 안창리 산 12-13,127.8119643,37.3465694,,,POI010000006D5LAF,A&J오토캠핑,30,1,N,9,,4,4,4,
2306050004,f_f001544,8,스톤 크릭,2023-06-05,2023-06-05,강원 원주시 지정면 지정로 1101,강원 원주시 지정면 판대리 194-5,127.7964809,37.3706377,,,POI01000TR019905V,스톤크릭,90,11,N,1,,5,5,5,
2306050005,f_f001544,9,소담 오향 족벌 본점,2023-06-05,2023-06-05,강원 원주시 천사로 23-1,강원 원주시 단계동 1110-7,127.9277974,37.348426,,,POI02001TR016407V,소담오향족발 본점,60,11,N,5,,5,5,5,
2306050006,f_f001544,10,빈티지 메카 1호점,2023-06-05,2023-06-05,강원 원주시 지정면 원문로 1041,강원 원주시 지정면 보통리 242-29,127.8729641,37.3377034,,,POI02001TR013847V,빈티지메카 1호점,30,10,N,9,,5,5,5,
2306050007,f_f001544,11,문막 섬강 선사유적터,2023-06-05,2023-06-05,문막리 950,,,,,,,,60,2,N,5,,4,4,4,4213025021
2306050008,f_f001544,12,만도 사원아파트,2023-06-05,2023-06-06,,,,,,,,,210,22,,,,,,,4213025022
2306060001,f_f001544,13,소복소복,2023-06-06,2023-06-06,강원 원주시 문막읍 왕건로 163,강원 원주시 문막읍 동화리 1091-9,127.8326049,37.3330009,,,POI01000TR028412V,소복소복,90,11,N,5,,3,3,3,
2306060002,f_f001544,14,월송 커피,2023-06-06,2023-06-06,강원 원주시 지정면 월송석화로 428-17,강원 원주시 지정면 월송리 904-55,127.843276,37.402115,,,POI01000000CXQ5TT,월송커피,60,11,N,2,,5,4,4,
2306060003,f_f001544,15,소금산 그랜드밸리,2023-06-06,2023-06-06,강원 원주시 지정면 소금산길 12,강원 원주시 지정면 간현리 1056-24,127.8340396,37.3645764,,,POI01000TR000189V,소금산그랜드밸리,30,1,N,1,,4,3,4,
2306060004,f_f001544,16,소금산 출렁다리,2023-06-06,2023-06-06,,강원 원주시 지정면 간현리 산 116-1,127.8246812,37.3686659,,,POI01000TR019769V,소금산출렁다리,0,1,N,1,,5,5,5,
2306060005,f_f001544,17,소금산 울렁다리,2023-06-06,2023-06-06,,강원 원주시 지정면 간현리 산 120,127.8197884,37.3671952,,,POI02001TR016280V,소금산울렁다리,30,1,N,1,,5,5,5,
2306060006,f_f001544,18,만도 사원아파트,2023-06-06,2023-06-07,,,,,,,,,450,22,,,,,,,4213025022
2306040001,f_f001550,1,집,2023-06-04,2023-06-04,충효로75 청구APT,,,,,,,,,21,,,,,,,4773025000
2306040002,f_f001550,3,하이캐슬리조트,2023-06-04,2023-06-05,강원 정선군 사북읍 하이원길 202,강원 정선군 사북읍 사북리 469,128.8142042,37.2060281,,,POI01000TR024267V,하이캐슬리조트,330,24,Y,1,4,5,5,5,
2306040003,f_f001550,2,하이원 추추 파크,2023-06-04,2023-06-04,강원 삼척시 도계읍 심포남길 99,강원 삼척시 도계읍 심포리 231-3,129.0392306,37.1819507,,,POI010000006CJZ84,하이원추추파크,180,6,N,1,,5,5,5,
2306050001,f_f001550,4,하이원리조트 마운틴콘도,2023-06-05,2023-06-05,강원 정선군 고한읍 하이원길 265-1,강원 정선군 고한읍 고한리 144-15,128.8259731,37.2081212,,,POI01000TR027712V,하이원리조트 마운틴콘도,120,5,N,1,,5,5,5,
2306050002,f_f001550,6,하이원 워터월드,2023-06-05,2023-06-05,강원 정선군 사북읍 하이원길 175,강원 정선군 사북읍 사북리 산 155-58,128.8165105,37.2115065,,,POI01000TR014811V,하이원 워터월드,240,6,N,1,,5,5,5,
2306050003,f_f001550,5,화선 식당,2023-06-05,2023-06-05,강원 정선군 고한읍 고한6길 28,강원 정선군 고한읍 고한리 62-151,128.8547426,37.2002946,,,POI010000008MUGXX,화선식당,60,11,N,2,,4,4,4,
2306050004,f_f001550,7,하이캐슬리조트,2023-06-05,2023-06-06,강원 정선군 사북읍 하이원길 202,강원 정선군 사북읍 사북리 469,128.8142042,37.2060281,,,POI01000TR024267V,하이캐슬리조트,300,24,N,1,4,5,5,5,
2306060001,f_f001550,8,집,2023-06-06,2023-06-07,충효로75 청구APT,,,,,,,,600,21,,,,,,,4773025000
2305280001,f_f001643,1,집,2023-05-28,2023-05-28,답십리로141,,,,,,,,,21,,,,,,,1123010500
2305280002,f_f001643,2,다 복종,2023-05-28,2023-05-28,강원 평창군 진부면 진고개로 162,강원 평창군 진부면 간평리 227,128.5979752,37.6823509,,,POI01000000BI1KT3,다복정,60,11,Y,4,,5,5,5,
2305280003,f_f001643,3,켄싱턴호텔 평창 키즈월드,2023-05-28,2023-05-28,강원 평창군 진부면 진고개로 231,강원 평창군 진부면 간평리 221-1,128.597622,37.6887114,,,POI01000TR013414V,켄싱턴호텔 평창 키즈월드,240,6,Y,4,,5,5,5,
2305280004,f_f001643,4,켄싱턴호텔 평창,2023-05-28,2023-05-29,강원 평창군 진부면 진고개로 231,강원 평창군 진부면 간평리 221-1,128.5976154,37.6888241,,,POI01000TR035663V,켄싱턴호텔 평창,390,24,Y,4,1,5,5,5,
2305290001,f_f001643,5,신선희 황기 찐빵,2023-05-29,2023-05-29,강원 평창군 진부면 오대산로 91,강원 평창군 진부면 간평리 109-22,128.5997371,37.7107481,,,POI02001TR018712V,신선희황기찐빵,30,10,N,2,,5,5,5,
2305290002,f_f001643,6,켄싱턴호텔 평창,2023-05-29,2023-05-29,강원 평창군 진부면 진고개로 231,강원 평창군 진부면 간평리 221-1,128.5976154,37.6888241,,,POI01000TR035663V,켄싱턴호텔 평창,210,7,Y,4,,5,5,5,
2305290003,f_f001643,7,산들 산채식당,2023-05-29,2023-05-29,강원 평창군 진부면 오대산로 95,강원 평창군 진부면 간평리 109-23,128.5997177,37.7111123,,,POI010000006B7N3A,산들산채식당,60,11,N,2,,3,2,3,
2305290004,f_f001643,8,집,2023-05-29,2023-05-30,답십리로141,,,,,,,,360,21,,,,,,,1123010500
2305270001,f_f001658,1,집,2023-05-27,2023-05-27,중동로77,,,,,,,,,21,,,,,,,4812110200
2305270002,f_f001658,4,집,2023-05-27,2023-05-28,중동로77,,,,,,,,180,21,,,,,,,4812110200
2305270003,f_f001658,2,창녕힐마루 석이네 한우 뜰,2023-05-27,2023-05-27,경남 창녕군 계성면 영산계성로 490,경남 창녕군 계성면 신당리 645-1,128.5105435,35.4881731,,,POI02001TR027427V,창녕힐마루 석이네한우뜰,30,11,N,5,,5,5,5,
2305270004,f_f001658,3,동훈힐마루CC,2023-05-27,2023-05-27,경남 창녕군 장마면 영산계성로 469-195,경남 창녕군 장마면 초곡리 1082,128.4998658,35.4994146,,,POI02001TR008222V,동훈힐마루CC,420,5,N,7,,5,5,5,
2305270001,f_f001707,1,집,2023-05-27,2023-05-27,석사현대3차아파트,,,,,,,,,21,,,,,,,4211012400
2305270002,f_f001707,2,홍천 무궁화 수목원,2023-05-27,2023-05-27,,강원 홍천군 북방면 능평리 산 57,127.8339646,37.7224765,,,POI01000TR007564V,홍천무궁화수목원,30,6,Y,9,,4,4,5,
2305270003,f_f001707,3,횡성 전통시장,2023-05-27,2023-05-27,강원 횡성군 횡성읍 문정로19번길 12-4,강원 횡성군 횡성읍 읍상리 292-5,127.9872013,37.4897256,,,POI010000006D8B75,횡성 전통시장,30,4,Y,4,,5,5,5,
2305270004,f_f001707,4,풍수원 성당,2023-05-27,2023-05-27,강원 횡성군 서원면 경강로유현1길 30,강원 횡성군 서원면 유현리 1097,127.8186777,37.5291829,,,POI01000000ATECOD,풍수원성당,30,2,N,1,,5,5,5,
2305270005,f_f001707,5,돼지 부속 구이 전문점,2023-05-27,2023-05-27,강원 춘천시 춘천로 308,강원 춘천시 후평2동 692-15,127.7472011,37.8815446,,,POI010000008MG3HQ,돼지부속구이전문점,60,11,Y,4,,5,4,5,
2305270006,f_f001707,7,집,2023-05-27,2023-05-28,석사현대3차아파트,,,,,,,,180,21,,,,,,,4211012400
2305270007,f_f001707,6,투다 포스코점,2023-05-27,2023-05-27,강원 춘천시 효평길 110,강원 춘천시 후평동 691-10,127.7475199,37.8811426,,,POI02001TR030336V,투다리 포스코점,120,11,N,6,,4,5,5,
2305270001,f_f001726,1,친구 친지 집,2023-05-27,2023-05-27,공도5로6,,,,,,,,,22,,,,,,,4155025000
2305270002,f_f001726,2,금왕 휴게소 제천 방향 푸드코트,2023-05-27,2023-05-27,충북 음성군 금왕읍 평택제천고속도로 70,충북 음성군 금왕읍 용계리 158-2,127.5908028,36.9689263,,,POI01000TR028665V,금왕휴게소 제천방향 푸드코트,30,9,N,3,,3,4,3,
2305270003,f_f001726,3,입곡 군립 공원,2023-05-27,2023-05-27,,경남 함안군 산인면 입곡리,128.4503478,35.2657813,,,POI01000000BYQ230,입곡군립공원,150,1,N,2,,4,2,5,
2305270004,f_f001726,4,무진장,2023-05-27,2023-05-27,경남 함안군 함안면 괴산4길 25,경남 함안군 함안면 괴산리 547,128.4230933,35.2554702,,,POI0100000068RF6M,무진정,330,2,N,2,,1,1,2,
2305270005,f_f001726,5,CU 함안실서점,2023-05-27,2023-05-27,경남 함안군 칠서면 삼칠로 1158,경남 함안군 칠서면 계내리 251-2,128.4889257,35.3829362,,,POI01000000DZ7LHH,CU함안칠서점,30,10,N,9,,4,3,3,
2305270006,f_f001726,6,성주휴게소 양평방향,2023-05-27,2023-05-27,경북 성주군 초전면 중부내륙고속도로 98,경북 성주군 초전면 용봉리 897,128.2615001,36.007985,,,POI01000000B8MH3L,성주휴게소 양평방향,0,9,N,9,,3,3,3,
2305270007,f_f001726,7,집,2023-05-27,2023-05-28,송원길31,,,,,,,,1140,21,,,,,,,4155025029
2306030001,f_f001762,1,집,2023-06-03,2023-06-03,경기 시흥시 죽율로 36,,,,3199048,4139013300,,,,21,,,,,,,4139013300
2306030002,f_f001762,6,라마다호텔 스위트 평창,2023-06-03,2023-06-04,강원 평창군 대관령면 오목길 107,강원 평창군 대관령면 횡계리 245-66,128.7180574,37.6600249,,,POI01000TR017677V,라마다호텔&스위트 평창,510,24,N,8,4,4,4,4,4139013300
2306030003,f_f001762,2,알펜시아리조트 알파인코스터,2023-06-03,2023-06-03,강원 평창군 대관령면 솔봉로 325,강원 평창군 대관령면 용산리 438-177,128.6700391,37.6517131,,,POI01000TR025511V,알펜시아리조트 알파인코스터,90,13,N,2,,5,5,5,
2306030004,f_f001762,3,육탈밥 산아래,2023-06-03,2023-06-03,강원 평창군 진부면 오대산로 152,강원 평창군 진부면 동산리 333,128.6018706,37.716301,,,POI01000TR107057V,육칼밥산아래,30,11,N,2,,5,4,4,
2306030005,f_f001762,4,월정사,2023-06-03,2023-06-03,강원 평창군 진부면 오대산로 374-8,강원 평창군 진부면 동산리 63-1,128.5921051,37.7317105,,,POI01000TR019950V,월정사,90,2,N,2,,5,5,5,
2306030006,f_f001762,5,카페 연월일,2023-06-03,2023-06-03,강원 평창군 진부면 진고개로 129,강원 평창군 진부면 간평리 271-1,128.5964561,37.6791715,,,POI01000TR015714V,카페연월일,30,11,N,2,,5,5,5,
2306040001,f_f001762,8,시흥 6차 푸르지오 2단지 아파트,2023-06-04,2023-06-05,경기 시흥시 죽율로 36,경기도 시흥시 죽율동 752 대,126.7598551,37.3456893,,,POI01000000DMAW34,시흥6차푸르지오2단지아파트,450,21,,,,,,,4139013300
2306040002,f_f001762,7,대관령 삼양 목장,2023-06-04,2023-06-04,강원 평창군 대관령면 꽃밭양지길 708-9,강원 평창군 대관령면 횡계리 704-6,128.7197339,37.7242868,,,POI01000TR037652V,대관령삼양목장,150,1,N,2,,5,5,5,
2306030001,f_f001843,1,집,2023-06-03,2023-06-03,경기 용인시 기흥구 기흥로116번길 60,경기 용인시 기흥구 신갈동 697,,,4412078,4146310100,,,,21,,,,,,,4146310100
2306030002,f_f001843,3,챌린저 가든,2023-06-03,2023-06-04,강원 홍천군 영귀미면 궁터길 121-6,강원 홍천군 영귀미면 신봉리 281,127.9665866,37.6900388,,,POI01000000EWIO8K,첼린저가든,360,24,Y,4,3,5,5,5,
2306030003,f_f001843,2,영귀 밀면 궁터 길마를,2023-06-03,2023-06-03,강원특별자치도 홍천군 영귀미면 궁터길 121-6,,,,,,,,30,7,Y,4,,5,5,5,4272035200
2306040001,f_f001843,7,집,2023-06-04,2023-06-05,경기 용인시 기흥구 기흥로116번길 60,경기 용인시 기흥구 신갈동 697,,,4412078,4146310100,,,120,21,,,,,,,
2306040002,f_f001843,4,챌린저 가든,2023-06-04,2023-06-04,강원특별자치도 홍천군 영귀미면 궁터길 121-6,강원특별자치도 홍천군 영귀미면 신봉리 281,127.9665866,37.6900388,,,POI01000000EWIO8K,첼린저가든,180,5,Y,4,,5,5,5,
2306040003,f_f001843,5,칡사랑 메밀사랑,2023-06-04,2023-06-04,강원특별자치도 홍천군 영귀미면 수타사로 372-5,강원특별자치도 홍천군 영귀미면 덕치리 56-2,127.9559779,37.693102,,,POI01000000ESY67D,칡사랑메밀사랑,60,11,N,5,,5,5,5,
2306040004,f_f001843,6,동면 생활체육공원,2023-06-04,2023-06-04,,강원특별자치도 홍천군 영귀미면 속초리 892,127.9303623,37.6776719,,,POI01000000BXNB13,동면생활체육공원,90,12,N,5,,5,5,5,
2305280001,f_f001848,1,친구 친지 집,2023-05-28,2023-05-28,,,,,,,,,,22,,,,,,,4719011500
2305280002,f_f001848,4,알록달록 비치펜션,2023-05-28,2023-05-29,경북 포항시 남구 구룡포읍 동해안로 4492,경북 포항시 남구 구룡포읍 하정리 625-5,129.547731,35.9626492,,,POI01000000738AWK,알록달록비치펜션,600,24,N,5,3,4,4,4,
2305280003,f_f001848,2,포항 양 포항,2023-05-28,2023-05-28,양포항,,,,,,,,270,13,Y,2,,5,5,5,4711133000
2305280004,f_f001848,3,구룡포 시장,2023-05-28,2023-05-28,경북 포항시 남구 구룡포읍 호미로221번길 16-2,경북 포항시 남구 구룡포읍 구룡포리 963-107,129.5534846,35.9894619,,,POI01000TR015852V,구룡포시장,30,4,Y,1,,4,3,3,
2305290001,f_f001848,6,사곡동 618-3,2023-05-29,2023-05-30,,,,,,,,,600,22,,,,,,,4719011500
2305290002,f_f001848,5,한티재 포항이동점,2023-05-29,2023-05-29,경북 포항시 남구 대이로127번길 22,경북 포항시 남구 이동 657-7,129.338406,36.0262531,,,POI02001TR032224V,한티재 포항이동점,60,11,N,2,,4,3,3,
2306010001,f_f001901,7,호미곶 고래마을 카라반 펜션,2023-06-01,2023-06-02,고래마을길 8,,,,,,,,480,24,N,2,5,5,5,5,4711135000
2306010002,f_f001901,1,집,2023-06-01,2023-06-01,신화하니엘,,,,,,,,,21,,,,,,,2635010700
2306010003,f_f001901,2,언양휴게소 서울방향,2023-06-01,2023-06-01,울산 울주군 언양읍 경부고속도로 44,울산 울주군 언양읍 반곡리 898-9,129.1421443,35.5977939,,,POI01000TR041688V,언양휴게소 서울방향,30,9,N,8,,5,5,5,
2306010004,f_f001901,3,여미온,2023-06-01,2023-06-01,경북 경주시 첨성로81번길 22-12,경북 경주시 황남동 224-4,129.2123797,35.8349108,,,POI01000TR003412V,여미온,30,11,N,2,,5,5,5,
2306010005,f_f001901,4,로스터리 동경,2023-06-01,2023-06-01,경북 경주시 사정로57번길 11,경북 경주시 사정동 23,129.2091376,35.837625,,,POI01000TR005233V,로스터리동경,30,11,N,9,,5,5,5,
2306010006,f_f001901,5,호미곶 고래마을 카라반 펜션,2023-06-01,2023-06-01,고래마을길 8,,,,,,,,390,24,N,2,5,5,5,5,4711135000
2306010007,f_f001901,6,호미곶,2023-06-01,2023-06-01,,경북 포항시 남구 호미곶면 대보리,129.5697369,36.0780562,,,POI01000TR018095V,호미곶,30,1,Y,4,,5,5,5,
2306020001,f_f001901,10,집,2023-06-02,2023-06-03,신화하니엘,,,,,,,,540,21,,,,,,,2635010700
2306020002,f_f001901,8,구룡포해수욕장,2023-06-02,2023-06-02,,경북 포항시 남구 구룡포읍 구룡포리 9-16,129.5660739,35.9971251,,,POI01000TR011910V,구룡포해수욕장,30,1,Y,4,,5,5,5,
2306020003,f_f001901,9,외동휴게소 울산방향,2023-06-02,2023-06-02,경북 경주시 외동읍 상석길 58-74,경북 경주시 외동읍 석계리 산 231-33,129.2854043,35.6728069,,,POI01000000BWG9SK,외동휴게소 울산방향,60,9,N,9,,5,5,5,
2305300001,f_f001902,1,사무실,2023-05-30,2023-05-30,경북 구미시 3공단3로 132-11,,,,,,,,,23,,,,,,,4719012400
2305300002,f_f001902,6,부산역 유림 줄리엣 오피스텔,2023-05-30,2023-05-31,부산 동구 중앙대로274번길 7-3,부산 동구 초량동 1165-11,129.0438842,35.1211055,,,POI01000000DZYOHB,(주)주우관리부산역유림줄리엣관리사무소,30,22,,,,,,,
2305300003,f_f001902,2,구미역,2023-05-30,2023-05-30,경북 구미시 구미중앙로 76,경북 구미시 원평동 1008-1,128.3310162,36.1282722,,,POI010000006O8XGB,구미역,30,9,Y,6,,3,3,3,
2305300004,f_f001902,3,부산역,2023-05-30,2023-05-30,부산 동구 중앙대로 206,부산 동구 초량동 1187-1,129.0414192,35.1151092,,,POI01000TR040141V,부산역,0,9,Y,6,,3,3,3,
2305300005,f_f001902,4,부산역 유림 줄리엣 오피스텔,2023-05-30,2023-05-30,부산 동구 중앙대로274번길 7-3,부산 동구 초량동 1165-11,129.0438842,35.1211055,,,POI01000000DZYOHB,(주)주우관리부산역유림줄리엣관리사무소,30,22,,,,,,,
2305300006,f_f001902,5,동구야 중화 포차,2023-05-30,2023-05-30,부산 동구 진성로9번길 9-3,부산 동구 수정동 1-183,129.0481976,35.1293693,,,POI02001TR007729V,동구야중화포차,120,11,N,5,,4,4,4,
2305310001,f_f001902,19,집,2023-05-31,2023-06-01,임수동 92-17,,,,,,,,30,21,,,,,,,4719012500
2305310002,f_f001902,7,두두,2023-05-31,2023-05-31,부산 부산진구 신천대로162번길 19,부산 부산진구 부전동 387-4,129.0520173,35.1561162,,,POI01000000D6OBR5,두두,0,11,N,2,,4,5,5,
2305310003,f_f001902,8,부산역 유림 줄리엣 오피스텔,2023-05-31,2023-05-31,부산 동구 중앙대로274번길 7-3,부산 동구 초량동 1165-11,129.0438842,35.1211055,,,POI01000000DZYOHB,(주)주우관리부산역유림줄리엣관리사무소,0,22,,,,,,,
2305310004,f_f001902,9,신라스테이 해운대 주차장,2023-05-31,2023-05-31,부산 해운대구 해운대로570번길 46,부산 해운대구 우동 629-6,129.1586036,35.1598441,,,POI02001TR018664V,신라스테이 해운대 주차장,0,9,Y,6,,5,5,5,
2305310005,f_f001902,10,행리단길,2023-05-31,2023-05-31,,부산 해운대구 우동 517-14,129.1579088,35.165111,,,POI01000TR028835V,해리단길,60,4,N,1,,5,4,4,
2305310006,f_f001902,11,해운대 전통시장,2023-05-31,2023-05-31,부산 해운대구 구남로41번길 22-1,부산 해운대구 중동 1394-193,129.1623361,35.1613986,,,POI01000TR020319V,해운대전통시장,30,4,N,9,,5,3,3,
2305310007,f_f001902,12,스페인 클럽 해운대점,2023-05-31,2023-05-31,부산 해운대구 해운대해변로298번길 24,부산 해운대구 중동 1124-2,129.1661136,35.1599307,,,POI01000TR028211V,스페인클럽 해운대점,90,11,N,1,,5,5,5,
2305310008,f_f001902,13,해운대 모래축제,2023-05-31,2023-05-31,부산 해운대구 해운대해변로 264,부산 해운대구 우동 620-3,129.159932,35.1587922,,,POI01000000E2LGER,2021년제16회해운대모래축제,0,8,Y,4,,2,2,2,
2305310009,f_f001902,15,밀란 더 마켓,2023-05-31,2023-05-31,부산 수영구 민락수변로17번길 56,부산 수영구 민락동 113-31,129.127001,35.15428,,,POI01000TR034816V,밀락 더 마켓,60,4,Y,1,,4,5,4,
2305310010,f_f001902,14,민락매립지 공영주차장,2023-05-31,2023-05-31,부산 수영구 민락수변로17번길 60,부산 수영구 민락동 113-46,129.1271789,35.154877,,,POI01000000E2GJOZ,민락매립지공영주차장,0,9,Y,4,,5,5,5,
2305310011,f_f001902,16,부산역 유림 줄리엣 오피스텔,2023-05-31,2023-05-31,부산 동구 중앙대로274번길 7-3,부산 동구 초량동 1165-11,129.0438842,35.1211055,,,POI01000000DZYOHB,(주)주우관리부산역유림줄리엣관리사무소,30,22,,,,,,,
2305310012,f_f001902,17,부산역,2023-05-31,2023-05-31,부산 동구 중앙대로 206,부산 동구 초량동 1187-1,129.0414192,35.1151092,,,POI01000TR040141V,부산역,0,9,Y,6,,3,3,3,
2305310013,f_f001902,18,구미역,2023-05-31,2023-05-31,경북 구미시 구미중앙로 76,경북 구미시 원평동 1008-1,128.3310162,36.1282722,,,POI010000006O8XGB,구미역,0,9,Y,6,,3,3,3,
2305280001,f_f001906,1,집,2023-05-28,2023-05-28,백석로33 105동,,,,,,,,,21,,,,,,,4115010200
2305280002,f_f001906,2,괴산휴게소 창원방향,2023-05-28,2023-05-28,충북 괴산군 장연면 중부내륙고속도로 205,충북 괴산군 장연면 오가리 103-2,127.9579258,36.8314014,,,POI01000TR015522V,괴산휴게소 창원방향,30,9,N,7,,5,5,5,
2305280003,f_f001906,3,파라다이스 웨딩컨벤션,2023-05-28,2023-05-28,대구 달서구 구마로 52,대구 달서구 본동 687,128.5333252,35.8369092,,,POI01000000BSSW4R,파라다이스컨벤션웨딩,180,8,N,11,,5,5,5,
2305280004,f_f001906,4,다이소 대구죽전네거리점,2023-05-28,2023-05-28,대구 달서구 달구벌대로 1541-1,대구 달서구 죽전동 273-24,128.535483,35.8503305,,,POI01000TR013230V,다이소 대구죽전네거리점,30,10,N,8,,5,5,5,
2305280005,f_f001906,5,대구 이월드,2023-05-28,2023-05-28,대구 달서구 두류공원로 200,대구 달서구 두류동 산 302-11,128.5665813,35.8532272,,,POI01000TR019011V,대구이월드,120,6,N,1,,5,5,5,
2305280006,f_f001906,6,빌리언 웨스턴 호텔,2023-05-28,2023-05-28,대구 달서구 달서대로 467,대구 달서구 호산동 719-2,128.4914094,35.8411225,,,POI02001TR013861V,빌리언웨스턴호텔,90,24,N,2,1,5,5,5,
2305280007,f_f001906,7,대도 뒷고기 성서점,2023-05-28,2023-05-28,대구 달서구 달서대로95길 13,대구 달서구 호산동 713-6,128.4901947,35.8418612,,,POI02001TR006563V,대도뒷고기 성서점,90,11,N,2,,5,5,5,
2305280009,f_f001906,8,빌리언 웨스턴 호텔,2023-05-28,2023-05-29,대구 달서구 달서대로 467,대구 달서구 호산동 719-2,128.4914094,35.8411225,,,POI02001TR013861V,빌리언웨스턴호텔,120,24,N,2,1,5,5,5,
2305290001,f_f001906,9,국립대구과학관,2023-05-29,2023-05-29,대구 달성군 유가읍 테크노대로6길 20,대구 달성군 유가읍 상리 917-1,128.4656996,35.6866261,,,POI01000000BSJDUP,국립대구과학관,240,2,N,10,,5,5,5,
2305290002,f_f001906,10,오유미당 대구 현풍 테크노점,2023-05-29,2023-05-29,대구 달성군 유가읍 테크노상업로 100,대구 달성군 유가읍 봉리 608-2,128.4604647,35.6932215,,,POI02001TR021809V,오유미당 대구현풍테크노점,60,11,N,2,,5,5,5,
2305290003,f_f001906,11,퍼플 키즈카페 대구점,2023-05-29,2023-05-29,대구 달성군 현풍읍 테크노대로 40,대구 달성군 현풍읍 중리 509-4,128.4513561,35.688823,,,POI02001TR030768V,퍼플키즈카페 대구점,120,6,N,2,,5,5,5,
2305290004,f_f001906,12,집,2023-05-29,2023-05-30,백석로33 105동,,,,,,,,90,21,,,,,,,4115010200
2305290001,f_f001912,1,집,2023-05-29,2023-05-29,,,,,,,,,,21,,,,,,,1123010900
2305290002,f_f001912,7,집,2023-05-29,2023-05-30,,,,,,,,,120,21,,,,,,,1123010900
2305290003,f_f001912,2,청량리역,2023-05-29,2023-05-29,서울 동대문구 왕산로 214,서울 동대문구 전농동 591-53,127.0478983,37.5801601,,,POI01000TR012315V,청량리역,30,9,Y,6,,4,4,4,
2305290004,f_f001912,3,하슬라아트월드,2023-05-29,2023-05-29,강원 강릉시 강동면 율곡로 1441,강원 강릉시 강동면 정동진리 524-25,129.0094855,37.7058297,,,POI01000TR028281V,하슬라아트월드,180,3,N,1,,4,4,4,
2305290005,f_f001912,4,이마트 24 강릉 심곡항점,2023-05-29,2023-05-29,강원 강릉시 강동면 헌화로 643,강원 강릉시 강동면 심곡리 101,129.0529649,37.6648511,,,POI02001TR023960V,이마트24 강릉심곡항점,30,7,N,6,,4,4,4,
2305290006,f_f001912,5,카페 프로스트,2023-05-29,2023-05-29,정동진리 329-2,,,,,,,,90,11,N,2,,4,4,4,4215013700
2305290007,f_f001912,6,정동진역,2023-05-29,2023-05-29,강원 강릉시 강동면 정동역길 17,강원 강릉시 강동면 정동진리 303,129.0326896,37.6914301,,,POI01000000E66MEM,정동진역,0,9,Y,6,,4,4,4,
2305290001,f_f001925,1,집,2023-05-29,2023-05-29,우림그린맨션,,,,,,,,,21,,,,,,,2638010200
2305290002,f_f001925,6,집,2023-05-29,2023-05-30,우림그린맨션,,,,,,,,360,21,,,,,,,2638010200
2305290003,f_f001925,2,수로왕릉,2023-05-29,2023-05-29,경남 김해시 왕릉길 26,경남 김해시 서상동 312,128.8784957,35.2353096,,,POI01000000BYTL3M,수로왕릉,60,2,Y,4,,4,4,4,
2305290004,f_f001925,3,순심이,2023-05-29,2023-05-29,경남 김해시 가락로7번길 50-1,경남 김해시 봉황동 17-36,128.8770379,35.2267673,,,POI01000000CYLAHI,순심이,60,4,N,1,,5,5,5,
2305290005,f_f001925,4,김해 봉황동 유적,2023-05-29,2023-05-29,경남 김해시 가락로63번길 51,경남 김해시 봉황동 158,128.8765113,35.2304163,,,POI01000TR107436V,김해봉황동유적,60,2,N,2,,5,5,5,
2305290006,f_f001925,5,봉리단길,2023-05-29,2023-05-29,,경남 김해시 봉황동,128.8772553,35.2285736,,,POI01000TR035131V,봉리단길,90,4,N,1,,4,4,4,
2306030001,f_f002098,1,집,2023-06-03,2023-06-03,대구 북구 대현남로6길 20,대구 북구 대현동 535,,,4235152,2723011000,,,,21,,,,,,,27230
2306030002,f_f002098,2,연오랑세오녀 테마공원,2023-06-03,2023-06-03,,경북 포항시 남구 동해면 임곡리,129.4603731,36.0025557,,,POI01000TR017049V,연오랑세오녀테마공원,90,6,N,5,,5,5,5,
2306030003,f_f002098,3,구룡포 시장,2023-06-03,2023-06-03,경북 포항시 남구 구룡포읍 호미로221번길 16-2,경북 포항시 남구 구룡포읍 구룡포리 963-107,129.5534846,35.9894619,,,POI01000TR015852V,구룡포시장,60,4,N,1,,4,4,4,
2306030004,f_f002098,4,경북대학교 경북대학병원 인재원,2023-06-03,2023-06-04,경북 포항시 남구 구룡포읍 하정로 153,경북 포항시 남구 구룡포읍 하정리 9,129.5492204,35.9761869,,,POI01000TR014796V,경북대학교 경북대학병원 인재원,390,24,N,5,4,5,5,4,
2306040001,f_f002098,5,구룡포 시장,2023-06-04,2023-06-04,경북 포항시 남구 구룡포읍 호미로221번길 16-2,경북 포항시 남구 구룡포읍 구룡포리 963-107,129.5534846,35.9894619,,,POI01000TR015852V,구룡포시장,30,4,Y,1,,4,4,4,
2306040002,f_f002098,6,하정 3동 마을 해변,2023-06-04,2023-06-04,경북 포항시 남구 구룡포읍 하정로30번길,,,,,,,,30,1,N,5,,5,5,5,4711125000
2306040003,f_f002098,7,구룡포 일본인 가옥거리,2023-06-04,2023-06-04,,경북 포항시 남구 구룡포읍 구룡포리 971-1,129.5604189,35.9905582,,,POI01000TR015758V,구룡포일본인가옥거리,60,6,N,1,,4,5,5,
2306040004,f_f002098,8,집,2023-06-04,2023-06-05,대구 북구 대현남로6길 20,대구 북구 대현동 535,,,4235152,2723011000,,,600,21,,,,,,,
2306030001,f_f002429,1,집,2023-06-03,2023-06-03,서울 강동구 천호대로 1240,서울 강동구 둔촌동 603,,,2000008,1174010600,,,,21,,,,,,,
2306030002,f_f002429,2,스타벅스 서울고속 터미널점,2023-06-03,2023-06-03,서울 서초구 신반포로 194,서울 서초구 반포동 19-4,127.0057317,37.5044065,,,POI02001TR018094V,스타벅스 서울고속터미널점,30,11,N,9,,5,5,5,
2306030003,f_f002429,3,낙동강의 성 휴게소 영천 방향,2023-06-03,2023-06-03,경북 의성군 단밀면 도안로 757-67,경북 구미시 도개면 용산리 산 21-6,128.2956014,36.3459766,,,POI01000TR013164V,낙동강의성휴게소 영천방향,30,9,N,9,,3,3,3,
2306030004,f_f002429,4,할미 국밥,2023-06-03,2023-06-03,부산 동구 중앙대로533번길 4,부산 동구 범일동 28-5,129.0561667,35.1410108,,,POI01000000C9FKIY,할매국밥,30,11,N,5,,5,5,5,
2306030005,f_f002429,5,아이드 블루,2023-06-03,2023-06-03,부산 수영구 광안해변로 125,부산 수영구 남천동 5-13,129.1144883,35.146149,,,POI02001TR019567V,아일드블루,60,11,N,2,,5,5,5,
2306030006,f_f002429,6,광안리해수욕장,2023-06-03,2023-06-03,부산 수영구 광안해변로 219,부산 수영구 광안동 192-20,129.1189761,35.1531933,,,POI01000TR030726V,광안리해수욕장,60,1,Y,4,,5,5,5,
2306030007,f_f002429,7,롯데백화점 부산본점,2023-06-03,2023-06-03,부산 부산진구 가야대로 772,부산 부산진구 부전동 503-15,129.0564146,35.1567914,,,POI01000TR024956V,롯데백화점 부산본점,90,4,N,7,,4,4,4,
2306030008,f_f002429,8,어반 스테이 서면,2023-06-03,2023-06-04,부산 부산진구 중앙대로 752,부산 부산진구 부전동 129-1,129.0607901,35.1593808,,,POI01000TR000365V,어반스테이 서면,330,24,N,8,11,5,5,5,
2306040001,f_f002429,9,더레이지캣 2호점,2023-06-04,2023-06-04,부산 영도구 절영로 222-2,부산 영도구 영선동4가 1061,129.045703,35.0781168,,,POI01000000CTJ1K5,더레이지캣,90,11,N,6,,5,5,5,
2306040002,f_f002429,10,파란만장 사진관,2023-06-04,2023-06-04,부산 영도구 흰여울길 395,부산 영도구 영선동4가 1124,129.0467327,35.0768594,,,POI01000TR006349V,파란만장사진관,30,12,N,5,,4,1,3,
2306040003,f_f002429,11,흰 여울 문화마을,2023-06-04,2023-06-04,,부산 영도구 영선동4가 1044-6,129.0452814,35.0779148,,,POI01000TR016934V,흰여울문화마을,30,1,N,9,,3,3,3,
2306040004,f_f002429,12,삼진 어묵 영도 본점,2023-06-04,2023-06-04,부산 영도구 태종로99번길 36,부산 영도구 봉래동2가 39-1,129.0427919,35.0929487,,,POI010000006UPT3H,삼진어묵 영도본점,30,11,N,6,,5,5,5,
2306040005,f_f002429,13,신발원,2023-06-04,2023-06-04,부산 동구 대영로243번길 62,부산 동구 초량동 561-1,129.0387117,35.114815,,,POI0100000094S135,신발원,60,11,N,5,,1,1,1,
2306040008,f_f002429,16,집,2023-06-04,2023-06-05,서울 강동구 천호대로 1240,서울 강동구 둔촌동 603,,,2000008,1174010600,,,60,21,,,,,,,
2306040009,f_f002429,14,맥도날드 부산 초량 DT 점,2023-06-04,2023-06-04,부산 동구 중앙대로 228,부산 동구 초량동 1198-7,129.0412625,35.1172251,,,POI01000TR002937V,맥도날드 부산초량DT점,30,11,N,9,,3,3,3,
2306040010,f_f002429,15,스토리웨이 부산 2층 맞이 백미다,2023-06-04,2023-06-04,초량동 1203-5,,,,,,,,30,11,N,9,,4,3,3,2617010100
2306070001,f_f002444,1,집,2023-06-07,2023-06-07,동백죽전대로 527번길 80 롯데에코 114동,,,,,,,,,21,,,,,,,4146311600
2306070002,f_f002444,2,초곡용굴촛대바위길,2023-06-07,2023-06-07,,강원 삼척시 근덕면 초곡리 산 1,129.2962927,37.3112452,,,POI01000TR000289V,초곡용굴촛대바위길,90,1,N,1,,5,3,3,
2306070003,f_f002444,3,BTS 해변,2023-06-07,2023-06-07,하맹방리 221-14  맹방해수욕장,,,,,,,,60,12,N,2,,5,4,4,4223031000
2306070004,f_f002444,4,푸른 바다펜션,2023-06-07,2023-06-08,강원 삼척시 삼척로 4246-25,강원 삼척시 오분동 1-18,129.1950206,37.4210466,,,POI0100000075Y7P2,푸른바다펜션,300,24,N,2,3,5,5,5,
2306080001,f_f002444,5,강원종합 박물관,2023-06-08,2023-06-08,강원 삼척시 신기면 강원남부로 3016,강원 삼척시 신기면 신기리 375-4,129.0865007,37.3509272,,,POI01000TR002408V,강원종합박물관,120,2,N,1,,5,5,5,
2306080002,f_f002444,6,강릉 올림 핌 뮤지엄,2023-06-08,2023-06-08,산90-1 강릉아레나아이스1층,,,,,,,,60,13,N,10,,5,5,5,4215011100
2306080003,f_f002444,7,허균 허난설헌 기념관,2023-06-08,2023-06-08,강원 강릉시 난설헌로193번길 1-29,강원 강릉시 초당동 477,128.9095268,37.7909734,,,POI01000TR027344V,허균허난설헌기념관,60,2,Y,10,,5,5,5,
2306080004,f_f002444,8,사천진 해변,2023-06-08,2023-06-08,강원 강릉시 사천면 진리해변길 131,강원 강릉시 사천면 사천진리 266-5,128.8736885,37.84293,,,POI01000TR005994V,사천진해변,60,1,N,1,,5,5,5,
2306080005,f_f002444,9,집,2023-06-08,2023-06-09,동백죽전대로 527번길 80 롯데에코 114동,,,,,,,,300,21,,,,,,,4146311600
2306030001,f_f002486,1,집,2023-06-03,2023-06-03,삼익수청아파트,,,,,,,,,21,,,,,,,4137010800
2306030002,f_f002486,2,프라임 캠핑장,2023-06-03,2023-06-04,강원 춘천시 사북면 사여골길 53,강원 춘천시 사북면 고성리 36-1,127.7427032,38.0089162,,,POI01000000BXRL5L,프라임캠핑장,630,24,N,11,5,5,4,5,
2306040001,f_f002486,3,마방집,2023-06-04,2023-06-04,경기 하남시 하남대로 674,경기 하남시 천현동 428-4,127.2171573,37.5321777,,,POI01000000CKJ7SA,마방집,60,11,N,1,,4,2,3,
2306040002,f_f002486,4,카페 웨더,2023-06-04,2023-06-04,경기 하남시 검단산로 228-8,경기 하남시 창우동 287-1,127.22853,37.5351548,,,POI01000000977VYC,카페웨더,60,11,Y,4,,5,5,5,
2306040003,f_f002486,5,집,2023-06-04,2023-06-05,삼익수청아파트,,,,,,,,510,21,,,,,,,4137010800
2306090001,f_f002600,1,집,2023-06-09,2023-06-09,신길로29길 17  신길센트럴자이 112동,,,,,,,,,21,,,,,,,1156013200
2306090002,f_f002600,10,세인트존스 호텔,2023-06-09,2023-06-10,강원 강릉시 창해로 307,강원 강릉시 강문동 1-1,128.9209742,37.7912547,,,POI01000TR025057V,세인트존스호텔,210,24,Y,4,1,3,3,3,
2306090003,f_f002600,2,가평휴게소 춘천방향,2023-06-09,2023-06-09,경기 가평군 설악면 미사리로540번길 51,경기 가평군 설악면 미사리,127.5468237,37.7019331,,,POI01000TR027920V,가평휴게소 춘천방향,30,9,Y,7,,4,4,4,
2306090004,f_f002600,4,제주 해안 물회,2023-06-09,2023-06-09,강원 강릉시 사천면 진리해변길 68-9,강원 강릉시 사천면 사천진리 2-94,128.87688,37.8376219,,,POI01000TR033023V,제주해인물회,30,11,N,5,,4,4,4,
2306090005,f_f002600,3,드라마 도깨비 촬영지,2023-06-09,2023-06-09,주문진읍 교향리 81-33,,,,,,,,30,13,N,5,,3,3,3,4215025000
2306090006,f_f002600,5,바우 카페 본점,2023-06-09,2023-06-09,강원 강릉시 사천면 진리해변길 109-1,강원 강릉시 사천면 사천진리 266-34,128.8754758,37.8410206,,,POI01000TR004855V,바우카페 본점,30,11,N,5,,4,4,4,
2306090007,f_f002600,6,해변 쓰레기 줍기,2023-06-09,2023-06-09,,,,,,,,,30,13,N,6,,3,3,3,4215025000
2306090008,f_f002600,7,오죽헌,2023-06-09,2023-06-09,강원 강릉시 율곡로3139번길 24,강원 강릉시 죽헌동 177-4,128.8773135,37.7795001,,,POI01000TR010855V,오죽헌,30,2,N,1,,4,4,4,
2306090009,f_f002600,8,청송 장칼국수,2023-06-09,2023-06-09,강원 강릉시 경강로2323번길 14,강원 강릉시 포남동 1193-3,128.914499,37.7695149,,,POI02001TR027989V,청송장칼국수,60,11,N,5,,4,4,4,
2306090010,f_f002600,9,경포대,2023-06-09,2023-06-09,강원 강릉시 경포로 365,강원 강릉시 저동 94,128.8966363,37.7950742,,,POI0100000068RSD6,경포대,30,2,N,1,,3,3,3,
2306100001,f_f002600,17,집,2023-06-10,2023-06-11,신길로29길 17  신길센트럴자이 112동,,,,,,,,300,21,,,,,,,1156013200
2306100002,f_f002600,11,동화 가든,2023-06-10,2023-06-10,초당순두부길 77번길15,,,,,,,,60,11,N,5,,4,3,3,4215011200
2306100003,f_f002600,12,테라로사 카페,2023-06-10,2023-06-10,난설헌로145,,,,,,,,30,11,Y,4,,4,4,4,4215011100
2306100004,f_f002600,14,동해 기정,2023-06-10,2023-06-10,강원 강릉시 교동광장로 29,강원 강릉시 유천동 251,128.8679564,37.7641607,,,POI01000000ASGQCG,동해기정,30,10,N,1,,4,4,4,
2306100005,f_f002600,15,절뚝 소머리 집,2023-06-10,2023-06-10,강원 강릉시 주문진읍 철둑길 42,강원 강릉시 주문진읍 주문리 326-2,128.8243672,37.8920453,,,POI01000TR022588V,철뚝소머리집,60,11,N,5,,4,4,4,
2306100006,f_f002600,16,바우 카페,2023-06-10,2023-06-10,강원 강릉시 연곡면 해안로 1437,강원 강릉시 연곡면 영진리 74-5,128.8465168,37.8681791,,,POI01000TR034189V,바우카페,30,11,Y,4,,4,4,4,
2306100007,f_f002600,13,강릉 중앙시장,2023-06-10,2023-06-10,강원 강릉시 금성로 21,강원 강릉시 성남동 50,128.8986238,37.7540251,,,POI01000TR021364V,강릉중앙시장,30,4,N,1,,4,4,4,
2306020001,f_f002626,1,집,2023-06-02,2023-06-02,남산로 42,,,,,,,,,21,,,,,,,3114010100
2306020003,f_f002626,2,난로 회담,2023-06-02,2023-06-02,부산 기장군 장안읍 상장안2길 6-10,부산 기장군 장안읍 장안리 417-2,129.2448253,35.3698529,,,POI02001TR005289V,난로회담,60,11,N,2,,4,4,4,
2306020004,f_f002626,4,일광해수욕장,2023-06-02,2023-06-02,,부산 기장군 일광읍 삼성리 116-9,,,,,POI01000TR007208V,일광해수욕장,60,1,N,11,,4,4,4,
2306020005,f_f002626,3,일광 포차,2023-06-02,2023-06-02,부산 기장군 일광읍 삼성길 9,,,,,,,,90,11,N,2,,4,4,4,2671025921
2306020006,f_f002626,5,꼬막,2023-06-02,2023-06-02,일광면 삼성3길 9-1,,,,,,,,30,11,N,9,,3,3,3,2671025000
2306020007,f_f002626,6,H 에비뉴 기장 일광점,2023-06-02,2023-06-03,부산 기장군 일광읍 해송4로 3,부산 기장군 일광읍 삼성리 890-6,129.2308746,35.2656622,,,POI02001TR000485V,H에비뉴 기장일광점,30,24,N,8,1,4,5,5,
2306030001,f_f002626,7,해동용궁사,2023-06-03,2023-06-03,부산 기장군 기장읍 용궁길 86,부산 기장군 기장읍 시랑리 416-3,129.2231431,35.1884028,,,POI01000000BYZ0VZ,해동용궁사,60,2,Y,1,,4,4,4,
2306030002,f_f002626,9,기장해녀촌 공영주차장,2023-06-03,2023-06-03,부산 기장군 기장읍 연화1길 184,부산 기장군 기장읍 연화리 119-10,,,,,POI02001TR004509V,기장해녀촌 공영주차장,60,11,N,2,,5,5,5,
2306030003,f_f002626,8,스카이라인 루지 부산,2023-06-03,2023-06-03,,부산 기장군 기장읍 시랑리 산 60-1,,,,,POI01000TR029429V,스카이라인루지 부산,60,5,N,1,,5,5,5,
2306030004,f_f002626,10,CGV 울산 진장,2023-06-03,2023-06-03,울산 북구 진장유통로 51-10,울산 북구 진장동 1048-5,129.3559236,35.5758463,,,POI01000000CLV7MH,CGV울산진장제1관,180,3,Y,7,,5,5,5,
2306030005,f_f002626,11,집,2023-06-03,2023-06-04,남산로 42,,,,,,,,360,21,,,,,,,3114010100
2306060001,f_f002627,1,집,2023-06-06,2023-06-06,삼익아파트,,,,,,,,,21,,,,,,,2623010900
2306060002,f_f002627,2,경주월드,2023-06-06,2023-06-06,경북 경주시 보문로 544,경북 경주시 천군동 191-5,129.282066,35.8362526,,,POI01000TR021555V,경주월드,360,6,Y,1,,4,3,3,
2306060003,f_f002627,3,황련단길,2023-06-06,2023-06-06,경북 경주시 태종로 746,경북 경주시 황남동 270-10,129.2096454,35.8393348,,,POI01000TR022576V,황리단길,120,4,Y,7,,4,3,3,
2306060004,f_f002627,4,대릉원,2023-06-06,2023-06-06,경북 경주시 계림로 9,경북 경주시 황남동 268-10,129.2123347,35.83815,,,POI01000TR032143V,대릉원,30,2,Y,1,,3,3,3,
2306060005,f_f002627,5,집,2023-06-06,2023-06-07,삼익아파트,,,,,,,,180,21,,,,,,,2623010900
2306020001,f_f002696,1,집,2023-06-02,2023-06-02,집,,,,,,,,,21,,,,,,,2723013100
2306020002,f_f002696,2,편대장 영화식당 영천 본점,2023-06-02,2023-06-02,경북 영천시 강변로 50-15,경북 영천시 금노동 582-14,128.9280511,35.9604187,,,POI02001TR030833V,편대장영화식당 영천본점,30,11,N,5,,1,5,5,
2306020003,f_f002696,3,영천 강변공원,2023-06-02,2023-06-02,,경북 영천시 완산동 1038-3,128.9375948,35.9695704,,,POI01000TR041507V,영천강변공원,30,7,N,9,,5,5,5,
2306020004,f_f002696,4,국립영천호국원,2023-06-02,2023-06-02,경북 영천시 고경면 호국로 1720,경북 영천시 고경면 청정리 700,129.1116532,35.9811538,,,POI01000000BZBKPQ,국립영천호국원,30,2,N,3,,5,5,5,
2306020005,f_f002696,5,영천전투 호국기념관,2023-06-02,2023-06-02,경북 영천시 고경면 용담로 2054,경북 영천시 고경면 청정리 551,129.10762,35.9805652,,,POI02001TR021298V,영천전투호국기념관,30,2,N,9,,4,4,5,
2306020006,f_f002696,6,집,2023-06-02,2023-06-03,집,,,,,,,,450,21,,,,,,,2723013100
2306070001,f_f002730,1,집,2023-06-07,2023-06-07,청남타운,,,,,,,,,21,,,,,,,2729010800
2306070002,f_f002730,6,집,2023-06-07,2023-06-08,청남타운,,,,,,,,300,21,,,,,,,2729010800
2306070003,f_f002730,2,분황사석탑,2023-06-07,2023-06-07,경북 경주시 분황로 94-11,경북 경주시 구황동 312,129.2336399,35.840567,,,POI0100000068RJO8,경주분황사모전석탑,30,2,N,10,,5,4,4,
2306070004,f_f002730,3,경주 황룡사지,2023-06-07,2023-06-07,,경북 경주시 구황동 786-3,129.2326064,35.8383993,,,POI01000TR036817V,경주황룡사지,30,2,N,10,,4,2,3,
2306070005,f_f002730,4,첨성대,2023-06-07,2023-06-07,,경북 경주시 인왕동 910-30,129.2190202,35.834718,,,POI01000TR003385V,첨성대,30,2,Y,4,,5,5,5,
2306070006,f_f002730,5,황련단길,2023-06-07,2023-06-07,경북 경주시 태종로 746,경북 경주시 황남동 270-10,129.2096454,35.8393348,,,POI01000TR022576V,황리단길,180,4,Y,4,,5,5,5,
2306050001,f_f002750,1,집,2023-06-05,2023-06-05,성원아파트,,,,,,,,,21,,,,,,,4833025324
2306050002,f_f002750,4,유니의 바다 구룡포점,2023-06-05,2023-06-06,경북 포항시 남구 구룡포읍 일출로332번길 95-10,경북 포항시 남구 구룡포읍 석병리 113-3,129.5812819,36.0285624,,,POI02001TR023376V,유니의바다 구룡포점,480,24,N,1,5,5,5,5,
2306050003,f_f002750,2,이마트 포항점,2023-06-05,2023-06-05,경북 포항시 남구 냉천로 10,경북 포항시 남구 인덕동 161-176,129.3989554,35.9913524,,,POI01000TR008631V,이마트 포항점,30,10,N,6,,4,5,5,
2306050004,f_f002750,3,구룡포 시장,2023-06-05,2023-06-05,경북 포항시 남구 구룡포읍 호미로221번길 16-2,경북 포항시 남구 구룡포읍 구룡포리 963-107,129.5534846,35.9894619,,,POI01000TR015852V,구룡포시장,30,4,N,2,,4,3,5,
2306060001,f_f002750,5,보릿돌교,2023-06-06,2023-06-06,,경북 포항시 남구 구룡포읍 장길리,129.5497162,35.9518748,,,POI02001TR012648V,보릿돌교,30,7,N,1,,4,3,4,
2306060002,f_f002750,6,환호공원 스페이스 워크,2023-06-06,2023-06-06,,경북 포항시 북구 두호동 산 8,129.3897412,36.0654569,,,POI01000TR029542V,환호공원 스페이스워크,30,13,N,1,,4,3,5,
2306060003,f_f002750,7,샌디 레이크 영일대,2023-06-06,2023-06-06,경북 포항시 북구 삼호로 324-10,경북 포항시 북구 두호동 191,129.3849771,36.0649031,,,POI01000000EYQGYC,샌디레이크영일대,30,11,N,2,,4,3,4,
2306060004,f_f002750,8,집,2023-06-06,2023-06-07,성원아파트,,,,,,,,480,21,,,,,,,4833025324
2306030001,f_f002755,1,집,2023-06-03,2023-06-03,창밀로3518,,,,,,,,,21,,,,,,,4827010200
2306030002,f_f002755,6,집,2023-06-03,2023-06-04,창밀로3518,,,,,,,,360,21,,,,,,,4827010200
2306030003,f_f002755,2,영남알프스숲페스타,2023-06-03,2023-06-03,덕현리 102-2,,,,,,,,60,13,N,1,,4,4,4,3171038000
2306030004,f_f002755,3,왓더 버거 울산 달동점,2023-06-03,2023-06-03,울산 남구 도산로 49,울산 남구 달동 1395-16,129.3205987,35.5323079,,,POI02001TR022258V,왓더버거 울산달동점,30,11,N,2,,4,3,3,
2306030005,f_f002755,4,CGV 울산 삼산,2023-06-03,2023-06-03,울산 남구 화합로 185,울산 남구 삼산동 1569-1,129.3389118,35.5412348,,,POI010000008CC5PM,CGV울산,120,3,N,3,,4,4,4,
2306030006,f_f002755,5,교보문고 울산점,2023-06-03,2023-06-03,울산 남구 화합로 185,울산 남구 삼산동 1569-12,129.3389907,35.5413703,,,POI02001TR003326V,교보문고 울산점,60,10,N,9,,4,4,4,
2306030001,f_f002762,1,집,2023-06-03,2023-06-03,LH7차 711동,,,,,,,,,21,,,,,,,2671025627
2306030002,f_f002762,2,서천둔치 다목적광장 주차장,2023-06-03,2023-06-03,,,,,,,,,0,9,N,6,,4,3,3,4713010900
2306030003,f_f002762,3,태종무열왕릉,2023-06-03,2023-06-03,경북 경주시 대경로 4859,경북 경주시 서악동 843,129.1876442,35.8249134,,,POI01000TR037554V,태종무열왕릉,30,2,N,9,,5,3,3,
2306030004,f_f002762,4,서악동 금계국 둑길,2023-06-03,2023-06-03,,,,,,,,,30,7,N,2,,5,3,3,4713011500
2306030005,f_f002762,5,별 채반 교동 쌈밥점,2023-06-03,2023-06-03,경북 경주시 첨성로 77,경북 경주시 황남동 328-1,129.2105472,35.8332317,,,POI01000TR027176V,별채반 교동쌈밥점,30,11,N,11,,4,3,3,
2306030006,f_f002762,6,첨성대,2023-06-03,2023-06-03,,경북 경주시 인왕동 910-30,129.2190202,35.834718,,,POI01000TR003385V,첨성대,30,2,Y,1,,5,4,4,
2306030007,f_f002762,7,분황사,2023-06-03,2023-06-03,경북 경주시 분황로 94-11,경북 경주시 구황동 312,129.2339233,35.8410446,,,POI01000TR005498V,분황사,30,2,N,2,,4,3,4,
2306030008,f_f002762,8,대릉원 녹턴,2023-06-03,2023-06-03,경북 경주시 계림로 9,,,,,,,,60,8,Y,2,,5,5,5,4713011000
2306030009,f_f002762,9,스타벅스 경주 대릉원점,2023-06-03,2023-06-03,경북 경주시 첨성로 125,경북 경주시 황남동 140-2,129.2149871,35.83405,,,POI01000TR042908V,스타벅스 경주대릉원점,30,11,Y,9,,4,3,3,
2306030010,f_f002762,10,대릉원 공영주차장,2023-06-03,2023-06-03,,경북 경주시 황남동 202-6,129.2156779,35.8351762,,,POI01000TR024591V,대릉원 공영주차장,0,9,N,8,,4,3,3,
2306030011,f_f002762,11,집,2023-06-03,2023-06-04,LH7차 711동,,,,,,,,1440,21,,,,,,,2671025627
2306030001,f_f002771,1,친구 친지 집,2023-06-03,2023-06-03,,,,,,,,,,22,,,,,,,4128710200
2306030002,f_f002771,15,하운드 호텔,2023-06-03,2023-06-04,대구 동구 해동로 208,대구 동구 검사동 984-37,128.6512802,35.8853663,,,POI02001TR031714V,하운드호텔,120,24,N,7,1,5,5,5,
2306030003,f_f002771,2,서울역,2023-06-03,2023-06-03,서울 용산구 한강대로 405,서울 용산구 동자동 43-205,126.9706069,37.5546788,,,POI01000TR030428V,도원스타일 서울역점,30,9,Y,6,,4,4,4,
2306030004,f_f002771,3,동대구역,2023-06-03,2023-06-03,대구 동구 동대구로 550,대구 동구 신암동 294,128.6283938,35.879324,,,POI01000TR010220V,동대구역,0,9,N,6,,4,4,4,
2306030005,f_f002771,12,대구 이월드,2023-06-03,2023-06-03,대구 달서구 두류공원로 200,대구 달서구 두류동 산 302-11,128.5665813,35.8532272,,,POI01000TR019011V,대구이월드,300,6,N,1,,5,5,5,
2306030006,f_f002771,13,녹양 향촌점,2023-06-03,2023-06-03,대구 중구 중앙대로 439-1,대구 중구 향촌동 74-5,128.5940157,35.8724968,,,POI01000TR033852V,녹양 향촌점,60,11,N,9,,4,3,3,
2306030007,f_f002771,5,경상감영공원,2023-06-03,2023-06-03,대구 중구 경상감영길 99,대구 중구 포정동 21,128.5922017,35.8721424,,,POI01000000E1AI7A,경상감영공원,30,1,N,9,,4,4,4,
2306030008,f_f002771,6,군위 식당,2023-06-03,2023-06-03,대구 중구 경상감영길 101,대구 중구 포정동 21-3,128.5931028,35.8723575,,,POI01000TR020553V,군위식당,30,11,N,2,,5,5,5,
2306030009,f_f002771,9,주교좌 계산 대성당,2023-06-03,2023-06-03,대구 중구 서성로 10,대구 중구 계산동2가 71-1,128.5878135,35.8679579,,,POI01000TR002103V,주교좌계산대성당,30,2,N,1,,4,4,4,
2306030010,f_f002771,10,사운드업,2023-06-03,2023-06-03,대구 중구 국채보상로102길 60,대구 중구 동산동 237,128.586644,35.8678292,,,POI01000000CO1VB3,사운드업,0,4,N,9,,5,5,5,
2306030011,f_f002771,11,대구 제일 교회,2023-06-03,2023-06-03,대구 중구 국채보상로102길 50,대구 중구 동산동 234,128.5856073,35.8676951,,,POI02001TR006549V,대구제일교회,60,2,N,1,,5,5,5,
2306030012,f_f002771,7,큐 케이 베이커리,2023-06-03,2023-06-03,대구 중구 경상감영길 56,대구 중구 서문로1가 82,128.5905804,35.8713465,,,POI02001TR029649V,큐케이베이커리,0,11,N,9,,5,5,5,
2306030013,f_f002771,8,대구근대골목 단팥빵 동성로 본점,2023-06-03,2023-06-03,대구 중구 남성로 7-1,대구 중구 남성로 31,128.5881048,35.8690732,,,POI01000TR006331V,대구근대골목단팥빵 동성로본점,30,11,N,9,,3,1,1,
2306030014,f_f002771,14,서문시장,2023-06-03,2023-06-03,대구 중구 큰장로26길 45,대구 중구 대신동 115-378,128.5807734,35.8689086,,,POI01000000E67CLK,서문시장,60,4,N,1,,5,5,5,
2306030015,f_f002771,4,대구근대역사관,2023-06-03,2023-06-03,대구 중구 경상감영길 67,대구 중구 포정동 33,128.5911402,35.8717671,,,POI01000000BT4SC8,대구근대역사관,0,2,N,1,,4,1,1,
2306040001,f_f002771,24,강 선마을 3단지 한신아파트,2023-06-04,2023-06-05,경기 고양시 일산서구 대산로 56,경기 고양시 일산서구 주엽동 43,126.7708551,37.6723237,,,POI01000000DMCMPI,강선마을3단지한신아파트,120,22,,,,,,,
2306040002,f_f002771,23,동대구역,2023-06-04,2023-06-04,대구 동구 동대구로 550,대구 동구 신암동 294,128.6283938,35.879324,,,POI01000TR010220V,동대구역,0,9,Y,6,,4,4,4,
2306040003,f_f002771,22,넌 테이블,2023-06-04,2023-06-04,대구 중구 경상감영길 62,대구 중구 서문로1가 83-1,128.5908414,35.8714431,,,POI01000000CUBGMF,넌테이블,0,11,N,9,,4,3,3,
2306040004,f_f002771,21,8번 식당 본점,2023-06-04,2023-06-04,대구 중구 서성로13길 8,대구 중구 서성로1가 59-1,128.5868871,35.8723569,,,POI010000007LSVOZ,8번식당입구,30,11,N,9,,4,3,4,
2306040005,f_f002771,19,세인트 제임스 대구점,2023-06-04,2023-06-04,대구 중구 동성로 10,대구 중구 동성로3가 104-6,128.5945936,35.8677419,,,POI02001TR016127V,세인트제임스 대구점,60,4,N,9,,4,2,3,
2306040006,f_f002771,20,삼송 빵집 본점,2023-06-04,2023-06-04,대구 중구 중앙대로 397,대구 중구 동성로3가 1-3,128.5934463,35.8686114,,,POI01000TR033194V,삼송빵집 본점,0,11,N,1,,4,4,3,
2306040007,f_f002771,16,금호강,2023-06-04,2023-06-04,,대구 동구 금강동,128.7252418,35.8592283,,,POI02001TR004457V,금호강,60,1,N,9,,5,3,4,
2306040008,f_f002771,17,원조 돼지갈비찜,2023-06-04,2023-06-04,대구 동구 해동로 186,대구 동구 검사동 984-6,128.6492372,35.886382,,,POI01000000BAQPA6,원조돼지갈비찜,60,11,N,6,,4,3,3,
2306040010,f_f002771,18,윤옥연할매떡볶이 수성점,2023-06-04,2023-06-04,,,,,,,,,30,11,N,2,,4,4,4,2726010200
2306060001,f_f002830,1,친구 친지 집,2023-06-06,2023-06-06,증신로160,,,,,,,,,22,,,,,,,4150010900
2306060002,f_f002830,2,화양강휴게소,2023-06-06,2023-06-06,설악로3330,강원도 홍천군 두촌면 철정리 979-1전,127.9885285,37.7999436,,,POI01000000BGG1TX,화양강휴게소,0,9,N,9,,5,3,5,4272032000
2306060003,f_f002830,3,속초관광수산시장,2023-06-06,2023-06-06,강원 속초시 중앙로147번길 16,강원 속초시 중앙동 471-4,128.5901795,38.2045436,,,POI01000TR005661V,속초관광수산시장,90,4,Y,1,,5,5,5,
2306060004,f_f002830,4,이마트 속초점,2023-06-06,2023-06-06,강원 속초시 설악금강대교로 12,강원 속초시 청호동 459-134,128.5957542,38.1911143,,,POI01000TR031497V,이마트 속초점,30,4,N,7,,5,5,5,
2306060005,f_f002830,5,다이소 속초 본점,2023-06-06,2023-06-06,강원 속초시 동해대로 4038,강원 속초시 조양동 1034-1,128.5932745,38.1900382,,,POI01000TR039332V,다이소 속초본점,0,4,N,7,,5,5,5,
2306060006,f_f002830,6,오션 투 유리조트 속초 설악비치 호텔 앤 콘도,2023-06-06,2023-06-06,강원 고성군 죽왕면 삼포해변길 9,강원 고성군 죽왕면 삼포리 243-13,128.5309897,38.3171144,,,POI010000006BCWYJ,오션투유 다연,30,24,N,8,4,5,5,5,
2306060007,f_f002830,7,삼포해수욕장,2023-06-06,2023-06-06,,강원 고성군 죽왕면 삼포리,128.5350966,38.3153744,,,POI01000TR002631V,삼포해수욕장,120,1,N,6,,5,5,5,
2306060008,f_f002830,8,오션 투 유리조트 속초 설악비치 호텔 앤 콘도,2023-06-06,2023-06-06,강원 고성군 죽왕면 삼포해변길 9,강원 고성군 죽왕면 삼포리 243-13,128.5309897,38.3171144,,,POI010000006BCWYJ,오션투유 다연,60,24,Y,11,4,5,5,5,
2306060009,f_f002830,9,오션 투 유 바비큐장,2023-06-06,2023-06-06,삼포해변길9,,,,,,,,150,11,N,7,,5,5,5,4282032000
2306060010,f_f002830,10,삼포해수욕장,2023-06-06,2023-06-06,,강원 고성군 죽왕면 삼포리,128.5350966,38.3153744,,,POI01000TR002631V,삼포해수욕장,30,1,Y,6,,5,5,5,
2306060011,f_f002830,11,오션 투 유리조트 속초 설악비치 호텔 앤 콘도,2023-06-06,2023-06-07,강원 고성군 죽왕면 삼포해변길 9,강원 고성군 죽왕면 삼포리 243-13,128.5309897,38.3171144,,,POI010000006BCWYJ,오션투유 다연,90,24,Y,11,4,5,5,5,
2306070001,f_f002830,12,하늬 라벤더 팜,2023-06-07,2023-06-07,강원 고성군 간성읍 꽃대마을길 175,강원 고성군 간성읍 어천리 786-5,128.4152366,38.3485493,,,POI01000TR021009V,하늬라벤더팜,90,1,N,2,,5,5,5,
2306070002,f_f002830,13,속초 중앙시장,2023-06-07,2023-06-07,,,,,,,,,60,4,Y,1,,5,5,5,4221010300
2306070003,f_f002830,14,집,2023-06-07,2023-06-08,경충대로 2564,,,,,,,,360,21,,,,,,,4150010300
2306030001,f_f002860,1,집,2023-06-03,2023-06-03,서울 강북구 한천로132길 41,서울 강북구 번동 464-21,,,4124567,1130510200,,,,21,,,,,,,1130510200
2306030002,f_f002860,3,실비 생선구이 본점 큰집,2023-06-03,2023-06-03,강원 강릉시 주문진읍 해안로 1723,강원 강릉시 주문진읍 교항리 167-10,128.8282172,37.8888263,,,POI02001TR018964V,실비생선구이 본점 큰집,60,11,N,2,,3,2,3,
2306030003,f_f002860,2,홍천 휴게소 양양 방향,2023-06-03,2023-06-03,강원 홍천군 화촌면 서울양양고속도로 84,강원 홍천군 화촌면 군업리 산 240-5,128.0032377,37.757293,,,POI01000TR020101V,홍천휴게소 양양방향,30,9,Y,7,,3,3,3,
2306030005,f_f002860,4,조개 공장,2023-06-03,2023-06-03,강원 강릉시 창해로 263,강원 강릉시 강문동 308-12,128.9244837,37.7884409,,,POI01000000CSY3PQ,조개공장,60,11,N,9,,4,4,4,
2306030006,f_f002860,5,GS25 그랑블루점,2023-06-03,2023-06-03,강원 강릉시 창해로 271,강원 강릉시 강문동 308-9,128.9239315,37.7889454,,,POI01000TR032542V,GS25 그랑블루점,30,4,N,9,,3,3,3,
2306030007,f_f002860,6,세인트존스 호텔,2023-06-03,2023-06-04,강원 강릉시 창해로 307,강원 강릉시 강문동 1-1,128.9209742,37.7912547,,,POI01000TR025057V,세인트존스호텔,150,24,N,2,1,2,2,2,
2306040001,f_f002860,7,송장 해변 막국수,2023-06-04,2023-06-04,강원 강릉시 창해로 267,강원 강릉시 강문동 308-11,128.9241632,37.7885993,,,POI010000007UGH60,송정해변막국수,30,11,N,1,,3,3,3,
2306040002,f_f002860,8,강문해변,2023-06-04,2023-06-04,,강원 강릉시 강문동 182-1,128.9191753,37.7948207,,,POI01000TR024661V,강문해변,30,1,N,6,,4,4,4,
2306040003,f_f002860,9,구옥,2023-06-04,2023-06-04,강원 강릉시 창해로 378,강원 강릉시 강문동 242-1,128.9164459,37.7961282,,,POI01000TR022204V,꾸옥,0,11,N,2,,4,4,4,
2306040004,f_f002860,11,허균 허난설헌 기념관,2023-06-04,2023-06-04,강원 강릉시 난설헌로193번길 1-29,강원 강릉시 초당동 477,128.9095268,37.7909734,,,POI01000TR027344V,허균허난설헌기념관,30,2,N,10,,3,3,3,
2306040005,f_f002860,10,강릉 샌드 초당점,2023-06-04,2023-06-04,강원 강릉시 난설헌로 249,강원 강릉시 강문동 288-20,128.9151359,37.7945478,,,POI02001TR001240V,강릉샌드 초당점,0,11,N,2,,3,3,3,
2306040006,f_f002860,12,투썸플레이스 속초개소배점,2023-06-04,2023-06-04,강원 속초시 청초호반로 324-1,강원 속초시 중앙동 480-18,128.5920899,38.2028882,,,POI01000TR017979V,투썸플레이스 속초갯배점,60,11,N,6,,3,3,3,
2306040007,f_f002860,13,88생선 구이,2023-06-04,2023-06-04,강원 속초시 중앙부두길 71,강원 속초시 중앙동 468-55,128.5919678,38.2037303,,,POI01000TR000019V,88생선구이,60,11,Y,4,,5,4,4,
2306040008,f_f002860,14,내린천 휴게소 서울 방향,2023-06-04,2023-06-04,강원 인제군 상남면 서울양양고속도로 117,강원 인제군 상남면 하남리 339-3,128.2864749,37.9163751,,,POI01000TR041229V,내린천휴게소 서울방향,30,9,Y,6,,3,3,3,
2306040009,f_f002860,15,집,2023-06-04,2023-06-05,서울 강북구 한천로132길 41,서울 강북구 번동 464-21,,,4124567,1130510200,,,180,21,,,,,,,
2306030001,f_f002894,1,사무실,2023-06-03,2023-06-03,서울 중구 을지로11길 23,서울 중구 수표동 27-2,,,4103232,1114011000,,,,23,,,,,,,1114011000
2306030002,f_f002894,5,산새소리 펜션,2023-06-03,2023-06-04,경북 경주시 북군2길 27-1,,,,,,,,90,24,N,8,3,4,5,5,11200
2306030003,f_f002894,2,서울역,2023-06-03,2023-06-03,서울 용산구 한강대로 405,서울 용산구 동자동 43-205,126.9706069,37.5546788,,,POI01000TR030428V,도원스타일 서울역점,30,9,N,6,,5,5,5,
2306030004,f_f002894,3,신경주역,2023-06-03,2023-06-03,경북 경주시 건천읍 경주역로 80,경북 경주시 건천읍 화천리 1010,129.1389983,35.7983755,,,POI0100000068UYDF,신경주역,0,9,N,6,,5,5,5,
2306030005,f_f002894,4,동궁과 월지,2023-06-03,2023-06-03,경북 경주시 원화로 102,경북 경주시 인왕동 506-1,129.2269755,35.8347763,,,POI01000TR019222V,동궁과월지,60,2,N,1,,5,4,4,
2306040001,f_f002894,12,약수하이츠 아파트,2023-06-04,2023-06-05,서울 중구 동호로10길 30,서울 중구 신당동 842,127.0144952,37.55506,,,POI01000000BYHJOT,약수하이츠아파트,30,21,,,,,,,
2306040002,f_f002894,6,콩이랑,2023-06-04,2023-06-04,경북 경주시 보불로 97,경북 경주시 하동 773,129.3128975,35.7928045,,,POI01000000EJW6TO,콩이랑,30,11,N,9,,4,4,4,
2306040003,f_f002894,7,첨성대,2023-06-04,2023-06-04,,경북 경주시 인왕동 910-30,129.2190202,35.834718,,,POI01000TR003385V,첨성대,120,2,Y,1,,5,5,5,
2306040004,f_f002894,8,경주 여락,2023-06-04,2023-06-04,경북 경주시 포석로 1054,경북 경주시 황남동 309-6,129.2096009,35.8351386,,,POI01000TR012211V,경주여락,60,11,N,9,,4,4,4,
2306040005,f_f002894,9,경주 주상절리 파도소리길,2023-06-04,2023-06-04,,경북 경주시 양남면 읍천리 405-2,129.4742087,35.6864267,,,POI01000TR029335V,경주 주상절리 파도소리길,60,1,N,1,,5,5,5,
2306040006,f_f002894,10,콘크 카페,2023-06-04,2023-06-04,경북 경주시 양남면 동해안로 498-12,경북 경주시 양남면 읍천리 412-1,129.4736857,35.6861221,,,POI01000TR016671V,콘크카페,30,11,N,9,,5,4,5,
2306040007,f_f002894,11,신경주역,2023-06-04,2023-06-04,경북 경주시 건천읍 경주역로 80,경북 경주시 건천읍 화천리 1010,129.1389983,35.7983755,,,POI0100000068UYDF,신경주역,60,9,Y,6,,5,5,5,
2306050001,f_f002958,1,집,2023-06-05,2023-06-05,봉수로290,,,,,,,,,21,,,,,,,3117010400
2306050002,f_f002958,2,경주 양남 주상절리,2023-06-05,2023-06-05,,경북 경주시 양남면 읍천리 405-3,129.4745274,35.6863751,,,POI01000TR023267V,경주 양남 주상절리,60,7,Y,4,,5,5,5,
2306050003,f_f002958,3,엔제리너스 경주 주상절리점,2023-06-05,2023-06-05,경북 경주시 양남면 동해안로 482,경북 경주시 양남면 읍천리 410-6,129.4731716,35.6857452,,,POI01000000CS7V13,엔제리너스주상절리점,60,11,Y,5,,5,5,5,
2306050004,f_f002958,4,경주 문무대왕릉,2023-06-05,2023-06-05,,경북 경주시 문무대왕면 봉길리 30-1,129.4868767,35.7382616,,,POI01000TR018678V,경주문무대왕릉,30,1,N,1,,5,5,5,
2306050005,f_f002958,5,감은사지삼층석탑,2023-06-05,2023-06-05,,경북 경주시 문무대왕면 용당리 55-3,129.4772149,35.7480008,,,POI01000TR016640V,감은사지삼층석탑,30,2,N,10,,5,4,4,
2306050006,f_f002958,6,양남 칼국수 보리밥,2023-06-05,2023-06-05,경북 경주시 양남면 후동길 13,경북 경주시 양남면 하서리 303,129.4643852,35.6815871,,,POI010000008UOMMU,양남칼국수보리밥,30,11,Y,8,,5,5,5,
2306050007,f_f002958,7,집,2023-06-05,2023-06-06,봉수로290,,,,,,,,240,21,,,,,,,3117010400
2306230001,f_f003256,1,집,2023-06-23,2023-06-23,ㅡ,,,,,,,,,21,,,,,,,2647010200
2306230002,f_f003256,7,집,2023-06-23,2023-06-24,,,,,,,,,120,21,,,,,,,2647010200
2306230003,f_f003256,2,태와 국수,2023-06-23,2023-06-23,울산 중구 신기4길 23,울산 중구 태화동 482-1,129.2963314,35.5501064,,,POI01000TR040263V,태화국수,60,11,N,2,,5,5,5,
2306230004,f_f003256,3,태화강 국가 정원,2023-06-23,2023-06-23,,울산 중구 태화동 107,129.2970462,35.5480699,,,POI01000TR034214V,태화강국가정원,90,1,Y,4,,5,5,5,
2306230005,f_f003256,4,울산시립미술관,2023-06-23,2023-06-23,울산 중구 미술관길 72,울산 중구 북정동 1-3,129.3207963,35.5579032,,,POI01000TR005080V,울산시립미술관,60,3,N,2,,5,5,5,
2306230006,f_f003256,5,숨,2023-06-23,2023-06-23,울산 중구 중앙길 152,울산 중구 옥교동 255-2,129.3217991,35.5561232,,,POI0100000094HV5Q,숨,90,11,N,2,,5,5,5,
2306230007,f_f003256,6,큰아기야 시장,2023-06-23,2023-06-23,울산 중구 번영로 329,울산 중구 옥교동 120-2,129.3236864,35.555038,,,POI02000TR002724V,큰애기야시장,120,8,N,2,,5,5,5,
2306240001,f_f003380,1,집,2023-06-24,2023-06-24,부산 사하구 신산북로 41,부산 사하구 신평동 674,,,3134019,2638010400,,,,21,,,,,,,
2306240002,f_f003380,2,원조 꽃게탕,2023-06-24,2023-06-24,외동반림로130번길 54,,,,,,,,60,11,N,2,,5,5,5,4812312500
2306240003,f_f003380,3,창원 가로수길,2023-06-24,2023-06-24,,경남 창원시 성산구 용호동,128.6818813,35.2376759,,,POI01000TR041591V,창원가로수길,30,4,Y,4,,4,5,5,
2306240004,f_f003380,4,가나다라,2023-06-24,2023-06-24,경남 창원시 성산구 용지로239번길 28,경남 창원시 성산구 용호동 29-10,128.6840489,35.2366806,,,POI01000TR012170V,가나다라,30,11,N,9,,5,5,5,
2306240005,f_f003380,5,용지공원 용지호수 공원,2023-06-24,2023-06-24,경남 창원시 성산구 용지로169번길 26,경남 창원시 성산구 용지동 551-1,128.6810232,35.2320787,,,POI0100000076QR2S,용지공원 용지호수공원,60,7,N,1,,4,3,3,
2306240006,f_f003380,6,집,2023-06-24,2023-06-25,부산 사하구 신산북로 41,부산 사하구 신평동 674,,,3134019,2638010400,,,510,21,,,,,,,
2306150001,f_f003440,1,집,2023-06-15,2023-06-15,사명로726-46,,,,,,,,,21,,,,,,,4827038000
2306150002,f_f003440,8,집,2023-06-15,2023-06-16,사명로726-46,,,,,,,,240,21,,,,,,,4827038000
2306150003,f_f003440,2,황남 금고,2023-06-15,2023-06-15,,,,,,,,,60,11,N,2,,4,4,4,4713011000
2306150004,f_f003440,3,돌담길 한복,2023-06-15,2023-06-15,경북 경주시 첨성로99번길 30-5,경북 경주시 황남동 220,129.2129346,35.8356845,,,POI01000TR002070V,돌담길한복,60,13,N,11,,5,4,4,
2306150005,f_f003440,4,경주엑스포 대공원,2023-06-15,2023-06-15,경북 경주시 경감로 614,경북 경주시 천군동 130,129.2883479,35.8308656,,,POI0100000073FDTR,경주엑스포대공원,60,1,N,1,,5,5,5,
2306150006,f_f003440,5,월정교,2023-06-15,2023-06-15,,경북 경주시 교동 274,129.2181213,35.8292995,,,POI01000TR017617V,월정교,30,2,N,1,,4,3,3,
2306150007,f_f003440,6,황련단길,2023-06-15,2023-06-15,경북 경주시 태종로 746,경북 경주시 황남동 270-10,129.2096454,35.8393348,,,POI01000TR022576V,황리단길,60,4,Y,1,,3,3,3,
2306150008,f_f003440,7,헤어살롱 드 가리,2023-06-15,2023-06-15,삼문동 503-14,,,,,,,,60,12,Y,11,,4,4,4,4827010400
2306170001,f_f003469,1,집,2023-06-17,2023-06-17,부산 해운대구 신반송로 72,부산 해운대구 반송동 886,,,3133027,2635010100,,,,21,,,,,,,
2306170002,f_f003469,2,스파이니 커피,2023-06-17,2023-06-17,대구 중구 명륜로 5,대구 중구 남산동 343,128.588298,35.8657166,,,POI02000TR001303V,스파이시커피,60,11,N,2,,4,4,4,
2306170003,f_f003469,3,더 현대 대구,2023-06-17,2023-06-17,대구 중구 달구벌대로 2077,대구 중구 계산동2가 200,128.5906311,35.8666284,,,POI010000008660N3,바닐라코현대대구점현대대구점,60,4,Y,7,,5,5,5,
2306170004,f_f003469,4,수성대학교,2023-06-17,2023-06-17,대구 수성구 달구벌대로528길 15,대구 수성구 만촌동 391,128.6482089,35.8536416,,,POI01000000E594TL,수성대학교,90,12,N,1,,4,4,3,
2306170005,f_f003469,5,MRNW,2023-06-17,2023-06-17,대구 북구 호국로 300-22,대구 북구 서변동 495-9,128.6007429,35.929963,,,POI01000TR036164V,MRNW,90,3,N,1,,5,5,5,
2306170006,f_f003469,6,청도 새마을 휴게소 하행,2023-06-17,2023-06-17,경북 청도군 청도읍 하지길 59-49,경북 청도군 청도읍 거연리 958,128.7669634,35.595396,,,POI01000TR010169V,청도새마을휴게소 하행,0,9,Y,6,,5,5,5,
2306170007,f_f003469,7,집,2023-06-17,2023-06-18,부산 해운대구 신반송로 72,부산 해운대구 반송동 886,,,3133027,2635010100,,,240,21,,,,,,,
2306180001,f_f003509,1,친구 친지 집,2023-06-18,2023-06-18,,,,,,,,,,22,,,,,,,2726010800
2306180002,f_f003509,2,황실 로프터스,2023-06-18,2023-06-18,경남 김해시 김해대로2301번길 23,경남 김해시 봉황동 217-6,128.8781924,35.2282526,,,POI01000000CVJSO2,황실로스터스,30,11,N,2,,5,5,5,
2306180003,f_f003509,3,이스트 베이글 웍스,2023-06-18,2023-06-18,경남 김해시 가락로23번길 15,경남 김해시 봉황동 25-6,128.8807173,35.2282954,,,POI01000TR000795V,이스트베이글웍스,60,11,N,2,,3,3,3,
2306180004,f_f003509,4,김해 봉황동 유적,2023-06-18,2023-06-18,경남 김해시 가락로63번길 51,경남 김해시 봉황동 158,128.8765113,35.2304163,,,POI01000TR107436V,김해봉황동유적,30,2,N,1,,3,3,3,
2306180005,f_f003509,5,수로왕릉,2023-06-18,2023-06-18,경남 김해시 왕릉길 26,경남 김해시 서상동 312,128.8784957,35.2353096,,,POI01000000BYTL3M,수로왕릉,30,2,N,1,,4,3,4,
2306180006,f_f003509,6,국립김해 박물관,2023-06-18,2023-06-18,경남 김해시 가야의길 190,경남 김해시 구산동 232,128.8734374,35.2428895,,,POI01000TR026194V,국립김해박물관,60,2,N,10,,3,2,3,
2306180007,f_f003509,7,연지공원,2023-06-18,2023-06-18,경남 김해시 금관대로1368번길 7,경남 김해시 내동 1037-6,128.8688204,35.2463818,,,POI01000000B7N1VX,연지공원,30,7,N,1,,4,4,4,
2306180008,f_f003509,8,분산성,2023-06-18,2023-06-18,,경남 김해시 어방동 산 9,128.8908983,35.2455124,,,POI01000TR008650V,분산성,60,1,N,1,,5,4,5,
2306180009,f_f003509,9,친구 집,2023-06-18,2023-06-19,,,,,,,,,180,22,,,,,,,2726010800
2306190001,f_f003519,1,집,2023-06-19,2023-06-19,도안동,,,,,,,,,21,,,,,,,3017011500
2306190002,f_f003519,5,집,2023-06-19,2023-06-20,도안동,,,,,,,,300,21,,,,,,,3017011500
2306190003,f_f003519,3,달성 공원,2023-06-19,2023-06-19,대구 중구 달성공원로 35,,,,,,,,120,2,N,1,,5,5,5,27110
2306190004,f_f003519,2,김광석 다시 그리기 길,2023-06-19,2023-06-19,,대구 중구 대봉동 6-11,,,,,POI01000TR019006V,김광석다시그리기길,90,4,N,3,,5,5,5,
2306190005,f_f003519,4,동성로 로데오거리,2023-06-19,2023-06-19,,대구 중구 삼덕동1가 83,128.5987034,35.8662094,,,POI01000TR030422V,동성로로데오거리,90,4,N,3,,5,5,5,
2306300001,f_f003538,1,집,2023-06-30,2023-06-30,새진흥아파트 7차,,,,,,,,,21,,,,,,,4833011900
2306300002,f_f003538,2,연산동 고분군,2023-06-30,2023-06-30,,부산 연제구 연산동 산 90-19,129.0917038,35.1866208,,,POI01000000BBSJ4X,연산동고분군,60,2,Y,1,,5,4,3,
2306300003,f_f003538,3,연산동 장미 상회,2023-06-30,2023-06-30,고분로 31번길 32,,,,,,,,60,4,N,9,,4,3,3,2647010200
2306300004,f_f003538,4,광안리 해수욕장,2023-06-30,2023-06-30,광안해변로 219,,,,,,,,90,1,Y,1,,4,5,5,2650010400
2306300005,f_f003538,5,집,2023-06-30,2023-07-01,새진흥아파트 7차,,,,,,,,30,21,,,,,,,4833011900
2306240001,f_f003543,1,집,2023-06-24,2023-06-24,정관동일스위트2차,,,,,,,,,21,,,,,,,2671025627
2306240002,f_f003543,9,집,2023-06-24,2023-06-25,정관동일스위트2차,,,,,,,,90,21,,,,,,,2671025627
2306240003,f_f003543,2,3.15 해양누리공원,2023-06-24,2023-06-24,,경남 창원시 마산합포구 월남동1가 47-4,128.5640341,35.1865521,,,POI01000TR007951V,3.15 해양누리공원,150,1,Y,4,,5,5,5,
2306240004,f_f003543,3,고려당,2023-06-24,2023-06-24,경남 창원시 마산합포구 동서북10길 68,경남 창원시 마산합포구 창동 138-2,128.5754032,35.2060157,,,POI01000000E05UQZ,고려당,30,11,Y,1,,3,3,3,
2306240005,f_f003543,4,포토 시그니처 마산 창동점,2023-06-24,2023-06-24,경남 창원시 마산합포구 오동서6길 1,경남 창원시 마산합포구 창동 128,128.5753531,35.2062669,,,POI02000TR001572V,포토시그니처 마산창동점,30,4,N,9,,4,4,4,
2306240006,f_f003543,5,아트뉴스,2023-06-24,2023-06-24,경남 창원시 마산합포구 동서북10길 51,경남 창원시 마산합포구 창동 118-4,128.5745052,35.2059156,,,POI01000000CW7IRK,아트뉴스,30,4,Y,9,,5,5,5,
2306240007,f_f003543,6,창동통합상가,2023-06-24,2023-06-24,경남 창원시 마산합포구 창동거리길 32,경남 창원시 마산합포구 창동 120-2,128.5746934,35.2061078,,,POI01000000E182G1,창동통합상가,30,4,Y,9,,4,4,4,
2306240008,f_f003543,7,옛날 영도 집,2023-06-24,2023-06-24,경남 창원시 마산합포구 가포해안길 37,경남 창원시 마산합포구 가포동 471,128.5728785,35.1691517,,,POI01000TR027144V,옛날영도집,90,11,N,5,,4,4,4,
2306240009,f_f003543,8,가포로 가고파 꽃의 정원,2023-06-24,2023-06-24,,,,,,,,,30,1,N,9,,4,3,3,4812510100
2306230001,f_f003613,1,사무실,2023-06-23,2023-06-23,,,,,,,,,,23,,,,,,,2623010400
2306230002,f_f003613,2,꽈페 경주,2023-06-23,2023-06-23,경북 경주시 첨성로81번길 15-1,경북 경주시 황남동 315-4,129.2110373,35.8344652,,,POI01000TR016606V,꽈페 경주,30,11,N,1,,1,5,5,
2306230003,f_f003613,3,황련단길,2023-06-23,2023-06-23,경북 경주시 태종로 746,경북 경주시 황남동 270-10,129.2096454,35.8393348,,,POI01000TR022576V,황리단길,30,1,Y,1,,1,5,5,
2306230004,f_f003613,4,첨성대,2023-06-23,2023-06-23,,경북 경주시 인왕동 910-30,129.2190202,35.834718,,,POI01000TR003385V,첨성대,30,2,Y,1,,1,5,5,
2306230005,f_f003613,5,료미,2023-06-23,2023-06-23,경북 경주시 포석로 1058-1,경북 경주시 황남동 308-5,129.209755,35.8356259,,,POI01000000AP52AC,료미,30,11,N,2,,1,5,5,
2306230006,f_f003613,6,경주 주상절리 파도소리길,2023-06-23,2023-06-23,,경북 경주시 양남면 읍천리 405-2,129.4742087,35.6864267,,,POI01000TR029335V,경주 주상절리 파도소리길,30,1,N,1,,1,5,5,
2306230007,f_f003613,7,카페 팔코,2023-06-23,2023-06-23,경북 경주시 양남면 동해안로 498-19,경북 경주시 양남면 읍천리 406,129.4735876,35.6856285,,,POI01000000EZENCM,카페팔코,60,11,N,1,,1,5,5,
2306230008,f_f003613,8,동래구 온천동,2023-06-23,2023-06-24,부산 동래구 우장춘로 221,,,,,,,,180,21,,,,,,,2626010800
2307010001,f_f003631,1,집,2023-07-01,2023-07-01,강원특별자치도 원주시 세계로 111,강원특별자치도 원주시 반곡동 1964-7,,,3219087,5113011700,,,,21,,,,,,,
2307010002,f_f003631,2,피닉스 평창 블루캐니언,2023-07-01,2023-07-01,강원특별자치도 평창군 봉평면 태기로 174,강원특별자치도 평창군 봉평면 면온리 946-4,128.3297942,37.5807697,,,POI01000TR024626V,휘닉스평창 블루동,330,6,Y,8,,4,4,4,
2307010003,f_f003631,3,봉평막국수,2023-07-01,2023-07-01,강원특별자치도 평창군 봉평면 문학숲길 9,강원특별자치도 평창군 봉평면 창동리 601,128.3621243,37.6097856,,,POI02000TR003121V,봉평막국수,60,11,N,8,,5,4,4,
2307010004,f_f003631,4,집,2023-07-01,2023-07-02,강원특별자치도 원주시 세계로 111,강원특별자치도 원주시 반곡동 1964-7,,,3219087,5113011700,,,360,21,,,,,,,
2307040001,f_f003747,1,집,2023-07-04,2023-07-04,,,,,,,,,,21,,,,,,,4827010400
2307040002,f_f003747,6,집,2023-07-04,2023-07-05,,,,,,,,,270,21,,,,,,,4827010400
2307040003,f_f003747,2,친구 집 친구 픽업,2023-07-04,2023-07-04,,,,,,,,,30,22,,,,,,,4812110500
2307040004,f_f003747,3,롯데 워터파크,2023-07-04,2023-07-04,경남 김해시 장유로 555,경남 김해시 신문동 1417,128.8293051,35.1808776,,,POI01000TR010325V,롯데워터파크,390,6,N,8,,5,5,5,
2307040005,f_f003747,4,곤지곤지,2023-07-04,2023-07-04,,,,,,,,,60,11,N,6,,4,4,4,4825012900
2307040006,f_f003747,5,모 브랜드 김해 진영점,2023-07-04,2023-07-04,경남 김해시 진영읍 장등로122번길 79,경남 김해시 진영읍 진영리 1701-8,128.7295721,35.312521,,,POI0100000076XSOM,노브랜드김해진영점,30,10,Y,8,,5,5,5,
2307040001,f_f003757,1,친구 친지 집,2023-07-04,2023-07-04,,,,,,,,,,22,,,,,,,4729011400
2307040002,f_f003757,5,친구 집,2023-07-04,2023-07-05,,,,,,,,,210,22,,,,,,,4729011400
2307040003,f_f003757,2,롯데 워터파크,2023-07-04,2023-07-04,경남 김해시 장유로 555,경남 김해시 신문동 1417,128.8293051,35.1808776,,,POI01000TR010325V,롯데워터파크,270,6,Y,4,,5,5,5,
2307040004,f_f003757,3,이케아 동부산점,2023-07-04,2023-07-04,부산 기장군 기장읍 동부산관광3로 17,부산 기장군 기장읍 당사리 532,129.2104793,35.1907965,,,POI01000TR014886V,이케아 동부산점,120,4,Y,4,,5,5,5,
2307040005,f_f003757,4,롯데 프리미엄 아웃렛 동부산점,2023-07-04,2023-07-04,부산 기장군 기장읍 기장해안로 147,부산 기장군 기장읍 당사리 524,129.2125445,35.1916608,,,POI01000TR034815V,롯데프리미엄아울렛 동부산점,60,4,Y,4,,5,5,5,
2307060001,f_f003783,1,집,2023-07-06,2023-07-06,삼풍로2길 45184,,,,,,,,,21,,,,,,,4729012700
2307060002,f_f003783,5,집,2023-07-06,2023-07-07,삼풍로2길 45184,,,,,,,,30,21,,,,,,,4729012700
2307060003,f_f003783,2,예치 마을회관,2023-07-06,2023-07-06,경남 산청군 시천면 삼신봉로900번길 3,경남 산청군 시천면 내대리 1163,127.7635272,35.2657421,,,POI02000TR003580V,예치마을회관,390,1,N,2,,5,5,5,
2307060004,f_f003783,3,성철공원,2023-07-06,2023-07-06,,경남 산청군 단성면 묵곡리 949,127.9650457,35.2776833,,,POI02000TR003581V,성철공원,30,1,N,9,,4,3,2,
2307060005,f_f003783,4,아우라,2023-07-06,2023-07-06,경남 진주시 내동면 망경로 17,경남 진주시 내동면 독산리 582-2,128.0672258,35.1671217,,,POI010000006YQHAH,아오라,30,11,N,2,,5,5,5,
2307010001,f_f003828,1,집,2023-07-01,2023-07-01,,,,,,,,,,21,,,,,,,4873025021
2307010002,f_f003828,2,창원 국제사격장,2023-07-01,2023-07-01,경남 창원시 의창구 사림로99번길 63,경남 창원시 의창구 퇴촌동 산 28,128.6860929,35.2515789,,,POI0100000076OP9V,창원국제사격장,60,5,N,1,,5,5,5,
2307010003,f_f003828,3,창원 가로수길,2023-07-01,2023-07-01,,경남 창원시 성산구 용호동,128.6818813,35.2376759,,,POI01000TR041591V,창원가로수길,90,1,Y,1,,5,5,5,
2307010004,f_f003828,4,롯데백화점 창원점,2023-07-01,2023-07-01,경남 창원시 성산구 중앙대로 124,경남 창원시 성산구 상남동 79,128.6818301,35.2245549,,,POI01000TR025941V,롯데백화점 창원점,120,4,Y,4,,4,4,4,
2307010005,f_f003828,5,카세,2023-07-01,2023-07-01,경남 창원시 성산구 상남로 107,경남 창원시 성산구 상남동 77-2,128.6817698,35.223121,,,POI02000TR002314V,칸세,90,11,N,2,,4,4,4,
2307010006,f_f003828,6,롯데마트 맥스 창원중앙점,2023-07-01,2023-07-01,경남 창원시 성산구 중앙대로 123,경남 창원시 성산구 중앙동 92,128.6802563,35.2254599,,,POI02001TR009178V,롯데마트맥스 창원중앙점,60,4,Y,4,,4,4,4,
2307010007,f_f003828,7,집,2023-07-01,2023-07-02,,,,,,,,,150,21,,,,,,,4873025021
2307150001,f_f004013,1,집,2023-07-15,2023-07-15,경기 이천시 애련정로136번길 22-6 2층,경기 이천시 창전동 51-2,,,4421498,4150010100,,,,21,,,,,,,
2307150002,f_f004013,2,단양팔경 휴게소 부산방향,2023-07-15,2023-07-15,충북 단양군 적성면 기동2길 32-37,충북 단양군 적성면 기동리 423-1,128.2876185,36.9953796,,,POI01000000B4JWPF,단양팔경휴게소 부산방향,30,9,N,9,,4,3,3,
2307150003,f_f004013,3,서문시장,2023-07-15,2023-07-15,대구 중구 큰장로26길 45,대구 중구 대신동 115-378,128.5807734,35.8689086,,,POI01000000E67CLK,서문시장,150,4,Y,1,,4,4,4,
2307150004,f_f004013,4,설빙 동성로점,2023-07-15,2023-07-15,대구 중구 동성로5길 54,대구 중구 삼덕동1가 17-14,128.5975523,35.8673277,,,POI01000000E0BRQ2,설빙동성로점,60,11,N,9,,4,4,4,
2307150005,f_f004013,6,대구근대화 골목,2023-07-15,2023-07-15,,대구 중구 서문로1가 84,128.5909448,35.871521,,,POI01000TR041383V,대구근대화골목,30,2,N,1,,5,4,4,
2307150006,f_f004013,5,걸리버 막창,2023-07-15,2023-07-15,대구 북구 옥산로 53,대구 북구 노원동1가 366-1,128.5815242,35.8855122,,,POI01000000DZXYEH,걸리버막창본점,90,11,N,2,,5,5,5,
2307150007,f_f004013,7,호텔금오산,2023-07-15,2023-07-16,경북 구미시 금오산로 400,경북 구미시 남통동 산 24-9,128.3097892,36.1102455,,,POI01000000B0D6PF,호텔금오산,210,24,N,8,1,5,4,4,
2307160001,f_f004013,8,괴산휴게소 양평방향,2023-07-16,2023-07-16,충북 괴산군 장연면 중부내륙고속도로 204,충북 괴산군 장연면 오가리 293-2,127.960181,36.8317472,,,POI01000TR002485V,괴산휴게소 양평방향,30,9,Y,9,,5,4,4,
2307160002,f_f004013,9,집,2023-07-16,2023-07-17,경기 이천시 애련정로136번길 22-6 2층,경기 이천시 창전동 51-2,,,4421498,4150010100,,,540,21,,,,,,,
2307150001,f_f004078,1,집,2023-07-15,2023-07-15,경북 구미시 산동읍 신당3로 43,경북 구미시 산동읍 신당리 1388,,,3351407,4719025625,,,,21,,,,,,,4719025600
2307150002,f_f004078,2,원조 닭발,2023-07-15,2023-07-15,경북 의성군 의성읍 전통시장3길 7-6,경북 의성군 의성읍 도동리 967-10,128.6989668,36.3465552,,,POI010000008VDSCG,원조닭발,30,11,N,1,,4,4,4,
2307150003,f_f004078,3,K 식자재마트,2023-07-15,2023-07-15,경북 의성군 의성읍 중앙길 17,경북 의성군 의성읍 도서리 91-26,128.6979209,36.3459897,,,POI01000000EJXOES,K식자재마트,30,4,N,9,,2,2,2,
2307150004,f_f004078,4,의성농협 하나로마트,2023-07-15,2023-07-15,경북 의성군 의성읍 중앙길 6,경북 의성군 의성읍 도동리 982-2,128.6992033,36.3448299,,,POI01000000CNTEHJ,의성농협하나로마트,30,4,N,7,,3,4,4,
2307150005,f_f004078,5,산운생태공원,2023-07-15,2023-07-15,경북 의성군 금성면 수정사길 19,경북 의성군 금성면 산운리 236,128.7030069,36.2432964,,,POI01000000DYGTHX,산운생태공원,30,2,N,10,,4,3,4,
2307150006,f_f004078,6,금마는 다목적센터,2023-07-15,2023-07-16,운곡리707-1,,,,,,,,420,24,N,7,6,4,4,4,4773037000
2307160001,f_f004078,12,집,2023-07-16,2023-07-17,경북 구미시 산동읍 신당3로 43,경북 구미시 산동읍 신당리 1388,,,3351407,4719025625,,,300,21,,,,,,,
2307160002,f_f004078,7,조문국 박물관 의성 상상 놀이터,2023-07-16,2023-07-16,,경북 의성군 금성면 초전리 245,128.6705172,36.2768584,,,POI02000TR004191V,조문국박물관 의성상상놀이터,60,13,N,1,,4,3,3,
2307160003,f_f004078,8,조문국 박물관 물놀이장,2023-07-16,2023-07-16,,경북 의성군 금성면 초전리 245,128.6703236,36.2765475,,,POI02000TR004192V,조문국박물관 물놀이장,120,6,N,1,,4,4,4,
2307160004,f_f004078,9,의성 조문국 박물관,2023-07-16,2023-07-16,경북 의성군 금성면 초전1길 83,경북 의성군 금성면 초전리 223-5,128.669229,36.2766719,,,POI01000000BGX8NF,의성조문국박물관,30,3,N,10,,4,3,3,
2307160005,f_f004078,10,카페 아리,2023-07-16,2023-07-16,경북 의성군 금성면 동부로 2281,경북 의성군 금성면 산운리 667-19,128.6821217,36.250441,,,POI02000TR004193V,카페아리,30,11,N,1,,4,4,4,
2307160006,f_f004078,11,의성 조문국사적 지 주차장,2023-07-16,2023-07-16,경북 의성군 금성면 동부로 2545,경북 의성군 금성면 대리리 378-3,128.67697,36.2739693,,,POI01000000EIFYW1,의성조문국사적지주차장,30,2,N,10,,4,3,3,
2307170001,f_f004103,1,집,2023-07-17,2023-07-17,토월대동아파트,,,,,,,,,21,,,,,,,4812312700
2307170002,f_f004103,9,솜사탕 펜션,2023-07-17,2023-07-18,경남 남해군 남면 남면로 788-13,,,,,,,,240,24,N,8,3,3,3,3,4812312700
2307170003,f_f004103,2,남해 독일마을,2023-07-17,2023-07-17,,경남 남해군 삼동면 물건리 1154-1,,,,,,,30,4,Y,4,,3,3,3,
2307170004,f_f004103,3,당해 슈니첼,2023-07-17,2023-07-17,경남 남해군 삼동면 독일로 27 1층,,,,,,,,60,11,N,2,,4,4,4,4884033000
2307170005,f_f004103,4,국립남해편백자연휴양림,2023-07-17,2023-07-17,경남 남해군 삼동면 금암로 658,경남 남해군 삼동면 봉화리 산 553-1,,,,,,,60,7,N,1,,5,5,4,
2307170006,f_f004103,6,솜사탕 펜션,2023-07-17,2023-07-17,경남 남해군 남면 남면로 788-13,경남 남해군 남면 홍현리 1436-1,,,,,,,120,24,N,2,3,3,3,3,
2307170007,f_f004103,7,다랭이마을,2023-07-17,2023-07-17,경남 남해군 남면 남면로679번길 21,경남 남해군 남면 홍현리 898-5,,,,,,,60,1,Y,4,,5,5,5,
2307170008,f_f004103,8,해바라기 맛집,2023-07-17,2023-07-17,경남 남해군 남면 남면로679번길 17-21,경남 남해군 남면 홍현리 911,,,,,,,30,11,N,2,,4,4,4,
2307170009,f_f004103,5,상주은모래비치,2023-07-17,2023-07-17,경남 남해군 상주면 상주로 10-3,경남 남해군 상주면 상주리 1136-1,,,,,,,30,1,Y,1,,3,3,3,
2307180001,f_f004103,10,섬의 정원,2023-07-18,2023-07-18,경남 남해군 남면 남면로 1534-110,경남 남해군 남면 평산리 888-4,,,,,,,60,7,N,5,,3,4,3,
2307180002,f_f004103,11,인정,2023-07-18,2023-07-18,경남 남해군 남면 남서대로 775-3,경남 남해군 남면 당항리 1384-2,,,,,,,60,11,N,2,,3,3,3,
2307180003,f_f004103,12,카페 더 힐스,2023-07-18,2023-07-18,경남 남해군 삼동면 양화금로 256-4,경남 남해군 삼동면 동천리 303-1,,,,,,,180,4,N,2,,4,4,4,
2307180004,f_f004103,14,집,2023-07-18,2023-07-19,토월대동아파트,,,,,,,,120,21,,,,,,,4812312700
2307180005,f_f004103,13,로도스,2023-07-18,2023-07-18,경남 창원시 성산구 용호로 116,경남 창원시 성산구 용호동 28-10,,,,,,,60,11,N,5,,3,3,3,
2307080001,f_f004112,1,집,2023-07-08,2023-07-08,방이동123-18,,,,,,,,,21,,,,,,,1171011100
2307080002,f_f004112,6,친구 집,2023-07-08,2023-07-09,봉월로89번길,,,,,,,,120,22,,,,,,,3114010400
2307080003,f_f004112,3,흑송,2023-07-08,2023-07-08,부산 기장군 정관읍 용수로 89,부산 기장군 정관읍 용수리 623,129.1725408,35.3294081,,,POI02000TR002972V,흑송,60,11,N,5,,3,2,2,
2307080004,f_f004112,2,스타벅스 울산시청 사거리 DT 점,2023-07-08,2023-07-08,울산 남구 중앙로 180,울산 남구 달동 875-12,129.3135412,35.5372048,,,POI02000TR002973V,스타벅스 울산시청사거리DT점,90,11,N,9,,4,4,4,
2307080005,f_f004112,4,롯데 프리미엄 아웃렛 동부산점,2023-07-08,2023-07-08,부산 기장군 기장읍 기장해안로 147,부산 기장군 기장읍 당사리 524,129.2125445,35.1916608,,,POI01000TR034815V,롯데프리미엄아울렛 동부산점,90,4,N,1,,4,4,4,
2307080006,f_f004112,5,오티피 프라이빗 삼산점,2023-07-08,2023-07-08,울산 남구 삼산로277번길 6-4,울산 남구 삼산동 1525-2,129.3375107,35.5398726,,,POI02000TR002974V,오티티 프라이빗 삼산점,150,3,N,2,,4,4,4,
2307090001,f_f004112,10,집,2023-07-09,2023-07-10,방이동123-18,,,,,,,,210,21,,,,,,,1171011100
2307090002,f_f004112,7,인천항,2023-07-09,2023-07-09,시래동 1126-2,,,,,,,,60,11,N,5,,3,3,3,4713013000
2307090003,f_f004112,8,누마루 한옥 커피,2023-07-09,2023-07-09,경북 경주시 보불로 267,경북 경주시 하동 210,129.3080388,35.8062044,,,POI01000TR011218V,누마루한옥커피,90,4,N,2,,5,5,5,
2307090004,f_f004112,9,울산역,2023-07-09,2023-07-09,울산 울주군 삼남읍 울산역로 177,울산 울주군 삼남읍 신화리 88,129.13866,35.5515432,,,POI01000000E67ZBX,울산역,30,2,N,9,,2,2,2,
2307080001,f_f004131,1,집,2023-07-08,2023-07-08,수정아파트,,,,,,,,,21,,,,,,,2723011100
2307080002,f_f004131,2,와인터널,2023-07-08,2023-07-08,경북 청도군 화양읍 송금길 100,경북 청도군 화양읍 송금리 산 122,128.720534,35.7151321,,,POI01000TR037620V,와인터널,60,3,N,1,,4,3,4,
2307080003,f_f004131,3,빠삐용 캠프,2023-07-08,2023-07-08,경북 청도군 화양읍 송금길 85,경북 청도군 화양읍 송금리 252-2,128.7202527,35.7134545,,,POI02000TR003371V,빠삐용캠프,30,11,N,9,,4,3,3,
2307080004,f_f004131,4,청도 소싸움경기장,2023-07-08,2023-07-08,경북 청도군 화양읍 남성현로 348,경북 청도군 화양읍 삼신리 693-2,128.7242377,35.687421,,,POI01000000BZAWKW,청도소싸움경기장,60,8,N,1,,5,5,4,
2307080005,f_f004131,5,이 땅에 영농조합법인,2023-07-08,2023-07-08,경북 청도군 화양읍 남성현로 146,경북 청도군 화양읍 진라리 400,128.7369096,35.6719337,,,POI02000TR003372V,이땅애영농조합법인,30,10,N,8,,5,5,5,
2307080006,f_f004131,6,수피아 펜션,2023-07-08,2023-07-09,경북 청도군 운문면 신원4길 28-8,경북 청도군 운문면 신원리 65-2,129.0002463,35.6648343,,,POI02000TR003373V,수피아펜션,420,24,N,8,3,4,4,4,
2307090001,f_f004131,7,청도읍 선,2023-07-09,2023-07-09,,경북 청도군 화양읍 동상리 45-2,128.7066902,35.6505976,,,POI01000TR000591V,청도읍성,30,2,N,10,,4,3,3,
2307090002,f_f004131,8,꽃자리,2023-07-09,2023-07-09,경북 청도군 화양읍 도주관로 177,경북 청도군 화양읍 동천리 246-2,128.7078322,35.6506157,,,POI01000TR015882V,꽃자리,60,11,N,2,,5,5,5,
2307090003,f_f004131,9,청도 재래시장,2023-07-09,2023-07-09,경북 청도군 청도읍 청도시장1길 21,경북 청도군 청도읍 고수리 778,128.7460361,35.6439417,,,POI02001TR027906V,청도재래시장,30,4,N,1,,4,4,3,
2307090004,f_f004131,10,집,2023-07-09,2023-07-10,수정아파트,,,,,,,,510,21,,,,,,,2723011100
2307300001,f_f004305,1,집,2023-07-30,2023-07-30,대구 달성군 다사읍 달구벌대로 790 강창삼산타운,대구 달성군 다사읍 매곡리 719-2,,,2007002,2771025628,,,,21,,,,,,,2771025600
2307300002,f_f004305,2,료미,2023-07-30,2023-07-30,경북 경주시 포석로 1058-1,경북 경주시 황남동 308-5,129.209755,35.8356259,,,POI01000000AP52AC,료미,60,11,N,2,,5,3,4,
2307300003,f_f004305,3,황련단길,2023-07-30,2023-07-30,경북 경주시 태종로 746,경북 경주시 황남동 270-10,129.2096454,35.8393348,,,POI01000TR022576V,황리단길,30,4,Y,11,,4,3,3,
2307300004,f_f004305,4,비단벌레차 매표소,2023-07-30,2023-07-30,,경북 경주시 황남동 113-15,129.2165655,35.8350229,,,POI01000TR035716V,비단벌레차매표소,60,13,N,1,,5,3,5,
2307300005,f_f004305,5,카페 마르쉐,2023-07-30,2023-07-30,경북 경주시 첨성로81번길 22-7,경북 경주시 황남동 229-15,129.2118959,35.8350981,,,POI01000000CWTGHU,카페마르쉐,60,11,N,2,,3,1,2,
2307300006,f_f004305,6,집,2023-07-30,2023-07-31,대구 달성군 다사읍 달구벌대로 790 강창삼산타운,대구 달성군 다사읍 매곡리 719-2,,,2007002,2771025628,,,480,21,,,,,,,
2307150001,f_f004470,1,집,2023-07-15,2023-07-15,,,,,,,,,,21,,,,,,,4812710100
2307150002,f_f004470,6,집,2023-07-15,2023-07-16,,,,,,,,,1200,21,,,,,,,4812710100
2307150003,f_f004470,2,김해 봉황동 유적,2023-07-15,2023-07-15,경남 김해시 가락로63번길 51,경남 김해시 봉황동 158,128.8765113,35.2304163,,,POI01000TR107436V,김해봉황동유적,30,2,N,2,,4,4,4,
2307150004,f_f004470,3,왓포 식당,2023-07-15,2023-07-15,,,,,,,,,60,11,N,2,,4,4,4,4825010400
2307150005,f_f004470,4,수로왕릉,2023-07-15,2023-07-15,경남 김해시 왕릉길 26,경남 김해시 서상동 312,128.8784957,35.2353096,,,POI01000000BYTL3M,수로왕릉,60,2,N,5,,4,4,4,
2307150006,f_f004470,5,신세계백화점 김해점,2023-07-15,2023-07-15,경남 김해시 김해대로 2232,경남 김해시 외동 1264,128.8725354,35.2289819,,,POI01000TR007253V,신세계백화점 김해점,120,4,N,1,,4,4,4,
2307160001,f_f004552,1,집,2023-07-16,2023-07-16,,,,,,,,,,21,,,,,,,4812110200
2307160002,f_f004552,6,집,2023-07-16,2023-07-17,,,,,,,,,300,21,,,,,,,4812110200
2307160003,f_f004552,2,이케아 동부산점,2023-07-16,2023-07-16,부산 기장군 기장읍 동부산관광3로 17,부산 기장군 기장읍 당사리 532,129.2104793,35.1907965,,,POI01000TR014886V,이케아 동부산점,120,4,Y,4,,4,4,4,
2307160004,f_f004552,3,용궁 해물칼국수,2023-07-16,2023-07-16,부산 기장군 기장읍 기장해안로 128,부산 기장군 기장읍 시랑리 723,129.2138551,35.1902041,,,POI02000TR004242V,용궁해물칼국수,60,11,N,6,,3,2,3,
2307160005,f_f004552,4,해동용궁사,2023-07-16,2023-07-16,부산 기장군 기장읍 용궁길 86,부산 기장군 기장읍 시랑리 416-3,129.2231431,35.1884028,,,POI01000000BYZ0VZ,해동용궁사,30,2,Y,4,,4,4,4,
2307160006,f_f004552,5,릴랙스 온 더 웨이브,2023-07-16,2023-07-16,,,,,,,,,30,11,N,1,,3,3,3,2671025330
2307230001,f_f004618,1,집,2023-07-23,2023-07-23,,,,,,,,,,21,,,,,,,2623010300
2307230002,f_f004618,2,김해 낙동강 레일파크,2023-07-23,2023-07-23,경남 김해시 생림면 마사로473번길 41,경남 김해시 생림면 마사리 654-4,128.8208284,35.371798,,,POI01000000E672I7,김해낙동강레일파크,60,13,N,2,,4,4,4,
2307230003,f_f004618,3,김해 낙동강 레일파크 와인동굴,2023-07-23,2023-07-23,경남 김해시 생림면 마사로473번길 41,경남 김해시 생림면 마사리 654-4,128.8208367,35.3717762,,,POI02001TR004924V,김해낙동강레일파크 와인동굴,60,13,N,3,,5,4,4,
2307230004,f_f004618,4,롯데 프리미엄 아웃렛 김해점,2023-07-23,2023-07-23,경남 김해시 장유로 469,경남 김해시 신문동 1414,128.8298036,35.1854878,,,POI01000TR001432V,롯데프리미엄아울렛 김해점,120,4,N,5,,5,5,5,
2307230005,f_f004618,5,비율,2023-07-23,2023-07-23,경남 김해시 율하카페길 73,경남 김해시 관동동 1094-8,128.8124386,35.1764377,,,POI01000000CYUNOB,비율카페,60,11,N,2,,5,4,4,
2307230006,f_f004618,6,집,2023-07-23,2023-07-24,,,,,,,,,270,21,,,,,,,2623010300
2308050001,f_f004657,1,집,2023-08-05,2023-08-05,경기 성남시 분당구 내정로 185,경기 성남시 분당구 수내동 36,,,3180003,4113510200,,,,21,,,,,,,
2308050002,f_f004657,8,오션스파 사우나,2023-08-05,2023-08-06,강원특별자치도 속초시 청초호반로 314,강원특별자치도 속초시 중앙동 482-144,128.5915634,38.2019341,,,POI02001TR021727V,오션스파사우나,180,24,N,2,6,4,4,4,
2308050003,f_f004657,2,성남종합버스터미널 주차장,2023-08-05,2023-08-05,경기 성남시 분당구 성남대로925번길 16,,127.126392,37.412948,,,POI01000000AM26WW,성남종합버스터미널,30,9,N,6,,4,4,4,4113510700
2308050004,f_f004657,3,속초 시외버스터미널,2023-08-05,2023-08-05,강원특별자치도 속초시 장안로 16,강원특별자치도 속초시 동명동 261-84,128.5908135,38.2112227,,,POI01000TR001526V,속초시외버스터미널,0,9,N,6,,4,4,4,
2308050005,f_f004657,4,영금정,2023-08-05,2023-08-05,강원특별자치도 속초시 영금정로 43,강원특별자치도 속초시 동명동 1-185,128.6016133,38.2118109,,,POI01000TR015762V,영금정,30,2,N,1,,4,4,4,
2308050006,f_f004657,5,황가네 찜,2023-08-05,2023-08-05,강원특별자치도 속초시 영랑해안길 95,강원특별자치도 속초시 영랑동 129,128.5980822,38.2144822,,,POI01000000E0204G,황가네찜,30,11,N,2,,4,4,4,
2308050007,f_f004657,6,등대해수욕장,2023-08-05,2023-08-05,,강원특별자치도 속초시 영랑동 1-9,128.598354,38.2145902,,,POI01000TR041090V,등대해수욕장,30,5,N,2,,4,4,4,
2308050008,f_f004657,7,척산온천휴양촌,2023-08-05,2023-08-05,강원특별자치도 속초시 관광로 327,강원특별자치도 속초시 노학동 972-1,128.5406742,38.1902142,,,POI01000TR037030V,척산온천휴양촌,120,13,N,2,,4,4,4,
2308060001,f_f004657,12,집,2023-08-06,2023-08-07,경기 성남시 분당구 내정로 185,경기 성남시 분당구 수내동 36,,,3180003,4113510200,,,420,21,,,,,,,
2308060002,f_f004657,9,속초관광수산시장,2023-08-06,2023-08-06,강원특별자치도 속초시 중앙로147번길 16,강원특별자치도 속초시 중앙동 471-4,128.5901795,38.2045436,,,POI01000TR005661V,속초관광수산시장,120,4,N,1,,4,4,4,
2308060003,f_f004657,10,속초 시외버스터미널,2023-08-06,2023-08-06,강원특별자치도 속초시 장안로 16,강원특별자치도 속초시 동명동 261-84,128.5908135,38.2112227,,,POI01000TR001526V,속초시외버스터미널,0,9,Y,11,,4,4,4,
2308060004,f_f004657,11,성남종합버스터미널 주차장,2023-08-06,2023-08-06,경기 성남시 분당구 성남대로925번길 16,경기 성남시 분당구 야탑동 341,127.1263916,37.4129476,,,POI01000000AM26WW,성남종합버스터미널,0,9,Y,6,,4,4,4,
2307250001,f_f004703,1,집,2023-07-25,2023-07-25,목동동로50,,,,,,,,,21,,,,,,,1147010100
2307250002,f_f004703,2,회산 장칼국수,2023-07-25,2023-07-25,강원특별자치도 강릉시 토성로 65,강원특별자치도 강릉시 홍제동 126-16,128.8849866,37.7511884,,,POI010000006B4BRJ,회산장칼국수,30,11,N,2,,4,3,3,
2307250003,f_f004703,3,버클리 빨래방 카페,2023-07-25,2023-07-25,강원특별자치도 강릉시 토성로 73,강원특별자치도 강릉시 홍제동 137-18,128.8857738,37.7514488,,,POI0100000090XPOF,버블리,90,11,N,9,,5,5,5,
2307250004,f_f004703,4,무명 극장,2023-07-25,2023-07-25,강원특별자치도 강릉시 새냉이길27번길 4,강원특별자치도 강릉시 홍제동 118-22,128.883189,37.7520658,,,POI02000TR004765V,무명극장,60,3,N,1,,4,4,5,
2307250005,f_f004703,5,강문해변,2023-07-25,2023-07-25,,강원특별자치도 강릉시 강문동 182-1,128.9191753,37.7948207,,,POI01000TR024661V,강문해변,60,1,Y,4,,5,5,5,
2307250006,f_f004703,6,강릉에 파랑 물회,2023-07-25,2023-07-25,강원특별자치도 강릉시 창해로350번길 17,강원특별자치도 강릉시 강문동 182-5,128.9175479,37.7956328,,,POI01000TR032544V,강릉해파랑물회,30,11,N,2,,5,5,5,
2307250007,f_f004703,7,구옥,2023-07-25,2023-07-25,강원특별자치도 강릉시 창해로 378,강원특별자치도 강릉시 강문동 242-1,128.9164459,37.7961282,,,POI01000TR022204V,꾸옥,30,11,N,1,,5,5,4,
2307250008,f_f004703,8,강문해변,2023-07-25,2023-07-25,,강원특별자치도 강릉시 강문동 182-1,128.9191753,37.7948207,,,POI01000TR024661V,강문해변,90,1,Y,4,,5,5,5,
2307250009,f_f004703,9,강릉역,2023-07-25,2023-07-25,강원특별자치도 강릉시 용지로 176,강원특별자치도 강릉시 교동 118,128.8996276,37.7645236,,,POI0100000075Y1PW,강릉역,30,9,Y,11,,4,4,4,
2307250010,f_f004703,10,집,2023-07-25,2023-07-26,목동동로50,,,,,,,,30,21,,,,,,,1147010100
2308050001,f_f004717,1,집,2023-08-05,2023-08-05,서울 성북구 북악산로 851,,,,3100019,1129013300,,,,21,,,,,,,
2308050002,f_f004717,6,아마레 호텔,2023-08-05,2023-08-06,대구 동구 율암로 156-15,대구 동구 상매동 506-2,128.7062261,35.888646,,,POI03000TR002119V,아마레호텔,150,24,Y,4,1,3,4,4,
2308050003,f_f004717,2,모모 상점,2023-08-05,2023-08-05,대구 중구 국채보상로150길 30,대구 중구 동인동4가 426-3,128.611191,35.8670662,,,POI01000000D6RQC8,모모상점,60,11,N,2,,4,5,5,
2308050004,f_f004717,3,국채보상운동 기념 도서관,2023-08-05,2023-08-05,대구 중구 공평로10길 25,대구 중구 동인동2가 42,128.6017131,35.8684402,,,POI03000TR002121V,국채보상운동기념도서관,120,2,N,1,,4,4,4,
2308050005,f_f004717,4,더뷔페앳인터불고,2023-08-05,2023-08-05,대구 수성구 팔현길 212,대구 수성구 만촌동 57-23,128.6599372,35.8726238,,,POI01000000B7Z1U8,더뷔페앳인터불고,180,4,N,5,,5,5,5,
2308050006,f_f004717,5,수성못,2023-08-05,2023-08-05,,대구 수성구 두산동 526,128.6173071,35.8273058,,,POI01000TR035890V,수성못,60,1,Y,4,,4,4,4,
2308060001,f_f004717,9,집,2023-08-06,2023-08-07,서울 성북구 북악산로 851,,,,3100019,1129013300,,,150,21,,,,,,,
2308060002,f_f004717,7,남도 명가,2023-08-06,2023-08-06,대구 수성구 들안로 40,대구 수성구 두산동 152-1,128.6173163,35.8333722,,,POI01000000BGTZR6,남도명가,120,11,N,2,,4,3,4,
2308060003,f_f004717,8,음성휴게소 하남방향,2023-08-06,2023-08-06,충북 음성군 삼성면 중부고속도로 52,충북 음성군 삼성면 양덕리 산 99,127.4844875,37.0219205,,,POI01000TR031818V,음성휴게소 하남방향,30,9,N,9,,4,4,4,
2307290001,f_f004740,1,집,2023-07-29,2023-07-29,서울 관악구 은천로 119,서울 관악구 봉천동 464-13,,,3120009,1162010100,,,,21,,,,,,,
2307290002,f_f004740,2,포석으로 소갈비찜,2023-07-29,2023-07-29,경북 경주시 포석로1068번길 22,경북 경주시 황남동 228-1,129.2118408,35.8359056,,,POI01000TR036833V,포석로 소갈비찜,30,11,N,2,,4,3,3,
2307290003,f_f004740,3,황남쫀득이,2023-07-29,2023-07-29,,,,,,,,,0,11,N,1,,4,4,4,4713011000
2307290004,f_f004740,4,황남 옥수수 황리단길점,2023-07-29,2023-07-29,경북 경주시 포석로 1085,경북 경주시 황남동 276-4,129.2096576,35.8380191,,,POI01000TR037664V,황남옥수수 황리단길점,0,11,N,2,,3,2,2,
2307290005,f_f004740,5,대릉원 미추왕릉,2023-07-29,2023-07-29,경북 경주시 계림로 9,경북 경주시 황남동 268-10,129.213445,35.8370086,,,POI01000000AQEUX1,신라미추왕릉,0,2,N,1,,4,4,4,
2307290006,f_f004740,6,첨성대,2023-07-29,2023-07-29,,경북 경주시 인왕동 910-30,129.2190202,35.834718,,,POI01000TR003385V,첨성대,30,2,N,1,,5,4,4,
2307290007,f_f004740,7,국립경주박물관,2023-07-29,2023-07-29,경북 경주시 일정로 186,경북 경주시 인왕동 76,129.2279503,35.8292339,,,POI010000009GI2HM,국립경주박물관,30,2,N,1,,5,4,4,
2307290008,f_f004740,8,불국사,2023-07-29,2023-07-29,경북 경주시 불국로 385,경북 경주시 진현동 15-1,129.3318426,35.7899147,,,POI01000TR000952V,불국사,60,2,N,1,,5,4,4,
2307290009,f_f004740,9,경주 동궁원 동궁 식물원 본관,2023-07-29,2023-07-29,경북 경주시 보문로 74-13,경북 경주시 북군동 185-1,129.2642488,35.8505432,,,POI03000TR000324V,경주동궁원 동궁식물원본관,30,1,N,1,,5,4,4,
2307290010,f_f004740,10,범굴,2023-07-29,2023-07-29,황남동종합시장,,,,,,,,150,11,N,2,,5,5,5,4713011000
2307290011,f_f004740,11,도토리 하우스,2023-07-29,2023-07-30,경북 경주시 태종로 691-12,경북 경주시 노서동 170-11,129.2040071,35.838887,,,POI01000000CUJOU3,도토리하우스,60,24,N,2,7,5,4,4,
2307300001,f_f004740,12,시골 돼지국밥,2023-07-30,2023-07-30,경북 경주시 태종로 738,경북 경주시 사정동 1-15,129.2088197,35.8390869,,,POI010000008USHT0,시골돼지국밥,30,11,N,2,,5,5,5,
2307300002,f_f004740,13,테를 지,2023-07-30,2023-07-30,경북 경주시 태종로 736,경북 경주시 사정동 1-17,129.2086464,35.8391423,,,POI01000000EZIHNV,테를지,60,4,N,2,,5,4,4,
2307300003,f_f004740,14,교리 김밥 봉황대점,2023-07-30,2023-07-30,경북 경주시 태종로 746,경북 경주시 황남동 270-10,129.2095888,35.8392899,,,POI01000TR038387V,교리김밥 봉황대점,30,11,N,2,,5,5,5,
2307300004,f_f004740,15,집,2023-07-30,2023-07-31,서울 관악구 은천로 119,서울 관악구 봉천동 464-13,,,3120009,1162010100,,,360,21,,,,,,,
2307270001,f_f004760,1,집,2023-07-27,2023-07-27,한마을 아파트,,,,,,,,,21,,,,,,,1153010700
2307270002,f_f004760,7,오늘 교동 독채,2023-07-27,2023-07-28,강원특별자치도 강릉시 강릉대로121번길 20,,,,,,,,90,24,N,2,11,5,5,5,4215011000
2307270003,f_f004760,2,경기 광주 휴게소 원주 방향,2023-07-27,2023-07-27,경기 광주시 곤지암읍 만삼로 270,경기 광주시 곤지암읍 삼합리 산 27-2,127.4361214,37.3783578,,,POI01000TR022799V,경기광주휴게소 원주방향,30,9,Y,9,,4,3,3,
2307270004,f_f004760,3,경포해수욕장,2023-07-27,2023-07-27,강원특별자치도 강릉시 창해로 514,강원특별자치도 강릉시 강문동 산 1,128.9102102,37.8034055,,,POI01000TR027006V,경포해수욕장,90,1,Y,1,,4,5,5,
2307270005,f_f004760,5,오늘 교동 독채,2023-07-27,2023-07-27,,,,,,,,,210,24,Y,7,11,5,5,5,4215011000
2307270006,f_f004760,4,교동 대게,2023-07-27,2023-07-27,강원특별자치도 강릉시 화부산로 56,강원특별자치도 강릉시 교동 1066-1,128.8856557,37.7619473,,,POI01000TR036049V,교동대게,60,11,N,1,,5,5,5,
2307270007,f_f004760,6,CU 강릉 교동 중앙점,2023-07-27,2023-07-27,강원특별자치도 강릉시 강릉대로121번길 6,강원특별자치도 강릉시 교동 964-6,128.883688,37.7565314,,,POI01000000DZ1FNB,CU강릉교동중앙점,30,10,N,9,,5,5,5,
2307280001,f_f004760,8,테라로사 경포호수점,2023-07-28,2023-07-28,강원특별자치도 강릉시 난설헌로 145,강원특별자치도 강릉시 포남동 933,128.9075034,37.7878613,,,POI01000TR014251V,테라로사 경포호수점,30,4,N,1,,5,5,5,
2307280002,f_f004760,9,오늘 교동 독채,2023-07-28,2023-07-28,,,,,,,,,60,24,Y,7,11,5,5,5,4215011000
2307280003,f_f004760,10,소바 위트,2023-07-28,2023-07-28,강원특별자치도 강릉시 경강로 2015,강원특별자치도 강릉시 명주동 65-15,128.8903094,37.7495645,,,POI01000000D01A1L,소바위트,60,11,N,9,,5,3,4,
2307280004,f_f004760,11,명주 예술마당,2023-07-28,2023-07-28,강원특별자치도 강릉시 경강로2021번길 9-1,강원특별자치도 강릉시 명주동 49-1,128.8898308,37.7503721,,,POI01000000E1308M,명주예술마당,30,2,N,9,,4,4,3,
2307280005,f_f004760,12,강릉 중앙시장,2023-07-28,2023-07-28,강원특별자치도 강릉시 금성로 21,강원특별자치도 강릉시 성남동 50,128.8986238,37.7540251,,,POI01000TR021364V,강릉중앙시장,60,4,N,1,,5,5,5,
2307280006,f_f004760,13,안목 해변,2023-07-28,2023-07-28,강원특별자치도 강릉시 창해로14번길 51-26,강원특별자치도 강릉시 견소동 286-10,128.9482754,37.7722618,,,POI01000TR042380V,안목해변,120,1,Y,2,,5,5,5,
2307280007,f_f004760,14,안목 카페,2023-07-28,2023-07-28,강원특별자치도 강릉시 창해로 7,강원특별자치도 강릉시 견소동 268-49,128.9456208,37.7731632,,,POI01000000DP5UYV,안목카페,30,11,N,9,,4,4,4,
2307280008,f_f004760,15,풍경 마루 영평상 휴게소점,2023-07-28,2023-07-28,경기 양평군 양동면 여양3로 384-27,경기 양평군 양동면 단석리 512-18,127.7235665,37.3986671,,,POI03000TR001182V,풍경마루 양평상휴게소점,30,9,N,7,,4,4,4,
2307280009,f_f004760,16,집,2023-07-28,2023-07-29,한마을 아파트,,,,,,,,150,21,,,,,,,1153010700
2307230001,f_f004764,1,집,2023-07-23,2023-07-23,대전 유성구 문화원로 119,,,,,,,,,21,,,,,,,3020011100
2307230002,f_f004764,2,동대구역,2023-07-23,2023-07-23,대구 동구 동대구로 550,대구 동구 신암동 294,128.6283938,35.879324,,,POI01000TR010220V,동대구역,30,9,Y,6,,5,5,5,
2307230003,f_f004764,3,벙글벙글 찜 갈비,2023-07-23,2023-07-23,대구 중구 동덕로36길 9-12,,,,,,,,90,11,N,3,,5,5,5,2711010100
2307230004,f_f004764,4,삼송 빵집 1957,2023-07-23,2023-07-23,대구 수성구 수성못2길 26 삼송 1957,,,,,,,,60,11,N,9,,5,5,5,2726011100
2307230005,f_f004764,5,포토 이즘(사진관),2023-07-23,2023-07-23,대구 수성구 수성못길 22,,,,,,,,30,12,N,9,,5,5,5,2726011100
2307230006,f_f004764,6,수성못,2023-07-23,2023-07-23,,대구 수성구 두산동 526,128.6173071,35.8273058,,,POI01000TR035890V,수성못,30,5,Y,4,,5,5,5,
2307230007,f_f004764,7,구공탄 막창 형님 본점,2023-07-23,2023-07-23,대구 서구 국채보상로 308,대구 서구 평리동 1097-3,128.5646068,35.8717084,,,POI01000TR002054V,구공탄막창 형님본점,90,11,N,2,,5,5,5,
2307230008,f_f004764,8,스파크 랜드,2023-07-23,2023-07-23,대구 중구 동성로6길 61,대구 중구 공평동 58-6,128.5987359,35.8687646,,,POI01000TR038709V,스파크랜드,120,6,Y,1,,5,5,5,
2307230009,f_f004764,9,호텔 온도,2023-07-23,2023-07-24,대구광역시 중구 중앙대로81길 101(남성로),,,,,,,,210,24,N,6,2,5,5,5,2711013700
2307240001,f_f004764,10,군위 식당,2023-07-24,2023-07-24,대구 중구 경상감영길 101,대구 중구 포정동 21-3,128.5931028,35.8723575,,,POI01000TR020553V,군위식당,30,11,N,2,,4,4,4,
2307240002,f_f004764,11,마이 커피 컬 로맨스,2023-07-24,2023-07-24,대구 중구 동성로4길 93,대구 중구 공평동 66,128.5994443,35.868921,,,POI02000TR004771V,마이커피컬로맨스,60,11,N,9,,5,5,5,
2307240003,f_f004764,12,나 그 놀,2023-07-24,2023-07-24,대구 중구 동성로2길 50-14,대구 중구 삼덕동1가 18-2,128.5973807,35.8678202,,,POI02001TR005097V,나그놀,30,4,N,2,,5,5,5,
2307240004,f_f004764,13,나이스 키친,2023-07-24,2023-07-24,대구 중구 동성로5길 41,대구 중구 삼덕동1가 18-11,128.5967847,35.8676948,,,POI01000TR018517V,나이스키친,30,4,N,2,,5,5,5,
2307240005,f_f004764,14,삼송 빵집 본점,2023-07-24,2023-07-24,대구 중구 중앙대로 397,대구 중구 동성로3가 1-3,128.5934463,35.8686114,,,POI01000TR033194V,삼송빵집 본점,0,11,Y,2,,4,3,3,
2307240006,f_f004764,15,동대구역,2023-07-24,2023-07-24,대구 동구 동대구로 550,대구 동구 신암동 294,128.6283938,35.879324,,,POI01000TR010220V,동대구역,30,9,Y,6,,5,5,5,
2307240007,f_f004764,16,집,2023-07-24,2023-07-25,대전 유성구 문화원로 119,,,,,,,,390,21,,,,,,,3020011100
2307220001,f_f004768,1,집,2023-07-22,2023-07-22,경남아너스빌,,,,,,,,,21,,,,,,,4117110200
2307220002,f_f004768,2,선 채 길,2023-07-22,2023-07-22,강원특별자치도 평창군 진부면 오대산로 152,강원특별자치도 평창군 진부면 동산리 335,128.6018712,37.7159587,,,POI01000TR013212V,선재길,60,11,N,1,,1,5,5,
2307220003,f_f004768,3,발왕산 관광 케이블카,2023-07-22,2023-07-22,강원특별자치도 평창군 대관령면 올림픽로 715,강원특별자치도 평창군 대관령면 용산리 99,128.6792145,37.6444586,,,POI01000TR008787V,발왕산관광케이블카,180,1,N,2,,5,5,5,
2307220004,f_f004768,5,대관령한우 한화리조트점,2023-07-22,2023-07-22,강원특별자치도 평창군 봉평면 태기로 228-33,강원특별자치도 평창군 봉평면 면온리 946-7,128.331814,37.5788739,,,POI010000008ML94O,대관령한우한화리조트점,90,11,N,6,,5,5,5,
2307220005,f_f004768,6,더 화이트 호텔 앤 리조트,2023-07-22,2023-07-23,강원특별자치도 평창군 봉평면 태기로 228-95,강원특별자치도 평창군 봉평면 면온리 922,128.3334767,37.5762595,,,POI02001TR007294V,더화이트호텔 앤 리조트,240,24,N,8,1,5,5,5,
2307220006,f_f004768,4,더 화이트 호텔 앤 리조트,2023-07-22,2023-07-22,강원특별자치도 평창군 봉평면 태기로 228-95,강원특별자치도 평창군 봉평면 면온리 922,128.3334767,37.5762595,,,POI02001TR007294V,더화이트호텔 앤 리조트,90,24,N,8,1,5,5,5,
2307230001,f_f004768,7,메밀꽃필무렵,2023-07-23,2023-07-23,강원특별자치도 평창군 봉평면 이효석길 33-13,강원특별자치도 평창군 봉평면 창동리 682,128.3602881,37.6109419,,,POI01000000CMT8A5,메밀꽃필무렵,30,4,N,5,,5,5,5,
2307230002,f_f004768,8,백룡동굴 생태체험학습장,2023-07-23,2023-07-23,강원특별자치도 평창군 미탄면 문희길 63,강원특별자치도 평창군 미탄면 마하리 82,128.5770472,37.2778098,,,POI01000000B55PY4,백룡동굴 생태체험학습장,150,13,N,1,,5,5,5,
2307230003,f_f004768,10,지는 태원,2023-07-23,2023-07-23,강원특별자치도 평창군 대관령면 횡계길 19,강원특별자치도 평창군 대관령면 횡계리 325-18,128.7083076,37.6731843,,,POI010000006B80WH,진태원,30,11,Y,4,,5,5,5,
2307230004,f_f004768,9,백석폭포,2023-07-23,2023-07-23,,강원특별자치도 정선군 북평면 나전리 산 1,128.628233,37.4659838,,,POI0100000068U0DH,백석폭포,30,1,N,9,,5,5,5,
2307230005,f_f004768,11,뮤지엄 딥 다이브,2023-07-23,2023-07-23,강원특별자치도 평창군 대관령면 올림픽로 787,강원특별자치도 평창군 대관령면 용산리 504-1,128.6712854,37.6423596,,,POI02000TR004925V,뮤지엄 딥다이브,90,3,N,9,,5,5,5,
2307230006,f_f004768,12,집,2023-07-23,2023-07-24,경남아너스빌,,,,,,,,120,21,,,,,,,4117110200
2307310001,f_f004947,1,사무실,2023-07-31,2023-07-31,,,,,,,,,,23,,,,,,,2729010200
2307310002,f_f004947,2,동대구역,2023-07-31,2023-07-31,대구 동구 동대구로 550,대구 동구 신암동 294,128.6283938,35.879324,,,POI01000TR010220V,동대구역,30,9,Y,6,,5,5,5,
2307310003,f_f004947,3,부산역,2023-07-31,2023-07-31,부산 동구 중앙대로 206,부산 동구 초량동 1187-1,129.0414192,35.1151092,,,POI01000TR040141V,부산역,0,9,Y,6,,5,5,5,
2307310004,f_f004947,4,해운대해수욕장,2023-07-31,2023-07-31,,부산 해운대구 우동,129.1598547,35.1585232,,,POI01000TR008098V,해운대해수욕장,90,1,Y,1,,5,5,5,
2307310005,f_f004947,5,홍주 라운지,2023-07-31,2023-07-31,,,,,,,,,60,11,N,2,,4,3,3,2635010500
2307310006,f_f004947,6,해운대해수욕장,2023-07-31,2023-07-31,,부산 해운대구 우동,129.1598547,35.1585232,,,POI01000TR008098V,해운대해수욕장,60,7,Y,4,,5,5,5,
2307310007,f_f004947,7,해운대 영무 파라드 호텔,2023-07-31,2023-08-01,부산 해운대구 해운대해변로298번길 25,부산 해운대구 중동 1124-8,129.1664828,35.1609001,,,POI01000TR018820V,해운대영무파라드호텔,210,24,N,2,1,5,5,5,
2308010001,f_f004947,8,극동 돼지국밥,2023-08-01,2023-08-01,부산 해운대구 달맞이길62번길 17,부산 해운대구 중동 948-7,129.170651,35.1597233,,,POI01000000EZ8ZM2,극동돼지국밥,60,11,N,8,,3,4,3,
2308010002,f_f004947,9,클럽 디 오아시스,2023-08-01,2023-08-01,부산 해운대구 달맞이길 30,부산 해운대구 중동 1829,129.1684581,35.1602042,,,POI03000TR005091V,클럽디오아시스,390,6,N,1,,5,5,5,
2308010003,f_f004947,10,쿠지 라멘,2023-08-01,2023-08-01,부산 해운대구 해운대해변로 351-1,부산 해운대구 중동 1205-13,129.1680929,35.1638063,,,POI03000TR010678V,쿠지라멘,30,11,N,5,,5,5,5,
2308010004,f_f004947,11,마가 만두,2023-08-01,2023-08-01,부산 동구 대영로243번길 56,부산 동구 초량동 563,129.0385144,35.1145101,,,POI01000TR035419V,마가만두,30,4,Y,4,,5,5,5,
2308010005,f_f004947,14,명덕 스카이,2023-08-01,2023-08-02,,,,,,,,,150,21,,,,,,,2720010300
2308010006,f_f004947,12,부산역,2023-08-01,2023-08-01,부산 동구 중앙대로 206,부산 동구 초량동 1187-1,129.0414192,35.1151092,,,POI01000TR040141V,부산역,0,9,Y,6,,5,5,5,
2308010007,f_f004947,13,동대구역,2023-08-01,2023-08-01,대구 동구 동대구로 550,대구 동구 신암동 294,128.6283938,35.879324,,,POI01000TR010220V,동대구역,0,9,Y,6,,5,5,5,
2308030001,f_f004975,1,집,2023-08-03,2023-08-03,천왕이펜하우스에스,,,,,,,,,21,,,,,,,1153011100
2308030002,f_f004975,17,집,2023-08-03,2023-08-04,천왕이펜하우스에스,,,,,,,,30,21,,,,,,,1153011100
2308030003,f_f004975,2,강원도 막걸리빵,2023-08-03,2023-08-03,강원특별자치도 속초시 중앙시장로6길 14,강원특별자치도 속초시 중앙동 471-5,128.5895585,38.2050142,,,POI01000000EZGOS5,강원도막걸리빵,30,4,N,1,,4,5,5,
2308030004,f_f004975,3,감나무집,2023-08-03,2023-08-03,강원특별자치도 속초시 중앙시장로 110-8,강원특별자치도 속초시 중앙동 472-23,128.59089,38.2043511,,,POI01000TR003338V,감나무집,30,11,N,2,,5,4,5,
2308030005,f_f004975,4,마카오 박,2023-08-03,2023-08-03,강원특별자치도 속초시 중앙로129번길 4,강원특별자치도 속초시 중앙동 479-29,128.590296,38.2029692,,,POI01000000CYWSMG,마카오박,30,11,N,2,,5,5,5,
2308030006,f_f004975,5,베이커리 가루 속초점,2023-08-03,2023-08-03,강원특별자치도 속초시 청초호반로 208,강원특별자치도 속초시 교동 1019-3,128.5814157,38.197751,,,POI01000TR028813V,베이커리가루 속초점,30,11,N,2,,4,3,3,
2308030007,f_f004975,6,칠성 조선소,2023-08-03,2023-08-03,강원특별자치도 속초시 중앙로46번길 45,강원특별자치도 속초시 교동 664-110,128.5834761,38.1985393,,,POI010000006BH1HC,칠성조선소,60,11,N,2,,4,3,4,
2308030008,f_f004975,8,동그란 책,2023-08-03,2023-08-03,강원특별자치도 속초시 중앙로46번길 45,강원특별자치도 속초시 교동 664-110,128.5833839,38.1982379,,,POI01000TR015397V,동그란책,30,10,N,9,,4,3,3,
2308030010,f_f004975,9,옥란 푸딩,2023-08-03,2023-08-03,강원특별자치도 속초시 새마을길 40,강원특별자치도 속초시 조양동 1480-80,128.6036545,38.1864115,,,POI01000TR004106V,옥란푸딩,30,11,N,2,,5,4,5,
2308030011,f_f004975,10,외옹치해변,2023-08-03,2023-08-03,강원특별자치도 속초시 해오름로 83,강원특별자치도 속초시 대포동 594-2,128.6089288,38.183155,,,POI01000TR036844V,외옹치해변,60,1,N,6,,5,5,5,
2308030012,f_f004975,7,청초 호수공원,2023-08-03,2023-08-03,강원특별자치도 속초시 엑스포로 140,강원특별자치도 속초시 교동 1025-1,128.5824915,38.1955601,,,POI01000TR012327V,청초호수공원,30,1,N,9,,5,5,5,
2308030013,f_f004975,11,평강 막국수,2023-08-03,2023-08-03,강원특별자치도 속초시 동해대로3950번길 15,강원특별자치도 속초시 조양동 1463-7,128.602638,38.188146,,,POI01000TR023954V,평강막국수,30,11,N,9,,5,4,5,
2308030014,f_f004975,12,대포항,2023-08-03,2023-08-03,,강원특별자치도 속초시 대포동,128.6091312,38.1722271,,,POI01000TR037981V,대포항,30,9,N,2,,4,4,4,
2308030015,f_f004975,13,소연이네 조개구이,2023-08-03,2023-08-03,강원특별자치도 속초시 대포항희망길 53,강원특별자치도 속초시 대포동 964-13,128.6059092,38.1732846,,,POI01000TR002279V,소연이네조개구이,0,11,N,2,,5,5,5,
2308030016,f_f004975,14,예스 닭강정,2023-08-03,2023-08-03,강원특별자치도 속초시 동해대로 4018-1,강원특별자치도 속초시 조양동 1039-1,128.5953354,38.1901255,,,POI01000000EWD80R,예스닭강정,0,11,N,3,,5,5,5,
2308030017,f_f004975,15,속초해수욕장,2023-08-03,2023-08-03,강원특별자치도 속초시 해오름로 186,강원특별자치도 속초시 조양동 1464-7,128.6040985,38.1900529,,,POI01000TR017253V,속초해수욕장,30,1,N,1,,4,3,4,
2308030018,f_f004975,16,속초 아이,2023-08-03,2023-08-03,강원특별자치도 속초시 청호해안길 2,강원특별자치도 속초시 조양동 1450-143,128.6026902,38.1907387,,,POI01000TR019981V,속초아이,0,6,N,1,,4,3,3,
2308060001,f_f005042,1,집,2023-08-06,2023-08-06,경기 고양시 덕양구 삼송로 240,경기 고양시 덕양구 삼송동 294,,,3192032,4128111100,,,,21,,,,,,,
2308060002,f_f005042,2,신경주역,2023-08-06,2023-08-06,경북 경주시 건천읍 경주역로 80,경북 경주시 건천읍 화천리 1010,129.1389983,35.7983755,,,POI0100000068UYDF,신경주역,30,9,Y,6,,5,5,5,
2308060003,f_f005042,3,대릉원,2023-08-06,2023-08-06,경북 경주시 계림로 9,경북 경주시 황남동 268-10,129.2123347,35.83815,,,POI01000TR032143V,대릉원,30,2,Y,1,,5,5,5,
2308060004,f_f005042,5,한성 미인,2023-08-06,2023-08-06,경북 경주시 포석로1050번길 39-6,경북 경주시 황남동 211-6,129.2141289,35.8348624,,,POI01000000D1R6NU,한성미인,90,11,N,2,,5,5,5,
2308060006,f_f005042,4,하루 필름 황리단길점,2023-08-06,2023-08-06,경북 경주시 포석로1095번길 2,경북 경주시 황남동 271-46,129.2097485,35.8389824,,,POI02000TR003932V,하루필름 황리단길점,30,13,N,9,,5,3,5,
2308060010,f_f005042,6,에어비앤비 숙소 리라움,2023-08-06,2023-08-07,,,,,,,,,540,24,N,2,7,4,1,4,4713036000
2308070001,f_f005042,7,첨성대,2023-08-07,2023-08-07,,경북 경주시 인왕동 910-30,129.2190202,35.834718,,,POI01000TR003385V,첨성대,60,1,Y,4,,5,5,5,
2308070002,f_f005042,8,스타벅스 경주 대릉원점,2023-08-07,2023-08-07,경북 경주시 첨성로 125,경북 경주시 황남동 140-2,129.2149871,35.83405,,,POI01000TR042908V,스타벅스 경주대릉원점,180,11,N,2,,5,5,5,
2308070003,f_f005042,10,집,2023-08-07,2023-08-08,경기 고양시 덕양구 삼송로 240,경기 고양시 덕양구 삼송동 294,,,3192032,4128111100,,,330,21,,,,,,,
2308070004,f_f005042,9,신경주역,2023-08-07,2023-08-07,경북 경주시 건천읍 경주역로 80,경북 경주시 건천읍 화천리 1010,129.1389983,35.7983755,,,POI0100000068UYDF,신경주역,30,9,Y,6,,5,5,5,
2308060001,f_f005062,1,집,2023-08-06,2023-08-06,남부순환로 186가길 17,,,,,,,,,21,,,,,,,1162010200
2308060002,f_f005062,11,파라다이스 모텔,2023-08-06,2023-08-07,강원특별자치도 강릉시 창해로 291,,128.922257,37.790039,,,POI01000TR032457V,파라다이스모텔,210,24,N,8,2,4,4,4,4215011300
2308060003,f_f005062,2,서울역,2023-08-06,2023-08-06,서울 용산구 한강대로 405,서울 용산구 동자동 43-205,126.9706069,37.5546788,,,POI01000TR030428V,서울역,30,9,Y,6,,4,5,5,
2308060004,f_f005062,3,강릉역,2023-08-06,2023-08-06,강원특별자치도 강릉시 용지로 176,강원특별자치도 강릉시 교동 118,128.8996276,37.7645236,,,POI0100000075Y1PW,강릉역,0,9,N,6,,4,4,4,
2308060005,f_f005062,4,강릉 중앙시장,2023-08-06,2023-08-06,강원특별자치도 강릉시 금성로 21,강원특별자치도 강릉시 성남동 50,128.8986238,37.7540251,,,POI01000TR021364V,강릉중앙시장,30,4,Y,1,,3,3,3,
2308060006,f_f005062,5,감자옹심이,2023-08-06,2023-08-06,강원특별자치도 강릉시 금성로 14번길 5,,128.58736,38.21103,,,POI01000TR009156V,감자옹심이,30,11,N,9,,4,4,5,4215010600
2308060007,f_f005062,6,강릉 월화 거리,2023-08-06,2023-08-06,강원특별자치도 강릉시 경강로 2111,강원특별자치도 강릉시 임당동 106-1,128.8974965,37.7559098,,,POI01000TR024725V,강릉월화거리,30,4,Y,1,,3,3,3,
2308060008,f_f005062,7,송정해변,2023-08-06,2023-08-06,,강원특별자치도 강릉시 송정동 산 1-4,128.9377962,37.7798287,,,POI01000TR040808V,송정해변,120,1,N,6,,5,5,5,
2308060009,f_f005062,8,파라다이스 모텔,2023-08-06,2023-08-06,강원특별자치도 강릉시 창해로 291,강원특별자치도 강릉시 강문동 308-2,128.9222572,37.7900393,,,POI01000TR032457V,파라다이스모텔,120,24,N,8,2,4,4,4,
2308060010,f_f005062,9,강릉에 파랑 물회,2023-08-06,2023-08-06,강원특별자치도 강릉시 창해로350번길 17,강원특별자치도 강릉시 강문동 182-5,128.9175479,37.7956328,,,POI01000TR032544V,강릉해파랑물회,30,11,N,2,,2,2,2,
2308060011,f_f005062,10,스타벅스 강릉강문해변점,2023-08-06,2023-08-06,강원특별자치도 강릉시 창해로350번길 3,강원특별자치도 강릉시 강문동 182-2,128.9185549,37.7947119,,,POI01000TR008741V,스타벅스 강릉강문해변점,120,11,N,7,,5,5,5,
2308070001,f_f005062,12,원조 초당순두부,2023-08-07,2023-08-07,강원특별자치도 강릉시 초당순두부길77번길 9,강원특별자치도 강릉시 초당동 309-4,128.9149712,37.79063,,,POI01000TR014868V,원조초당순두부,30,11,N,3,,5,5,5,
2308070002,f_f005062,13,하슬라아트월드,2023-08-07,2023-08-07,강원특별자치도 강릉시 강동면 율곡로 1441,강원특별자치도 강릉시 강동면 정동진리 524-25,129.0094855,37.7058297,,,POI01000TR028281V,하슬라아트월드,120,3,N,1,,4,4,4,
2308070003,f_f005062,14,하슬라 아트월 드바 다 카페,2023-08-07,2023-08-07,강원도 강릉시 강동면 율곡로 1441,,128.58736,38.21103,,,POI03000TR003237V,하슬라아트월드바다카페,60,11,N,6,,4,4,4,4215034000
2308070004,f_f005062,15,강릉역,2023-08-07,2023-08-07,강원특별자치도 강릉시 용지로 176,강원특별자치도 강릉시 교동 118,128.8996276,37.7645236,,,POI0100000075Y1PW,강릉역,30,9,Y,6,,4,4,4,
2308070005,f_f005062,16,범포 어묵 강릉역점,2023-08-07,2023-08-07,강원특별자치도 강릉시 용지로 176,강원특별자치도 강릉시 교동 118,128.8997412,37.7643524,,,POI01000TR029921V,범표어묵 강릉역점,30,11,N,6,,4,4,4,
2308070006,f_f005062,17,서울역,2023-08-07,2023-08-07,서울 용산구 한강대로 405,서울 용산구 동자동 43-205,126.9706069,37.5546788,,,POI01000TR030428V,서울역,0,9,Y,6,,4,4,4,
2308070007,f_f005062,18,집,2023-08-07,2023-08-08,남부순환로 186가길 17,,,,,,,,240,21,,,,,,,1162010200
2308070001,f_f005086,1,집,2023-08-07,2023-08-07,송현로7길10,,,,,,,,,21,,,,,,,2729011500
2308070002,f_f005086,2,황금 코다리 울산 태화점,2023-08-07,2023-08-07,울산 중구 태화강국가정원길 163,울산 중구 태화동 431-23,129.2927529,35.5498493,,,POI03000TR003248V,황금코다리 울산태화점,60,11,N,5,,4,4,4,
2308070003,f_f005086,3,태화강 국가 정원,2023-08-07,2023-08-07,,울산 중구 태화동 107,129.2970462,35.5480699,,,POI01000TR034214V,태화강국가정원,30,1,N,1,,5,5,5,
2308070004,f_f005086,4,스타즈 호텔 울산점,2023-08-07,2023-08-07,울산 남구 남중로 65,울산 남구 삼산동 224-17,129.3474107,35.540219,,,POI0100000076V38F,스타즈호텔 울산점,210,24,N,2,1,5,1,2,
2308070005,f_f005086,5,선암호수 공원,2023-08-07,2023-08-07,,울산 남구 선암동 490-1,129.3264034,35.5168816,,,POI01000TR001213V,선암호수공원,30,1,N,1,,3,3,3,
2308070006,f_f005086,6,스타즈 호텔 울산점,2023-08-07,2023-08-08,울산 남구 남중로 65,울산 남구 삼산동 224-17,129.3474107,35.540219,,,POI0100000076V38F,스타즈호텔 울산점,210,24,N,2,1,3,2,2,
2308080001,f_f005086,7,장생포 고래문화마을,2023-08-08,2023-08-08,,울산 남구 매암동 209-8,129.3819838,35.5057,,,POI01000TR015542V,장생포고래문화마을,120,13,N,3,,5,5,5,
2308080002,f_f005086,8,장생포 고래생태체험관,2023-08-08,2023-08-08,울산 남구 장생포고래로 248,울산 남구 매암동 139-29,129.3821587,35.502259,,,POI01000TR036813V,장생포고래생태체험관,60,13,N,3,,4,4,4,
2308080003,f_f005086,9,일산 수산물 판매센터,2023-08-08,2023-08-08,울산 동구 일산진11길 150,울산 동구 일산동 287,129.4349211,35.5001275,,,POI01000TR028684V,일산수산물판매센터,60,4,N,5,,3,3,3,
2308080004,f_f005086,10,집,2023-08-08,2023-08-09,송현로7길10,,,,,,,,300,21,,,,,,,2729011500
2308060001,f_f005096,1,집,2023-08-06,2023-08-06,효성해링턴아파트,,,,,,,,,21,,,,,,,4146311000
2308060002,f_f005096,2,더블 루테라 호텔,2023-08-06,2023-08-06,강원특별자치도 속초시 동해대로 3920,강원특별자치도 속초시 조양동 1493-7,128.6014746,38.184846,,,POI01000000EWWKWI,더블루테라호텔,30,24,N,11,1,2,2,2,
2308060003,f_f005096,3,속초해수욕장,2023-08-06,2023-08-06,강원특별자치도 속초시 해오름로 186,강원특별자치도 속초시 조양동 1464-7,128.6040985,38.1900529,,,POI01000TR017253V,속초해수욕장,60,1,N,6,,4,4,4,
2308060004,f_f005096,4,비치 버거,2023-08-06,2023-08-06,강원특별자치도 속초시 새마을13길 17,강원특별자치도 속초시 조양동 1480-317,128.6042472,38.1863755,,,POI01000TR028736V,비치버거,30,11,N,9,,5,5,5,
2308060005,f_f005096,5,속초관광수산시장,2023-08-06,2023-08-06,강원특별자치도 속초시 중앙로147번길 16,강원특별자치도 속초시 중앙동 471-4,128.5901795,38.2045436,,,POI01000TR005661V,속초관광수산시장,90,4,Y,1,,5,5,5,
2308060006,f_f005096,6,웨일 라잇,2023-08-06,2023-08-06,강원특별자치도 속초시 청호해안길 2,강원특별자치도 속초시 조양동 1450-143,128.6026867,38.1906847,,,POI01000TR023752V,웨일라잇,120,4,N,9,,3,2,2,
2308060007,f_f005096,7,더블 루테라 호텔,2023-08-06,2023-08-07,강원특별자치도 속초시 동해대로 3920,강원특별자치도 속초시 조양동 1493-7,128.6014746,38.184846,,,POI01000000EWWKWI,더블루테라호텔,90,24,N,6,1,2,2,2,
2308070001,f_f005096,8,완도 회 식당,2023-08-07,2023-08-07,강원특별자치도 속초시 먹거리4길 21,강원특별자치도 속초시 교동 962-14,128.573005,38.1956227,,,POI010000008LVA4Y,완도회식당,30,11,N,2,,5,5,5,
2308070002,f_f005096,9,희희횸횸,2023-08-07,2023-08-07,강원특별자치도 속초시 중앙로 54,,,,,,,,30,10,N,6,,4,4,4,42210
2308070003,f_f005096,10,영랑 해안 길,2023-08-07,2023-08-07,,,,,,,,,60,1,N,9,,5,5,5,4221010100
2308070004,f_f005096,11,속초관광수산시장,2023-08-07,2023-08-07,강원특별자치도 속초시 중앙로147번길 16,강원특별자치도 속초시 중앙동 471-4,128.5901795,38.2045436,,,POI01000TR005661V,속초관광수산시장,90,4,Y,1,,5,5,5,
2308070005,f_f005096,12,집,2023-08-07,2023-08-08,효성해링턴아파트,,,,,,,,240,21,,,,,,,4146311000
2307300001,f_f005133,1,집,2023-07-30,2023-07-30,,,,,,,,,,21,,,,,,,2817710500
2307300002,f_f005133,2,서울역,2023-07-30,2023-07-30,서울 용산구 한강대로 405,서울 용산구 동자동 43-205,126.9706069,37.5546788,,,POI01000TR030428V,서울역,30,9,N,6,,5,5,5,
2307300003,f_f005133,3,부산역,2023-07-30,2023-07-30,부산 동구 중앙대로 206,부산 동구 초량동 1187-1,129.0414192,35.1151092,,,POI01000TR040141V,부산역,30,9,N,6,,5,5,5,
2307300004,f_f005133,4,해운대 기와집 대구탕 본점,2023-07-30,2023-07-30,부산 해운대구 달맞이길104번길 46,부산 해운대구 중동 990-3,129.1745269,35.1581669,,,POI01000TR036846V,해운대기와집대구탕 본점,60,11,N,5,,5,5,5,
2307300005,f_f005133,5,해운대 블루라인파크 미포 정거장,2023-07-30,2023-07-30,부산 해운대구 달맞이길62번길 13,부산 해운대구 중동 1019-2,129.1728147,35.1581526,,,POI01000TR030644V,해운대블루라인파크 미포정거장,30,13,N,1,,4,4,4,
2307300006,f_f005133,6,에이치 어스,2023-07-30,2023-07-30,부산 해운대구 청사포로 135,부산 해운대구 중동 524-15,129.1933802,35.1608205,,,POI01000000CZOWB2,에이치.어스,60,11,N,9,,5,5,5,
2307300007,f_f005133,7,해운대 블루라인파크 청사포 정거장,2023-07-30,2023-07-30,부산 해운대구 청사포로 116,부산 해운대구 중동 555-2,129.1913641,35.1612156,,,POI01000000CF172X,청사포정거장입구,30,13,N,1,,4,3,3,
2307300008,f_f005133,8,부산 광안 대우아이 빌 오피스텔,2023-07-30,2023-07-30,부산 수영구 광안로62번길 39,부산 수영구 광안동 193-4,129.1177216,35.1530954,,,POI01000TR041294V,부산광안대우아이빌오피스텔,150,22,,,,,,,
2307300009,f_f005133,9,요트다,2023-07-30,2023-07-30,,부산 해운대구 우동 1394,129.1392417,35.1610221,,,POI01000TR039696V,요트다,90,5,N,1,,5,5,5,
2307300010,f_f005133,10,광안리 신라 횟집,2023-07-30,2023-07-30,부산 수영구 민락수변로7번길 16,부산 수영구 민락동 181-149,129.1245574,35.1552492,,,POI01000000ERP8EC,광안리신라횟집,60,11,N,2,,5,5,5,
2307300011,f_f005133,11,광안리해수욕장,2023-07-30,2023-07-30,부산 수영구 광안해변로 219,부산 수영구 광안동 192-20,129.1189761,35.1531933,,,POI01000TR030726V,광안리해수욕장,30,1,N,1,,5,5,5,
2307300012,f_f005133,12,부산 광안 대우아이 빌 오피스텔,2023-07-30,2023-07-31,부산 수영구 광안로62번길 39,부산 수영구 광안동 193-4,129.1177216,35.1530954,,,POI01000TR041294V,부산광안대우아이빌오피스텔,90,22,,,,,,,
2307310001,f_f005133,13,광안리해수욕장,2023-07-31,2023-07-31,부산 수영구 광안해변로 219,부산 수영구 광안동 192-20,129.1189761,35.1531933,,,POI01000TR030726V,광안리해수욕장,30,1,Y,1,,5,5,5,
2307310002,f_f005133,14,이재모 피자,2023-07-31,2023-07-31,부산 중구 광복중앙로 31,부산 중구 신창동1가 2-1,129.0307472,35.1020422,,,POI01000TR017088V,이재모피자,90,11,N,2,,5,5,5,
2307310003,f_f005133,15,부산역,2023-07-31,2023-07-31,부산 동구 중앙대로 206,부산 동구 초량동 1187-1,129.0414192,35.1151092,,,POI01000TR040141V,부산역,0,9,Y,6,,5,5,5,
2307310004,f_f005133,16,경산역,2023-07-31,2023-07-31,경북 경산시 중앙로 1,경북 경산시 사정동 84-1,128.7279409,35.8193488,,,POI01000000BZ7Z0C,경산역,0,9,N,6,,5,5,5,
2307310005,f_f005133,17,이웃집 수달,2023-07-31,2023-07-31,경북 경산시 한의대로 136,경북 경산시 점촌동 60-11,128.7775198,35.8092504,,,POI03000TR003813V,이웃집수달,60,6,N,3,,5,5,5,
2307310006,f_f005133,18,신세계백화점 대구점,2023-07-31,2023-07-31,대구 동구 동부로 149,대구 동구 신천동 1506,128.6289649,35.8777969,,,POI01000TR010114V,신세계백화점 대구점,60,11,N,7,,5,5,5,
2307310007,f_f005133,19,공차 동대구 복합환승센터점,2023-07-31,2023-07-31,대구 동구 동부로 149,대구 동구 신천동 1506,128.629326,35.8781291,,,POI03000TR003814V,공차 동대구복합환승센터점,60,11,N,11,,3,1,2,
2307310008,f_f005133,20,집,2023-07-31,2023-08-01,,,,,,,,,60,21,,,,,,,2817710500
2308020001,f_f005161,1,친구 친지 집,2023-08-02,2023-08-02,구성리,,,,,,,,,22,,,,,,,4282032000
2308020002,f_f005161,2,전원식당,2023-08-02,2023-08-02,강원특별자치도 속초시 영금정로 15,강원특별자치도 속초시 동명동 51,128.5980986,38.2129362,,,POI010000008LW4MB,뉴전원식당,30,11,Y,5,,5,5,5,
2308020003,f_f005161,3,영금정,2023-08-02,2023-08-02,강원특별자치도 속초시 영금정로 43,강원특별자치도 속초시 동명동 1-185,128.6016133,38.2118109,,,POI01000TR015762V,영금정,30,1,N,1,,5,5,5,
2308020004,f_f005161,4,이디야커피 속초 동명항점,2023-08-02,2023-08-02,강원특별자치도 속초시 동명항길 49,강원특별자치도 속초시 동명동 1-263,128.5994464,38.2119197,,,POI01000TR107851V,이디야커피 속초동명항점,30,11,N,9,,5,5,5,
2308020005,f_f005161,5,봉 브레드,2023-08-02,2023-08-02,강원특별자치도 속초시 동해대로 4344-1,강원특별자치도 속초시 교동 799-173,128.5684677,38.2029116,,,POI010000008LT2BV,봉브레드,0,11,Y,4,,5,5,5,
2308020006,f_f005161,6,집,2023-08-02,2023-08-03,구성리,,,,,,,,240,22,,,,,,,4282032000
2308020001,f_f005287,1,집,2023-08-02,2023-08-02,월성주공4,,,,,,,,,21,,,,,,,2729012000
2308020002,f_f005287,5,집,2023-08-02,2023-08-03,월성주공4,,,,,,,,270,21,,,,,,,2729012000
2308020003,f_f005287,2,교촌면옥 황성점,2023-08-02,2023-08-02,경북 경주시 갓뒤동녘길 31-2,경북 경주시 황성동 156,129.2192606,35.8715662,,,POI03000TR013793V,교촌면옥 황성점,30,11,N,1,,4,4,4,
2308020004,f_f005287,3,금관총,2023-08-02,2023-08-02,,경북 경주시 노서동 104,129.2098226,35.841094,,,POI01000TR015027V,금관총,30,2,N,1,,4,4,4,
2308020005,f_f005287,4,라소 커피 스튜디오,2023-08-02,2023-08-02,경북 경주시 사정로57번길 6,경북 경주시 황남동 288-3,129.2094197,35.8369431,,,POI01000TR014752V,라소커피스튜디오,30,11,N,9,,4,4,4,
2308260001,f_f005289,1,집,2023-08-26,2023-08-26,,,,,,,,,,21,,,,,,,4122011800
2308260002,f_f005289,2,원주 도레미 시장,2023-08-26,2023-08-26,강원특별자치도 원주시 중앙시장길 31-3,강원특별자치도 원주시 중앙동 48,127.9498118,37.3513201,,,POI01000TR007134V,원주도래미시장,30,4,N,11,,4,5,5,
2308260003,f_f005289,4,발왕산 관광 케이블,2023-08-26,2023-08-26,올림픽로 715,,128.446347,37.179879,,,POI03000TR018649V,발왕산관광케이블,120,1,N,1,,5,5,5,4276038000
2308260004,f_f005289,3,대관령한우타운,2023-08-26,2023-08-26,강원특별자치도 평창군 대관령면 올림픽로 38,강원특별자치도 평창군 대관령면 횡계리 376-46,128.6998384,37.6753607,,,POI010000008MY4IA,대관령한우타운,30,11,N,2,,1,1,1,
2308260005,f_f005289,5,AM 호텔,2023-08-26,2023-08-26,강원특별자치도 평창군 대관령면 송천길 30,강원특별자치도 평창군 대관령면 횡계리 278-4,128.7114862,37.67094,,,POI0100000090XIH1,AM호텔,300,24,N,2,1,4,4,4,
2308260006,f_f005289,6,평창송어횟집,2023-08-26,2023-08-26,강원특별자치도 평창군 진부면 송정택지2길 33-21,강원특별자치도 평창군 진부면 송정리 2518-2,128.5614526,37.634981,,,POI01000000ESV7Y2,평창송어횟집,60,11,N,2,,1,1,1,
2308260007,f_f005289,7,117번가,2023-08-26,2023-08-26,강원특별자치도 평창군 대관령면 대관령로 117-1,강원특별자치도 평창군 대관령면 횡계리 328-1,128.7093936,37.6723019,,,POI010000008MCBXA,117번가,90,11,N,9,,2,1,1,
2308260008,f_f005289,8,AM 호텔,2023-08-26,2023-08-27,강원특별자치도 평창군 대관령면 송천길 30,강원특별자치도 평창군 대관령면 횡계리 278-4,128.7114862,37.67094,,,POI0100000090XIH1,AM호텔,60,24,Y,2,1,4,4,4,
2308270001,f_f005289,9,월정사,2023-08-27,2023-08-27,강원특별자치도 평창군 진부면 오대산로 374-8,강원특별자치도 평창군 진부면 동산리 63-1,128.592123,37.7317508,,,POI01000TR019950V,월정사,60,2,N,1,,4,5,5,
2308270002,f_f005289,10,다 푸네 고프네 쌈밥,2023-08-27,2023-08-27,강원특별자치도 평창군 대관령면 횡계2길 8-5,강원특별자치도 평창군 대관령면 횡계리 331-49,128.7095029,37.6729147,,,POI010000008N6IBQ,다푸네고푸네쌈밥,60,11,N,9,,3,1,1,
2308270003,f_f005289,11,뮤지엄 딥 다이브,2023-08-27,2023-08-27,강원특별자치도 평창군 대관령면 올림픽로 787,강원특별자치도 평창군 대관령면 용산리 504-1,128.6713829,37.6424131,,,POI02000TR004925V,뮤지엄 딥다이브,120,3,N,1,,5,4,4,
2308270004,f_f005289,12,영월 관광센터,2023-08-27,2023-08-27,청렬포로 126-3,,128.446347,37.179879,,,POI01000TR007726V,영월관광센터,30,3,N,9,,5,5,5,4275025000
2308270005,f_f005289,13,샤브향 제천 하소점,2023-08-27,2023-08-27,충북 제천시 원뜰로 24,충북 제천시 하소동 209-46,128.1952614,37.1325949,,,POI03000TR018654V,샤브향 제천하소점,60,11,N,9,,2,2,1,
2308270006,f_f005289,14,청령포 주유소,2023-08-27,2023-08-27,강원특별자치도 영월군 영월읍 청령포로 6,강원특별자치도 영월군 영월읍 하송리 294-5,128.4574826,37.1851049,,,POI010000006DE1PJ,SK에너지청령포주유소,30,12,N,11,,4,4,4,
2308270007,f_f005289,15,집,2023-08-27,2023-08-28,,,,,,,,,120,21,,,,,,,4122011800
2308140001,f_f005385,1,집,2023-08-14,2023-08-14,서울 도봉구 노해로63가길 229 방학신화하니엘,서울 도봉구 방학동 711-1,,,4127024,1132010600,,,,21,,,,,,,
2308140002,f_f005385,9,집,2023-08-14,2023-08-15,서울 도봉구 노해로63가길 229 방학신화하니엘,서울 도봉구 방학동 711-1,,,4127024,1132010600,,,30,21,,,,,,,
2308140003,f_f005385,2,감자 유원지,2023-08-14,2023-08-14,강원특별자치도 강릉시 경강로2115번길 7,강원특별자치도 강릉시 임당동 103-12,128.8973898,37.7563512,,,POI01000TR042237V,감자유원지,60,11,N,2,,4,3,4,
2308140004,f_f005385,3,강릉 바삭이네,2023-08-14,2023-08-14,강원특별자치도 강릉시 금성로13번길 9-2,강원특별자치도 강릉시 성남동,128.8995454,37.7538589,,,POI01000000CXPDOV,강릉바삭이네,30,11,N,2,,1,4,4,
2308140005,f_f005385,4,아르떼 뮤지엄 강릉,2023-08-14,2023-08-14,강원특별자치도 강릉시 난설헌로 131,강원특별자치도 강릉시 초당동 505,128.9073556,37.7918274,,,POI01000TR002838V,아르떼뮤지엄 강릉,60,3,N,1,,1,3,3,
2308140006,f_f005385,5,강문해변,2023-08-14,2023-08-14,,강원특별자치도 강릉시 강문동 182-1,128.9191753,37.7948207,,,POI01000TR024661V,강문해변,30,1,N,1,,1,3,3,
2308140007,f_f005385,6,소나무집 초당순두부,2023-08-14,2023-08-14,강원특별자치도 강릉시 초당순두부길 95-5,강원특별자치도 강릉시 초당동 354-4,128.9155074,37.7916987,,,POI01000000E01ZQ0,소나무집초당순두부,30,11,N,2,,3,3,3,
2308140008,f_f005385,7,최일선 짬뽕 순두부,2023-08-14,2023-08-14,강원특별자치도 강릉시 해안로 517,강원특별자치도 강릉시 안현동 862,128.9035218,37.8047714,,,POI01000TR034617V,최일순짬뽕순두부,30,11,N,2,,4,3,3,
2308140009,f_f005385,8,테라로사 사천점,2023-08-14,2023-08-14,강원특별자치도 강릉시 사천면 순포안길 6,강원특별자치도 강릉시 사천면 산대월리 158-4,128.8850279,37.8223703,,,POI01000TR006533V,테라로사 사천점,30,11,N,6,,1,5,5,
2308040001,f_f005403,1,집,2023-08-04,2023-08-04,계동로 138,,,,,,,,,21,,,,,,,4825012900
2308040002,f_f005403,2,불국사,2023-08-04,2023-08-04,경북 경주시 불국로 385,경북 경주시 진현동 15-1,129.3318426,35.7899147,,,POI01000TR000952V,불국사,60,2,Y,10,,5,4,4,
2308040003,f_f005403,3,경주 황룡사지,2023-08-04,2023-08-04,,경북 경주시 구황동 786-3,129.2326064,35.8383993,,,POI01000TR036817V,경주황룡사지,60,2,N,10,,4,3,4,
2308040004,f_f005403,4,정록 쌈밥,2023-08-04,2023-08-04,경북 경주시 계림로 48,경북 경주시 황남동 27-3,129.2140742,35.8386261,,,POI03000TR010830V,정록쌈밥,30,11,N,9,,4,3,4,
2308040005,f_f005403,5,국립경주박물관,2023-08-04,2023-08-04,경북 경주시 일정로 186,경북 경주시 인왕동 76,129.2279503,35.8292339,,,POI010000009GI2HM,국립경주박물관,120,2,N,10,,5,4,5,
2308040006,f_f005403,6,집,2023-08-04,2023-08-05,계동로 138,,,,,,,,360,21,,,,,,,4825012900
2308080001,f_f005414,1,집,2023-08-08,2023-08-08,정평길 30 107.902,,,,,,,,,21,,,,,,,4729011100
2308080002,f_f005414,2,영남대 시외버스정류장,2023-08-08,2023-08-08,경북 경산시 대학로 292,경북 경산시 대동 214-1,128.7544978,35.8367703,,,POI02001TR021001V,영남대시외버스정류장,0,9,Y,6,,4,4,5,
2308080003,f_f005414,3,소바카게,2023-08-08,2023-08-08,경북 경주시 첨성로99번길 25-5,경북 경주시 황남동 229-9,129.2118991,35.8353756,,,POI01000000CSSR1K,소바카게,30,11,Y,4,,5,3,4,
2308080004,f_f005414,4,포도 경주 황리 비단길점,2023-08-08,2023-08-08,경북 경주시 사정로 46-3,경북 경주시 사정동 122-7,129.2082418,35.8365241,,,POI03000TR003902V,포도 경주황리단길점,0,10,N,9,,5,3,5,
2308080005,f_f005414,5,CU 경주 황남점,2023-08-08,2023-08-08,경북 경주시 포석로 1056,경북 경주시 황남동 309-1,129.2097238,35.8353805,,,POI02001TR000279V,CU 경주황남점,0,10,N,9,,5,5,5,
2308080006,f_f005414,6,가야 미니 호텔,2023-08-08,2023-08-08,경북 경주시 태종로 801-7,경북 경주시 황오동 302-2,129.2161002,35.8416821,,,POI01000TR007599V,가야미니호텔,60,24,N,7,1,5,5,5,
2308080007,f_f005414,7,다이소 경주 본점,2023-08-08,2023-08-08,경북 경주시 계림로 101,경북 경주시 노동동 140-6,129.2133984,35.8436124,,,POI01000TR015042V,다이소 경주본점,0,4,N,11,,5,3,4,
2308080008,f_f005414,8,컴포즈커피 경주 황오점,2023-08-08,2023-08-08,경북 경주시 계림로 110-1,경북 경주시 황오동 204-2,129.2136935,35.8440394,,,POI02001TR029378V,컴포즈커피 경주황오점,0,11,N,9,,5,5,5,
2308080009,f_f005414,9,월정교,2023-08-08,2023-08-08,,경북 경주시 교동 274,129.2181213,35.8292995,,,POI01000TR017617V,월정교,30,7,Y,4,,5,4,4,
2308080010,f_f005414,10,경주시 화랑로 100,2023-08-08,2023-08-08,,,,,,,,,0,11,N,3,,5,5,5,4713010100
2308080011,f_f005414,11,가야 미니 호텔,2023-08-08,2023-08-09,경북 경주시 태종로 801-7,경북 경주시 황오동 302-2,129.2161002,35.8416821,,,POI01000TR007599V,가야미니호텔,120,24,N,2,1,5,5,5,
2308090001,f_f005414,12,경주시 경감로 504-4 1층,2023-08-09,2023-08-09,우화한식당,,,,,,,,60,11,N,2,,5,5,5,4713013500
2308090002,f_f005414,13,한 셀렉트 경주,2023-08-09,2023-08-09,경북 경주시 보문로 338,경북 경주시 신평동 477-2,129.277023,35.8503197,,,POI01000TR015750V,라한셀렉트 경주,60,3,N,2,,5,5,5,
2308090003,f_f005414,14,롯데시네마 경주 황성,2023-08-09,2023-08-09,경북 경주시 유림로5번길 85-46,경북 경주시 황성동 800-22,129.2181075,35.8808304,,,POI03000TR003910V,롯데시네마 경주황성,150,3,Y,7,,5,5,5,
2308090004,f_f005414,15,경주 시외버스터미널,2023-08-09,2023-08-09,경북 경주시 강변로 184,경북 경주시 노서동 160-2,129.2024687,35.8398,,,POI01000TR024444V,경주시외버스터미널,0,9,Y,6,,5,5,5,
2308090005,f_f005414,16,이삭토스트 경산 영남대역점,2023-08-09,2023-08-09,경북 경산시 대학로 285,경북 경산시 대동 170-7,128.7533046,35.8367093,,,POI03000TR003911V,이삭토스트 경산영남대역점,0,11,Y,11,,5,4,3,
2308090006,f_f005414,17,모 브랜드 경산 정평점,2023-08-09,2023-08-09,경북 경산시 대학로 44,경북 경산시 정평동 206-14,128.7274327,35.8338779,,,POI01000000EW44P3,노브랜드,0,10,Y,6,,5,3,4,
2308090007,f_f005414,18,집,2023-08-09,2023-08-10,정평길 30 107.902,,,,,,,,270,21,,,,,,,4729011100
2308060001,f_f005444,1,집,2023-08-06,2023-08-06,미남로 62  (사직3동 57번 종점지),,,,,,,,,21,,,,,,,2626010900
2308060002,f_f005444,2,양산휴게소 서울 방향,2023-08-06,2023-08-06,경남 양산시 동면 목장길 15-50,경남 양산시 동면 내송리 산 86-6,129.0564713,35.3236189,,,POI01000000BWH4VJ,양산휴게소 서울방향,30,9,N,6,,5,5,5,
2308060003,f_f005444,3,자수정 동굴나라,2023-08-06,2023-08-06,울산 울주군 상북면 자수정로 212,울산 울주군 상북면 등억알프스리 산 177-2,129.0939735,35.5454831,,,POI01000000B7HH9L,자수정동굴나라,60,13,N,1,,5,5,5,
2308060004,f_f005444,4,호계공설시장,2023-08-06,2023-08-06,울산 북구 호계3길 17-11,울산 북구 호계동 869-1,129.3555333,35.6234905,,,POI01000000E1EMCN,호계공설시장,30,4,N,1,,5,5,5,
2308060005,f_f005444,5,롯데마트 진장점,2023-08-06,2023-08-06,울산 북구 진장유통로 64,울산 북구 진장동 283-1,129.3590819,35.5759827,,,POI01000000E0F01Q,롯데마트진장점,60,4,N,8,,5,5,5,
2308060006,f_f005444,6,강동 몽돌해변,2023-08-06,2023-08-06,,울산 북구 산하동,129.4407594,35.6304753,,,POI01000TR040611V,강동몽돌해변,60,1,N,1,,5,5,5,
2308060007,f_f005444,7,해비치,2023-08-06,2023-08-07,울산 북구 동해안로 762,울산 북구 어물동 214-7,129.4523355,35.5734494,,,POI010000006SH87Q,해비치,510,24,N,2,3,5,5,5,
2308070001,f_f005444,8,방어진 공동 어 시장,2023-08-07,2023-08-07,,울산 동구 방어동 198-16,129.4255876,35.4852249,,,POI03000TR003317V,방어진공동어시장,30,4,N,8,,5,5,5,
2308070002,f_f005444,9,대왕암공원 출렁다리,2023-08-07,2023-08-07,,울산 동구 일산동 905,129.4375145,35.4929316,,,POI01000TR001607V,대왕암공원 출렁다리,30,1,N,1,,5,5,5,
2308070003,f_f005444,10,기장시장,2023-08-07,2023-08-07,부산 기장군 기장읍 읍내로104번길 16,부산 기장군 기장읍 대라리 72-1,129.2152846,35.2435362,,,POI0100000083BKPR,기장시장,30,4,Y,8,,5,5,5,
2308070004,f_f005444,11,집,2023-08-07,2023-08-08,미남로 62  (사직3동 57번 종점지),,,,,,,,540,21,,,,,,,2626010900
2308250001,f_f005445,1,사무실,2023-08-25,2023-08-25,서울특별시 성동구 왕십리로 222,,,,,,,,,23,,,,,,,1120010200
2308250002,f_f005445,2,자연을 품은 내린천 휴게소,2023-08-25,2023-08-25,하남리 297-5,,,,,,,,30,9,Y,7,,5,5,5,4281035000
2308250003,f_f005445,3,오대양 횟집,2023-08-25,2023-08-25,하광정리 579,,,,,,,,30,11,N,8,,5,5,5,4283033000
2308250004,f_f005445,4,Gs25 하조대 편의점,2023-08-25,2023-08-25,하광정리 579,,,,,,,,30,10,N,9,,5,5,5,4283033000
2308250007,f_f005445,5,E7 양양 죽도 오션 스테이 양양 128호,2023-08-25,2023-08-26,동산큰길 21,,,,,,,,210,24,N,5,1,5,5,5,4283034000
2308260001,f_f005445,6,인구해변,2023-08-26,2023-08-26,강원특별자치도 양양군 현남면 인구항길 12,강원특별자치도 양양군 현남면 인구리 630-2,128.7625133,37.9691067,,,POI01000TR011877V,인구해변,360,1,N,1,,5,5,5,
2308260002,f_f005445,7,죽도해변,2023-08-26,2023-08-26,,강원특별자치도 양양군 현남면 시변리,128.7607068,37.9729371,,,POI01000TR033965V,죽도해변,30,1,N,9,,5,5,5,
2308260003,f_f005445,8,삼팔 횟집,2023-08-26,2023-08-26,강원특별자치도 양양군 현북면 기사문길 58,강원특별자치도 양양군 현북면 기사문리 98,128.7295423,38.0093012,,,POI010000006BEQ9Q,삼팔횟집,60,11,N,2,,5,5,5,
2308260004,f_f005445,9,하조대해수욕장,2023-08-26,2023-08-26,,강원특별자치도 양양군 현북면 하광정리 80-2,128.7202832,38.0264231,,,POI01000TR012895V,하조대해수욕장,180,13,N,1,,5,5,5,
2308260005,f_f005445,10,에이쓰리 커피,2023-08-26,2023-08-26,강원특별자치도 양양군 현북면 하륜길 46,강원특별자치도 양양군 현북면 하광정리 65-5,128.7277321,38.0211368,,,POI010000006BEQ0H,에이쓰리커피,30,11,N,9,,5,5,5,
2308260006,f_f005445,11,자연을 담은 내린천 휴게소 서울 방향,2023-08-26,2023-08-26,하남리 297-5,,,,,,,,60,9,Y,7,,5,5,5,4281035000
2308260007,f_f005445,12,월곡역 6호선,2023-08-26,2023-08-27,서울 성북구 월곡로 지하 107,서울 성북구 하월곡동 35-1,127.0414607,37.6018044,,,POI03000TR015305V,월곡역 6호선,180,21,,,,,,,
2308060001,f_f005449,1,집,2023-08-06,2023-08-06,쌍미천로 57번길,,,,,,,,,21,,,,,,,2647010200
2308060002,f_f005449,2,커피집,2023-08-06,2023-08-06,사상로356번길 16,,,,,,,,60,11,N,2,,5,5,5,2653010300
2308060003,f_f005449,3,"수로왕릉, 김해민속박물관",2023-08-06,2023-08-06,경남 김해시 왕릉길 26,경남 김해시 서상동 312,128.8784957,35.2353096,,,POI03000TR003321V,"수로왕릉, 김해민속박물관",30,2,N,1,,4,3,3,
2308060004,f_f005449,4,김해 봉황대,2023-08-06,2023-08-06,경남 김해시 가락로63번길 51,경남 김해시 봉황동 158,128.8763408,35.2304514,,,POI03000TR003322V,김해봉황대,30,7,N,6,,4,4,4,
2308060005,f_f005449,6,시오리 막국수 봉황점,2023-08-06,2023-08-06,경남 김해시 왕릉길 60,경남 김해시 봉황동 409-4,128.875095,35.2332031,,,POI01000TR107219V,시오리막국수 봉황점,30,11,N,9,,5,5,5,
2308060006,f_f005449,5,탑 보이스 동전 노래연습장 어방점,2023-08-06,2023-08-06,경남 김해시 인제로188번길 3-16,경남 김해시 어방동 520-8,128.9046029,35.2460509,,,POI03000TR003324V,탑보이스동전노래연습장 어방점,30,12,Y,6,,5,5,5,
2308060007,f_f005449,7,한일아파트,2023-08-06,2023-08-07,경남 김해시 삼안로111번길 12,경남 김해시 안동 333,128.9150299,35.2391274,,,POI01000000BYTI9P,한일아파트,150,22,,,,,,,
2308150001,f_f005501,1,집,2023-08-15,2023-08-15,전남 광양시 금호로 244,전남 광양시 금호동 684,,,3285009,4623011000,,,,21,,,,,,,
2308150002,f_f005501,2,남해 이순신 순국공원,2023-08-15,2023-08-15,,경남 남해군 고현면 차면리 717,127.8575447,34.9145505,,,POI01000000BYLFKP,이순신순국공원,60,2,Y,4,,4,4,4,
2308150003,f_f005501,3,남해농협 하나로마트,2023-08-15,2023-08-15,경남 남해군 남해읍 화전로122번길 2,경남 남해군 남해읍 북변리 555-5,127.8940528,34.8418808,,,POI01000000CNJ2WC,남해농협하나로마트,30,4,N,9,,4,3,3,
2308150004,f_f005501,4,NAMHAE 정 식당,2023-08-15,2023-08-15,경남 남해군 남해읍 화전로122번가길 7,경남 남해군 남해읍 북변리 526,127.8951311,34.8427184,,,POI01000TR022673V,NAMHAE정식당,60,11,N,2,,5,4,4,
2308150005,f_f005501,5,집,2023-08-15,2023-08-16,전남 광양시 금호로 244,전남 광양시 금호동 684,,,3285009,4623011000,,,510,21,,,,,,,
2308030001,f_f005535,1,집,2023-08-03,2023-08-03,경북 경산시 하양읍 서사도리로 80,경북 경산시 하양읍 서사리 349,,,3353152,4729025024,,,,21,,,,,,,
2308030002,f_f005535,2,하양 시외버스정류소,2023-08-03,2023-08-03,,경북 경산시 하양읍 금락리 373-10,128.8140304,35.9093338,,,POI03000TR004747V,하양시외버스정류소,30,9,Y,6,,5,5,5,
2308030003,f_f005535,3,경주 시외버스터미널,2023-08-03,2023-08-03,경북 경주시 강변로 184,경북 경주시 노서동 160-2,129.2024687,35.8398,,,POI01000TR024444V,경주시외버스터미널,0,9,N,6,,5,5,5,
2308030005,f_f005535,9,하양 꿈 바우 시장,2023-08-03,2023-08-04,경북 경산시 하양읍 대학로 1544,경북 경산시 하양읍 금락리 35-89,128.8204944,35.9153148,,,POI010000008WF00F,하양꿈바우시장,300,22,,,,,,,
2308030006,f_f005535,4,캘리포니아비치,2023-08-03,2023-08-03,경북 경주시 보문로 544,경북 경주시 천군동 191-5,129.2833301,35.8345328,,,POI01000TR035468V,캘리포니아비치,360,6,N,2,,5,5,5,
2308030007,f_f005535,5,황남빵,2023-08-03,2023-08-03,경북 경주시 태종로 783,경북 경주시 황오동 347-1,129.2136444,35.8408398,,,POI01000000D70O37,황남빵,30,10,N,5,,5,5,5,
2308030008,f_f005535,6,황남 옥수수 황리단길점,2023-08-03,2023-08-03,경북 경주시 포석로 1085,경북 경주시 황남동 276-4,129.2096576,35.8380191,,,POI01000TR037664V,황남옥수수 황리단길점,30,4,N,1,,3,2,2,
2308030009,f_f005535,7,카페는,2023-08-03,2023-08-03,경북 경주시 포석로1068번길 3,경북 경주시 황남동 297-1,129.2099396,35.8364578,,,POI0100000073IMY8,카페능,30,4,N,9,,3,3,3,
2308030010,f_f005535,8,신경주역,2023-08-03,2023-08-03,경북 경주시 건천읍 경주역로 80,경북 경주시 건천읍 화천리 1010,129.1389983,35.7983755,,,POI0100000068UYDF,신경주역,30,9,N,6,,5,5,5,
2308260001,f_f005573,1,집,2023-08-26,2023-08-26,역곡로416,,,,,,,,,21,,,,,,,4119012100
2308260002,f_f005573,2,의왕 서해그랑블 블루스퀘어 아파트,2023-08-26,2023-08-26,경기 의왕시 경수대로 262,경기 의왕시 오전동 892,126.9734542,37.3504946,,,POI03000TR019718V,의왕서해그랑블블루스퀘어아파트,30,22,,,,,,,
2308260003,f_f005573,3,천안호두 휴게소 부산방향,2023-08-26,2023-08-26,충남 천안시 동남구 수신면 성남로 793-40,충남 천안시 동남구 수신면 신풍리 447-3,127.263867,36.7301754,,,POI01000TR031604V,천안호두휴게소 부산방향,30,9,N,9,,5,3,3,
2308260004,f_f005573,6,육 면,2023-08-26,2023-08-26,경남 합천군 합천읍 서산길 17-80,경남 합천군 합천읍 합천리 1298-6,128.1484119,35.5666091,,,POI01000TR000917V,육면,60,4,N,2,,5,5,5,
2308260005,f_f005573,4,합천영상테마파크 주차장,2023-08-26,2023-08-26,경남 합천군 용주면 합천호수로 757,경남 합천군 용주면 가호리 256-5,128.0718934,35.548165,,,POI03000TR019720V,합천영상테마파크 주차장,30,13,Y,1,,5,5,5,
2308260006,f_f005573,7,카페 플로라,2023-08-26,2023-08-26,경남 합천군 대병면 합천호수로 89,경남 합천군 대병면 회양리 1835,128.0264455,35.5246015,,,POI03000TR006071V,카페플로라,120,11,N,2,,5,5,4,
2308260007,f_f005573,5,대장경테마파크,2023-08-26,2023-08-26,경남 합천군 가야면 가야산로 1160,경남 합천군 가야면 야천리 943,128.134684,35.7678866,,,POI01000000EHLU17,대장경테마파크,180,2,N,1,,5,3,4,
2308260008,f_f005573,8,강변 식당,2023-08-26,2023-08-26,경남 합천군 합천읍 남정길 17,경남 합천군 합천읍 합천리 948-1,128.1558306,35.5626764,,,POI01000000D2K487,강변식당,60,11,N,2,,4,3,4,
2308260009,f_f005573,9,준호텔,2023-08-26,2023-08-27,경남 합천군 대양면 동부로 64-88,경남 합천군 대양면 정양리 86-3,128.1719089,35.5547498,,,POI01000TR037165V,준호텔,180,24,N,2,1,5,5,5,
2308270001,f_f005573,10,합천영상테마파크,2023-08-27,2023-08-27,경남 합천군 용주면 합천호수로 757,경남 합천군 용주면 가호리 256-5,128.0718461,35.5487512,,,POI01000TR026237V,합천영상테마파크,120,2,Y,1,,5,5,5,
2308270002,f_f005573,11,국채보상운동 기념공원 공영주차장,2023-08-27,2023-08-27,대구 중구 국채보상로 670,대구 중구 동인동2가 42,128.6002883,35.8688268,,,POI01000000BZ9SAH,국채보상운동기념공원 공영주차장,30,9,Y,8,,5,5,5,
2308270003,f_f005573,12,쿠모탄,2023-08-27,2023-08-27,대구 중구 경상감영길 168,대구 중구 동문동 38-3,128.5965405,35.8720776,,,POI03000TR019724V,쿠모탄,60,11,N,6,,4,4,4,
2308270004,f_f005573,13,송죽 시어터,2023-08-27,2023-08-27,대구 중구 교동길 15,대구 중구 화전동 11-1,128.5954695,35.8734399,,,POI03000TR019725V,송죽씨어터,90,3,N,1,,5,5,5,
2308270005,f_f005573,15,스파크 랜드,2023-08-27,2023-08-27,대구 중구 동성로6길 61,대구 중구 공평동 58-6,128.5987359,35.8687646,,,POI01000TR038709V,스파크랜드,60,6,Y,1,,3,3,3,
2308270006,f_f005573,14,애리조나 막창,2023-08-27,2023-08-27,대구 수성구 용학로25길 45,대구 수성구 두산동 698,128.6247618,35.8257264,,,POI01000000DZX5X7,아리조나막창,60,11,N,5,,5,5,5,
2308270007,f_f005573,16,선산휴게소 양평방향,2023-08-27,2023-08-27,경북 구미시 옥성면 중부내륙고속도로 128,경북 구미시 옥성면 대원리 31-6,128.2491505,36.2780617,,,POI01000TR011578V,선산휴게소 양평방향,30,9,N,9,,4,4,5,
2308270008,f_f005573,17,의왕 서해그랑블 블루스퀘어 아파트,2023-08-27,2023-08-27,경기 의왕시 경수대로 262,경기 의왕시 오전동 892,126.9734542,37.3504946,,,POI03000TR019718V,의왕서해그랑블블루스퀘어아파트,30,22,,,,,,,
2308270009,f_f005573,18,집,2023-08-27,2023-08-28,역곡로416,,,,,,,,30,21,,,,,,,4119012100
2308050001,f_f005602,1,집,2023-08-05,2023-08-05,풀리텍 대학 근처  집에서 시작,,,,,,,,,21,,,,,,,2717010300
2308050002,f_f005602,7,판도라 호텔,2023-08-05,2023-08-06,울산 남구 삼산로392번길 8,,,,,,,,120,24,N,8,2,5,5,5,3114010600
2308050003,f_f005602,3,태화강 국가 정원,2023-08-05,2023-08-05,,울산 중구 태화동 107,129.2970462,35.5480699,,,POI01000TR034214V,태화강국가정원,60,1,N,1,,5,5,4,
2308050004,f_f005602,2,울산역,2023-08-05,2023-08-05,울산 울주군 삼남읍 울산역로 177,울산 울주군 삼남읍 신화리 88,129.13866,35.5515432,,,POI01000000E67ZBX,울산역,0,9,N,6,,4,4,4,
2308050006,f_f005602,5,투썸플레이스 울산 태화강역점,2023-08-05,2023-08-05,울산 남구 삼산로 402,울산 남구 삼산동 1638-1,129.351091,35.5395562,,,POI03000TR002431V,투썸플레이스 울산태화강역점,60,11,N,9,,5,5,5,
2308050007,f_f005602,6,CK 아트홀,2023-08-05,2023-08-05,울산 남구 삼산로 173,울산 남구 달동 590-14,129.326178,35.537477,,,POI03000TR002432V,CK아트홀,210,3,N,11,,5,5,5,
2308050008,f_f005602,4,울산시립미술관,2023-08-05,2023-08-05,울산 중구 미술관길 72,울산 중구 북정동 1-3,129.3207963,35.5579032,,,POI01000TR005080V,울산시립미술관,60,3,N,2,,5,5,5,
2308060001,f_f005602,8,장생포 고래 박물관,2023-08-06,2023-08-06,울산 남구 장생포고래로 244,울산 남구 매암동 139-29,129.3807654,35.5027659,,,POI01000TR015866V,장생포고래박물관,60,2,N,2,,5,5,5,
2308060002,f_f005602,9,커피에 광,2023-08-06,2023-08-06,울산 남구 장생포고래로 263,울산 남구 매암동 220-48,129.3828592,35.5039644,,,POI03000TR002435V,커피애광,90,11,N,9,,5,5,5,
2308060003,f_f005602,10,집,2023-08-06,2023-08-07,풀리텍 대학 근처  집에서 끝,,,,,,,,510,21,,,,,,,2717010300
2309090001,f_f005661,1,친구 친지 집,2023-09-09,2023-09-09,학잠동아파트,,,,,,,,,22,,,,,,,4711311500
2309090002,f_f005661,2,대왕암공원,2023-09-09,2023-09-09,울산 동구 등대로 140,울산 동구 일산동 905,129.4399333,35.4922907,,,POI01000TR036402V,대왕암공원,90,1,N,1,,4,4,4,
2309090003,f_f005661,5,간절 바당,2023-09-09,2023-09-09,울산 울주군 서생면 신암해안길 11,울산 울주군 서생면 신암리 382-10,129.322368,35.3466617,,,POI03000TR023460V,간절바당,60,11,N,2,,3,3,4,
2309090004,f_f005661,4,그린비 서생점,2023-09-09,2023-09-09,울산 울주군 서생면 신암해안1길 4,울산 울주군 서생면 신암리 307-4,129.3215257,35.3452812,,,POI01000TR004562V,그릿비 서생점,60,4,N,1,,4,4,4,
2309090005,f_f005661,3,태화강 국가 정원,2023-09-09,2023-09-09,,울산 중구 태화동 107,129.2970462,35.5480699,,,POI01000TR034214V,태화강국가정원,30,1,Y,4,,4,4,4,
2309090006,f_f005661,6,맨날 국수 태화강 직영점,2023-09-09,2023-09-09,울산 중구 오산7길 38,울산 중구 태화동 727-11,129.2895527,35.55084,,,POI01000TR031887V,맨날국수 태화강직영점,30,11,Y,4,,4,4,4,
2309090007,f_f005661,7,십리대밭 은하수길,2023-09-09,2023-09-09,,울산 중구 태화동 636,129.293397,35.5467626,,,POI01000TR108195V,십리대밭 은하수길,60,1,N,1,,5,5,5,
2309090010,f_f005661,8,울산시티 호텔,2023-09-09,2023-09-10,울산 남구 삼산로 246,울산 남구 달동 1256-4,129.3341005,35.5383366,,,POI01000000BAULA6,울산시티호텔,210,24,N,8,1,4,4,4,
2309100001,f_f005661,9,장생포 고래문화마을,2023-09-10,2023-09-10,,울산 남구 매암동 209-8,129.3819838,35.5057,,,POI01000TR015542V,장생포고래문화마을,120,1,N,2,,4,4,4,
2309100002,f_f005661,10,학잠동아 아파트,2023-09-10,2023-09-11,경북 포항시 북구 양학로 158,경북 포항시 북구 학잠동 203,129.3423807,36.0343205,,,POI01000000BZDYBS,학잠동아아파트,450,22,,,,,,,
2308170001,f_f005686,1,친구 친지 집,2023-08-17,2023-08-17,대원칸타빌 아파트 602동,,,,,,,,,22,,,,,,,4413310800
2308170002,f_f005686,2,천안 고속버스터미널,2023-08-17,2023-08-17,충남 천안시 동남구 만남로 43,충남 천안시 동남구 신부동 354-1,127.1544284,36.8192547,,,POI010000009GA4NM,천안고속버스터미널,30,9,Y,6,,5,4,4,
2308170003,f_f005686,3,서울고속버스터미널(경부),2023-08-17,2023-08-17,서울 서초구 신반포로 194,서울 서초구 반포동 19-4,127.0069895,37.5060751,,,POI01000TR020748V,서울고속버스터미널(경부),60,9,Y,6,,4,4,4,
2308170004,f_f005686,4,강릉 시외버스터미널,2023-08-17,2023-08-17,강원특별자치도 강릉시 하슬라로 27,강원특별자치도 강릉시 홍제동 992-1,128.8788757,37.7546804,,,POI01000000E2MPSF,강릉시외버스터미널,30,9,N,6,,4,2,3,
2308170005,f_f005686,5,강릉 월화 거리,2023-08-17,2023-08-17,강원특별자치도 강릉시 경강로 2111,강원특별자치도 강릉시 임당동 106-1,128.8974965,37.7559098,,,POI01000TR024725V,강릉월화거리,60,4,N,1,,4,3,4,
2308170006,f_f005686,6,경포 아쿠아리움,2023-08-17,2023-08-17,강원특별자치도 강릉시 난설헌로 131,강원특별자치도 강릉시 초당동 505,128.9078719,37.7900102,,,POI01000TR019217V,경포아쿠아리움,30,6,N,1,,4,4,4,
2308170007,f_f005686,7,아르떼 뮤지엄 강릉,2023-08-17,2023-08-17,강원특별자치도 강릉시 난설헌로 131,강원특별자치도 강릉시 초당동 505,128.9073556,37.7918274,,,POI01000TR002838V,아르떼뮤지엄 강릉,60,3,N,1,,5,4,4,
2308170008,f_f005686,8,고씨네 동해 막국수 강문본점(구.메밀골동해막국수),2023-08-17,2023-08-17,강원특별자치도 강릉시 창해로350번길 25,강원특별자치도 강릉시 강문동 212,128.9171547,37.7963166,,,POI01000000CSVGS3,메밀골동해막국수,30,4,N,6,,4,3,4,
2308170009,f_f005686,9,강문해변,2023-08-17,2023-08-17,,강원특별자치도 강릉시 강문동 182-1,128.9191753,37.7948207,,,POI01000TR024661V,강문해변,30,1,N,9,,4,4,4,
2308170010,f_f005686,10,스테이 멜로우 펜션,2023-08-17,2023-08-17,강원특별자치도 강릉시 사천면 해안로 1056,강원특별자치도 강릉시 사천면 사천진리 264-13,128.8708857,37.8433205,,,POI01000000ESAXZ8,스테이멜로우,90,24,N,7,3,5,5,5,
2308170011,f_f005686,11,HIP,2023-08-17,2023-08-17,강원특별자치도 강릉시 사천면 진리해변길 111-1,강원특별자치도 강릉시 사천면 사천진리 248-15,128.8753496,37.8412388,,,POI03000TR007110V,HIP,30,11,N,9,,3,3,3,
2308170012,f_f005686,12,GS25 강릉 하평해변점,2023-08-17,2023-08-17,강원특별자치도 강릉시 사천면 진리해변길 167,강원특별자치도 강릉시 사천면 사천진리 274-5,128.8710539,37.8449429,,,POI010000006B331K,GS25 강릉하평해변점,0,10,N,9,,4,3,3,
2308170013,f_f005686,13,스테이 멜로우 펜션,2023-08-17,2023-08-17,강원특별자치도 강릉시 사천면 해안로 1056,강원특별자치도 강릉시 사천면 사천진리 264-13,128.8708857,37.8433205,,,POI01000000ESAXZ8,스테이멜로우,60,24,Y,11,3,4,4,4,
2308170014,f_f005686,14,세븐일레븐 강릉 플라주 메종 점,2023-08-17,2023-08-17,해안로 1022,,,,,,,,0,10,N,9,,4,3,3,4215036000
2308170015,f_f005686,15,스테이 멜로우 펜션,2023-08-17,2023-08-18,강원특별자치도 강릉시 사천면 해안로 1056,강원특별자치도 강릉시 사천면 사천진리 264-13,128.8708857,37.8433205,,,POI01000000ESAXZ8,스테이멜로우,60,24,Y,11,3,5,5,5,
2308180001,f_f005686,16,강릉 짬뽕 순두부 성우 회관,2023-08-18,2023-08-18,강원특별자치도 강릉시 주문진읍 해안로 1613,강원특별자치도 강릉시 주문진읍 교항리 81-29,128.8332195,37.8798348,,,POI02001TR001449V,강릉짬뽕순두부 성우회관,60,11,N,2,,4,4,4,
2308180002,f_f005686,17,주문진 방사제,2023-08-18,2023-08-18,,강원특별자치도 강릉시 주문진읍 교항리,128.8342043,37.8798555,,,POI01000TR002931V,주문진방사제,60,2,N,1,,3,3,3,
2308180003,f_f005686,18,순두부 젤라또 3호점,2023-08-18,2023-08-18,강원특별자치도 강릉시 주문진읍 해안로 1603,강원특별자치도 강릉시 주문진읍 교항리 81-33,128.8337786,37.8791883,,,POI010000006B3HJG,순두부젤라또 3호점,60,11,N,2,,4,4,4,
2308180004,f_f005686,19,주문진 버스종합터미널,2023-08-18,2023-08-18,강원특별자치도 강릉시 주문진읍 주문로 4,강원특별자치도 강릉시 주문진읍 교항리 119-11,128.8252486,37.8841025,,,POI01000000B51F5X,주문진버스종합터미널,0,9,N,6,,2,3,2,
2308180005,f_f005686,20,강릉 시외버스터미널,2023-08-18,2023-08-18,강원특별자치도 강릉시 하슬라로 27,강원특별자치도 강릉시 홍제동 992-1,128.8788757,37.7546804,,,POI01000000E2MPSF,강릉시외버스터미널,0,9,Y,6,,4,4,4,
2308180006,f_f005686,21,강릉 중앙시장,2023-08-18,2023-08-18,강원특별자치도 강릉시 금성로 21,강원특별자치도 강릉시 성남동 50,128.8986238,37.7540251,,,POI01000TR021364V,강릉중앙시장,60,4,Y,6,,4,4,4,
2308180007,f_f005686,22,강릉 시외버스터미널,2023-08-18,2023-08-18,강원특별자치도 강릉시 하슬라로 27,강원특별자치도 강릉시 홍제동 992-1,128.8788757,37.7546804,,,POI01000000E2MPSF,강릉시외버스터미널,0,9,Y,6,,4,4,4,
2308180008,f_f005686,23,여주휴게소 주유소 인천방향,2023-08-18,2023-08-18,경기 여주시 가남읍 화평길 116,경기 여주시 가남읍 본두리 677-1,127.5687835,37.2397393,,,POI01000TR040500V,여주휴게소주유소 인천방향,0,9,N,9,,4,4,4,
2308180009,f_f005686,24,롯데리아 대전터미널점,2023-08-18,2023-08-18,대전 동구 동서대로 1689,대전 동구 용전동 63-3,127.4361421,36.350597,,,POI03000TR007114V,롯데리아 대전터미널점,90,9,Y,6,,4,4,4,
2308180010,f_f005686,25,공주 대학로 나래 빌,2023-08-18,2023-08-19,나래빌,,,,,,,,120,21,,,,,,,4415012000
2308110001,f_f005823,1,집,2023-08-11,2023-08-11,서울대학로 328,,,,,,,,,21,,,,,,,4139013500
2308110002,f_f005823,7,집,2023-08-11,2023-08-12,서울대학로 328,,,,,,,,240,21,,,,,,,4139013500
2308110003,f_f005823,2,통나무집 닭갈비,2023-08-11,2023-08-11,강원특별자치도 춘천시 신북읍 신샘밭로 763,강원특별자치도 춘천시 신북읍 천전리 38-26,127.7932856,37.9331254,,,POI01000000D7JF2G,통나무집닭갈비,60,11,N,2,,5,5,5,
2308110004,f_f005823,3,산토리니,2023-08-11,2023-08-11,강원특별자치도 춘천시 동면 순환대로 1154-97,강원특별자치도 춘천시 동면 장학리 144-16,127.7765133,37.8914525,,,POI01000000CIUK37,산토리니,60,4,N,1,,5,5,5,
2308110005,f_f005823,4,소양강 스카이워크,2023-08-11,2023-08-11,,강원특별자치도 춘천시 근화동 8,127.7235629,37.8945801,,,POI01000TR036429V,소양강스카이워크,30,1,N,1,,5,5,5,
2308110006,f_f005823,5,토이 로봇 관,2023-08-11,2023-08-11,강원특별자치도 춘천시 서면 박사로 854,강원특별자치도 춘천시 서면 현암리 367-3,127.6918922,37.8930614,,,POI01000TR004991V,토이로봇관,60,3,N,10,,5,5,5,
2308110007,f_f005823,6,카페 감자밭 본점,2023-08-11,2023-08-11,강원특별자치도 춘천시 신북읍 신샘밭로 674,강원특별자치도 춘천시 신북읍 천전리 99-13,127.7845121,37.9295805,,,POI01000TR037264V,카페감자밭 본점,30,11,N,1,,5,5,5,
2309100001,f_f005914,1,친구 친지 집,2023-09-10,2023-09-10,,,,,,,,,,22,,,,,,,2714010100
2309100002,f_f005914,2,브레이크아웃 이스케이프 해운대본점,2023-09-10,2023-09-10,부산 해운대구 해운대해변로 291,부산 해운대구 중동 1394-286,129.1625151,35.1606998,,,POI03000TR024218V,브레이크아웃이스케이프 해운대본점,90,6,N,2,,5,5,5,
2309100003,f_f005914,3,해운대 전통시장,2023-09-10,2023-09-10,부산 해운대구 구남로41번길 22-1,부산 해운대구 중동 1394-193,129.1623361,35.1613986,,,POI01000TR020319V,해운대전통시장,30,4,N,9,,4,4,4,
2309100004,f_f005914,4,153 구포국수 해운대점,2023-09-10,2023-09-10,부산 해운대구 해운대로 620,부산 해운대구 우동 539-10,129.1585561,35.1631963,,,POI03000TR024219V,153 구포국수 해운대점,30,11,N,6,,4,3,3,
2309100005,f_f005914,5,포토 시즈,2023-09-10,2023-09-10,부산 해운대구 해운대로 600,부산 해운대구 우동 639-6,129.156985,35.1622925,,,POI03000TR024220V,포토시즈,90,13,N,2,,5,5,5,
2309100006,f_f005914,6,해운대해수욕장,2023-09-10,2023-09-10,,부산 해운대구 우동,129.1598547,35.1585232,,,POI01000TR008098V,해운대해수욕장,30,7,Y,1,,5,5,5,
2309100007,f_f005914,7,송정 스카이풀 빌라,2023-09-10,2023-09-10,부산 해운대구 송정광어골로 19,부산 해운대구 송정동 312-10,129.1983846,35.1793462,,,POI03000TR024221V,송정스카이풀빌라,270,24,N,8,3,5,5,5,
2309100008,f_f005914,8,송정해수욕장,2023-09-10,2023-09-10,부산 해운대구 송정광어골로 58-1,부산 해운대구 송정동 438-11,129.1997001,35.1785969,,,POI01000TR016876V,송정해수욕장,30,1,N,1,,5,5,5,
2309100009,f_f005914,9,송정 스카이풀 빌라,2023-09-10,2023-09-11,부산 해운대구 송정광어골로 19,부산 해운대구 송정동 312-10,129.1983846,35.1793462,,,POI03000TR024221V,송정스카이풀빌라,210,24,Y,2,3,5,5,5,
2309110001,f_f005914,14,자취방,2023-09-11,2023-09-12,,,,,,,,,360,21,,11,,,,,2729012500
2309110002,f_f005914,10,해운대 블루라인파크 송정 정거장,2023-09-11,2023-09-11,,부산 해운대구 송정동 299-20,129.2000744,35.1810809,,,POI01000TR002701V,해운대블루라인파크 송정정거장,30,13,N,1,,5,5,5,
2309110003,f_f005914,11,브레이크아웃 이스케이프 해운대본점,2023-09-11,2023-09-11,부산 해운대구 해운대해변로 291,부산 해운대구 중동 1394-286,129.1625151,35.1606998,,,POI03000TR024218V,브레이크아웃이스케이프 해운대본점,60,6,Y,2,,5,5,5,
2309110004,f_f005914,12,퍼지 네이블 해운대점,2023-09-11,2023-09-11,부산 해운대구 구남로 43-1,부산 해운대구 중동 1392-17,129.1616324,35.1605993,,,POI02001TR030755V,퍼지네이블 해운대점,60,11,N,11,,5,5,5,
2309110005,f_f005914,13,제스터,2023-09-11,2023-09-11,부산 해운대구 우동1로38번가길 7-5,부산 해운대구 우동 515-2,129.1582158,35.165019,,,POI03000TR017655V,제스터,60,11,N,2,,5,5,5,
2308240001,f_f006004,1,집,2023-08-24,2023-08-24,경기 안산시 상록구 해양5로 17,경기 안산시 상록구 사동 1639,,,3352756,4127110300,,,,21,,,,,,,41
2308240002,f_f006004,2,수원역,2023-08-24,2023-08-24,경기 수원시 팔달구 덕영대로 924,,127.000095,37.26579,,,POI01000TR008434V,수원역,0,9,Y,6,,4,4,4,4127110400
2308240003,f_f006004,3,롯데리아 수원역사점,2023-08-24,2023-08-24,경기 수원시 팔달구 덕영대로 924,경기 수원시 팔달구 매산로1가 18,126.9999414,37.2662237,,,POI010000007WHVS3,롯데리아,30,11,N,9,,3,3,3,
2308240004,f_f006004,4,신경주역,2023-08-24,2023-08-24,경북 경주시 건천읍 경주역로 80,경북 경주시 건천읍 화천리 1010,129.1389983,35.7983755,,,POI0100000068UYDF,신경주역,0,9,N,6,,4,3,3,
2308240005,f_f006004,5,소향몽,2023-08-24,2023-08-24,경북 경주시 사정로57번길 16,경북 경주시 황남동 277-1,129.2093693,35.837837,,,POI01000TR029919V,소향몽,60,11,N,2,,4,4,4,
2308240006,f_f006004,6,올리브,2023-08-24,2023-08-24,경북 경주시 사정로57번길 7-6,경북 경주시 사정동 36,129.2090553,35.8373706,,,POI01000TR013247V,올리브,60,11,N,2,,4,4,4,
2308240007,f_f006004,7,우리 마트 경주점,2023-08-24,2023-08-24,경북 경주시 광중길 6,경북 경주시 용강동 1276-7,129.2256961,35.8792537,,,POI01000000DR0WSO,(주)우리홀푸드마트경주점,30,4,N,9,,2,2,2,
2308240008,f_f006004,8,더 테라스 호텔,2023-08-24,2023-08-24,경북 경주시 광중길 11,경북 경주시 황성동 1067-10,129.2243845,35.8793834,,,POI03000TR015343V,더테라스호텔,60,24,N,3,7,5,5,5,
2308240009,f_f006004,9,청온채,2023-08-24,2023-08-24,경북 경주시 포석로1079번길 8-5,경북 경주시 사정동 29-1,129.2087989,35.8376213,,,POI01000TR041235V,청온채,60,11,N,1,,4,4,4,
2308240010,f_f006004,10,동궁과 월지,2023-08-24,2023-08-24,경북 경주시 원화로 102,경북 경주시 인왕동 506-1,129.2269755,35.8347763,,,POI01000TR019222V,동궁과월지,30,2,N,1,,4,3,3,
2308240011,f_f006004,11,월정교,2023-08-24,2023-08-24,,경북 경주시 교동 274,129.2181213,35.8292995,,,POI01000TR017617V,월정교,60,2,N,1,,5,5,5,
2308240012,f_f006004,12,더 테라스 호텔,2023-08-24,2023-08-25,경북 경주시 광중길 11,경북 경주시 황성동 1067-10,129.2243845,35.8793834,,,POI03000TR015343V,더테라스호텔,120,24,N,2,7,5,5,5,
2308250001,f_f006004,13,온 천집,2023-08-25,2023-08-25,경북 경주시 사정로57번길 13,경북 경주시 사정동 20-1,129.2091287,35.8377801,,,POI01000TR010206V,온천집,60,11,N,2,,4,4,4,
2308250002,f_f006004,14,대릉원,2023-08-25,2023-08-25,경북 경주시 계림로 9,경북 경주시 황남동 268-10,129.2123347,35.83815,,,POI01000TR032143V,대릉원,60,2,N,1,,4,3,3,
2308250003,f_f006004,15,첨성대,2023-08-25,2023-08-25,,경북 경주시 인왕동 910-30,129.2190202,35.834718,,,POI01000TR003385V,첨성대,30,2,N,1,,4,3,3,
2308250004,f_f006004,16,프롬 상록,2023-08-25,2023-08-25,경북 경주시 포석로1068번길 17-5,경북 경주시 황남동 77,129.2118317,35.8364545,,,POI01000TR037602V,프롬상록,60,11,N,2,,4,3,3,
2308250005,f_f006004,17,신경주역,2023-08-25,2023-08-25,경북 경주시 건천읍 경주역로 80,경북 경주시 건천읍 화천리 1010,129.1389983,35.7983755,,,POI0100000068UYDF,신경주역,0,9,Y,6,,4,3,3,
2308250006,f_f006004,18,수원역,2023-08-25,2023-08-25,경기 수원시 팔달구 덕영대로 924,경기 수원시 팔달구 매산로1가 18,127.0000947,37.2657903,,,POI01000TR008434V,수원역,0,9,Y,6,,4,3,3,
2308250007,f_f006004,19,상록수역 4호선,2023-08-25,2023-08-25,경기 안산시 상록구 상록수로 61,경기 안산시 상록구 본오동 1177,126.8666056,37.3028524,,,POI01000000BXXFT9,상록수역 4호선,0,9,Y,6,,3,3,4,
2308250008,f_f006004,20,집,2023-08-25,2023-08-26,경기 안산시 상록구 해양5로 17,경기 안산시 상록구 사동 1639,,,3352756,4127110300,,,120,21,,,,,,,
2308200001,f_f006006,1,집,2023-08-20,2023-08-20,삼호교 버스정류장,,,,,,,,,21,,,,,,,3111011200
2308200002,f_f006006,2,KT&G 상상마당 부산 갤러리,2023-08-20,2023-08-20,서면로 39 KT&G 상상마당 부산 4층,,,,,,,,60,3,N,1,,4,3,5,2623010300
2308200003,f_f006006,3,아비 베르,2023-08-20,2023-08-20,부산 부산진구 동천로 66,부산 부산진구 전포동 683-5,129.0625985,35.154646,,,POI03000TR000402V,아비베르,30,4,N,5,,3,2,3,
2308200004,f_f006006,4,포셋 전포점,2023-08-20,2023-08-20,부산 부산진구 전포대로223번길 20,부산 부산진구 전포동 671-1,129.0640473,35.156703,,,POI02001TR031014V,포셋 전포점,30,4,N,2,,4,5,5,
2308200005,f_f006006,5,워킹홀리데이 전포점,2023-08-20,2023-08-20,부산 부산진구 동성로71번길 24,부산 부산진구 전포동 300-37,129.0669287,35.1569611,,,POI03000TR009761V,워킹홀리데이 전포점,120,11,N,2,,3,3,4,
2308200006,f_f006006,6,에 쏘,2023-08-20,2023-08-20,부산 수영구 광안해변로 207,부산 수영구 광안동 196-2,129.117496,35.152646,,,POI01000TR032272V,에쏘,90,11,N,9,,4,5,5,
2308200007,f_f006006,7,광안리해수욕장,2023-08-20,2023-08-20,부산 수영구 광안해변로 219,부산 수영구 광안동 192-20,129.1189761,35.1531933,,,POI01000TR030726V,광안리해수욕장,30,1,Y,1,,4,3,5,
2308200008,f_f006006,8,히노아지 광안점,2023-08-20,2023-08-20,부산 수영구 광안로 20,부산 수영구 광안동 1330,129.116192,35.1552939,,,POI03000TR009763V,히노아지 광안점,30,11,N,9,,5,5,5,
2308200009,f_f006006,9,집,2023-08-20,2023-08-21,삼호교 버스정류장,,,,,,,,120,21,,,,,,,3111011200
2308160001,f_f006357,1,집,2023-08-16,2023-08-16,제일풍경채,,,,,,,,,21,,,,,,,3120012600
2308160002,f_f006357,2,경주 스페이스 씨,2023-08-16,2023-08-16,,,,,,,,,90,3,N,5,,4,2,4,4713010900
2308160003,f_f006357,3,국립경주박물관,2023-08-16,2023-08-16,경북 경주시 일정로 186,경북 경주시 인왕동 76,129.2279503,35.8292339,,,POI010000009GI2HM,국립경주박물관,60,2,Y,10,,4,4,4,
2308160004,f_f006357,4,황련단길,2023-08-16,2023-08-16,경북 경주시 태종로 746,경북 경주시 황남동 270-10,129.2096454,35.8393348,,,POI01000TR022576V,황리단길,90,4,Y,4,,3,4,4,
2308160005,f_f006357,5,집,2023-08-16,2023-08-17,제일풍경채,,,,,,,,180,21,,,,,,,3120012600
2308140001,f_f006380,1,집,2023-08-14,2023-08-14,자택,,,,,,,,,21,,,,,,,4790036000
2308140002,f_f006380,2,메가박스 경북도청,2023-08-14,2023-08-14,경북 예천군 호명면 새움3로 70,경북 예천군 호명면 산합리 1430,128.493089,36.5751704,,,POI02001TR010363V,메가박스 경북도청,150,3,Y,11,,4,4,4,
2308140003,f_f006380,3,자택,2023-08-14,2023-08-14,자택,,,,,,,,60,21,Y,11,,5,5,5,4790036000
2308140004,f_f006380,4,안동 하회마을,2023-08-14,2023-08-14,,경북 안동시 풍천면 하회리 1176-1,128.5181412,36.5389828,,,POI01000TR039262V,안동하회마을,240,13,Y,5,,5,5,5,
2308140005,f_f006380,5,산 놈을,2023-08-14,2023-08-14,경북 안동시 풍천면 풍요6길 9,경북 안동시 풍천면 갈전리 1357,128.4980812,36.5760169,,,POI03000TR007536V,산노을,90,11,Y,4,,4,5,4,
2308140006,f_f006380,6,집,2023-08-14,2023-08-15,자택,,,,,,,,270,21,,,,,,,4790036000
2308190001,f_f006481,1,집,2023-08-19,2023-08-19,경기 용인시 수지구 정평로 89,경기 용인시 수지구 풍덕천동 1014,,,3205018,4146510100,,,,21,,,,,,,
2308190002,f_f006481,2,춘천역 경춘선,2023-08-19,2023-08-19,강원특별자치도 춘천시 공지로 591,강원특별자치도 춘천시 근화동 190,127.7166986,37.8845127,,,POI01000TR008437V,춘천역 경춘선,0,9,N,1,,5,5,5,
2308190003,f_f006481,3,다락 숯불닭갈비,2023-08-19,2023-08-19,강원특별자치도 춘천시 소양로 126,강원특별자치도 춘천시 소양로2가 153-20,127.7238147,37.8845341,,,POI01000TR027150V,다락숯불닭갈비,60,11,N,6,,4,4,4,
2308190004,f_f006481,4,춘천 중앙시장,2023-08-19,2023-08-19,강원특별자치도 춘천시 중앙로77번길 4-4,강원특별자치도 춘천시 중앙로2가 42-18,127.7253628,37.8781423,,,POI010000006CM055,춘천중앙시장,30,4,N,1,,2,2,2,
2308190005,f_f006481,5,다이소 춘천 명동점,2023-08-19,2023-08-19,강원특별자치도 춘천시 명동길 3-1,강원특별자치도 춘천시 조양동 50-10,127.7279739,37.8797912,,,POI01000TR034120V,다이소 춘천명동점,0,10,N,6,,4,4,3,
2308190006,f_f006481,6,춘천 송암스포츠타운,2023-08-19,2023-08-19,강원특별자치도 춘천시 스포츠타운길 136,강원특별자치도 춘천시 송암동 301,127.6919356,37.8548085,,,POI01000TR107451V,춘천송암스포츠타운,30,8,N,1,,4,3,3,
2308190007,f_f006481,7,플레인 호텔,2023-08-19,2023-08-19,강원특별자치도 춘천시 스포츠타운길 234,강원특별자치도 춘천시 삼천동 342-1,127.6924107,37.8638177,,,POI01000000DRMASO,플레인호텔,90,24,N,6,1,3,3,3,
2308190008,f_f006481,8,춘천 송암스포츠타운,2023-08-19,2023-08-19,강원특별자치도 춘천시 스포츠타운길 136,강원특별자치도 춘천시 송암동 301,127.6919356,37.8548085,,,POI01000TR107451V,춘천송암스포츠타운,480,8,Y,1,,5,5,5,
2308190009,f_f006481,9,플레인 호텔,2023-08-19,2023-08-20,강원특별자치도 춘천시 스포츠타운길 234,강원특별자치도 춘천시 삼천동 342-1,127.6924107,37.8638177,,,POI01000000DRMASO,플레인호텔,30,24,Y,6,1,3,3,3,
2308200001,f_f006481,10,춘천막국수,2023-08-20,2023-08-20,강원특별자치도 춘천시 당간지주길 76,강원특별자치도 춘천시 근화동 798-1,127.7238743,37.8922475,,,POI010000008MZU6P,춘천막국수,60,11,N,2,,4,4,4,
2308200002,f_f006481,11,소양강 스카이워크,2023-08-20,2023-08-20,,강원특별자치도 춘천시 근화동 8,127.7235629,37.8945801,,,POI01000TR036429V,소양강스카이워크,30,1,N,1,,4,4,4,
2308200003,f_f006481,12,카페 호수를 베고 누워,2023-08-20,2023-08-20,강원특별자치도 춘천시 영서로 2664,강원특별자치도 춘천시 근화동 796-22,127.7238351,37.8928855,,,POI03000TR009787V,카페 호수를 베고 누워,120,11,N,9,,4,3,4,
2308200004,f_f006481,13,레고랜드 코리아리조트,2023-08-20,2023-08-20,강원특별자치도 춘천시 하중도길 128,강원특별자치도 춘천시 중도동 603,127.6963934,37.8822417,,,POI01000TR001315V,레고랜드코리아리조트,180,6,N,3,,5,4,5,
2308200005,f_f006481,14,춘천역 경춘선,2023-08-20,2023-08-20,강원특별자치도 춘천시 공지로 591,강원특별자치도 춘천시 근화동 190,127.7166986,37.8845127,,,POI01000TR008437V,춘천역 경춘선,30,9,Y,6,,4,4,4,
2308200006,f_f006481,15,집,2023-08-20,2023-08-21,경기 용인시 수지구 정평로 89,경기 용인시 수지구 풍덕천동 1014,,,3205018,4146510100,,,210,21,,,,,,,
2309100001,f_f006520,1,집,2023-09-10,2023-09-10,인천 남동구 서창남순환로 190-100,인천 남동구 서창동 695,,,3153092,2820010500,,,,21,,,,,,,28
2309100002,f_f006520,14,해운대 그린나래호텔,2023-09-10,2023-09-11,부산 해운대구 해운대해변로 233,부산 해운대구 우동 650-1,129.1569176,35.1589937,,,POI01000000E5AWRC,제5공중기동비행단(해운대그린나래호텔),60,24,Y,4,1,5,5,5,
2309100003,f_f006520,2,광명역,2023-09-10,2023-09-10,경기 광명시 광명역로 21,경기 광명시 일직동 276-8,126.884804,37.4164513,,,POI0100000079DDIK,광명역,60,9,Y,6,,5,5,5,
2309100004,f_f006520,3,부산역,2023-09-10,2023-09-10,부산 동구 중앙대로 206,부산 동구 초량동 1187-1,129.0414192,35.1151092,,,POI01000TR040141V,부산역,60,9,Y,6,,5,5,5,
2309100005,f_f006520,4,탐 앤탐스 부산 KTX 역사점,2023-09-10,2023-09-10,부산 동구 중앙대로 206,부산 동구 초량동 1187-1,129.0414132,35.1150904,,,POI03000TR025345V,탐앤탐스 부산KTX역사점,30,11,N,6,,3,3,3,
2309100006,f_f006520,5,모모스 커피 영도 로스터리 앤 커피나,2023-09-10,2023-09-10,부산 영도구 봉래나루로 160,부산 영도구 봉래동2가 131,129.0425657,35.0962337,,,POI01000000B79ATQ,모모스커피 영도 로스터리 앤 커피바,30,11,N,2,,2,1,3,
2309100007,f_f006520,7,둔내 막국수,2023-09-10,2023-09-10,부산 수영구 수영로725번길 62-3,부산 수영구 수영동 447-18,129.1152295,35.1685062,,,POI01000000DZUA1D,둔내막국수,60,11,N,5,,5,5,5,
2309100008,f_f006520,8,신세계백화점 센텀시티점,2023-09-10,2023-09-10,부산 해운대구 센텀남대로 35,부산 해운대구 우동 1495,129.1290717,35.1686439,,,POI01000TR000416V, 신세계백화점 센텀시티점,60,4,Y,7,,5,5,5,
2309100009,f_f006520,9,해운대 그린나래호텔,2023-09-10,2023-09-10,부산 해운대구 해운대해변로 233,부산 해운대구 우동 650-1,129.1569176,35.1589937,,,POI01000000E5AWRC,제5공중기동비행단(해운대그린나래호텔),60,24,Y,4,1,5,5,5,
2309100010,f_f006520,10,글로벌 양상국 해운대점,2023-09-10,2023-09-10,부산 해운대구 해운대로570번길 16,부산 해운대구 우동 646-6,129.1556879,35.1604232,,,POI03000TR025347V,글로벌 양상국 해운대점,60,11,N,2,,5,5,5,
2309100011,f_f006520,11,왕매미 오락실,2023-09-10,2023-09-10,부산 해운대구 구남로21번길 4,부산 해운대구 중동 1383-10,129.1604878,35.1621309,,,POI02001TR022275V,왕미미오락실,30,4,N,5,,2,1,3,
2309100012,f_f006520,12,사격팡 해운대점,2023-09-10,2023-09-10,부산 해운대구 해운대해변로265번길 15,부산 해운대구 우동 1354,129.1609548,35.1607889,,,POI03000TR025348V,사격팡 해운대점,60,4,N,5,,1,1,1,
2309100013,f_f006520,13,해운대해수욕장,2023-09-10,2023-09-10,,부산 해운대구 우동,129.1598547,35.1585232,,,POI01000TR008098V,해운대해수욕장,30,1,Y,1,,5,5,5,
2309100014,f_f006520,6,로코 헤어살롱,2023-09-10,2023-09-10,부산 해운대구 해운대로483번길 15-2,부산 해운대구 우동 942-11,129.1466605,35.1639773,,,POI0100000085JH7G,로코헤어살롱,30,12,Y,11,,5,5,5,
2309110001,f_f006520,20,집,2023-09-11,2023-09-12,인천 남동구 서창남순환로 190-100,인천 남동구 서창동 695,,,3153092,2820010500,,,360,21,,,,,,,
2309110002,f_f006520,15,우뚝 해운대본점,2023-09-11,2023-09-11,부산 해운대구 구남로 25,부산 해운대구 중동 1383-19,129.1606233,35.1618618,,,POI01000TR036426V,우뚝 해운대본점,60,11,Y,4,,5,5,5,
2309110003,f_f006520,16,해운대해수욕장,2023-09-11,2023-09-11,,부산 해운대구 우동,129.1598547,35.1585232,,,POI01000TR008098V,해운대해수욕장,90,1,Y,1,,5,5,5,
2309110004,f_f006520,17,파스쿠찌 부산역점,2023-09-11,2023-09-11,부산 동구 중앙대로 206,부산 동구 초량동 1187-1,129.0415576,35.1151636,,,POI03000TR025351V,파스쿠찌 부산역점,30,11,N,9,,5,5,5,
2309110005,f_f006520,18,부산역,2023-09-11,2023-09-11,부산 동구 중앙대로 206,부산 동구 초량동 1187-1,129.0414192,35.1151092,,,POI01000TR040141V,부산역,30,9,Y,6,,5,5,5,
2309110006,f_f006520,19,광명역,2023-09-11,2023-09-11,경기 광명시 광명역로 21,경기 광명시 일직동 276-8,126.884804,37.4164513,,,POI0100000079DDIK,광명역,30,9,Y,6,,5,5,5,
2308130001,f_f006526,1,집,2023-08-13,2023-08-13,종암로23길 35,,,,,,,,,21,,,,,,,1129013500
2308130002,f_f006526,6,오크밸리리조트 콘도 C동,2023-08-13,2023-08-14,강원특별자치도 원주시 지정면 오크밸리2길 56,강원특별자치도 원주시 지정면 판대리 577-1,127.8076461,37.407603,,,POI010000006D7Y0K,오크밸리리조트콘도C동,210,24,Y,6,4,4,4,4,
2308130003,f_f006526,2,오크밸리리조트 콘도 C동,2023-08-13,2023-08-13,강원특별자치도 원주시 지정면 오크밸리2길 56,강원특별자치도 원주시 지정면 판대리 577-1,127.8076461,37.407603,,,POI010000006D7Y0K,오크밸리리조트콘도C동,30,24,Y,4,4,4,4,4,
2308130004,f_f006526,3,오크밸리 스키빌리지 수영장,2023-08-13,2023-08-13,강원특별자치도 원주시 지정면 오크밸리2길 40,강원특별자치도 원주시 지정면 판대리 577-4,127.8077812,37.4086067,,,POI02001TR021927V,오크밸리스키빌리지 수영장,90,6,Y,4,,4,4,4,
2308130005,f_f006526,4,보릿고개 원주시청점,2023-08-13,2023-08-13,강원특별자치도 원주시 시청로 15-1,강원특별자치도 원주시 무실동 1724-2,127.9226609,37.341296,,,POI01000TR014014V,보릿고개 원주시청점,60,11,N,2,,4,4,4,
2308130006,f_f006526,5,무라 무아,2023-08-13,2023-08-13,,,,,,,,,30,10,N,8,,4,4,4,4213011500
2308140001,f_f006526,9,집,2023-08-14,2023-08-15,종암로23길 35,,,,,,,,480,21,,,,,,,1129013500
2308140002,f_f006526,7,오크밸리리조트 빌리지센터,2023-08-14,2023-08-14,강원특별자치도 원주시 지정면 오크밸리1길 70,강원특별자치도 원주시 지정면 월송리 1061-16,127.8191052,37.434099,,,POI010000006D81RF,오크밸리리조트 빌리지센터,60,6,Y,7,,4,4,4,
2308140003,f_f006526,8,황금들 밥 오크밸리 월송점,2023-08-14,2023-08-14,강원특별자치도 원주시 지정면 정골길 10,강원특별자치도 원주시 지정면 월송리 940-4,127.8377275,37.4119662,,,POI03000TR007204V,황금들밥 오크밸리 월송점,30,11,N,2,,3,3,3,
2308190001,f_f006605,2,몰운대 유원지,2023-08-19,2023-08-19,,부산 사하구 다대동 144,128.9701632,35.0420082,,,POI03000TR008951V,몰운대유원지,60,7,N,1,,4,4,4,
2308190002,f_f006605,3,다대포해수욕장,2023-08-19,2023-08-19,,부산 사하구 다대동,128.9627412,35.0465263,,,POI01000TR026310V,다대포해수욕장,60,1,N,1,,4,4,4,
2308190003,f_f006605,4,선 끝,2023-08-19,2023-08-19,,,,,,,,,30,11,N,2,,4,4,4,2638010600
2308190004,f_f006605,5,다대포 꿈의 낙조분수,2023-08-19,2023-08-19,부산 사하구 몰운대1길 14,부산 사하구 다대동 482-3,128.9673099,35.04713,,,POI010000006UUOQ4,다대포꿈의낙조분수,30,8,N,1,,5,5,5,
2308190005,f_f006605,1,집,2023-08-19,2023-08-19,곡리2길6,,,,,,,,,21,,,,,,,4833031000
2308190006,f_f006605,6,집,2023-08-19,2023-08-20,곡리2길6,,,,,,,,150,21,,,,,,,4833031000
2308120001,f_f006655,1,집,2023-08-12,2023-08-12,경수대로 430,,,,,,,,,21,,,,,,,4117310400
2308120003,f_f006655,2,용인휴게소 강릉방향,2023-08-12,2023-08-12,경기 용인시 처인구 주북로94번길 30-1,경기 용인시 처인구 고림동 12-6,127.2423181,37.2455536,,,POI01000TR028483V,용인휴게소 강릉방향,60,9,N,9,,1,4,4,
2308120004,f_f006655,3,아파서 프,2023-08-12,2023-08-12,강원특별자치도 강릉시 사천면 해안로 1060,강원특별자치도 강릉시 사천면 사천진리 265-1,128.8707143,37.8439565,,,POI03000TR015378V,하파서프,30,12,N,2,,4,3,4,
2308120005,f_f006655,5,곳,2023-08-12,2023-08-12,강원특별자치도 강릉시 사천면 진리해변길 143,강원특별자치도 강릉시 사천면 사천진리 262-7,128.8726273,37.8433721,,,POI01000000D1MVG7,곳,60,4,N,2,,5,5,5,
2308120006,f_f006655,4,아파서 프,2023-08-12,2023-08-12,강원특별자치도 강릉시 사천면 해안로 1060,강원특별자치도 강릉시 사천면 사천진리 265-1,128.8707143,37.8439565,,,POI03000TR015378V,하파서프,150,5,N,2,,4,4,4,
2308120007,f_f006655,6,강릉 캘리포니아 펜션,2023-08-12,2023-08-12,강원특별자치도 강릉시 사천면 해안로 1076,강원특별자치도 강릉시 사천면 사천진리 272-3,128.86992,37.8453825,,,POI010000006B335O,캘리포니아펜션,90,24,N,11,7,4,4,4,
2308120008,f_f006655,7,아파서 프,2023-08-12,2023-08-12,강원특별자치도 강릉시 사천면 해안로 1060,강원특별자치도 강릉시 사천면 사천진리 265-1,128.8707143,37.8439565,,,POI03000TR015378V,하파서프,300,11,N,2,,5,5,5,
2308120009,f_f006655,8,강릉 캘리포니아 펜션,2023-08-12,2023-08-13,강원특별자치도 강릉시 사천면 해안로 1076,강원특별자치도 강릉시 사천면 사천진리 272-3,128.86992,37.8453825,,,POI010000006B335O,캘리포니아펜션,30,24,N,11,7,4,4,4,
2308130001,f_f006655,9,GS25 강릉 하평해변점,2023-08-13,2023-08-13,강원특별자치도 강릉시 사천면 진리해변길 167,강원특별자치도 강릉시 사천면 사천진리 274-5,128.8710539,37.8449429,,,POI010000006B331K,GS25 강릉하평해변점,120,10,N,9,,1,4,4,
2308130002,f_f006655,10,주문진 막국수,2023-08-13,2023-08-13,강원특별자치도 강릉시 주문진읍 연주로 587,강원특별자치도 강릉시 주문진읍 주문리 872-1,128.8221147,37.9041459,,,POI01000000BI3PUB,주문진막국수,60,11,N,2,,4,4,4,
2308130003,f_f006655,11,서피 비치,2023-08-13,2023-08-13,강원특별자치도 양양군 현북면 하조대해안길 119,강원특별자치도 양양군 현북면 중광정리 508,128.7172823,38.0278344,,,POI01000TR039883V,서피비치,60,1,N,2,,5,5,5,
2308130004,f_f006655,12,집,2023-08-13,2023-08-14,경수대로 430,,,,,,,,330,21,,,,,,,4117310400
2308260001,f_f006739,1,집,2023-08-26,2023-08-26,,,,,,,,,,21,,,,,,,1154510200
2308260002,f_f006739,2,홍천 휴게소 양양 방향,2023-08-26,2023-08-26,강원특별자치도 홍천군 화촌면 서울양양고속도로 84,강원특별자치도 홍천군 화촌면 군업리 산 240-5,128.0032377,37.757293,,,POI01000TR020101V,홍천휴게소 양양방향,0,9,N,9,,3,3,2,
2308260003,f_f006739,3,루센 오션파크 속초 A동,2023-08-26,2023-08-26,강원특별자치도 속초시 해오름로 167,강원특별자치도 속초시 조양동 1464-4,128.6033387,38.1889778,,,POI01000000DQJ4TF,리센오션파크속초A동,840,24,N,2,1,2,1,1,
2308260004,f_f006739,4,속초해수욕장,2023-08-26,2023-08-26,강원특별자치도 속초시 해오름로 186,강원특별자치도 속초시 조양동 1464-7,128.6040985,38.1900529,,,POI01000TR017253V,속초해수욕장,30,1,N,1,,5,5,5,
2308260005,f_f006739,5,속초관광수산시장,2023-08-26,2023-08-26,강원특별자치도 속초시 중앙로147번길 16,강원특별자치도 속초시 중앙동 471-4,128.5901795,38.2045436,,,POI01000TR005661V,속초관광수산시장,90,4,Y,2,,5,5,5,
2308260006,f_f006739,6,해오름 치킨,2023-08-26,2023-08-26,,,,,,,,,60,11,N,9,,3,3,3,4221010800
2308260007,f_f006739,7,루센 오션파크 속초 A동,2023-08-26,2023-08-27,강원특별자치도 속초시 해오름로 167,강원특별자치도 속초시 조양동 1464-4,128.6033387,38.1889778,,,POI01000000DQJ4TF,리센오션파크속초A동,60,24,N,11,1,3,3,3,
2308270001,f_f006739,9,바람꽃 해녀마을 속초 본점,2023-08-27,2023-08-27,강원특별자치도 속초시 바람꽃마을길 37,강원특별자치도 속초시 노학동 1000-131,128.5323936,38.1980102,,,POI01000TR028320V,바람꽃해녀마을 속초본점,60,11,N,2,,5,5,5,
2308270002,f_f006739,10,바다정원,2023-08-27,2023-08-27,강원특별자치도 고성군 토성면 버리깨길 23,강원특별자치도 고성군 토성면 용촌리 75-36,128.582885,38.2314325,,,POI01000TR030325V,바다정원,60,11,N,2,,5,5,5,
2308270003,f_f006739,11,대포항 수산시장,2023-08-27,2023-08-27,강원특별자치도 속초시 대포항희망길 59,강원특별자치도 속초시 대포동 963,128.6058223,38.1741101,,,POI0100000075V1Z3,대포항수산시장,60,4,Y,1,,5,5,5,
2308270004,f_f006739,8,성학사,2023-08-27,2023-08-27,강원특별자치도 춘천시 향교옆길 20-1,강원특별자치도 춘천시 교동 150-26,127.735603,37.8825222,,,POI03000TR015390V,성학사,30,22,,,,,,,
2308270005,f_f006739,12,명가 막국수,2023-08-27,2023-08-27,강원특별자치도 춘천시 신북읍 상천3길 8,강원특별자치도 춘천시 신북읍 천전리 39-7,127.7921776,37.9329094,,,POI01000000BH6FMV,명가막국수,60,11,N,5,,5,5,5,
2308270006,f_f006739,13,집,2023-08-27,2023-08-28,,,,,,,,,60,21,,,,,,,1154510200
2308160001,f_f006888,1,집,2023-08-16,2023-08-16,동일아파트,,,,,,,,,21,,,,,,,2653010600
2308160002,f_f006888,8,집,2023-08-16,2023-08-17,동일아파트,,,,,,,,300,21,,,,,,,2653010600
2308160003,f_f006888,2,대바위공원,2023-08-16,2023-08-16,,울산 울주군 서생면 진하리 57-22,129.3445172,35.3772184,,,POI02000TR001943V,대바위공원,30,1,N,9,,5,4,4,
2308160004,f_f006888,4,고향 애물 횟집,2023-08-16,2023-08-16,울산 울주군 서생면 진하해변길 2,울산 울주군 서생면 진하리 68-1,129.3449998,35.3894781,,,POI03000TR007246V,고향해물횟집,30,11,Y,4,,4,5,4,
2308160005,f_f006888,3,장생포 고래 박물관,2023-08-16,2023-08-16,울산 남구 장생포고래로 244,울산 남구 매암동 139-29,129.3807654,35.5027659,,,POI01000TR015866V,장생포고래박물관,120,13,N,2,,5,4,4,
2308160006,f_f006888,5,롯데리아 장생포점,2023-08-16,2023-08-16,울산 남구 장생포고래로 246,울산 남구 매암동 139-29,129.3813113,35.502929,,,POI03000TR007247V,롯데리아 장생포점,30,11,N,9,,4,3,3,
2308160007,f_f006888,6,지지 관서가 장생포점,2023-08-16,2023-08-16,울산 남구 장생포고래로 110,울산 남구 장생포동 338-2,129.3672683,35.5033326,,,POI03000TR007248V,지관서가 장생포점,60,11,N,2,,5,4,4,
2308160008,f_f006888,7,통도사 휴게소 부산방향,2023-08-16,2023-08-16,경남 양산시 하북면 경부고속도로 31-1,경남 양산시 하북면 순지리 88-1,129.0909381,35.4886793,,,POI01000TR020780V,통도사휴게소 부산방향,30,9,N,7,,3,2,3,
2308300001,f_f006895,1,집,2023-08-30,2023-08-30,,,,,,,,,,21,,,,,,,1129012800
2308300002,f_f006895,9,루센 오션파크 속초,2023-08-30,2023-08-31,강원특별자치도 속초시 해오름로 167,강원특별자치도 속초시 조양동 1464-4,128.6032648,38.189041,,,POI01000TR040522V,리센오션파크속초,240,24,N,8,1,5,4,5,
2308300003,f_f006895,2,신의주 찹쌀순대 동묘앞역점,2023-08-30,2023-08-30,서울 종로구 종로 347,서울 종로구 숭인동 76,127.0159999,37.5740564,,,POI03000TR021027V,신의주찹쌀순대 동묘앞역점,30,11,N,9,,4,4,4,
2308300004,f_f006895,3,다이소 동묘점,2023-08-30,2023-08-30,서울 종로구 종로 347,서울 종로구 숭인동 76,127.0161198,37.5734023,,,POI03000TR021028V,다이소 동묘점,30,10,Y,6,,4,4,4,
2308300005,f_f006895,5,미시령폭포 민박,2023-08-30,2023-08-30,강원특별자치도 고성군 토성면 미시령폭포길 84,강원특별자치도 고성군 토성면 원암리 419,128.4802716,38.2091485,,,POI01000000CV9END,미시령폭포민박,30,1,N,1,,4,4,4,
2308300006,f_f006895,4,이케이에너지 강산 주유소,2023-08-30,2023-08-30,서울 성북구 보문로 27,서울 성북구 보문동7가 138,127.0228328,37.5779377,,,POI01000TR101420V,이케이에너지 강산주유소,30,12,Y,8,,3,4,3,
2308300007,f_f006895,6,동루골막국수,2023-08-30,2023-08-30,강원특별자치도 고성군 토성면 성대로 188,강원특별자치도 고성군 토성면 성대리 526-1,128.5095582,38.2548831,,,POI010000006BCTDV,동루골막국수,60,11,N,2,,4,3,4,
2308300008,f_f006895,7,보사노바 커피 로프터스 속초점,2023-08-30,2023-08-30,강원특별자치도 속초시 해오름로 161,강원특별자치도 속초시 조양동 1466-1,128.603804,38.1885435,,,POI01000TR004623V,보사노바커피로스터스 속초점,420,4,N,2,,4,4,4,
2308300009,f_f006895,8,속초해수욕장,2023-08-30,2023-08-30,강원특별자치도 속초시 해오름로 186,강원특별자치도 속초시 조양동 1464-7,128.6040985,38.1900529,,,POI01000TR017253V,속초해수욕장,30,1,Y,1,,5,5,5,
2308310001,f_f006895,15,집,2023-08-31,2023-09-01,,,,,,,,,30,21,,,,,,,1129012800
2308310002,f_f006895,10,속초해수욕장,2023-08-31,2023-08-31,강원특별자치도 속초시 해오름로 186,강원특별자치도 속초시 조양동 1464-7,128.6040985,38.1900529,,,POI01000TR017253V,속초해수욕장,30,1,Y,6,,4,5,5,
2308310003,f_f006895,11,세븐일레븐 속초 한라리센점,2023-08-31,2023-08-31,강원특별자치도 속초시 해오름로 167,강원특별자치도 속초시 조양동 1463-2,128.6032194,38.1889515,,,POI01000TR025519V,세븐일레븐 속초한라리센점,30,10,N,11,,4,4,4,
2308310004,f_f006895,12,사천해변,2023-08-31,2023-08-31,,강원특별자치도 강릉시 사천면 방동리 282-1,128.8777019,37.8304345,,,POI01000TR036165V,사천해변,30,13,N,5,,2,2,2,
2308310005,f_f006895,13,빅 웨이브,2023-08-31,2023-08-31,강원특별자치도 양양군 현북면 기사문길 29,강원특별자치도 양양군 현북면 기사문리 138-24,128.7300132,38.0078278,,,POI01000000DCG168,빅웨이브(BIGWAVE),180,5,N,8,,5,5,5,
2308310006,f_f006895,14,화로 애,2023-08-31,2023-08-31,강원특별자치도 양양군 양양읍 양양로 86,강원특별자치도 양양군 양양읍 남문리 131-1,128.6198911,38.074473,,,POI010000008N7424,화로애,60,11,N,2,,5,5,5,
2308260001,f_f006926,1,집,2023-08-26,2023-08-26,경기 군포시 당산로19번안길 30,경기 군포시 당동 766-17,,,4400159,4141010100,,,,21,,,,,,,
2308260002,f_f006926,2,예지 컴퓨터,2023-08-26,2023-08-26,경기 용인시 처인구 백옥대로 1325,경기 용인시 처인구 유방동 474,127.2121337,37.2531659,,,POI010000006MRW2D,예지컴퓨터,30,22,,,,,,,
2308260003,f_f006926,3,문막휴게소 강릉방향,2023-08-26,2023-08-26,강원특별자치도 원주시 문막읍 원문로 1234,강원특별자치도 원주시 문막읍 동화리 114,127.8582007,37.3352003,,,POI01000TR005442V,문막휴게소 강릉방향,30,9,N,9,,5,5,5,
2308260004,f_f006926,4,이마트 원주점,2023-08-26,2023-08-26,강원특별자치도 원주시 북원로 1928,강원특별자치도 원주시 무실동 1084-1,127.9190743,37.3207126,,,POI01000000BGGNC2,이마트 원주점,120,4,N,6,,5,5,5,
2308260005,f_f006926,5,군업천,2023-08-26,2023-08-26,,강원특별자치도 홍천군 화촌면 군업리,128.0407316,37.7431467,,,POI0100000075B7G6,군업천,270,1,N,2,,5,5,5,
2308260006,f_f006926,6,안개 아니 펜션,2023-08-26,2023-08-26,강원특별자치도 홍천군 화촌면 당무로 973-14,강원특별자치도 홍천군 화촌면 군업리 372-4,128.0322929,37.7459237,,,POI01000000DBXC92,안개자니펜션,330,24,N,2,3,5,5,5,
2308260011,f_f006926,7,안개 아니 펜션,2023-08-26,2023-08-27,강원특별자치도 홍천군 화촌면 당무로 973-14,강원특별자치도 홍천군 화촌면 군업리 372-4,128.0322929,37.7459237,,,POI01000000DBXC92,안개자니펜션,60,24,N,2,3,5,5,5,
2308270001,f_f006926,8,군업천,2023-08-27,2023-08-27,,강원특별자치도 홍천군 화촌면 군업리,128.0407316,37.7431467,,,POI0100000075B7G6,군업천,30,1,Y,4,,5,5,5,
2308270002,f_f006926,9,카페 감자밭 본점,2023-08-27,2023-08-27,강원특별자치도 춘천시 신북읍 신샘밭로 674,강원특별자치도 춘천시 신북읍 천전리 99-13,127.7845121,37.9295805,,,POI01000TR037264V,카페감자밭 본점,60,11,N,2,,5,5,5,
2308270003,f_f006926,10,샘밭 숯불닭갈비,2023-08-27,2023-08-27,강원특별자치도 춘천시 신북읍 신샘밭로 646,강원특별자치도 춘천시 신북읍 천전리 118-24,127.7813769,37.9295293,,,POI010000008MRW0D,샘밭숯불닭갈비,60,11,N,2,,5,5,5,
2308270004,f_f006926,11,원주휴게소 부산방향,2023-08-27,2023-08-27,강원특별자치도 원주시 호저면 마근거리길 120,강원특별자치도 원주시 호저면 옥산리 297,127.9290828,37.435248,,,POI01000TR013201V,원주휴게소 부산방향,90,9,N,9,,5,5,5,
2308270005,f_f006926,12,예지 컴퓨터,2023-08-27,2023-08-28,경기 용인시 처인구 백옥대로 1325,경기 용인시 처인구 유방동 474,127.2121337,37.2531659,,,POI010000006MRW2D,예지컴퓨터,420,22,,,,,,,
2308260001,f_f006932,1,집,2023-08-26,2023-08-26,주공8단지아파트,,,,,,,,,21,,,,,,,4413310400
2308260002,f_f006932,6,친지 집,2023-08-26,2023-08-27,,,,,,,,,1380,22,,,,,,,2638010300
2308260003,f_f006932,2,부산역,2023-08-26,2023-08-26,부산 동구 중앙대로 206,부산 동구 초량동 1187-1,129.0414192,35.1151092,,,POI01000TR040141V,부산역,30,9,Y,6,,3,3,4,
2308260004,f_f006932,3,친지 집,2023-08-26,2023-08-26,,,,,,,,,240,22,N,11,,4,3,3,2638010300
2308260005,f_f006932,5,어밤부,2023-08-26,2023-08-26,부산 사하구 낙동남로 1413,부산 사하구 하단동 526-6,128.9663868,35.1067614,,,POI01000000DOKVS4,어밤부,60,11,N,2,,5,4,4,
2308260006,f_f006932,4,부산 아시아드 주경기장,2023-08-26,2023-08-26,부산 연제구 월드컵대로 344,부산 연제구 거제동 1299,129.0583325,35.1900828,,,POI010000006TPERP,부산아시아드주경기장,510,3,Y,4,,5,4,5,
2308270001,f_f006932,7,부산문화회관,2023-08-27,2023-08-27,부산 남구 유엔평화로76번길 1,부산 남구 대연동 848-4,129.0937883,35.1273356,,,POI01000000AQ20US,부산문화회관,60,3,N,2,,5,3,5,
2308270002,f_f006932,8,대연 밀면,2023-08-27,2023-08-27,부산 남구 천제등로 55,부산 남구 대연1동 894-11,129.0898102,35.1313369,,,POI01000000CTP2F7,대연밀면족발,60,11,N,2,,4,4,4,
2308270003,f_f006932,9,엄마 손팥 집,2023-08-27,2023-08-27,부산 남구 유엔평화로 43,부산 남구 대연1동 882-12,129.0922935,35.1309877,,,POI03000TR015403V,엄마손팥집,60,11,N,2,,4,4,4,
2308270004,f_f006932,10,티 앤 북스 광안점,2023-08-27,2023-08-27,부산 수영구 민락수변로 29,부산 수영구 민락동 181-223,129.1246587,35.153155,,,POI010000006TOSIT,티앤북스 광안점,180,12,N,1,,5,4,4,
2308270005,f_f006932,11,집,2023-08-27,2023-08-28,주공8단지아파트,,,,,,,,780,21,,,,,,,4413310400
2308130001,f_f007107,1,집,2023-08-13,2023-08-13,대성베르힐,,,,,,,,,21,,,,,,,2917013000
2308130002,f_f007107,2,시부모님 집,2023-08-13,2023-08-13,,,,,,,,,30,22,,,,,,,4518036000
2308130003,f_f007107,3,스타벅스 전북 정읍 DT 점,2023-08-13,2023-08-13,전북 정읍시 충정로 271,전북 정읍시 수성동 449-1,126.8518346,35.5705075,,,POI01000TR031799V,스타벅스 전북정읍DT점,30,11,Y,7,,4,4,3,
2308130004,f_f007107,4,지리산 휴게소 대구방향,2023-08-13,2023-08-13,전북 남원시 아영면 광주대구고속도로 76,전북 남원시 아영면 아곡리 446-6,127.5667564,35.4813796,,,POI01000TR022028V,지리산휴게소 대구방향,0,9,N,11,,3,3,3,
2308130005,f_f007107,5,지안재,2023-08-13,2023-08-13,,경남 함양군 함양읍 구룡리 산 119-3,127.7025172,35.4735167,,,POI01000TR002230V,지안재,30,1,N,2,,4,4,4,
2308130006,f_f007107,6,하미앙와인밸리,2023-08-13,2023-08-13,경남 함양군 함양읍 삼봉로 442-14,경남 함양군 함양읍 죽림리 817-14,127.6723735,35.4694343,,,POI01000000AKBUB6,하미앙와인밸리,90,1,N,2,,4,4,4,
2308130007,f_f007107,7,수선사,2023-08-13,2023-08-13,경남 산청군 산청읍 웅석봉로154번길 102-23,경남 산청군 산청읍 내리 1117-1,127.8699185,35.3990652,,,POI01000000B74D1W,수선사,90,2,N,1,,4,5,5,
2308130008,f_f007107,8,명문제과,2023-08-13,2023-08-13,전북 남원시 용성로 56,전북 남원시 하정동 1-5,127.3824828,35.4090225,,,POI01000000E0E20Q,명문제과,30,10,Y,2,,4,4,4,
2308130009,f_f007107,9,쌍교 숯불갈비 담양 본점,2023-08-13,2023-08-13,전남 담양군 봉산면 송강정로 212,전남 담양군 봉산면 양지리 2,126.9522196,35.2532589,,,POI01000TR015238V,쌍교숯불갈비 담양본점,60,11,Y,4,,4,4,4,
2308130010,f_f007107,10,시부모님 집,2023-08-13,2023-08-13,,,,,,,,,0,22,,,,,,,4518036000
2308130011,f_f007107,11,집,2023-08-13,2023-08-14,대성베르힐,,,,,,,,150,21,,,,,,,2917013000
2309040001,f_f007188,1,집,2023-09-04,2023-09-04,부영6차,,,,,,,,,21,,,,,,,4729012600
2309040002,f_f007188,2,카페 플로리안,2023-09-04,2023-09-04,경남 합천군 삼가면 일부3길 6-1,경남 합천군 삼가면 일부리 948-14,128.1241858,35.410726,,,POI03000TR022694V,카페플로리안,90,11,N,2,,5,5,5,
2309040003,f_f007188,3,스테이 외토 구름채,2023-09-04,2023-09-05,경남 합천군 삼가면 외토5길 14-1,경남 합천군 삼가면 외토리 1230,128.0919256,35.37164,,,POI03000TR022695V,스테이외토 구름채,480,22,,,,,,,
2309050001,f_f007188,4,합천영상테마파크,2023-09-05,2023-09-05,경남 합천군 용주면 합천호수로 757,경남 합천군 용주면 가호리 256-5,128.0718461,35.5487512,,,POI01000TR026237V,합천영상테마파크,240,6,N,2,,5,5,5,
2309050002,f_f007188,5,논공 휴게소 대구방향,2023-09-05,2023-09-05,대구 달성군 논공읍 광주대구고속도로 170,대구 달성군 논공읍 삼리리 539-2,128.4028159,35.7645531,,,POI01000TR002056V,논공휴게소 대구방향,30,9,Y,6,,4,4,4,
2309050003,f_f007188,6,집,2023-09-05,2023-09-06,부영6차,,,,,,,,390,21,,,,,,,4729012600
2308220001,f_f007228,1,집,2023-08-22,2023-08-22,기흥역로 16,,,,,,,,,21,,,,,,,4146310200
2308220002,f_f007228,3,주문진 벽산블루밍 오션힐스 아파트,2023-08-22,2023-08-22,강원특별자치도 강릉시 주문진읍 장성로 25,강원특별자치도 강릉시 주문진읍 교항리 1269,128.8230265,37.8888456,,,POI01000000BXPK8L,주문진벽산블루밍오션힐스아파트,600,22,,,,,,,
2308220003,f_f007228,4,주문진해변,2023-08-22,2023-08-22,,강원특별자치도 강릉시 주문진읍 향호리 8-35,128.8187802,37.9111195,,,POI01000TR022934V,주문진해변,210,1,N,5,,4,5,5,
2308220004,f_f007228,2,대동 면옥,2023-08-22,2023-08-22,강원특별자치도 강릉시 주문진읍 연주로 438,강원특별자치도 강릉시 주문진읍 주문리 326-5,128.8246918,37.8911953,,,POI01000TR002171V,대동면옥,30,11,N,2,,5,5,5,
2308220005,f_f007228,5,주문진 벽산블루밍 오션힐스 아파트,2023-08-22,2023-08-22,강원특별자치도 강릉시 주문진읍 장성로 25,강원특별자치도 강릉시 주문진읍 교항리 1269,128.8230265,37.8888456,,,POI01000000BXPK8L,주문진벽산블루밍오션힐스아파트,240,22,,,,,,,
2308220006,f_f007228,6,이 맛에 온다 주문진 본점,2023-08-22,2023-08-22,강원특별자치도 강릉시 주문진읍 주문로 11,강원특별자치도 강릉시 주문진읍 교항리 116-5,128.8250629,37.8847288,,,POI03000TR012306V,이맛에온다 주문진본점,60,11,N,2,,5,5,5,
2308220007,f_f007228,7,철이 당구클럽,2023-08-22,2023-08-22,연주로 376,,,,,,,,60,3,N,9,,5,5,5,4215025000
2308220008,f_f007228,8,주문진 벽산블루밍 오션힐스 아파트,2023-08-22,2023-08-23,강원특별자치도 강릉시 주문진읍 장성로 25,강원특별자치도 강릉시 주문진읍 교항리 1269,128.8230265,37.8888456,,,POI01000000BXPK8L,주문진벽산블루밍오션힐스아파트,150,22,,,,,,,
2308230001,f_f007228,9,지경리해수욕장,2023-08-23,2023-08-23,,강원특별자치도 양양군 현남면 지경리,128.8020962,37.9231663,,,POI01000TR012925V,지경리해수욕장,30,1,N,9,,3,3,3,
2308230002,f_f007228,11,해옥,2023-08-23,2023-08-23,강원특별자치도 강릉시 주문진읍 주문로 102,강원특별자치도 강릉시 주문진읍 주문리 317-26,128.8270466,37.8928325,,,POI01000000ERIWGV,해옫,30,11,N,2,,4,4,4,
2308230003,f_f007228,12,주문진 벽산블루밍 오션힐스 아파트,2023-08-23,2023-08-23,강원특별자치도 강릉시 주문진읍 장성로 25,강원특별자치도 강릉시 주문진읍 교항리 1269,128.8230265,37.8888456,,,POI01000000BXPK8L,주문진벽산블루밍오션힐스아파트,60,22,,,,,,,
2308230004,f_f007228,10,강릉 돈이 마을 강릉 주문진 점,2023-08-23,2023-08-23,강원특별자치도 강릉시 주문진읍 연주로 245-3,강원특별자치도 강릉시 주문진읍 교항리 1202,128.8297248,37.8746499,,,POI03000TR012309V,강릉돈우마을 강릉주문진점,60,11,Y,4,,5,5,5,
2308230005,f_f007228,13,마빈스 커피 강릉 영진점,2023-08-23,2023-08-23,강원특별자치도 강릉시 연곡면 해안로 1445,강원특별자치도 강릉시 연곡면 영진리 72-8,128.8457458,37.8685209,,,POI03000TR012310V,바빈스커피 강릉영진점,60,11,N,9,,3,3,3,
2308230006,f_f007228,14,주문진 벽산블루밍 오션힐스 아파트,2023-08-23,2023-08-23,강원특별자치도 강릉시 주문진읍 장성로 25,강원특별자치도 강릉시 주문진읍 교항리 1269,128.8230265,37.8888456,,,POI01000000BXPK8L,주문진벽산블루밍오션힐스아파트,300,22,,,,,,,
2308230007,f_f007228,15,집,2023-08-23,2023-08-24,기흥역로 16,,,,,,,,180,21,,,,,,,4146310200
2308280001,f_f007234,1,집,2023-08-28,2023-08-28,중평길 39,,,,,,,,,21,,,,,,,4717011000
2308280002,f_f007234,2,KTG 상상마당 부산,2023-08-28,2023-08-28,부산 부산진구 서면로 39,부산 부산진구 부전동 521-1,129.0572989,35.1542603,,,POI01000TR005577V,KT&G상상마당 부산,90,3,N,1,,5,5,5,
2308280003,f_f007234,3,어나더미 네스 전포점,2023-08-28,2023-08-28,부산 부산진구 서전로38번길 43-13,부산 부산진구 전포동 680-8,129.0645956,35.1558222,,,POI02000TR000959V,어나더미네스 전포점,60,11,N,2,,5,5,5,
2308280004,f_f007234,4,애드,2023-08-28,2023-08-28,부산 부산진구 전포대로199번길 12,부산 부산진구 전포동 686-3,129.0647399,35.1545824,,,POI01000TR043417V,애드,30,4,N,5,,5,5,5,
2308280005,f_f007234,5,오브젝트 서면점,2023-08-28,2023-08-28,부산 부산진구 전포대로209번길 11,부산 부산진구 전포동 687-8,129.0644514,35.1553263,,,POI01000TR038655V,오브젝트 서면점,0,4,N,2,,5,5,5,
2308280006,f_f007234,6,타워 더 모스트 광안 오피스텔,2023-08-28,2023-08-28,부산 수영구 민락수변로17번길 36,부산 수영구 민락동 181-88,129.126069,35.1542224,,,POI01000TR002879V,타워더모스트광안오피스텔,60,24,N,2,11,5,3,5,
2308280007,f_f007234,7,반판 광안점,2023-08-28,2023-08-28,부산 수영구 남천동로108번길 31,부산 수영구 남천동 3-58,129.1128133,35.1466279,,,POI03000TR015434V,반핀 광안점,30,11,N,2,,5,5,5,
2308280008,f_f007234,9,광안리 해변 테마거리,2023-08-28,2023-08-28,,부산 수영구 민락동,129.121922,35.1550882,,,POI01000TR028519V,광안리해변테마거리,60,1,N,1,,5,5,5,
2308280009,f_f007234,8,밀란 더 마켓,2023-08-28,2023-08-28,부산 수영구 민락수변로17번길 56,부산 수영구 민락동 113-31,129.127001,35.15428,,,POI01000TR034816V,밀락 더 마켓,30,4,N,1,,3,2,3,
2308280010,f_f007234,10,타워 더 모스트 광안 오피스텔,2023-08-28,2023-08-29,부산 수영구 민락수변로17번길 36,부산 수영구 민락동 181-88,129.126069,35.1542224,,,POI01000TR002879V,타워더모스트광안오피스텔,150,24,N,2,11,5,3,5,
2308290001,f_f007234,11,치키 파이,2023-08-29,2023-08-29,부산 수영구 광안로 58,부산 수영구 광안동 191-3,129.1182792,35.1547518,,,POI01000000EWM7LK,치키파이,30,11,N,2,,5,5,5,
2308290002,f_f007234,12,클러스터 라운드,2023-08-29,2023-08-29,부산 수영구 광안로 49-1,부산 수영구 광안동 158-57,129.1178088,35.1552746,,,POI03000TR012259V,클러스터라운드,0,4,N,2,,3,3,3,
2308290003,f_f007234,13,분홍이네,2023-08-29,2023-08-29,부산 수영구 광안로45번길 2,부산 수영구 광안동 153-41,129.1173265,35.1554173,,,POI01000000C949HB,분홍이네,30,4,N,2,,5,5,5,
2308290004,f_f007234,14,온 선데이,2023-08-29,2023-08-29,부산 수영구 광안로61번길 28,부산 수영구 민락동 178-12,129.1204999,35.1549166,,,POI02001TR022175V,올선데이,30,11,N,9,,5,5,5,
2308290005,f_f007234,15,샌더스,2023-08-29,2023-08-29,부산 수영구 남천바다로 38-1,부산 수영구 남천동 3-37,129.1142587,35.1481734,,,POI01000000CZS96E,샌디스,60,11,N,2,,5,5,5,
2308290006,f_f007234,16,이재모 피자,2023-08-29,2023-08-29,부산 동구 중앙대로 197,부산 동구 초량동 1208-18,129.0392093,35.1151112,,,POI03000TR013928V,이재모피자,30,11,N,3,,5,4,5,
2308290007,f_f007234,17,부산역,2023-08-29,2023-08-29,부산 동구 중앙대로 206,부산 동구 초량동 1187-1,129.0414192,35.1151092,,,POI01000TR040141V,부산역,60,9,Y,6,,5,5,5,
2308290008,f_f007234,18,동대구 터미널,2023-08-29,2023-08-29,대구 동구 동부로 149,대구 동구 신천동 1506,128.6303085,35.877986,,,POI01000TR039910V,동대구터미널,30,9,Y,6,,5,5,5,
2308290009,f_f007234,19,집,2023-08-29,2023-08-30,중평길 39,,,,,,,,150,21,,,,,,,4717011000
2308200001,f_f007260,1,집,2023-08-20,2023-08-20,경기 안양시 동안구 귀인로 213,경기 안양시 동안구 평촌동 899-7,,,3183004,4117310300,,,,21,,,,,,,
2308200002,f_f007260,2,경기 광주 휴게소 원주 방향,2023-08-20,2023-08-20,경기 광주시 곤지암읍 만삼로 270,경기 광주시 곤지암읍 삼합리 산 27-2,127.4361214,37.3783578,,,POI01000TR022799V,경기광주휴게소 원주방향,0,9,N,9,,3,3,3,
2308200003,f_f007260,3,강릉 동화 가든 본점,2023-08-20,2023-08-20,강원특별자치도 강릉시 초당순두부길77번길 15,강원특별자치도 강릉시 초당동 309-1,128.91466,37.7911504,,,POI01000TR028300V,동화가든 본점,30,11,N,5,,4,4,4,
2308200004,f_f007260,5,주문진 방사제,2023-08-20,2023-08-20,,강원특별자치도 강릉시 주문진읍 교항리,128.8342043,37.8798555,,,POI01000TR002931V,주문진방사제,30,2,N,1,,4,2,3,
2308200005,f_f007260,4,순두부 젤라또 3호점,2023-08-20,2023-08-20,강원특별자치도 강릉시 주문진읍 해안로 1603,강원특별자치도 강릉시 주문진읍 교항리 81-33,128.8337786,37.8791883,,,POI010000006B3HJG,순두부젤라또 3호점,30,11,N,9,,4,4,3,
2308200006,f_f007260,6,스테이 인터뷰,2023-08-20,2023-08-20,강원특별자치도 강릉시 강동면 율곡로 1458,강원특별자치도 강릉시 강동면 정동진리 524-1,129.0122761,37.70789,,,POI01000000CZQYXS,스테이인터뷰,60,4,N,1,,4,2,3,
2308200007,f_f007260,7,강릉 카페거리,2023-08-20,2023-08-20,강원특별자치도 강릉시 창해로14번길 20,강원특별자치도 강릉시 견소동 287-90,128.9472416,37.7726536,,,POI01000TR007776V,강릉카페거리,120,4,Y,4,,4,4,4,
2308200008,f_f007260,8,난설헌 메밀촌,2023-08-20,2023-08-20,강원특별자치도 강릉시 난설헌로 105,강원특별자치도 강릉시 포남동 945,128.9037479,37.7851871,,,POI01000TR002145V,난설헌메밀촌,60,11,N,2,,5,4,4,
2308200009,f_f007260,9,아스라 모텔,2023-08-20,2023-08-20,강원특별자치도 강릉시 옥천로 72-3,강원특별자치도 강릉시 교동 138-8,128.8982352,37.760485,,,POI01000000EY140D,아스라모텔,150,24,N,8,2,3,3,2,
2308200010,f_f007260,10,강릉 중앙시장,2023-08-20,2023-08-20,강원특별자치도 강릉시 금성로 21,강원특별자치도 강릉시 성남동 50,128.8986238,37.7540251,,,POI01000TR021364V,강릉중앙시장,60,4,N,2,,4,3,3,
2308200011,f_f007260,11,육영 탕수육,2023-08-20,2023-08-20,강원특별자치도 강릉시 관대길 13,강원특별자치도 강릉시 내곡동 322-1,128.8790714,37.7399899,,,POI010000008M5U0P,육영탕수육,0,11,N,2,,5,5,5,
2308200012,f_f007260,12,아스라 모텔,2023-08-20,2023-08-21,강원특별자치도 강릉시 옥천로 72-3,강원특별자치도 강릉시 교동 138-8,128.8982352,37.760485,,,POI01000000EY140D,아스라모텔,150,24,N,8,2,3,2,2,
2308210001,f_f007260,13,해미가,2023-08-21,2023-08-21,강원특별자치도 강릉시 솔올로 103,강원특별자치도 강릉시 교동 1807-2,128.8789446,37.771035,,,POI01000TR035697V,해미가,60,11,N,3,,5,4,4,
2308210002,f_f007260,14,바우 카페 본점,2023-08-21,2023-08-21,강원특별자치도 강릉시 사천면 진리해변길 109-1,강원특별자치도 강릉시 사천면 사천진리 266-34,128.8754758,37.8410206,,,POI01000TR004855V,바우카페 본점,30,11,N,2,,5,5,5,
2308210003,f_f007260,15,사천진 해변,2023-08-21,2023-08-21,강원특별자치도 강릉시 사천면 진리해변길 131,강원특별자치도 강릉시 사천면 사천진리 266-5,128.8736885,37.84293,,,POI01000TR005994V,사천진해변,30,1,N,9,,4,4,3,
2308210004,f_f007260,16,순두부 젤라또 1호점,2023-08-21,2023-08-21,강원특별자치도 강릉시 초당순두부길 95-5,강원특별자치도 강릉시 초당동 354-4,128.9154798,37.7916865,,,POI01000TR039076V,순두부젤라또 1호점,30,11,Y,4,,4,4,4,
2308210005,f_f007260,17,강문해변,2023-08-21,2023-08-21,,강원특별자치도 강릉시 강문동 182-1,128.9191753,37.7948207,,,POI01000TR024661V,강문해변,30,1,Y,4,,5,4,4,
2308210006,f_f007260,18,비비 플로 스튜디오,2023-08-21,2023-08-21,강원특별자치도 강릉시 경강로 2306-1,강원특별자치도 강릉시 포남동 1285-2,128.9137097,37.7674666,,,POI03000TR009849V,비비플로스튜디오,150,13,N,2,,3,3,3,
2308210007,f_f007260,19,독도네 본점,2023-08-21,2023-08-21,강원특별자치도 강릉시 옥천로 47,강원특별자치도 강릉시 옥천동 287,128.9003816,37.7593604,,,POI01000TR021750V,강릉꼬막집 독도네본점,30,11,N,2,,5,5,5,
2308210008,f_f007260,20,강릉 카페거리,2023-08-21,2023-08-21,강원특별자치도 강릉시 창해로14번길 20,강원특별자치도 강릉시 견소동 287-90,128.9472416,37.7726536,,,POI01000TR007776V,강릉카페거리,30,4,Y,11,,4,4,4,
2308210009,f_f007260,21,횡성휴게소 인천방향,2023-08-21,2023-08-21,강원특별자치도 횡성군 안흥면 영동고속도로 153,강원특별자치도 횡성군 안흥면 소사리 1511,128.1353932,37.4651602,,,POI01000TR006323V,횡성휴게소 인천방향,0,9,N,9,,3,3,3,
2308210010,f_f007260,22,집,2023-08-21,2023-08-22,경기 안양시 동안구 귀인로 213,경기 안양시 동안구 평촌동 899-7,,,3183004,4117310300,,,90,21,,,,,,,
2308290001,f_f007508,1,친구 친지 집,2023-08-29,2023-08-29,강동 자이 아파트,,,,,,,,,22,,,,,,,1174010500
2308290002,f_f007508,2,비발디파크 오션월드,2023-08-29,2023-08-29,강원특별자치도 홍천군 서면 한치골길 262,강원특별자치도 홍천군 서면 팔봉리 산 125-17,127.686912,37.6499535,,,POI01000TR005189V,비발디파크 오션월드,390,6,Y,6,,4,4,4,
2308290003,f_f007508,3,거진항 수산물 판매장,2023-08-29,2023-08-29,강원특별자치도 고성군 거진읍 거진항1길 42,강원특별자치도 고성군 거진읍 거진리 25-6,128.4621766,38.4486432,,,POI01000TR027230V,거진항수산물판매장,30,4,N,5,,5,5,5,
2308290005,f_f007508,4,거진농협 하나로마트 본점,2023-08-29,2023-08-29,강원특별자치도 고성군 거진읍 거진길 32,강원특별자치도 고성군 거진읍 거진리 283-2,128.4547064,38.4467265,,,POI03000TR019782V,거진농협하나로마트 본점,30,10,N,9,,4,3,3,
2308290007,f_f007508,6,거진 오션 상떼빌 아파트,2023-08-29,2023-08-30,강원특별자치도 고성군 거진읍 해오름해변길 70,강원특별자치도 고성군 거진읍 송포리 165,128.4550443,38.4349228,,,POI01000TR031997V,거진오션상떼빌아파트,270,22,,,,,,,
2308290008,f_f007508,5,거진 오션 상떼빌 아파트,2023-08-29,2023-08-29,강원특별자치도 고성군 거진읍 해오름해변길 70,강원특별자치도 고성군 거진읍 송포리 165,128.4550443,38.4349228,,,POI01000TR031997V,거진오션상떼빌아파트,1140,7,Y,6,,5,5,5,
2308300001,f_f007508,7,군자 대한 곱창 미사역점,2023-08-30,2023-08-30,,,,,,,,,210,4,Y,4,,5,5,5,4145010900
2308300002,f_f007508,8,미사 강변 센트럴자이 아파트,2023-08-30,2023-08-31,경기 하남시 미사강변대로 95,경기 하남시 풍산동 480,127.1860763,37.5577993,,,POI01000TR037343V,미사강변센트럴자이아파트,120,21,,,,,,,
2308180001,f_f007571,1,집,2023-08-18,2023-08-18,서울 성북구 돌곶이로23가길 90,서울 성북구 석관동 332-195,,,4121044,1129013900,,,,21,,,,,,,
2308180002,f_f007571,15,호텔 루이스,2023-08-18,2023-08-19,강원특별자치도 강릉시 옥가로50번길 11-1,강원특별자치도 강릉시 옥천동 334-8,128.9012881,37.7605943,,,POI010000006B48I7,호텔 루이스,120,24,Y,8,2,4,3,3,
2308180003,f_f007571,2,청량리역,2023-08-18,2023-08-18,서울 동대문구 왕산로 214,서울 동대문구 전농동 591-53,127.0478983,37.5801601,,,POI01000TR012315V,청량리역,30,9,Y,6,,4,5,4,
2308180004,f_f007571,3,강릉역,2023-08-18,2023-08-18,강원특별자치도 강릉시 용지로 176,강원특별자치도 강릉시 교동 118,128.8996276,37.7645236,,,POI0100000075Y1PW,강릉역,30,9,N,6,,3,4,3,
2308180005,f_f007571,4,쏘카 주차장,2023-08-18,2023-08-18,,,,,,,,,30,9,N,11,,3,3,3,4215011000
2308180006,f_f007571,5,정동진역,2023-08-18,2023-08-18,강원특별자치도 강릉시 강동면 정동역길 17,강원특별자치도 강릉시 강동면 정동진리 303,129.0326896,37.6914301,,,POI01000000E66MEM,정동진역,60,9,Y,1,,3,3,3,
2308180007,f_f007571,6,해안 도로,2023-08-18,2023-08-18,강원특별자치도 강릉시 강동면 헌화로 641,강원특별자치도 강릉시 강동면 심곡리 102,129.0548184,37.6638513,,,POI01000TR029138V,해안도로,30,1,N,2,,5,5,5,
2308180008,f_f007571,7,도깨비 촬영지,2023-08-18,2023-08-18,,,,,,,,,30,2,N,2,,4,4,4,4215025022
2308180009,f_f007571,8,강냉이 소쿠리,2023-08-18,2023-08-18,강원특별자치도 강릉시 주문진읍 학교담길 32-8,강원특별자치도 강릉시 주문진읍 교항리 81-18,128.8316325,37.8815639,,,POI01000000CUAO00,강냉이소쿠리,60,11,N,2,,4,4,4,
2308180010,f_f007571,9,강릉 동화 가든 본점,2023-08-18,2023-08-18,강원특별자치도 강릉시 초당순두부길77번길 15,강원특별자치도 강릉시 초당동 309-1,128.91466,37.7911504,,,POI01000TR028300V,동화가든 본점,60,11,N,5,,4,4,4,
2308180011,f_f007571,10,차연희 젤라또 앤 커피,2023-08-18,2023-08-18,강원특별자치도 강릉시 초당순두부길 98,강원특별자치도 강릉시 초당동 7,128.9164413,37.7911142,,,POI01000TR014612V,차현희젤라또앤커피,60,11,N,9,,4,4,4,
2308180012,f_f007571,11,강문해변,2023-08-18,2023-08-18,,강원특별자치도 강릉시 강문동 182-1,128.9191753,37.7948207,,,POI01000TR024661V,강문해변,30,1,N,9,,4,4,4,
2308180013,f_f007571,12,호텔 루이스,2023-08-18,2023-08-18,강원특별자치도 강릉시 옥가로50번길 11-1,강원특별자치도 강릉시 옥천동 334-8,128.9012881,37.7605943,,,POI010000006B48I7,호텔 루이스,180,24,N,8,2,4,4,4,
2308180014,f_f007571,13,고 선생 화덕 생선구이,2023-08-18,2023-08-18,강원특별자치도 강릉시 해안로 286,강원특별자치도 강릉시 강문동 27-2,128.9205145,37.7909514,,,POI01000000B51PNP,고선생화덕생선구이,90,11,N,2,,3,2,2,
2308180015,f_f007571,14,경포도립공원,2023-08-18,2023-08-18,강원특별자치도 강릉시 창해로 473,강원특별자치도 강릉시 강문동 산 4-9,128.9099118,37.8025744,,,POI01000TR042506V,경포도립공원,90,1,N,6,,5,5,5,
2308190001,f_f007571,23,집,2023-08-19,2023-08-20,서울 성북구 돌곶이로23가길 90,서울 성북구 석관동 332-195,,,4121044,1129013900,,,240,21,,,,,,,
2308190002,f_f007571,16,강릉 카페거리,2023-08-19,2023-08-19,강원특별자치도 강릉시 창해로14번길 20,강원특별자치도 강릉시 견소동 287-90,128.9472416,37.7726536,,,POI01000TR007776V,강릉카페거리,30,4,N,2,,4,4,4,
2308190003,f_f007571,17,보사노바 커피 로프터스 강릉점,2023-08-19,2023-08-19,강원특별자치도 강릉시 창해로14번길 28,강원특별자치도 강릉시 견소동 168,128.9478294,37.7720457,,,POI01000TR038919V,보사노바 커피로스터스 강릉점,120,11,N,9,,5,5,5,
2308190004,f_f007571,18,오죽헌,2023-08-19,2023-08-19,강원특별자치도 강릉시 율곡로3139번길 24,강원특별자치도 강릉시 죽헌동 177-4,128.8773135,37.7795001,,,POI01000TR010855V,오죽헌,60,2,N,1,,4,4,4,
2308190005,f_f007571,19,감자 유원지,2023-08-19,2023-08-19,강원특별자치도 강릉시 경강로2115번길 7,강원특별자치도 강릉시 임당동 103-12,128.8973898,37.7563512,,,POI01000TR042237V,감자유원지,90,11,N,2,,4,4,3,
2308190006,f_f007571,20,경포 생태 저류지,2023-08-19,2023-08-19,,강원특별자치도 강릉시 죽헌동,128.8847402,37.7817093,,,POI01000TR041537V,경포생태저류지,60,7,N,1,,4,4,4,
2308190007,f_f007571,21,강릉역,2023-08-19,2023-08-19,강원특별자치도 강릉시 용지로 176,강원특별자치도 강릉시 교동 118,128.8996276,37.7645236,,,POI0100000075Y1PW,강릉역,60,9,Y,6,,3,3,3,
2308190008,f_f007571,22,청량리역,2023-08-19,2023-08-19,서울 동대문구 왕산로 214,서울 동대문구 전농동 591-53,127.0478983,37.5801601,,,POI01000TR012315V,청량리역,30,9,Y,6,,4,4,4,
2308240001,f_f007878,2,엄지네 포장마차 본점,2023-08-24,2023-08-24,강원특별자치도 강릉시 경강로2255번길 21,강원특별자치도 강릉시 포남동 1155,128.9070133,37.7663212,,,POI01000TR001090V,엄지네포장마차 본점,60,11,Y,4,,5,5,5,
2308240002,f_f007878,7,지브 펜션,2023-08-24,2023-08-25,강원특별자치도 강릉시 주문진읍 해안로 1935,강원특별자치도 강릉시 주문진읍 주문리 675,128.8293737,37.9023452,,,POI01000000BUG3J3,지브ZIV,300,24,N,2,3,5,5,5,
2308240003,f_f007878,3,홈플러스 강릉점 주차장,2023-08-24,2023-08-24,강원특별자치도 강릉시 경강로 2120,강원특별자치도 강릉시 옥천동 189,128.8991123,37.755691,,,POI03000TR010809V,홈플러스 강릉점 주차장,30,10,N,9,,5,5,5,
2308240004,f_f007878,4,강릉 중앙시장,2023-08-24,2023-08-24,강원특별자치도 강릉시 금성로 21,강원특별자치도 강릉시 성남동 50,128.8986238,37.7540251,,,POI01000TR021364V,강릉중앙시장,60,4,Y,4,,5,5,5,
2308240005,f_f007878,5,바우 카페,2023-08-24,2023-08-24,강원특별자치도 강릉시 연곡면 해안로 1437,강원특별자치도 강릉시 연곡면 영진리 74-5,128.8465168,37.8681791,,,POI01000000CTQZA0,바우카페,30,11,N,2,,5,5,5,
2308240006,f_f007878,6,영진해변,2023-08-24,2023-08-24,,강원특별자치도 강릉시 연곡면 영진리 357-155,128.8457109,37.868762,,,POI01000TR001802V,영진해변,30,1,N,1,,5,5,5,
2308240007,f_f007878,1,집,2023-08-24,2023-08-24,문정래미안아파트 110동,,,,,,,,,21,,,,,,,1171010800
2308250001,f_f007878,11,문정래미안 아파트,2023-08-25,2023-08-26,서울 송파구 문정로 83,서울 송파구 문정동 1,127.1302901,37.4906214,,,POI01000000DQPDXY,문정래미안아파트,180,21,,,,,,,
2308250002,f_f007878,8,고 선생 화덕 생선구이,2023-08-25,2023-08-25,강원특별자치도 강릉시 해안로 286,강원특별자치도 강릉시 강문동 27-2,128.9205145,37.7909514,,,POI01000000B51PNP,고선생화덕생선구이,60,11,N,5,,4,2,4,
2308250003,f_f007878,9,발리 코코넛,2023-08-25,2023-08-25,강원특별자치도 강릉시 창해로14번길 14,강원특별자치도 강릉시 견소동 287-118,128.9466002,37.7730768,,,POI02000TR000981V,발리코코넛,60,11,N,2,,5,5,5,
2308250004,f_f007878,10,안목 해변,2023-08-25,2023-08-25,강원특별자치도 강릉시 창해로14번길 51-26,강원특별자치도 강릉시 견소동 286-10,128.9482754,37.7722618,,,POI01000TR042380V,안목해변,30,1,Y,4,,4,4,4,
2308180001,f_f007889,1,집,2023-08-18,2023-08-18,국회대로 55길 25,,,,,,,,,21,,,,,,,1156011700
2308180002,f_f007889,2,영등포역,2023-08-18,2023-08-18,서울 영등포구 경인로 846,서울 영등포구 영등포동 618,126.907876,37.5156837,,,POI01000TR018051V,영등포역,0,9,Y,6,,3,4,4,
2308180003,f_f007889,3,서울역,2023-08-18,2023-08-18,서울 용산구 한강대로 405,서울 용산구 동자동 43-205,126.9706069,37.5546788,,,POI01000TR030428V,서울역,0,9,Y,6,,4,3,4,
2308180004,f_f007889,4,민속 옹심이 막국수,2023-08-18,2023-08-18,강원특별자치도 강릉시 죽헌길44번길 27,강원특별자치도 강릉시 지변동 644,128.8773676,37.7750887,,,POI01000000E02FYP,민속옹심이막국수,30,11,Y,4,,5,5,5,
2308180005,f_f007889,6,강릉 오죽 한옥마을,2023-08-18,2023-08-18,강원특별자치도 강릉시 죽헌길 114,강원특별자치도 강릉시 죽헌동 887,128.8784972,37.7772111,,,POI0100000075Y4HR,강릉오죽한옥마을,30,12,Y,9,,4,3,3,
2308180006,f_f007889,5,오죽헌,2023-08-18,2023-08-18,강원특별자치도 강릉시 율곡로3139번길 24,강원특별자치도 강릉시 죽헌동 177-4,128.8773135,37.7795001,,,POI01000TR010855V,오죽헌,30,2,Y,1,,4,4,4,
2308180007,f_f007889,7,스타벅스 강릉강문해변점,2023-08-18,2023-08-18,강원특별자치도 강릉시 창해로350번길 3,강원특별자치도 강릉시 강문동 182-2,128.9185549,37.7947119,,,POI01000TR008741V,스타벅스 강릉강문해변점,60,11,Y,4,1,4,4,4,
2308180008,f_f007889,8,세인트존스 호텔,2023-08-18,2023-08-18,강원특별자치도 강릉시 창해로 307,강원특별자치도 강릉시 강문동 1-1,128.9209742,37.7912547,,,POI01000TR025057V,세인트존스호텔,210,24,Y,1,1,5,5,5,
2308180009,f_f007889,9,솔향,2023-08-18,2023-08-18,강원특별자치도 강릉시 창해로14번길 55-7,강원특별자치도 강릉시 견소동 286-4,128.951563,37.7708345,,,POI03000TR009087V,솔향,30,11,Y,8,,5,5,5,
2308180011,f_f007889,10,세인트존스 호텔,2023-08-18,2023-08-19,강원특별자치도 강릉시 창해로 307,강원특별자치도 강릉시 강문동 1-1,128.9209742,37.7912547,,,POI01000TR025057V,세인트존스호텔,240,24,Y,1,1,5,5,5,
2308190001,f_f007889,11,세인트존스 호텔 피트니스센터,2023-08-19,2023-08-19,강원특별자치도 강릉시 창해로 307,,,,,,,,60,5,N,1,,5,5,5,4215011300
2308190002,f_f007889,12,에이엔 브레드,2023-08-19,2023-08-19,강원특별자치도 강릉시 창해로14번길 24,강원특별자치도 강릉시 견소동 287-78,128.9475327,37.7723713,,,POI01000TR017144V,에이엠브레드,240,11,N,2,,4,4,4,
2308190003,f_f007889,13,안목 해변,2023-08-19,2023-08-19,강원특별자치도 강릉시 창해로14번길 51-26,강원특별자치도 강릉시 견소동 286-10,128.9482754,37.7722618,,,POI01000TR042380V,안목해변,30,1,Y,1,,4,4,4,
2308190004,f_f007889,15,독도네 본점,2023-08-19,2023-08-19,강원특별자치도 강릉시 옥천로 47,강원특별자치도 강릉시 옥천동 287,128.9003816,37.7593604,,,POI01000TR021750V,강릉꼬막집 독도네본점,30,11,N,5,,5,5,5,
2308190005,f_f007889,14,강릉역,2023-08-19,2023-08-19,강원특별자치도 강릉시 용지로 176,강원특별자치도 강릉시 교동 118,128.8996276,37.7645236,,,POI0100000075Y1PW,강릉역,30,9,Y,6,,5,5,5,
2308190006,f_f007889,16,집,2023-08-19,2023-08-20,국회대로 55길 25,,,,,,,,180,21,,,,,,,1156011700
2308260001,f_f007925,1,집,2023-08-26,2023-08-26,강동대로 5길,,,,,,,,,21,,,,,,,1171010300
2308260002,f_f007925,12,루센 오션파크 속초,2023-08-26,2023-08-27,강원특별자치도 속초시 해오름로 167,강원특별자치도 속초시 조양동 1464-4,128.6032648,38.189041,,,POI01000TR040522V,리센오션파크속초,30,24,N,8,8,4,4,4,
2308260003,f_f007925,4,4년 전통 오미 냉면,2023-08-26,2023-08-26,강원특별자치도 고성군 토성면 아야진해변길 73,강원특별자치도 고성군 토성면 아야진리 645,128.5553016,38.271891,,,POI01000TR012663V,40년전통오미냉면,30,11,N,6,,3,4,3,
2308260004,f_f007925,6,아야진해수욕장,2023-08-26,2023-08-26,,강원특별자치도 고성군 토성면 아야진리,128.553373,38.276835,,,POI01000TR011251V,아야진해수욕장,240,1,N,1,,4,4,4,
2308260005,f_f007925,5,든 햄버거,2023-08-26,2023-08-26,강원특별자치도 고성군 토성면 아야진길 68-1,강원특별자치도 고성군 토성면 아야진리 19,128.5552969,38.2732783,,,POI03000TR015500V,든해버거,30,11,N,6,,5,5,5,
2308260006,f_f007925,2,동서울 종합터미널,2023-08-26,2023-08-26,서울 광진구 강변역로 50,서울 광진구 구의동 546-1,127.0941883,37.5346076,,,POI01000TR001034V,동서울종합터미널,0,9,Y,6,,3,3,3,
2308260007,f_f007925,7,아야진 파출소 앞 공원,2023-08-26,2023-08-26,아야진해변길 82-14,,,,,,,,30,7,N,9,,4,3,2,4282033000
2308260008,f_f007925,10,속초 아이,2023-08-26,2023-08-26,강원특별자치도 속초시 청호해안길 2,강원특별자치도 속초시 조양동 1450-143,128.6026902,38.1907387,,,POI01000TR019981V,속초아이,0,12,Y,1,,4,3,3,
2308260009,f_f007925,8,속초관광수산시장,2023-08-26,2023-08-26,강원특별자치도 속초시 중앙로147번길 16,강원특별자치도 속초시 중앙동 471-4,128.5901795,38.2045436,,,POI01000TR005661V,속초관광수산시장,30,4,Y,1,,4,4,4,
2308260010,f_f007925,9,한스 키친,2023-08-26,2023-08-26,강원특별자치도 속초시 청초호반로 312-2,강원특별자치도 속초시 중앙동 482-289,128.5913634,38.2021332,,,POI01000000ERKXN5,한스키친,30,11,N,2,,2,2,2,
2308260011,f_f007925,11,속초해수욕장,2023-08-26,2023-08-26,강원특별자치도 속초시 해오름로 186,강원특별자치도 속초시 조양동 1464-7,128.6040985,38.1900529,,,POI01000TR017253V,속초해수욕장,60,1,Y,6,,4,4,4,
2308260012,f_f007925,3,루센 오션파크 속초,2023-08-26,2023-08-26,강원특별자치도 속초시 해오름로 167,강원특별자치도 속초시 조양동 1464-4,128.6032648,38.189041,,,POI01000TR040522V,리센오션파크속초,30,24,N,6,8,4,4,4,
2308270001,f_f007925,13,보사노바 커피 로프터스 속초점,2023-08-27,2023-08-27,강원특별자치도 속초시 해오름로 161,강원특별자치도 속초시 조양동 1466-1,128.603804,38.1885435,,,POI01000TR004623V,보사노바커피로스터스 속초점,60,11,N,2,,5,4,5,
2308270002,f_f007925,14,남경 막국수,2023-08-27,2023-08-27,강원특별자치도 속초시 동해대로 3888,강원특별자치도 속초시 조양동 1287-12,128.6015975,38.1821238,,,POI01000000913GUJ,남경막국수,60,11,N,2,,5,5,5,
2308270003,f_f007925,15,설악 젤라또,2023-08-27,2023-08-27,강원특별자치도 속초시 번영로105번길 13,강원특별자치도 속초시 동명동 513-2,128.5865571,38.2098994,,,POI01000000EWTBKU,설악젤라또,60,11,N,2,,5,5,5,
2308270004,f_f007925,16,속초항,2023-08-27,2023-08-27,,강원특별자치도 속초시 청호동,128.5957278,38.2085184,,,POI01000TR022290V,속초항,0,9,N,9,,3,3,3,
2308270005,f_f007925,18,집,2023-08-27,2023-08-28,강동대로 5길,,,,,,,,330,21,,,,,,,1171010300
2308270006,f_f007925,17,속초 시외버스터미널,2023-08-27,2023-08-27,강원특별자치도 속초시 장안로 16,강원특별자치도 속초시 동명동 261-84,128.5908135,38.2112227,,,POI01000TR001526V,속초시외버스터미널,0,9,N,6,,3,3,3,
2308180001,f_f008076,1,친구 친지 집,2023-08-18,2023-08-18,경기 여주시 주내로 375-1,경기 여주시 신진동 130-13,,,3214054,4167010600,,,,22,,,,,,,
2308180002,f_f008076,2,문막휴게소 강릉방향,2023-08-18,2023-08-18,강원특별자치도 원주시 문막읍 원문로 1234,강원특별자치도 원주시 문막읍 동화리 114,127.8582007,37.3352003,,,POI01000TR005442V,문막휴게소 강릉방향,30,9,N,9,,5,5,3,
2308180003,f_f008076,3,주문진 막국수,2023-08-18,2023-08-18,강원특별자치도 강릉시 주문진읍 연주로 587,강원특별자치도 강릉시 주문진읍 주문리 872-1,128.8221147,37.9041459,,,POI01000000BI3PUB,주문진막국수,30,11,N,2,,5,5,5,
2308180004,f_f008076,5,소돌해변,2023-08-18,2023-08-18,,강원특별자치도 강릉시 주문진읍 주문리,128.8251679,37.9069741,,,POI01000TR015128V,소돌해변,30,1,N,1,,4,5,5,
2308180005,f_f008076,4,피닉스 평창,2023-08-18,2023-08-18,강원특별자치도 평창군 봉평면 태기로 174,강원특별자치도 평창군 봉평면 면온리 1095-1,128.327448,37.5813051,,,POI01000TR030322V,휘닉스 평창,120,24,Y,7,1,5,5,5,
2308180006,f_f008076,6,다키닥팜,2023-08-18,2023-08-18,강원특별자치도 평창군 봉평면 금당계곡로 1731-5,강원특별자치도 평창군 봉평면 유포리 81,128.3916058,37.5490291,,,POI01000000BGHBCR,다키닥팜,90,11,N,5,,5,5,5,
2308180007,f_f008076,7,피닉스 평창,2023-08-18,2023-08-19,강원특별자치도 평창군 봉평면 태기로 174,강원특별자치도 평창군 봉평면 면온리 1095-1,128.327448,37.5813051,,,POI01000TR030322V,휘닉스 평창,180,24,Y,5,1,5,5,5,
2308190001,f_f008076,8,피닉스 평창 온도,2023-08-19,2023-08-19,강원특별자치도 평창군 봉평면 태기로 174,강원특별자치도 평창군 봉평면 면온리 1094,128.3270284,37.5823468,,,POI01000TR004082V,휘닉스평창 온도,60,11,Y,7,,5,5,5,
2308190002,f_f008076,9,몽블랑,2023-08-19,2023-08-19,강원특별자치도 평창군 봉평면 태기로 469-3,강원특별자치도 평창군 봉평면 면온리 799-10,128.3489776,37.5648866,,,POI03000TR009118V,몽블랑,90,7,N,5,,5,5,5,
2308190003,f_f008076,10,경기 여주시 주 내로 375-1,2023-08-19,2023-08-20,경기 여주시 주내로 375-1,,,,,,,,630,22,,,,,,,4167010600
2308230001,f_f008079,1,집,2023-08-23,2023-08-23,송도동4-1 더샵퍼스트월드오피스텔,,,,,,,,,21,,,,,,,2818510600
2308230002,f_f008079,2,한탄강 하늘다리,2023-08-23,2023-08-23,,경기 포천시 영북면 대회산리 377,127.2191422,38.0841392,,,POI01000TR036897V,한탄강하늘다리,30,1,N,9,,4,2,4,
2308230003,f_f008079,3,비둘기낭폭포,2023-08-23,2023-08-23,,경기 포천시 영북면 대회산리 415-2,127.2169203,38.0797766,,,POI01000TR030533V,비둘기낭폭포,30,1,N,1,,4,4,4,
2308230004,f_f008079,4,에덴,2023-08-23,2023-08-23,강원특별자치도 철원군 갈말읍 순담길 43,강원특별자치도 철원군 갈말읍 군탄리 715,127.3022332,38.1686663,,,POI03000TR013902V,에덴,30,11,N,2,,4,4,4,
2308230005,f_f008079,5,노블레스 글램핑 카라반,2023-08-23,2023-08-24,강원특별자치도 철원군 근남면 하오재로 991,강원특별자치도 철원군 근남면 잠곡리 696-2,127.4620981,38.1557947,,,POI03000TR012439V,노블레스글램핑카라반,300,24,N,2,5,5,4,4,
2308240001,f_f008079,6,옥녀탕 휴게소,2023-08-24,2023-08-24,강원특별자치도 화천군 사내면 포화로 121,강원특별자치도 화천군 사내면 광덕리 1157,127.4483467,38.0946965,,,POI01000000BW7O0Y,옥녀탕휴게소,30,1,N,1,,4,4,4,
2308240002,f_f008079,7,초가 숯불 돼지갈비,2023-08-24,2023-08-24,산정호수로 367,,,,,,,,30,11,N,9,,3,2,3,4165039000
2308240003,f_f008079,8,가비가 배,2023-08-24,2023-08-24,경기 포천시 영북면 산정호수로 849-130,경기 포천시 영북면 산정리 430,127.320375,38.0746896,,,POI01000000BCPW04,가비가배,60,11,N,2,,4,4,4,
2308240004,f_f008079,9,집,2023-08-24,2023-08-25,송도동4-1 더샵퍼스트월드오피스텔,,,,,,,,270,21,,,,,,,2818510600
2308210001,f_f008113,1,집,2023-08-21,2023-08-21,복지로 13번길 10 포르투나,,,,,,,,,21,,,,,,,2623011100
2308210002,f_f008113,3,대구역,2023-08-21,2023-08-21,대구 북구 태평로 161,대구 북구 칠성동2가 302-155,128.5962772,35.8759488,,,POI01000TR001712V,대구역,0,9,Y,6,,5,5,5,
2308210003,f_f008113,2,부산역,2023-08-21,2023-08-21,부산 동구 중앙대로 206,부산 동구 초량동 1187-1,129.0414192,35.1151092,,,POI01000TR040141V,부산역,0,9,Y,6,,5,5,5,
2308210004,f_f008113,4,오일리 버거,2023-08-21,2023-08-21,대구 중구 국채보상로125길 23,대구 중구 공평동 1-1,128.5988766,35.8715238,,,POI01000000E0465P,오일리버거,30,11,N,5,,5,4,4,
2308210005,f_f008113,5,코러스 커피,2023-08-21,2023-08-21,대구 중구 국채보상로 625,대구 중구 공평동 11-3,128.5991425,35.8704308,,,POI01000000968XIY,코러스커피,90,11,N,5,,5,5,5,
2308210006,f_f008113,6,나이트웍스,2023-08-21,2023-08-21,대구 중구 달구벌대로 2135,대구 중구 봉산동 153-1,128.5972536,35.8651293,,,POI02001TR005166V,나이트웍스,30,10,N,2,,5,5,5,
2308210007,f_f008113,7,그 테이블,2023-08-21,2023-08-21,대구 중구 동성로1길 57,대구 중구 봉산동 19-1,128.5965951,35.8659671,,,POI01000000DFLB9T,스테이블(stable),30,10,N,2,,4,3,3,
2308210008,f_f008113,8,올리브영 대구 타운,2023-08-21,2023-08-21,대구 중구 동성로5길 33,대구 중구 삼덕동1가 5-1,128.5964397,35.8677678,,,POI01000TR028085V,올리브영 대구 타운,30,10,N,9,,4,3,3,
2308210009,f_f008113,9,애리스커피스탠드 교동점,2023-08-21,2023-08-21,대구 중구 경상감영길 164,대구 중구 동문동 34-2,128.5962537,35.8721282,,,POI03000TR013917V,애리스커피스탠드 교동점,90,11,N,5,,5,5,5,
2308210010,f_f008113,10,홀리데이 비지터 숍,2023-08-21,2023-08-21,대구 중구 경상감영길 184,대구 중구 동문동 38-1,128.5972903,35.8719234,,,POI03000TR013918V,홀리데이 비지터샵,30,10,N,2,,5,5,5,
2308210011,f_f008113,11,코잔타,2023-08-21,2023-08-21,대구 중구 공평로 85,대구 중구 동문동 9-36,128.6005752,35.8717535,,,POI01000TR002607V,코잔타,30,10,N,5,,4,3,3,
2308210012,f_f008113,12,H 에비뉴 동성로 대구역점,2023-08-21,2023-08-21,대구 북구 칠성남로30길 34,대구 북구 칠성동2가 302-111,128.5984952,35.8759598,,,POI03000TR013919V,H에비뉴 동성로 대구역점,150,24,N,2,1,5,5,5,
2308210013,f_f008113,13,까사 멜로,2023-08-21,2023-08-21,대구 중구 교동1길 47,대구 중구 동문동 19-3,128.5970769,35.8723228,,,POI03000TR013920V,까사넬로,30,11,N,9,,5,5,5,
2308210014,f_f008113,14,막상 가,2023-08-21,2023-08-21,대구 중구 교동길 70,대구 중구 교동 70-12,128.5984043,35.8732558,,,POI01000TR031335V,막삼가,60,11,N,2,,5,3,4,
2308210016,f_f008113,15,H 에비뉴 동성로 대구역점,2023-08-21,2023-08-22,대구 북구 칠성남로30길 34,대구 북구 칠성동2가 302-111,128.5984952,35.8759598,,,POI03000TR013919V,H에비뉴 동성로 대구역점,90,24,Y,11,1,5,5,5,
2308220001,f_f008113,16,수봉 반점,2023-08-22,2023-08-22,대구 북구 대현남로2길 60,대구 북구 대현동 321-70,128.6063971,35.8782451,,,POI01000000864EYQ,수봉반점,60,11,N,1,,5,5,5,
2308220002,f_f008113,17,트란퀼로,2023-08-22,2023-08-22,대구 서구 달성공원로 15-1,대구 서구 비산동 156-10,128.5792638,35.871777,,,POI03000TR013922V,트란퀼로,30,11,N,9,,5,5,5,
2308220003,f_f008113,18,달성 공원,2023-08-22,2023-08-22,대구 중구 달성공원로 35,대구 중구 달성동 294-1,128.5777574,35.8740344,,,POI01000000DY3G1R,달성공원,30,1,Y,4,,4,4,3,
2308220004,f_f008113,19,애리스커피스탠드,2023-08-22,2023-08-22,대구 동구 동부로32길 2,대구 동구 신천동 387-3,128.6306727,35.8768492,,,POI01000000D12LKH,애리스커피스탠드,60,11,N,7,,5,4,4,
2308220005,f_f008113,20,신세계백화점 대구점,2023-08-22,2023-08-22,대구 동구 동부로 149,대구 동구 신천동 1506,128.6289649,35.8777969,,,POI01000TR010114V,신세계백화점 대구점,90,3,Y,7,,4,3,3,
2308220006,f_f008113,21,메가박스 대구 신세계,2023-08-22,2023-08-22,대구 동구 동부로 149,대구 동구 신천동 1506,128.6297075,35.8777274,,,POI01000TR042101V,메가박스 대구신세계,210,3,N,11,,5,5,5,
2308220007,f_f008113,22,정이의 더 큰 청진동 해장국,2023-08-22,2023-08-22,대구 동구 동부로22길 10,대구 동구 신천동 286-1,128.626683,35.8758039,,,POI0100000077TSFA,정이의 더큰청진동해장국,30,11,N,9,,4,3,3,
2308220008,f_f008113,23,동대구역,2023-08-22,2023-08-22,대구 동구 동대구로 550,대구 동구 신암동 294,128.6283938,35.879324,,,POI01000TR010220V,동대구역,30,9,Y,6,,5,5,5,
2308220009,f_f008113,24,부산역,2023-08-22,2023-08-22,부산 동구 중앙대로 206,부산 동구 초량동 1187-1,129.0414192,35.1151092,,,POI01000TR040141V,부산역,30,9,Y,6,,5,5,5,
2308220010,f_f008113,25,집,2023-08-22,2023-08-23,복지로 13번길 10 포르투나,,,,,,,,60,21,,,,,,,2623011100
2308300001,f_f008157,1,집,2023-08-30,2023-08-30,리엔파크 13단지,,,,,,,,,21,,,,,,,1174010300
2308300002,f_f008157,2,수서역,2023-08-30,2023-08-30,서울 강남구 밤고개로 99,서울 강남구 수서동 201-5,127.1044698,37.4852951,,,POI01000TR018906V,수서역,30,9,Y,6,,5,5,5,
2308300003,f_f008157,3,부산역,2023-08-30,2023-08-30,부산 동구 중앙대로 206,부산 동구 초량동 1187-1,129.0414192,35.1151092,,,POI01000TR040141V,부산역,0,9,Y,6,,5,5,5,
2308300004,f_f008157,4,초량 온당,2023-08-30,2023-08-30,부산 동구 초량중로 135,부산 동구 수정동 374-13,129.0415443,35.1234168,,,POI01000TR035118V,초량온당,60,11,N,2,,4,3,4,
2308300005,f_f008157,5,스타벅스 광안리점,2023-08-30,2023-08-30,부산 수영구 광안해변로 247,부산 수영구 민락동 178-19,129.1208455,35.1550422,,,POI010000006TOQMV,스타벅스 광안리점,120,11,Y,4,,5,5,5,
2308300006,f_f008157,6,포토 시그니처 광안 테라 스타오션점,2023-08-30,2023-08-30,부산 수영구 광안해변로 269,부산 수영구 민락동 176-18,129.1230458,35.155857,,,POI03000TR019813V,포토시그니처 광안테라스타오션점,30,12,N,9,,3,3,3,
2308300007,f_f008157,7,톤쇼우 광안점,2023-08-30,2023-08-30,부산 수영구 광안해변로279번길 13,부산 수영구 민락동 181-20,129.1247748,35.1564367,,,POI01000TR035776V,톤쇼우 광안점,60,11,N,1,,5,3,5,
2308300008,f_f008157,8,광안리해수욕장,2023-08-30,2023-08-30,부산 수영구 광안해변로 219,부산 수영구 광안동 192-20,129.1189761,35.1531933,,,POI01000TR030726V,광안리해수욕장,120,1,Y,4,,5,5,5,
2308300009,f_f008157,9,더뷰 게스트하우스,2023-08-30,2023-08-30,부산 수영구 남천바다로33번길 47,부산 수영구 광안동 199-6,129.1153093,35.1504881,,,POI0100000083QLGY,더뷰게스트하우스,30,24,N,2,7,5,5,5,
2308300010,f_f008157,10,광안리해수욕장,2023-08-30,2023-08-30,부산 수영구 광안해변로 219,부산 수영구 광안동 192-20,129.1189761,35.1531933,,,POI01000TR030726V,광안리해수욕장,60,1,Y,4,,5,5,5,
2308300011,f_f008157,11,더뷰 게스트하우스,2023-08-30,2023-08-31,부산 수영구 남천바다로33번길 47,부산 수영구 광안동 199-6,129.1153093,35.1504881,,,POI0100000083QLGY,더뷰게스트하우스,210,24,N,2,7,5,5,5,
2308310001,f_f008157,12,회와 제과,2023-08-31,2023-08-31,부산 부산진구 전포대로246번길 6,부산 부산진구 전포동 194-7,129.06568,35.1582621,,,,,30,10,Y,4,,4,4,4,
2308310002,f_f008157,13,서울 깍두기 전포동점,2023-08-31,2023-08-31,부산 부산진구 서전로 49,부산 부산진구 전포동 665-3,129.0649621,35.15825,,,POI03000TR019815V,서울깍뚜기 전포동점,60,11,N,9,,5,4,5,
2308310003,f_f008157,14,전포 카페거리,2023-08-31,2023-08-31,부산 부산진구 전포대로209번길 26,부산 부산진구 전포동 682,129.0625694,35.1554467,,,POI01000TR033286V,전포카페거리,60,4,Y,1,,3,3,3,
2308310004,f_f008157,15,흰 여울 문화마을,2023-08-31,2023-08-31,,부산 영도구 영선동4가 1044-6,129.0452814,35.0779148,,,,,120,7,N,1,,4,4,4,
2308310005,f_f008157,16,부평 깡통시장,2023-08-31,2023-08-31,,부산 중구 부평동2가 82,129.0258803,35.1021146,,,POI01000TR043138V,부평깡통시장,30,4,Y,11,,5,4,5,
2308310006,f_f008157,17,집,2023-08-31,2023-09-01,리엔파크 13단지,,,,,,,,120,21,,,,,,,1174010300
2308260001,f_f008176,1,집,2023-08-26,2023-08-26,안뜸로 32,,,,,,,,,21,,,,,,,4311210600
2308260002,f_f008176,2,소문난 원조 조방낙지 본점,2023-08-26,2023-08-26,부산 동래구 명륜로94번길 37,부산 동래구 명륜동 400-1,129.0839409,35.2039793,,,POI01000TR007860V,소문난원조조방낙지 본점,60,11,N,2,,5,4,4,
2308260003,f_f008176,3,흰 여울 문화마을,2023-08-26,2023-08-26,,부산 영도구 영선동4가 1044-6,129.0452814,35.0779148,,,,,90,7,N,5,,5,4,5,
2308260004,f_f008176,4,영도 관광사격장,2023-08-26,2023-08-26,부산 영도구 절영로 319,부산 영도구 동삼동 산 149-4,129.0540922,35.0734709,,,POI010000006UPAMH,부산영도관광사격장,60,13,N,9,,5,5,5,
2308260005,f_f008176,5,사우스 반 데 모 호텔,2023-08-26,2023-08-26,부산 부산진구 서면로 6,부산 부산진구 부전동 534-3,129.0582096,35.1510376,,,POI0100000076WMOF,사우스반데코호텔,30,24,N,6,1,5,5,5,
2308260006,f_f008176,6,부산 아시아드 보조경기장,2023-08-26,2023-08-26,부산 연제구 월드컵대로 344,부산 연제구 거제동 1460,129.0557104,35.1894902,,,POI01000TR023757V,부산아시아드 보조경기장,300,8,N,2,,5,5,5,
2308260007,f_f008176,7,사우스 반 데 모 호텔,2023-08-26,2023-08-27,부산 부산진구 서면로 6,부산 부산진구 부전동 534-3,129.0582096,35.1510376,,,POI0100000076WMOF,사우스반데코호텔,30,24,Y,6,1,5,5,5,
2308270001,f_f008176,8,제주탑해장,2023-08-27,2023-08-27,부산 수영구 민락수변로7번길 60,부산 수영구 민락동 773-1,129.1269653,35.1551006,,,POI03000TR018765V,제주탑해장,60,11,N,5,,5,5,5,
2308270002,f_f008176,9,광안리해수욕장,2023-08-27,2023-08-27,부산 수영구 광안해변로 219,부산 수영구 광안동 192-20,129.1189761,35.1531933,,,POI01000TR030726V,광안리해수욕장,120,1,N,1,,5,5,5,
2308270003,f_f008176,10,집,2023-08-27,2023-08-28,안뜸로 32,,,,,,,,330,21,,,,,,,4311210600
2308210001,f_f008182,1,사무실,2023-08-21,2023-08-21,,,,,,,,,,23,,,,,,,1144012000
2308210002,f_f008182,2,가평휴게소 춘천 방향,2023-08-21,2023-08-21,경기 가평군 설악면 미사리로540번길 51,경기 가평군 설악면 미사리,127.5468237,37.7019331,,,POI01000TR027920V,가평휴게소 춘천방향,30,9,N,9,,1,5,5,
2308210003,f_f008182,3,골든베이 펜션,2023-08-21,2023-08-21,강원특별자치도 양양군 현북면 하조대2길 48-9,강원특별자치도 양양군 현북면 하광정리 638-5,128.72502,38.0211505,,,POI010000006BB73Y,골든베이펜션,30,24,N,8,3,4,3,3,
2308210004,f_f008182,5,하조대해수욕장,2023-08-21,2023-08-21,,강원특별자치도 양양군 현북면 하광정리 80-2,128.7202832,38.0264231,,,POI01000TR012895V,하조대해수욕장,90,1,N,5,,4,4,4,
2308210005,f_f008182,4,코로나 선셋바,2023-08-21,2023-08-21,,강원특별자치도 양양군 현북면 중광정리,128.7169346,38.0285494,,,POI01000TR021270V,코로나 선셋바,90,11,N,2,,4,5,5,
2308210007,f_f008182,6,골든베이 펜션,2023-08-21,2023-08-22,강원특별자치도 양양군 현북면 하조대2길 48-9,강원특별자치도 양양군 현북면 하광정리 638-5,128.72502,38.0211505,,,POI010000006BB73Y,골든베이펜션,1380,24,Y,11,3,4,4,4,
2308220001,f_f008182,7,예쁘다 하조대,2023-08-22,2023-08-22,강원특별자치도 양양군 현북면 하조대2길 48-45,강원특별자치도 양양군 현북면 하광정리 614-6,128.7219917,38.0234686,,,POI03000TR013934V,예쁘다하조대,30,11,N,2,,5,5,5,
2308220002,f_f008182,8,싱글핀에일웍스,2023-08-22,2023-08-22,강원특별자치도 양양군 현북면 하조대2길 48-42,강원특별자치도 양양군 현북면 하광정리 618-1,128.7227592,38.0234177,,,POI0100000090W77F,싱글핀에일웍스,60,11,N,2,,5,5,5,
2308220003,f_f008182,9,코로나 선셋바,2023-08-22,2023-08-22,,강원특별자치도 양양군 현북면 중광정리,128.7169346,38.0285494,,,POI01000TR021270V,코로나 선셋바,60,11,Y,2,,5,5,5,
2308220004,f_f008182,10,에이치 덱스 스트롱 비치,2023-08-22,2023-08-22,중광정리,,,,,,,,30,13,N,2,,5,5,5,4283033000
2308220005,f_f008182,11,카페 양양,2023-08-22,2023-08-22,강원특별자치도 양양군 양양읍 동해대로 2700,강원특별자치도 양양군 양양읍 송암리 29-8,128.6297803,38.0853003,,,POI01000TR027382V,카페 양양,30,9,N,9,,4,4,4,
2308220006,f_f008182,12,마일스 케빈,2023-08-22,2023-08-23,서울 마포구 어울마당로 94-13,서울 마포구 서교동 358-110,126.9224786,37.553147,,,POI03000TR013936V,마익스케빈,300,23,,,,,,,
2308180001,f_f008259,1,집,2023-08-18,2023-08-18,,,,,,,,,,21,,,,,,,4725010900
2308180002,f_f008259,9,집,2023-08-18,2023-08-19,,,,,,,,,90,21,,,,,,,4725010900
2308180003,f_f008259,2,하슬라아트월드,2023-08-18,2023-08-18,강원특별자치도 강릉시 강동면 율곡로 1441,강원특별자치도 강릉시 강동면 정동진리 524-25,129.0094855,37.7058297,,,POI01000TR028281V,하슬라아트월드,120,6,N,2,,4,3,4,
2308180004,f_f008259,3,초당 훈유 순두부 짬뽕,2023-08-18,2023-08-18,강원특별자치도 강릉시 초당순두부길55번길 38,강원특별자치도 강릉시 초당동 321-1,128.9136358,37.7919327,,,POI02000TR003947V,초당훈이순두부짬뽕,30,11,N,1,,3,2,2,
2308180005,f_f008259,4,경포 아쿠아리움,2023-08-18,2023-08-18,강원특별자치도 강릉시 난설헌로 131,강원특별자치도 강릉시 초당동 505,128.9078719,37.7900102,,,POI01000TR019217V,경포아쿠아리움,30,6,N,1,,3,2,2,
2308180006,f_f008259,5,갤러리 밥스,2023-08-18,2023-08-18,강원특별자치도 강릉시 난설헌로 144,강원특별자치도 강릉시 포남동 82-7,128.9080424,37.787195,,,POI01000TR023461V,갤러리밥스,30,11,N,1,,4,3,4,
2308180007,f_f008259,6,강릉 중앙시장,2023-08-18,2023-08-18,강원특별자치도 강릉시 금성로 21,강원특별자치도 강릉시 성남동 50,128.8986238,37.7540251,,,POI01000TR021364V,강릉중앙시장,30,4,N,1,,3,3,3,
2308180008,f_f008259,7,두덩,2023-08-18,2023-08-18,강원특별자치도 강릉시 강릉대로 197,강원특별자치도 강릉시 교동 162-178,128.8921337,37.7581149,,,POI01000TR003678V,두딩,0,11,N,1,,3,3,3,
2308180009,f_f008259,8,강릉 김밥 용지 각 본점,2023-08-18,2023-08-18,강원특별자치도 강릉시 용지로 121,강원특별자치도 강릉시 옥천동 206,128.9039714,37.7599204,,,POI01000TR022494V,강릉김밥,30,11,N,2,,3,3,3,
2308190001,f_f008379,1,집,2023-08-19,2023-08-19,명륜로 222,,,,,,,,,21,,,,,,,2626010700
2308190002,f_f008379,4,집,2023-08-19,2023-08-20,명륜로 222,,,,,,,,630,21,,,,,,,2626010700
2308190003,f_f008379,2,은하사,2023-08-19,2023-08-19,경남 김해시 신어산길 167,경남 김해시 삼방동 882,128.9125931,35.2657579,,,POI01000000BYRFP0,은하사,30,2,N,6,,4,5,5,
2308190004,f_f008379,3,로담,2023-08-19,2023-08-19,경남 김해시 대동면 동남로 636,경남 김해시 대동면 월촌리 304-7,128.9949645,35.2877124,,,POI01000TR006780V,로담,30,4,N,2,,5,3,4,
2309100001,f_f008380,1,집,2023-09-10,2023-09-10,화서파크푸르지오,,,,,,,,,21,,,,,,,4111113000
2309100002,f_f008380,2,카츠 아토,2023-09-10,2023-09-10,,,,,,,,,60,11,N,2,,4,3,3,4221010800
2309100003,f_f008380,3,한화리조트 설악 쏘라노 튜브 스터,2023-09-10,2023-09-10,,강원특별자치도 속초시 장사동 24-5,128.5307195,38.2093194,,,POI010000006BHWJ9,한화리조트 설악쏘라노 튜브스터,90,13,Y,4,,5,5,5,
2309100004,f_f008380,4,롯데리조트 속초,2023-09-10,2023-09-10,강원특별자치도 속초시 대포항길 186,강원특별자치도 속초시 대포동 995,128.6132016,38.1807173,,,POI01000TR028984V,롯데리조트 속초,60,24,Y,4,1,5,5,5,
2309100005,f_f008380,5,속초해수욕장,2023-09-10,2023-09-10,강원특별자치도 속초시 해오름로 186,강원특별자치도 속초시 조양동 1464-7,128.6040985,38.1900529,,,POI01000TR017253V,속초해수욕장,90,1,Y,4,,3,3,3,
2309100006,f_f008380,6,롯데리조트 속초 R9 펍,2023-09-10,2023-09-10,강원특별자치도 속초시 대포항길 186,강원특별자치도 속초시 대포동 995,128.6124706,38.1803778,,,POI01000TR004893V,롯데리조트속초 R9펍,60,4,Y,4,,4,5,5,
2309100007,f_f008380,7,롯데리조트 속초,2023-09-10,2023-09-11,강원특별자치도 속초시 대포항길 186,강원특별자치도 속초시 대포동 995,128.6132016,38.1807173,,,POI01000TR028984V,롯데리조트 속초,210,24,Y,4,1,5,5,5,
2309110001,f_f008380,12,집,2023-09-11,2023-09-12,화서파크푸르지오,,,,,,,,270,21,,,,,,,4111113000
2309110002,f_f008380,9,바다정원,2023-09-11,2023-09-11,강원특별자치도 고성군 토성면 버리깨길 23,강원특별자치도 고성군 토성면 용촌리 75-36,128.582885,38.2314325,,,POI01000TR030325V,바다정원,30,4,N,2,,2,2,2,
2309110003,f_f008380,10,켄싱턴리조트 설악비치 코코몽 키즈월드,2023-09-11,2023-09-11,강원특별자치도 고성군 토성면 동해대로 4800,강원특별자치도 고성군 토성면 봉포리 40-9,128.57244,38.2428321,,,POI03000TR024864V,켄싱턴리조트 설악비치 코코몽 키즈월드,150,6,N,2,,3,3,3,
2309110004,f_f008380,11,애슐리 퀸즈 켄싱턴리조트 설악비치점,2023-09-11,2023-09-11,강원특별자치도 고성군 토성면 동해대로 4800,강원특별자치도 고성군 토성면 봉포리 40-9,128.5723424,38.2428046,,,POI01000TR011117V,애슐리퀸즈 켄싱턴리조트설악비치점,60,11,N,11,,2,1,1,
2309110005,f_f008380,8,외옹치항,2023-09-11,2023-09-11,,강원특별자치도 속초시 대포동,128.6103314,38.1790569,,,POI01000TR027440V,외옹치항,30,7,Y,4,,4,4,4,
2308250001,f_f008418,1,집,2023-08-25,2023-08-25,,,,,,,,,,21,,,,,,,4111710200
2308250002,f_f008418,2,청량리역,2023-08-25,2023-08-25,서울 동대문구 왕산로 214,서울 동대문구 전농동 591-53,127.0478983,37.5801601,,,POI01000TR012315V,청량리역,60,9,Y,6,,5,5,5,
2308250003,f_f008418,3,강릉역,2023-08-25,2023-08-25,강원특별자치도 강릉시 용지로 176,강원특별자치도 강릉시 교동 118,128.8996276,37.7645236,,,POI0100000075Y1PW,강릉역,30,9,N,1,,5,5,5,
2308250004,f_f008418,4,사천항 주문진 물회,2023-08-25,2023-08-25,강원특별자치도 강릉시 사천면 진리항구길 49,강원특별자치도 강릉시 사천면 사천진리 86-65,128.8753273,37.8374881,,,POI01000000E03BH5,사천항주문진물회,60,11,N,2,,5,5,5,
2308250005,f_f008418,5,포이푸서프,2023-08-25,2023-08-25,강원특별자치도 강릉시 사천면 진리해변길 117,강원특별자치도 강릉시 사천면 사천진리 248-9,128.8748302,37.8415443,,,POI01000TR034802V,포이푸서프,90,11,N,9,,5,5,5,
2308250006,f_f008418,6,S22 펜션,2023-08-25,2023-08-25,강원특별자치도 강릉시 해안로 637,강원특별자치도 강릉시 안현동 202-2,128.8967004,37.8135547,,,POI0100000075UAHT,S202,180,24,N,2,3,5,5,5,
2308250007,f_f008418,7,경포 마켓,2023-08-25,2023-08-25,강원특별자치도 강릉시 경포로463번길 37,강원특별자치도 강릉시 안현동 861-2,128.9030223,37.8044191,,,POI03000TR017375V,경포마켓,60,11,N,9,,3,1,3,
2308250008,f_f008418,8,S22 펜션,2023-08-25,2023-08-25,강원특별자치도 강릉시 해안로 637,강원특별자치도 강릉시 안현동 202-2,128.8967004,37.8135547,,,POI0100000075UAHT,S202,840,24,Y,2,3,5,5,5,
2308250009,f_f008418,9,S22 펜션,2023-08-25,2023-08-26,강원특별자치도 강릉시 해안로 637,강원특별자치도 강릉시 안현동 202-2,128.8967004,37.8135547,,,POI0100000075UAHT,S202,150,24,N,2,3,5,5,5,
2308260001,f_f008418,10,최일선 짬뽕 순두부,2023-08-26,2023-08-26,강원특별자치도 강릉시 해안로 517,강원특별자치도 강릉시 안현동 862,128.9035218,37.8047714,,,POI01000TR034617V,최일순짬뽕순두부,60,11,N,2,,5,5,5,
2308260002,f_f008418,12,씨엠디컴퍼니,2023-08-26,2023-08-26,강원특별자치도 강릉시 경포로 489-10,강원특별자치도 강릉시 안현동 864-2,128.9042259,37.8038943,,,POI02001TR019191V,씨엠디컴퍼니,60,11,N,2,,5,5,5,
2308260003,f_f008418,13,강문해변,2023-08-26,2023-08-26,,강원특별자치도 강릉시 강문동 182-1,128.9191753,37.7948207,,,POI01000TR024661V,강문해변,30,1,Y,1,,5,5,5,
2308260004,f_f008418,14,346커피스토리,2023-08-26,2023-08-26,강원특별자치도 강릉시 창해로 346,강원특별자치도 강릉시 강문동 159-34,128.9190797,37.7943755,,,POI01000000CZ999Y,346커피스토리,90,4,N,9,,5,5,5,
2308260005,f_f008418,11,강릉 중앙시장,2023-08-26,2023-08-26,강원특별자치도 강릉시 금성로 21,강원특별자치도 강릉시 성남동 50,128.8986238,37.7540251,,,POI01000TR021364V,강릉중앙시장,90,4,Y,4,,5,5,5,
2308260006,f_f008418,15,강릉역,2023-08-26,2023-08-26,강원특별자치도 강릉시 용지로 176,강원특별자치도 강릉시 교동 118,128.8996276,37.7645236,,,POI0100000075Y1PW,강릉역,30,9,Y,6,,5,5,5,
2308260007,f_f008418,16,청량리역,2023-08-26,2023-08-26,서울 동대문구 왕산로 214,서울 동대문구 전농동 591-53,127.0478983,37.5801601,,,POI01000TR012315V,청량리역,0,9,Y,6,,5,5,5,
2308260008,f_f008418,17,본가,2023-08-26,2023-08-27,,,,,,,,,60,22,,,,,,,1171011200
2308190001,f_f008427,1,집,2023-08-19,2023-08-19,서울 강북구 삼양로63가길 6-7,,,,4124276,1130510100,,,,21,,,,,,,1130510100
2308190002,f_f008427,2,와우 대관령 한우,2023-08-19,2023-08-19,강원특별자치도 평창군 진부면 까치골길 7,강원특별자치도 평창군 진부면 상진부리 630-8,128.5634509,37.646868,,,POI0100000075TSB4,와우대관령한우,60,11,N,11,,4,4,4,
2308190003,f_f008427,3,대관령 순수 양떼목장,2023-08-19,2023-08-19,강원특별자치도 평창군 대관령면 오목길 111,강원특별자치도 평창군 대관령면 횡계리 245-86,128.7197685,37.6588451,,,POI01000TR015411V,대관령순수양떼목장,90,1,N,11,,3,3,3,
2308190004,f_f008427,4,피닉스 평창,2023-08-19,2023-08-19,강원특별자치도 평창군 봉평면 태기로 174,강원특별자치도 평창군 봉평면 면온리 1095-1,128.327448,37.5813051,,,POI01000TR030322V,휘닉스 평창,30,24,N,7,4,4,4,4,
2308190005,f_f008427,5,피닉스 평창 블루캐니언,2023-08-19,2023-08-19,강원특별자치도 평창군 봉평면 태기로 174,강원특별자치도 평창군 봉평면 면온리 946-4,128.3297942,37.5807697,,,POI01000TR024626V,휘닉스평창 블루캐니언,240,6,N,11,,4,4,4,
2308190006,f_f008427,6,피닉스 평창,2023-08-19,2023-08-20,강원특별자치도 평창군 봉평면 태기로 174,강원특별자치도 평창군 봉평면 면온리 1095-1,128.327448,37.5813051,,,POI01000TR030322V,휘닉스 평창,270,24,N,7,4,4,4,4,
2308200001,f_f008427,7,휘닉스파크 웰니스 숲길,2023-08-20,2023-08-20,태기로 174,,,,,,,,30,7,N,11,,3,3,3,4276034000
2308200002,f_f008427,8,피닉스 평창,2023-08-20,2023-08-20,강원특별자치도 평창군 봉평면 태기로 174,강원특별자치도 평창군 봉평면 면온리 1095-1,128.327448,37.5813051,,,POI01000TR030322V,휘닉스 평창,60,24,N,7,4,4,4,4,
2308200003,f_f008427,9,평창 루지 랜드,2023-08-20,2023-08-20,강원특별자치도 평창군 봉평면 태기로 174,강원특별자치도 평창군 봉평면 면온리 1095-1,128.3273445,37.5812802,,,POI010000006B738V,평창루지랜드,30,5,N,7,,4,4,4,
2308200004,f_f008427,10,이효석문학의 숲,2023-08-20,2023-08-20,강원특별자치도 평창군 봉평면 문학숲길 97,강원특별자치도 평창군 봉평면 창동리 618-6,128.3576631,37.6033486,,,POI01000000B532GX,이효석문학의숲,30,7,N,9,,3,3,3,
2308200005,f_f008427,11,느리고,2023-08-20,2023-08-20,강원특별자치도 평창군 봉평면 메밀꽃길 10-1,강원특별자치도 평창군 봉평면 원길리 755,128.3715837,37.6153239,,,POI01000TR035810V,트리고,30,11,N,2,,4,4,4,
2308200006,f_f008427,12,풀 내음,2023-08-20,2023-08-20,강원특별자치도 평창군 봉평면 메밀꽃길 13,강원특별자치도 평창군 봉평면 원길리 763-5,128.3712546,37.6148583,,,POI01000TR031402V,풀내음,60,11,N,2,,5,5,5,
2308200007,f_f008427,13,횡성휴게소 인천방향,2023-08-20,2023-08-20,강원특별자치도 횡성군 안흥면 영동고속도로 153,강원특별자치도 횡성군 안흥면 소사리 1511,128.1353932,37.4651602,,,POI01000TR006323V,횡성휴게소 인천방향,30,9,N,11,,3,3,3,
2308200008,f_f008427,14,집,2023-08-20,2023-08-21,서울 강북구 삼양로63가길 6-7,,,,4124276,1130510100,,,330,21,,,,,,,
2308270001,f_f008558,1,집,2023-08-27,2023-08-27,임은코오롱하늘채 아파트,,,,,,,,,21,,,,,,,4719011700
2308270002,f_f008558,2,칠곡 호국평화기념관,2023-08-27,2023-08-27,경북 칠곡군 석적읍 강변대로 1580,경북 칠곡군 석적읍 중지리 산 33,128.4040519,36.0180436,,,POI01000000BS3TFA,칠곡호국평화기념관,120,3,Y,4,,5,5,5,
2308270003,f_f008558,3,샤브향 경북 북삼 오태점,2023-08-27,2023-08-27,경북 칠곡군 북삼읍 인강1길 28-7,경북 칠곡군 북삼읍 인평리 633-2,128.3406444,36.0664284,,,POI03000TR017774V,샤브향 경북북삼오태점,90,11,N,6,,5,5,5,
2308270004,f_f008558,4,집,2023-08-27,2023-08-28,임은코오롱하늘채 아파트,,,,,,,,210,21,,,,,,,4719011700
2308270001,f_f008567,1,집,2023-08-27,2023-08-27,부산광역시 부산진구 성지로 37,,,,,,,,,21,,,,,,,2623010600
2308270002,f_f008567,2,밀양아리랑 대공원,2023-08-27,2023-08-27,,경남 밀양시 교동 515-2,128.7609861,35.5049744,,,POI01000000B6ZZS3,밀양아리랑대공원,120,13,N,10,,5,4,4,
2308270003,f_f008567,3,라라코스트 밀양 삼문점,2023-08-27,2023-08-27,경남 밀양시 미리벌중앙로 63,경남 밀양시 삼문동 515-9,128.7487466,35.4834306,,,POI01000000E03CTI,라라코스트밀양삼문점,30,11,N,8,,4,4,4,
2308270004,f_f008567,4,트윈 터널,2023-08-27,2023-08-27,경남 밀양시 삼랑진읍 삼랑진로 537-11,경남 밀양시 삼랑진읍 미전리 1026-4,128.8073318,35.4082487,,,POI01000TR033262V,트윈터널,60,2,N,2,,5,4,4,
2308270005,f_f008567,5,의열 체험관,2023-08-27,2023-08-27,경남 밀양시 노상하1길 27,경남 밀양시 내이동 902,128.7508185,35.493409,,,POI01000TR008682V,의열체험관,120,2,N,10,,5,4,4,
2308270006,f_f008567,6,설봉 돼지국밥,2023-08-27,2023-08-27,경남 밀양시 노상하3길 9,경남 밀양시 내이동 772-1,128.7494525,35.495561,,,POI01000TR025286V,설봉돼지국밥,30,11,N,2,,5,4,4,
2308270007,f_f008567,8,집,2023-08-27,2023-08-28,부산광역시 부산진구 성지로 37,,,,,,,,240,21,,11,,,,,2623010600
2308270008,f_f008567,7,시민 주유소,2023-08-27,2023-08-27,경남 밀양시 밀양대로 2168,경남 밀양시 교동 750,128.7572451,35.5070728,,,POI0100000076LY6Y,현대오일뱅크시민주유소,30,10,N,9,,4,4,4,
2308210001,f_f008608,1,집,2023-08-21,2023-08-21,금곡대로166,,,,,,,,,21,,,,,,,2632010200
2308210002,f_f008608,2,장이 대청 계곡,2023-08-21,2023-08-21,,경남 김해시 대청동 산 63-2,128.7759482,35.1850533,,,POI02001TR024976V,장유대청계곡,60,1,N,1,,4,4,4,
2308210003,f_f008608,3,알찬 밥상,2023-08-21,2023-08-21,경남 김해시 번화1로 177,경남 김해시 삼문동 63-4,128.7931325,35.1977593,,,POI03000TR011088V,알찬밥상,30,11,N,5,,3,4,3,
2308210004,f_f008608,4,장유율 한 카페거리,2023-08-21,2023-08-21,,경남 김해시 관동동,128.8109009,35.1767888,,,POI01000TR019186V,장유율하카페거리,120,4,N,1,,4,3,3,
2308210005,f_f008608,5,집,2023-08-21,2023-08-22,금곡대로166,,,,,,,,480,21,,,,,,,2632010200
2308260001,f_f008814,1,집,2023-08-26,2023-08-26,,,,,,,,,,21,,,,,,,2729010200
2308260002,f_f008814,2,다소 니트에 민박,2023-08-26,2023-08-26,경북 포항시 남구 구룡포읍 병포길129번길 25-2,경북 포항시 남구 구룡포읍 병포리 64-1,129.5521088,35.980069,,,POI03000TR015574V,다소니에민박,60,24,N,2,3,5,5,5,
2308260003,f_f008814,3,구룡포 일본인 가옥거리,2023-08-26,2023-08-26,,경북 포항시 남구 구룡포읍 구룡포리 971-1,129.5604189,35.9905582,,,POI01000TR015758V,구룡포일본인가옥거리,60,4,N,1,,5,5,5,
2308260004,f_f008814,4,구룡포 시장,2023-08-26,2023-08-26,경북 포항시 남구 구룡포읍 호미로221번길 16-2,경북 포항시 남구 구룡포읍 구룡포리 963-107,129.5534846,35.9894619,,,POI01000TR015852V,구룡포시장,30,4,N,8,,5,5,1,
2308260005,f_f008814,5,다소 니트에 민박,2023-08-26,2023-08-27,경북 포항시 남구 구룡포읍 병포길129번길 25-2,경북 포항시 남구 구룡포읍 병포리 64-1,129.5521088,35.980069,,,POI03000TR015574V,다소니에민박,330,24,Y,2,3,5,5,5,
2308270001,f_f008814,6,경희정,2023-08-27,2023-08-27,경북 경주시 알천북로 411,경북 경주시 동천동 143-5,129.2418215,35.8417265,,,POI01000000EJW2C3,경희정,60,11,N,5,,5,5,5,
2308270002,f_f008814,7,이상적,2023-08-27,2023-08-27,경북 경주시 임해로 104,경북 경주시 구황동 857-57,129.2292576,35.840879,,,POI01000000F17R3D,이상적,60,11,N,2,,5,4,4,
2308270003,f_f008814,8,집,2023-08-27,2023-08-28,,,,,,,,,510,21,,,,,,,2729010200
2308220001,f_f008862,1,집,2023-08-22,2023-08-22,경기 의정부시 본원로46번길 16,경기 의정부시 녹양동 404,,,4343518,4115011100,,,,21,,,,,,,4115011100
2308220002,f_f008862,2,박승남소아과,2023-08-22,2023-08-22,,,,,,,,,60,12,Y,11,,5,5,5,4115011100
2308220003,f_f008862,3,가평휴게소 춘천 방향,2023-08-22,2023-08-22,경기 가평군 설악면 미사리로540번길 51,경기 가평군 설악면 미사리,127.5468237,37.7019331,,,POI01000TR027920V,가평휴게소 춘천방향,30,9,Y,6,,5,5,5,
2308220004,f_f008862,4,봉포 잠수부 집 본점,2023-08-22,2023-08-22,강원특별자치도 속초시 영랑해안길 223,강원특별자치도 속초시 영랑동 148-30,128.593279,38.2187309,,,POI01000TR024798V,봉포머구리집 본점,60,11,Y,4,,5,5,5,
2308220005,f_f008862,5,등대해수욕장,2023-08-22,2023-08-22,,강원특별자치도 속초시 영랑동 1-9,128.598354,38.2145902,,,POI01000TR041090V,등대해수욕장,60,1,N,9,,5,5,5,
2308220006,f_f008862,6,씨크루즈호텔속초,2023-08-22,2023-08-22,강원특별자치도 속초시 청초호반로 273,강원특별자치도 속초시 청학동 482-525,128.587074,38.2013175,,,POI01000TR027908V,씨크루즈호텔속초,60,24,Y,8,1,5,5,5,
2308220007,f_f008862,7,속초관광수산시장,2023-08-22,2023-08-22,강원특별자치도 속초시 중앙로147번길 16,강원특별자치도 속초시 중앙동 471-4,128.5901795,38.2045436,,,POI01000TR005661V,속초관광수산시장,60,4,Y,1,,5,5,5,
2308220008,f_f008862,8,씨크루즈호텔속초,2023-08-22,2023-08-23,강원특별자치도 속초시 청초호반로 273,강원특별자치도 속초시 청학동 482-525,128.587074,38.2013175,,,POI01000TR027908V,씨크루즈호텔속초,330,24,Y,8,1,5,5,5,
2308230001,f_f008862,12,집,2023-08-23,2023-08-24,경기 의정부시 본원로46번길 16,경기 의정부시 녹양동 404,,,4343518,4115011100,,,420,21,,,,,,,
2308230002,f_f008862,9,영금정,2023-08-23,2023-08-23,강원특별자치도 속초시 영금정로 43,강원특별자치도 속초시 동명동 1-185,128.6016133,38.2118109,,,POI01000TR015762V,영금정,60,1,N,1,,5,5,5,
2308230003,f_f008862,10,칠성 조선소,2023-08-23,2023-08-23,강원특별자치도 속초시 중앙로46번길 45,강원특별자치도 속초시 교동 664-110,128.5834761,38.1985393,,,POI010000006BH1HC,칠성조선소,90,4,N,2,,2,1,1,
2308230004,f_f008862,11,가평휴게소 서울 방향,2023-08-23,2023-08-23,경기 가평군 설악면 미사리로 544,경기 가평군 설악면 미사리 145,127.5435148,37.7016169,,,POI01000TR001197V,가평휴게소 서울방향,30,9,Y,6,,5,5,5,
2308220001,f_f009182,1,집,2023-08-22,2023-08-22,왕궁아파트,,,,,,,,,21,,,,,,,1117012900
2308220002,f_f009182,2,서울역,2023-08-22,2023-08-22,서울 용산구 한강대로 405,서울 용산구 동자동 43-205,126.9706069,37.5546788,,,POI01000TR030428V,서울역,30,9,Y,6,,4,4,4,
2308220003,f_f009182,3,진부(오대산) 역,2023-08-22,2023-08-22,강원특별자치도 평창군 진부면 송정길 120,강원특별자치도 평창군 진부면 송정리 1370-3,128.5743773,37.6427731,,,POI01000TR027314V,진부(오대산)역,30,9,N,6,,4,4,4,
2308220004,f_f009182,4,상원사,2023-08-22,2023-08-22,강원특별자치도 평창군 진부면 오대산로 1211-14,강원특별자치도 평창군 진부면 동산리 308-5,128.5642552,37.7868012,,,POI01000TR010520V,상원사,150,2,Y,4,,4,4,4,
2308220005,f_f009182,5,중대 사자암,2023-08-22,2023-08-22,,강원특별자치도 평창군 진부면 동산리 산 1,128.5566864,37.7874096,,,POI03000TR014199V,중대 사자암,30,2,Y,4,,4,4,4,
2308220006,f_f009182,6,월정사,2023-08-22,2023-08-22,강원특별자치도 평창군 진부면 오대산로 374-8,강원특별자치도 평창군 진부면 동산리 63-1,128.592123,37.7317508,,,POI01000TR019950V,월정사,90,2,Y,1,,4,4,4,
2308220007,f_f009182,7,진부(오대산) 역,2023-08-22,2023-08-22,강원특별자치도 평창군 진부면 송정길 120,강원특별자치도 평창군 진부면 송정리 1370-3,128.5743773,37.6427731,,,POI01000TR027314V,진부(오대산)역,30,9,Y,6,,4,4,4,
2308220008,f_f009182,8,청량리역,2023-08-22,2023-08-22,서울 동대문구 왕산로 214,서울 동대문구 전농동 591-53,127.0478983,37.5801601,,,POI01000TR012315V,청량리역,30,9,Y,6,,4,4,4,
2308220009,f_f009182,9,집,2023-08-22,2023-08-23,왕궁아파트,,,,,,,,300,21,,,,,,,1117012900
2308200001,f_f009188,1,집,2023-08-20,2023-08-20,김해대로244번길10  협성팔레스타운아파트,,,,,,,,,21,,,,,,,4825025026
2308200002,f_f009188,2,어린이 농촌테마체험관,2023-08-20,2023-08-20,경남 진주시 판문오동길 99-7,경남 진주시 판문동 477,128.039692,35.1757136,,,POI03000TR014206V,어린이농촌테마체험관,90,13,N,2,,5,5,5,
2308200003,f_f009188,3,보배 반점 진주혁신도시점,2023-08-20,2023-08-20,경남 진주시 에나로77번길 4,경남 진주시 충무공동 31-12,128.1378975,35.1775617,,,POI03000TR014207V,보배반점 진주혁신도시점,30,11,N,2,,5,5,5,
2308200004,f_f009188,4,피어리스,2023-08-20,2023-08-20,경남 진주시 에나로127번길 30,경남 진주시 충무공동 225-1,128.1439565,35.180661,,,POI01000000EGGYVZ,피어리스,30,3,N,2,,5,5,5,
2308200005,f_f009188,5,금호지,2023-08-20,2023-08-20,,경남 진주시 금산면 용아리,128.1518838,35.2103069,,,POI01000TR035723V,금호지,30,1,N,2,,4,3,3,
2308200006,f_f009188,6,집,2023-08-20,2023-08-21,김해대로244번길10  협성팔레스타운아파트,,,,,,,,450,21,,,,,,,4825025026
2308270001,f_f009201,1,집,2023-08-27,2023-08-27,카피 건물,,,,,,,,,21,,,,,,,2729010700
2308270002,f_f009201,2,죽도 시장,2023-08-27,2023-08-27,경북 포항시 북구 죽도시장13길 13-1,경북 포항시 북구 죽도동 2-4,129.36839,36.0363546,,,POI01000TR021396V,죽도시장,60,4,N,1,,4,4,5,
2308270003,f_f009201,3,구룡포 일본인 가옥거리,2023-08-27,2023-08-27,,경북 포항시 남구 구룡포읍 구룡포리 971-1,129.5604189,35.9905582,,,POI01000TR015758V,구룡포일본인가옥거리,60,2,N,1,,4,3,4,
2308270004,f_f009201,4,영일대해수욕장,2023-08-27,2023-08-27,,경북 포항시 북구 두호동 685-1,129.378187,36.0550696,,,POI01000TR034421V,영일대해수욕장,120,1,N,1,,5,5,5,
2308270005,f_f009201,5,환호공원 스페이스 워크,2023-08-27,2023-08-27,,경북 포항시 북구 두호동 산 8,129.3897412,36.0654569,,,POI01000TR029542V,환호공원 스페이스워크,30,13,N,2,,5,5,5,
2308270006,f_f009201,6,영천 휴게소 대구방향,2023-08-27,2023-08-27,경북 영천시 임고면 운주로 791,경북 영천시 임고면 금대리 99,129.0444974,36.053223,,,POI01000TR038492V,영천휴게소 대구방향,30,12,N,9,,4,3,3,
2308270007,f_f009201,7,집,2023-08-27,2023-08-28,카피 건물,,,,,,,,30,21,,,,,,,2729010700
2308260001,f_f009255,1,집,2023-08-26,2023-08-26,장검 1길 16,,,,,,,,,21,,,,,,,3171025924
2308260002,f_f009255,11,집,2023-08-26,2023-08-27,장검1길 16,,,,,,,,1410,21,,11,2,,,,3171025924
2308260003,f_f009255,6,브뤼트피자,2023-08-26,2023-08-26,부산 사상구 백양대로700번길 13,부산 사상구 덕포동 58,128.9894893,35.1694479,,,POI03000TR022092V,브뤼트피자,90,11,N,1,,5,5,5,
2308260004,f_f009255,2,신복 환승센터,2023-08-26,2023-08-26,울산 남구 북부순환도로1번길 1-1,울산 남구 무거동 327-21,129.2629869,35.5509165,,,POI01000TR042784V,신복환승센터,0,9,Y,6,,4,5,5,
2308260005,f_f009255,5,MU 모텔,2023-08-26,2023-08-26,부산 사상구 새벽로 144,부산 사상구 감전동 142-3,128.9830461,35.1538137,,,POI01000000767P7C,MU모텔,300,24,N,7,2,4,3,2,
2308260006,f_f009255,3,양산역 부산 2호선,2023-08-26,2023-08-26,경남 양산시 강변로 441,경남 양산시 중부동 721,129.0264444,35.3387499,,,POI010000006T773C,양산역 부산2호선,0,9,Y,6,,4,5,5,
2308260007,f_f009255,4,부산 서부버스터미널,2023-08-26,2023-08-26,부산 사상구 사상로 201,부산 사상구 괘법동 533-6,128.9825254,35.1632395,,,POI01000TR006353V,부산서부버스터미널,30,9,Y,6,,4,4,3,
2308260008,f_f009255,7,이마트 양산점,2023-08-26,2023-08-26,경남 양산시 양산역6길 12,경남 양산시 중부동 705,129.0263705,35.3368479,,,POI01000TR008368V,이마트 양산점,60,10,Y,9,,4,5,5,
2308260009,f_f009255,8,파리바게뜨 울산 삼호점,2023-08-26,2023-08-26,울산 남구 북부순환도로 12,울산 남구 무거동 1439-9,129.265411,35.5510187,,,POI01000000E0K857,파리바게뜨울산삼호점,30,10,Y,8,,4,5,4,
2308260010,f_f009255,9,천상 그린 코아 아파트,2023-08-26,2023-08-26,울산 울주군 범서읍 천상6길 6,울산 울주군 범서읍 천상리 600,129.2220995,35.562948,,,POI01000000DMGJYS,천상그린코아아파트1단지,120,22,,,,,,,
2308260011,f_f009255,10,천상공원,2023-08-26,2023-08-26,울산 울주군 범서읍 천상길 25,울산 울주군 범서읍 천상리 322,129.2286295,35.5609378,,,POI01000000DXBZQ6,86(천상공원),90,7,Y,4,,5,5,5,
2308240001,f_f009257,1,집,2023-08-24,2023-08-24,프리덤원룸,,,,,,,,,21,,,,,,,2623011100
2308240002,f_f009257,13,집,2023-08-24,2023-08-25,프리덤원룸,,,,,,,,300,21,,,,,,,2623011100
2308240003,f_f009257,2,부산 서부버스터미널,2023-08-24,2023-08-24,부산 사상구 사상로 201,부산 사상구 괘법동 533-6,128.9825254,35.1632395,,,POI01000TR006353V,부산서부버스터미널,30,9,Y,6,,5,5,5,
2308240004,f_f009257,3,경주 시외버스터미널,2023-08-24,2023-08-24,경북 경주시 강변로 184,경북 경주시 노서동 160-2,129.2024687,35.8398,,,POI01000TR024444V,경주시외버스터미널,0,9,Y,6,,5,5,5,
2308240005,f_f009257,4,황화정,2023-08-24,2023-08-24,경북 경주시 사정로57번길 17,경북 경주시 사정동 7,129.2091926,35.8380096,,,POI01000000DZXGAV,향화정,30,11,N,5,,5,5,5,
2308240006,f_f009257,5,대릉원,2023-08-24,2023-08-24,경북 경주시 계림로 9,경북 경주시 황남동 268-10,129.2123347,35.83815,,,POI01000TR032143V,대릉원,30,2,N,1,,5,5,5,
2308240007,f_f009257,6,천마총,2023-08-24,2023-08-24,경북 경주시 계림로 9,경북 경주시 황남동 262,129.2105594,35.8384566,,,POI01000TR036572V,천마총,30,2,N,1,,3,3,3,
2308240008,f_f009257,7,황련단길,2023-08-24,2023-08-24,경북 경주시 태종로 746,경북 경주시 황남동 270-10,129.2096454,35.8393348,,,POI01000TR022576V,황리단길,30,4,N,2,,4,4,4,
2308240009,f_f009257,8,녹아,2023-08-24,2023-08-24,경북 경주시 포석로1068번길 21,경북 경주시 황남동 239-9,129.2117703,35.8360754,,,POI01000TR016598V,녹아,60,11,N,2,,5,5,5,
2308240010,f_f009257,9,경주 약과 방,2023-08-24,2023-08-24,경북 경주시 포석로 1074,경북 경주시 황남동 294,129.2097619,35.8367539,,,POI03000TR012426V,경주약과방,30,11,N,9,,5,5,5,
2308240011,f_f009257,10,테를 지,2023-08-24,2023-08-24,경북 경주시 태종로 736,경북 경주시 사정동 1-17,129.2086464,35.8391423,,,POI01000000EZIHNV,테를지,60,11,N,9,,5,5,5,
2308240012,f_f009257,11,황남쫀드기,2023-08-24,2023-08-24,경북 경주시 태종로 746,경북 경주시 황남동 270-10,129.2096417,35.8393223,,,POI03000TR012427V,황남쫀드기,30,11,N,2,,4,4,4,
2308240013,f_f009257,12,경주 시외버스터미널,2023-08-24,2023-08-24,경북 경주시 강변로 184,경북 경주시 노서동 160-2,129.2024687,35.8398,,,POI01000TR024444V,경주시외버스터미널,30,9,Y,6,,5,5,5,
2308270001,f_f009311,1,집,2023-08-27,2023-08-27,대전 서구 복수동로51번길 43,대전 서구 복수동 616,,,4298426,3017010100,,,,21,,,,,,,
2308270002,f_f009311,2,해목,2023-08-27,2023-08-27,부산 해운대구 구남로24번길 8,부산 해운대구 우동 542-30,129.1596608,35.161814,,,POI0100000095773R,해목,60,11,N,2,,5,4,5,
2308270003,f_f009311,3,끌레르영케이크,2023-08-27,2023-08-27,부산 해운대구 좌동순환로 275,부산 해운대구 좌동 1438,129.1824058,35.1719387,,,POI03000TR015598V,끌레르영케이크,30,12,N,2,,4,3,3,
2308270004,f_f009311,5,동백 104,2023-08-27,2023-08-27,부산 해운대구 달맞이길104번길 18-19,부산 해운대구 중동 1003-3,129.1736797,35.1576685,,,POI03000TR015599V,동백 104,90,11,N,2,,4,4,4,
2308270005,f_f009311,6,해운대 블루라인파크 미포 정거장,2023-08-27,2023-08-27,부산 해운대구 달맞이길62번길 13,부산 해운대구 중동 1019-2,129.1728147,35.1581526,,,POI01000TR030644V,해운대블루라인파크 미포정거장,60,6,Y,4,,5,5,5,
2308270006,f_f009311,4,청사포 다릿돌 전망대,2023-08-27,2023-08-27,,부산 해운대구 중동 산 3-9,129.196314,35.1641889,,,POI01000TR041727V,청사포다릿돌전망대,30,12,Y,4,,5,5,5,
2308270007,f_f009311,7,올라 호텔,2023-08-27,2023-08-27,부산 해운대구 송정광어골로 49,부산 해운대구 송정동 437-9,129.1968043,35.1768653,,,POI01000000DA1RU5,올라호텔,30,24,N,8,1,4,3,3,
2308270008,f_f009311,8,요트 델리나,2023-08-27,2023-08-27,부산 해운대구 해운대해변로 84,부산 해운대구 우동 1393,129.1419453,35.1598001,,,POI03000TR015601V,요트델루나,90,5,N,8,,5,5,5,
2308270009,f_f009311,9,송정 소문난 횟집,2023-08-27,2023-08-27,부산 해운대구 해운대로 1080,부산 해운대구 송정동 158-1,129.1999384,35.1817763,,,POI01000000EZV6Z9,송정소문난횟집,30,11,N,8,,5,5,5,
2308270010,f_f009311,10,올라 호텔,2023-08-27,2023-08-28,부산 해운대구 송정광어골로 49,부산 해운대구 송정동 437-9,129.1968043,35.1768653,,,POI01000000DA1RU5,올라호텔,60,24,N,8,1,4,3,3,
2308280001,f_f009311,11,서면 미술관,2023-08-28,2023-08-28,부산 부산진구 동천로 58,부산 부산진구 전포동 692-2,129.0625838,35.1539325,,,POI01000000BWI7WO,서면미술관,60,3,N,2,,3,2,2,
2308280002,f_f009311,12,도토리 다방,2023-08-28,2023-08-28,부산 부산진구 동성로25번길 30,부산 부산진구 전포동 355-24,129.0667549,35.15278,,,POI03000TR015603V,도토리다방,90,11,N,2,,5,5,5,
2308280003,f_f009311,13,이재모 피자 서면점,2023-08-28,2023-08-28,부산 부산진구 전포대로209번길 21,부산 부산진구 전포동 687-20,129.0639896,35.1552891,,,POI01000TR030680V,이재모피자 서면점,60,11,N,5,,4,3,3,
2308280004,f_f009311,14,전포 카페거리,2023-08-28,2023-08-28,부산 부산진구 전포대로209번길 26,부산 부산진구 전포동 682,129.0625694,35.1554467,,,POI01000TR033286V,전포카페거리,30,4,N,5,,4,3,3,
2308280005,f_f009311,15,락휴 코인 노래연습장 부산 서면점,2023-08-28,2023-08-28,부산 부산진구 중앙대로702번길 33,부산 부산진구 부전동 168-448,129.0611052,35.1555185,,,POI03000TR015604V,락휴코인노래연습장 부산서면점,90,12,N,9,,4,3,3,
2308280006,f_f009311,16,부산역,2023-08-28,2023-08-28,부산 동구 중앙대로 206,부산 동구 초량동 1187-1,129.0414192,35.1151092,,,POI01000TR040141V,부산역,30,9,Y,11,,4,3,3,
2308280007,f_f009311,17,집,2023-08-28,2023-08-29,대전 서구 복수동로51번길 43,대전 서구 복수동 616,,,4298426,3017010100,,,30,21,,,,,,,
2308260001,f_f009462,1,집,2023-08-26,2023-08-26,석수럭키아파트,,,,,,,,,21,,,,,,,4117110200
2308260002,f_f009462,2,대구역,2023-08-26,2023-08-26,대구 북구 태평로 161,대구 북구 칠성동2가 302-155,128.5962772,35.8759488,,,POI01000TR001712V,대구역,30,9,N,6,,5,5,5,
2308260003,f_f009462,3,후쿠 스시 시부야,2023-08-26,2023-08-26,대구 중구 달구벌대로443길 9,대구 중구 삼덕동2가 285-1,128.605024,35.8633676,,,POI01000000ESR788,후꾸스시시부야,60,4,N,1,,5,5,5,
2308260004,f_f009462,5,유니키언 8호 대구 삼덕 s 점,2023-08-26,2023-08-26,대구 중구 달구벌대로445길 44,,,,,,,,60,4,N,2,,5,5,5,2711010700
2308260005,f_f009462,4,우븐,2023-08-26,2023-08-26,대구 중구 달구벌대로443길 16,대구 중구 삼덕동3가 344-2,128.6053362,35.8635328,,,POI01000000ESFNUY,쿠븐,30,4,N,2,,5,4,5,
2308260006,f_f009462,6,더 현대 대구,2023-08-26,2023-08-26,대구 중구 달구벌대로 2077,대구 중구 계산동2가 200,128.5906311,35.8666284,,,POI010000008660N3,바닐라코현대대구점현대대구점,120,8,N,5,,5,5,5,
2308260007,f_f009462,7,빽다방 대구 반월당 지하점,2023-08-26,2023-08-26,대구 중구 달구벌대로 지하 2100,대구 중구 남산동 910-4,128.5933825,35.8651474,,,POI03000TR018805V,빽다방 대구반월당지하점,0,11,N,8,,5,5,4,
2308260008,f_f009462,8,반월당 닭강정 반월당점,2023-08-26,2023-08-26,대구 중구 달구벌대로 지하 2100,대구 중구 덕산동 88,128.5931463,35.8656795,,,POI01000TR031154V,반월당닭강정,30,11,N,5,,5,3,4,
2308260009,f_f009462,9,집,2023-08-26,2023-08-27,석수럭키아파트,,,,,,,,270,21,,,,,,,4117110200
2308290001,f_f009530,1,집,2023-08-29,2023-08-29,경기 광명시 오리로 835,경기 광명시 철산동 638,,,3000022,4121010200,,,,21,,,,,,,
2308290002,f_f009530,18,쉼 5 게스트하우스,2023-08-29,2023-08-30,교촌길 4-6  쉼5 게스트하우스,,,,,,,,180,24,Y,8,7,4,5,4,4713011000
2308290003,f_f009530,2,파리바게뜨 광명역 데시앙점,2023-08-29,2023-08-29,경기 광명시 양지로 19,경기 광명시 일직동 512-3,126.882851,37.419958,,,POI03000TR021688V,파리바게뜨 광명역데시앙점,30,11,Y,11,,5,5,5,
2308290004,f_f009530,3,신경주역,2023-08-29,2023-08-29,경북 경주시 건천읍 경주역로 80,경북 경주시 건천읍 화천리 1010,129.1389983,35.7983755,,,POI0100000068UYDF,신경주역,30,9,N,6,,5,5,5,
2308290005,f_f009530,6,쏘카 존 경주 시외버스터미널 뒤편,2023-08-29,2023-08-29,경북 경주시 태종로699번길 7,경북 경주시 노서동 171-2,129.2044787,35.8394532,,,POI01000000E64NCJ,쏘카존경주시외버스터미널뒤편,30,9,N,11,,4,5,5,
2308290006,f_f009530,4,히든 씨,2023-08-29,2023-08-29,경북 경주시 감포읍 동해안로 2560,경북 경주시 감포읍 오류리 176-11,129.5122001,35.829456,,,,,90,4,N,2,,5,5,5,
2308290007,f_f009530,5,석굴암,2023-08-29,2023-08-29,경북 경주시 석굴로 238,경북 경주시 진현동 999,129.3505207,35.7952417,,,POI01000000AQI33K,석굴암,60,2,N,5,,5,3,4,
2308290008,f_f009530,7,경주 밀면 본점,2023-08-29,2023-08-29,경북 경주시 시래둑길 7,경북 경주시 시래동 355-9,129.3030443,35.7733206,,,POI01000TR010466V,경주밀면 본점,30,11,N,11,,5,5,5,
2308290009,f_f009530,8,불국사,2023-08-29,2023-08-29,경북 경주시 불국로 385,경북 경주시 진현동 15-1,129.3318426,35.7899147,,,POI01000TR000952V,불국사,30,2,N,5,,5,4,5,
2308290010,f_f009530,9,경북 천년 숲 정원,2023-08-29,2023-08-29,경북 경주시 통일로 366-4,경북 경주시 남산동 737-3,129.2421464,35.8119086,,,POI01000000EJW22T,경북천년숲정원,30,1,N,2,,5,5,5,
2308290011,f_f009530,10,숙소,2023-08-29,2023-08-29,교촌길 4-6  쉼5 게스트하우스,,,,,,,,0,24,N,8,7,5,5,5,4713011000
2308290012,f_f009530,11,대릉원 돌담길,2023-08-29,2023-08-29,대릉원 돌담길,,,,,,,,60,7,N,9,,5,5,5,4713011000
2308290013,f_f009530,12,숙소,2023-08-29,2023-08-29,교촌길4-6  쉼5 게스트하우스,,,,,,,,120,24,Y,11,7,5,5,5,4713011000
2308290014,f_f009530,13,황남 식당,2023-08-29,2023-08-29,경북 경주시 포석로1050번길 39-14,경북 경주시 황남동 211-4,129.2145994,35.8349078,,,POI01000TR011268V,황남식당,30,11,N,9,,5,5,5,
2308290015,f_f009530,14,황리당,2023-08-29,2023-08-29,경북 경주시 첨성로 157-1,경북 경주시 황남동 106-6,129.2181643,35.8357701,,,POI03000TR021691V,황리당,0,11,N,2,,5,5,5,
2308290016,f_f009530,16,동궁과 월지,2023-08-29,2023-08-29,경북 경주시 원화로 102,경북 경주시 인왕동 506-1,129.2269755,35.8347763,,,POI01000TR019222V,동궁과월지,60,2,N,1,,5,5,5,
2308290017,f_f009530,15,첨성대,2023-08-29,2023-08-29,,경북 경주시 인왕동 910-30,129.2190202,35.834718,,,POI01000TR003385V,첨성대,30,2,N,1,,5,5,5,
2308290018,f_f009530,17,이마트 24 경주 교촌점,2023-08-29,2023-08-29,경북 경주시 교촌길 4,경북 경주시 황남동 150-3,129.21403,35.8328963,,,POI010000006PQLHJ,이마트24 경주교촌점,0,10,N,7,,5,4,4,
2308300001,f_f009530,27,집,2023-08-30,2023-08-31,경기 광명시 오리로 835,경기 광명시 철산동 638,,,3000022,4121010200,,,90,21,,,,,,,
2308300002,f_f009530,19,신라 제면,2023-08-30,2023-08-30,경북 경주시 첨성로81번길 22-11,경북 경주시 황남동 229-13,129.2123866,35.8350783,,,POI01000TR008556V,신라제면,60,11,N,2,,5,5,5,
2308300003,f_f009530,20,시카고 포스트,2023-08-30,2023-08-30,경북 경주시 포석로 1057,경북 경주시 황남동 309-3,129.2094341,35.8353885,,,POI01000000CVKOY9,시카고포스트,0,10,N,9,,4,3,4,
2308300004,f_f009530,21,어서어서,2023-08-30,2023-08-30,경북 경주시 포석로 1083,경북 경주시 황남동 278-1,129.2096247,35.8377097,,,POI01000TR028867V,어서어서,0,10,N,2,,5,5,5,
2308300005,f_f009530,22,대릉원,2023-08-30,2023-08-30,경북 경주시 계림로 9,경북 경주시 황남동 268-10,129.2123347,35.83815,,,POI01000TR032143V,대릉원,60,2,N,2,,5,5,5,
2308300006,f_f009530,23,노워즈 경주점,2023-08-30,2023-08-30,경북 경주시 태종로 744,경북 경주시 황남동 270-11,129.2094974,35.8392655,,,POI01000TR024384V,노워즈 경주점,90,11,N,5,,5,5,5,
2308300007,f_f009530,24,황남 거북이,2023-08-30,2023-08-30,경북 경주시 포석로1092번길 26-1,경북 경주시 황남동 76-10,129.2115356,35.8367897,,,POI01000000CKTF66,황남거북이,60,11,N,9,,5,5,5,
2308300008,f_f009530,25,대릉묘찌,2023-08-30,2023-08-30,경북 경주시 포석로 1085,경북 경주시 황남동 276-4,129.2096576,35.8380191,,,POI03000TR009781V,대릉묘찌,0,11,N,2,,5,5,5,
2308300009,f_f009530,26,신경주역,2023-08-30,2023-08-30,경북 경주시 건천읍 경주역로 80,경북 경주시 건천읍 화천리 1010,129.1389983,35.7983755,,,POI0100000068UYDF,신경주역,30,9,Y,6,,5,5,5,
2308270001,f_f009562,1,집,2023-08-27,2023-08-27,송도해변로21 서린엘마르,,,,,,,,,21,,,,,,,2614012400
2308270002,f_f009562,2,개성 순대,2023-08-27,2023-08-27,경남 창원시 마산합포구 가포로 686,경남 창원시 마산합포구 덕동동 495,128.5758242,35.1405278,,,POI010000009IUDLF,개성순대,30,11,N,2,,5,5,5,
2308270003,f_f009562,3,경남 마산로봇랜드,2023-08-27,2023-08-27,경남 창원시 마산합포구 구산면 로봇랜드로 250,경남 창원시 마산합포구 구산면 반동리 산 105,128.587046,35.0771226,,,POI01000000EGX0M9,경남 마산로봇랜드,300,6,N,1,,5,5,5,
2308270004,f_f009562,4,집,2023-08-27,2023-08-28,송도해변로21 서린엘마르,,,,,,,,390,21,,,,,,,2614012400
2308270001,f_f009750,1,집,2023-08-27,2023-08-27,부산 서구,,,,4178362,2614012000,,,,21,,,,,,,
2308270002,f_f009750,2,동궁과 월지,2023-08-27,2023-08-27,경북 경주시 원화로 102,경북 경주시 인왕동 506-1,129.2269755,35.8347763,,,POI01000TR019222V,동궁과월지,30,2,Y,4,,4,4,4,
2308270003,f_f009750,3,황련단길,2023-08-27,2023-08-27,경북 경주시 태종로 746,경북 경주시 황남동 270-10,129.2096454,35.8393348,,,POI01000TR022576V,황리단길,30,7,Y,4,,4,5,5,
2308270004,f_f009750,5,집,2023-08-27,2023-08-28,부산 서구,,,,4178362,2614012000,,,330,21,,,,,,,
2308270005,f_f009750,4,경주 TG,2023-08-27,2023-08-27,,경북 경주시 율동 502-12,129.1903974,35.8101185,,,POI03000TR017423V,경주TG,0,12,Y,6,,4,5,5,
2309090001,f_f009756,1,집,2023-09-09,2023-09-09,줄리엣,,,,,,,,,21,,,,,,,4729011700
2309090002,f_f009756,2,성당못,2023-09-09,2023-09-09,대구 달서구 공원순환로 216,대구 달서구 성당동 195-1,128.5603493,35.8429414,,,POI01000TR037656V,성당못,30,1,N,6,,4,4,3,
2309090003,f_f009756,3,대구문화예술회관,2023-09-09,2023-09-09,대구 달서구 공원순환로 201,대구 달서구 성당동 187,128.5595277,35.8449572,,,POI01000000BUZCNZ,대구문화예술회관,150,3,N,11,,5,5,5,
2309090004,f_f009756,9,집,2023-09-09,2023-09-10,줄리엣,,,,,,,,180,21,,,,,,,4729011700
2309090005,f_f009756,4,수니 짬뽕,2023-09-09,2023-09-09,대구 남구 대명남로 159-2,대구 남구 대명동 870-5,128.5756937,35.8357879,,,POI01000000D6U78O,수니짬뽕,30,11,N,11,,3,2,2,
2309090006,f_f009756,5,대명제과,2023-09-09,2023-09-09,,,,,,,,,60,11,N,11,,4,4,4,2720010300
2309090007,f_f009756,6,산 아래 시,2023-09-09,2023-09-09,대구 남구 현충로7길 6,대구 남구 대명동 507-5,128.579234,35.8348961,,,POI03000TR023517V,산아래시,30,10,N,2,,5,4,4,
2309090008,f_f009756,7,이디야 앞산점,2023-09-09,2023-09-09,대구 남구 앞산순환로 371,대구 남구 대명동 585-2,128.5664821,35.8324804,,,POI03000TR023518V,이디야 앞산점,60,11,N,9,,4,4,3,
2309090009,f_f009756,8,앞산 해넘이 전망대,2023-09-09,2023-09-09,,대구 남구 대명동 산 218-15,128.5656987,35.8318129,,,POI01000TR022594V,앞산해넘이전망대,30,12,N,1,,4,3,4,
2308260001,f_f009828,1,집,2023-08-26,2023-08-26,대천로,,,,,,,,,21,,,,,,,2635010700
2308260002,f_f009828,6,집,2023-08-26,2023-08-27,대천로,,,,,,,,300,21,,,,,,,2635010700
2308260003,f_f009828,2,우마왕 본점,2023-08-26,2023-08-26,경북 경주시 숲머리길 168,경북 경주시 보문동 33-81,129.254247,35.8428346,,,POI01000000DR0ZON,우마왕,30,11,N,2,,4,4,4,
2308260004,f_f009828,3,히든 씨,2023-08-26,2023-08-26,경북 경주시 감포읍 동해안로 2560,경북 경주시 감포읍 오류리 176-11,129.5122001,35.829456,,,,,240,5,N,1,,5,5,5,
2308260005,f_f009828,4,경주 문무대왕릉,2023-08-26,2023-08-26,,경북 경주시 문무대왕면 봉길리 30-1,129.4868767,35.7382616,,,POI01000TR018678V,경주문무대왕릉,30,2,N,1,,2,1,2,
2308260006,f_f009828,5,감은사지삼층석탑,2023-08-26,2023-08-26,,경북 경주시 문무대왕면 용당리 55-3,129.4772149,35.7480008,,,POI01000TR016640V,감은사지삼층석탑,30,2,N,6,,4,3,4,
2309020001,f_f009968,1,집,2023-09-02,2023-09-02,서울 강동구 천중로 253,서울 강동구 길동 477,,,3124009,1174010500,,,,21,,,,,,,
2309020002,f_f009968,2,덕이 식당,2023-09-02,2023-09-02,강원특별자치도 강릉시 강동면 헌화로 1096-1,강원특별자치도 강릉시 강동면 정동진리 299-6,129.031896,37.6906808,,,POI01000000911MHA,덕이식당,60,11,N,5,,4,3,5,
2309020003,f_f009968,3,이스트 웨이브,2023-09-02,2023-09-02,강원특별자치도 강릉시 옥계면 헌화로 277,강원특별자치도 강릉시 옥계면 금진리 212,129.0433376,37.6400669,,,POI03000TR021079V,이스트웨이브,240,5,N,2,,5,4,5,
2309020004,f_f009968,4,위드 랜드 멤버스 하우스 강릉,2023-09-02,2023-09-02,강원특별자치도 강릉시 공항길127번길 22,강원특별자치도 강릉시 남항진동 42,128.9509563,37.7655386,,,POI0100000075Y08E,위드랜드 멤버스하우스 강릉,60,24,N,2,4,5,5,5,
2309020005,f_f009968,5,포항물회,2023-09-02,2023-09-02,강원특별자치도 강릉시 동부시장3길 3,강원특별자치도 강릉시 옥천동 289,128.9001357,37.7583068,,,POI010000008N7V6Z,포항물회,60,11,N,3,,5,3,5,
2309020006,f_f009968,6,해안로,2023-09-02,2023-09-02,강원특별자치도 강릉시 해안로 298-4,강원특별자치도 강릉시 강문동 23-18,128.919766,37.7917249,,,POI03000TR021082V,해안로,60,11,N,2,,5,4,5,
2309020007,f_f009968,7,위드 랜드 멤버스 하우스 강릉,2023-09-02,2023-09-03,강원특별자치도 강릉시 공항길127번길 22,강원특별자치도 강릉시 남항진동 42,128.9509563,37.7655386,,,POI0100000075Y08E,위드랜드 멤버스하우스 강릉,180,24,N,2,4,5,5,5,
2309030001,f_f009968,12,집,2023-09-03,2023-09-04,서울 강동구 천중로 253,서울 강동구 길동 477,,,3124009,1174010500,,,180,21,,,,,,,
2309030002,f_f009968,8,만동 제과,2023-09-03,2023-09-03,강원특별자치도 강릉시 금성로 6,강원특별자치도 강릉시 옥천동 62-3,128.8995061,37.755164,,,POI01000000CZ0FOA,만동제과,60,11,N,2,,5,5,5,
2309030003,f_f009968,10,서프 하이,2023-09-03,2023-09-03,강원특별자치도 양양군 현남면 인구항길 10,강원특별자치도 양양군 현남면 인구리 630-3,128.7617457,37.9702686,,,POI010000006BCBMM,서프하이,300,5,N,5,,4,4,4,
2309030004,f_f009968,9,버거 월드,2023-09-03,2023-09-03,강원특별자치도 양양군 현남면 인구길 56-1,강원특별자치도 양양군 현남면 인구리 634-7,128.7613095,37.9692031,,,POI0100000075YGL7,버거월드,60,11,Y,4,,5,5,5,
2309030005,f_f009968,11,올라 카바스,2023-09-03,2023-09-03,강원특별자치도 양양군 현북면 하조대2길 48-49,강원특별자치도 양양군 현북면 하광정리 613-3,128.7217248,38.0235013,,,POI03000TR018719V,올라칸바스,60,11,N,2,,3,2,3,
2308220001,f_f010067,1,집,2023-08-22,2023-08-22,경남 김해시 활천로255번길 61-12,경남 김해시 삼방동 158-13,,,4805898,4825011900,,,,21,,,,,,,
2308220002,f_f010067,8,집,2023-08-22,2023-08-23,경남 김해시 활천로255번길 61-12,경남 김해시 삼방동 158-13,,,4805898,4825011900,,,120,21,,,,,,,
2308220003,f_f010067,2,해피 치즈 스마일 광안점,2023-08-22,2023-08-22,부산 수영구 광남로83번길 22,부산 수영구 광안동 185-25,129.113114,35.150239,,,POI03000TR014004V,해피치즈스마일 광안점,60,11,N,5,,4,2,3,
2308220004,f_f010067,3,랜디스 도넛 광안리점,2023-08-22,2023-08-22,부산 수영구 수영로510번길 58,부산 수영구 광안동 184-2,129.1144552,35.1504679,,,POI02001TR008857V,랜디스도넛 광안리점,30,11,N,9,,4,4,4,
2308220005,f_f010067,4,광안리해수욕장,2023-08-22,2023-08-22,부산 수영구 광안해변로 219,부산 수영구 광안동 192-20,129.1189761,35.1531933,,,POI01000TR030726V,광안리해수욕장,30,4,Y,1,,5,5,5,
2308220006,f_f010067,5,텐텐 동전 노래연습장,2023-08-22,2023-08-22,부산광역시 수영구 광안로 67  3층 (안락동 블루비치),,,,,,,,30,12,N,9,,5,3,3,2650010300
2308220007,f_f010067,6,문 토스트 광안 해변점,2023-08-22,2023-08-22,부산 수영구 광안해변로 269,부산 수영구 민락동 176-18,129.1230479,35.1558543,,,POI03000TR014005V,문토스트 광안해변점,30,11,N,3,,2,3,3,
2308220008,f_f010067,7,고 망고 광안리점,2023-08-22,2023-08-22,부산 수영구 광안해변로277번길 3,부산 수영구 민락동 176-29,129.123986,35.1560207,,,POI01000TR002189V,고망고 광안리점,30,4,Y,4,,4,5,5,
2308240001,f_f010099,1,집,2023-08-24,2023-08-24,무림3길16-55,,,,,,,,,21,,,,,,,4785036000
2308240002,f_f010099,7,노스 하버 호텔,2023-08-24,2023-08-25,부산 영도구 태종로 45,부산 영도구 대교동1가 56,129.0373663,35.0939485,,,POI0100000076WUNM,노스하버호텔,210,24,N,8,1,3,2,3,
2308240003,f_f010099,2,고더샵,2023-08-24,2023-08-24,부산 부산진구 서전로 60,부산 부산진구 전포동 206-27,129.0662324,35.15763,,,POI03000TR010977V,고더샵,60,11,N,1,,4,3,4,
2308240004,f_f010099,3,회와 제과,2023-08-24,2023-08-24,부산 부산진구 전포대로246번길 6,부산 부산진구 전포동 194-7,129.06568,35.1582621,,,,,0,11,N,2,,4,5,4,
2308240005,f_f010099,4,히데 로스터리,2023-08-24,2023-08-24,부산 부산진구 동성로 59,부산 부산진구 전포동 239-4,129.0682038,35.1557489,,,,,0,11,N,1,,4,4,4,
2308240006,f_f010099,5,해빙 모멘트,2023-08-24,2023-08-24,부산 영도구 절영로 196,부산 영도구 영선동4가 612,129.0437235,35.0797993,,,POI02001TR032693V,해빙모먼트,60,11,N,1,,4,2,2,
2308240007,f_f010099,6,자갈치시장,2023-08-24,2023-08-24,부산 중구 자갈치해안로 52,부산 중구 남포동5가 105-1,129.0305798,35.0966199,,,POI01000000E1B9XS,자갈치시장,0,4,Y,6,,3,3,3,
2308250001,f_f010099,8,톤섬,2023-08-25,2023-08-25,부산 영도구 남항로9번길 36,부산 영도구 남항동1가 93-2,129.0386025,35.0913242,,,POI03000TR010979V,톤섬,60,11,N,2,,4,3,4,
2308250002,f_f010099,9,모모스 커피 영도 로스터리 앤 커피나,2023-08-25,2023-08-25,부산 영도구 봉래나루로 160,부산 영도구 봉래동2가 131,129.0425657,35.0962337,,,POI01000000B79ATQ,모모스커피 영도 로스터리 앤 커피바,60,11,N,1,,4,4,4,
2308250003,f_f010099,10,송도 해상 케이블카 송도 스카이파크,2023-08-25,2023-08-25,부산 서구 암남공원로 181,부산 서구 암남동 산 193-22,129.0204629,35.0613888,,,POI01000TR038389V,송도해상케이블카 송도스카이파크,30,1,N,1,,4,2,4,
2308250004,f_f010099,11,롯데백화점 광복점,2023-08-25,2023-08-25,부산 중구 중앙대로 2,부산 중구 중앙동6가 36-4,129.0368508,35.0982575,,,POI01000TR010930V,롯데백화점 광복점,30,4,N,9,,4,2,4,
2308250005,f_f010099,12,부산역,2023-08-25,2023-08-25,부산 동구 중앙대로 206,부산 동구 초량동 1187-1,129.0414192,35.1151092,,,POI01000TR040141V,부산역,30,9,Y,1,,4,4,4,
2308250006,f_f010099,13,집,2023-08-25,2023-08-26,무림3길16-55,,,,,,,,1020,21,,,,,,,4785036000
2308240001,f_f010302,1,집,2023-08-24,2023-08-24,대구 수성구 동대구로50길 37,대구 수성구 범어동 906-1,,,4238126,2726010100,,,,21,,,,,,,
2308240002,f_f010302,2,문 스시,2023-08-24,2023-08-24,부산 해운대구 좌동순환로 43,부산 해운대구 좌동 1341-22,129.1661448,35.1702879,,,POI010000006TAT31,문스시,90,11,N,1,,1,5,5,
2308240003,f_f010302,3,코발트바이캐비네드쁘아쏭,2023-08-24,2023-08-24,부산 기장군 기장읍 기장해안로 268-31,부산 기장군 기장읍 시랑리 704,129.2289526,35.200235,,,POI01000TR043274V,코발트바이캐비네드쁘아쏭,90,4,Y,7,,5,4,4,
2308240004,f_f010302,4,롯데 프리미엄 아웃렛 동부산점,2023-08-24,2023-08-24,부산 기장군 기장읍 기장해안로 147,부산 기장군 기장읍 당사리 524,129.2125445,35.1916608,,,POI01000TR034815V,롯데프리미엄아울렛 동부산점,150,4,Y,8,,5,5,5,
2308240005,f_f010302,5,도희네,2023-08-24,2023-08-24,부산 해운대구 청사포로 157,부산 해운대구 중동 509-9,129.1942259,35.1624398,,,POI01000000855AVJ,청사포도희네횟집,60,11,N,2,,5,5,5,
2308240006,f_f010302,6,집,2023-08-24,2023-08-25,대구 수성구 동대구로50길 37,대구 수성구 범어동 906-1,,,4238126,2726010100,,,150,21,,,,,,,
2308260001,f_f010337,1,집,2023-08-26,2023-08-26,,,,,,,,,,21,,,,,,,1129011700
2308260002,f_f010337,15,다온 채,2023-08-26,2023-08-27,부산 수영구 광안해변로307번길 15,,129.126493,35.157704,,,POI01000000C91RY7,다온채,720,24,N,8,7,5,4,4,1129011700
2308260003,f_f010337,4,자갈치시장,2023-08-26,2023-08-26,부산 중구 자갈치해안로 52,부산 중구 남포동5가 105-1,129.0305798,35.0966199,,,POI01000000E1B9XS,자갈치시장,60,4,Y,4,,5,5,5,
2308260004,f_f010337,2,서울역,2023-08-26,2023-08-26,서울 용산구 한강대로 405,서울 용산구 동자동 43-205,126.9706069,37.5546788,,,POI01000TR030428V,서울역,30,9,Y,6,,5,5,5,
2308260005,f_f010337,3,부산역,2023-08-26,2023-08-26,부산 동구 중앙대로 206,부산 동구 초량동 1187-1,129.0414192,35.1151092,,,POI01000TR040141V,부산역,30,9,Y,4,,5,5,5,
2308260006,f_f010337,5,BIFF 광장,2023-08-26,2023-08-26,,부산 중구 남포동3가 15-1,129.0290456,35.0988679,,,POI01000TR023833V,BIFF광장,30,4,N,9,,3,2,2,
2308260007,f_f010337,6,연경재,2023-08-26,2023-08-26,부산 중구 중앙대로29번길 6,부산 중구 중앙동1가 22-4,129.0358925,35.1003788,,,POI01000000D1DV5N,연경재,120,11,N,1,,4,4,4,
2308260008,f_f010337,7,다온 채,2023-08-26,2023-08-26,부산 수영구 광안해변로307번길 15,부산 수영구 민락동 34-1,129.1264932,35.1577042,,,POI01000000C91RY7,다온채,30,24,N,8,7,5,4,4,
2308260009,f_f010337,8,광안리해양레포츠센터,2023-08-26,2023-08-26,부산 수영구 광안해변로54번길 222,부산 수영구 남천동 148-103,129.1153131,35.14614,,,POI01000000BMMZ4I,광안리해양레포츠센터입구,120,5,N,1,,5,5,5,
2308260010,f_f010337,9,아이드 블루,2023-08-26,2023-08-26,부산 수영구 광안해변로 125,부산 수영구 남천동 5-13,129.1144883,35.146149,,,POI02001TR019567V,아일드블루,30,11,N,8,,4,3,4,
2308260011,f_f010337,10,다온 채,2023-08-26,2023-08-26,부산 수영구 광안해변로307번길 15,부산 수영구 민락동 34-1,129.1264932,35.1577042,,,POI01000000C91RY7,다온채,60,24,N,8,7,5,4,4,
2308260012,f_f010337,11,나사리 식당,2023-08-26,2023-08-26,부산 수영구 광안로61번길 60,부산 수영구 민락동 177-3,129.1219418,35.1553852,,,POI03000TR021087V,나사리식당,60,11,N,5,,5,5,5,
2308260013,f_f010337,12,러키 상회,2023-08-26,2023-08-26,부산 수영구 민락로19번길 21,부산 수영구 민락동 173-15,129.1215458,35.1563203,,,POI01000000EXFO7H,럭키상회,30,11,N,2,,3,3,3,
2308260014,f_f010337,13,다온 채,2023-08-26,2023-08-26,부산 수영구 광안해변로307번길 15,부산 수영구 민락동 34-1,129.1264932,35.1577042,,,POI01000000C91RY7,다온채,30,24,N,8,7,5,4,4,
2308260015,f_f010337,14,포토스트리트웜앤쿨 광안리점,2023-08-26,2023-08-26,부산 수영구 광안로61번길 60,부산 수영구 민락동 177-3,129.1220886,35.1555052,,,POI03000TR021089V,포토스트리트웜앤쿨 광안리점,30,10,N,9,,5,5,5,
2308270001,f_f010337,16,이가네가야밀면왕만두,2023-08-27,2023-08-27,부산 수영구 광안해변로277번길 10,부산 수영구 민락동 193-2,129.1242252,35.1563995,,,POI01000000CYDS2D,이가네가야밀면왕만두,90,11,N,2,,5,5,5,
2308270002,f_f010337,17,광안리해수욕장,2023-08-27,2023-08-27,부산 수영구 광안해변로 219,부산 수영구 광안동 192-20,129.1189761,35.1531933,,,POI01000TR030726V,광안리해수욕장,30,1,Y,4,,5,5,5,
2308270003,f_f010337,18,마이 페이 보릿 쿠키,2023-08-27,2023-08-27,부산 수영구 광남로 103,부산 수영구 광안동 183-4,129.1149847,35.1512553,,,POI010000006TOS4F,마이페이보릿쿠키,30,11,Y,4,,5,5,5,
2308270004,f_f010337,19,무명 일기,2023-08-27,2023-08-27,부산 영도구 봉래나루로 178,부산 영도구 봉래동2가 145-6,129.0435386,35.0964652,,,POI03000TR021091V,무명일기,90,11,N,1,,4,3,3,
2308270005,f_f010337,20,프리마켓 본점,2023-08-27,2023-08-27,부산 중구 광복로39번길 26,부산 중구 신창동2가 13,129.0293914,35.1014935,,,POI03000TR021092V,프리마켓 본점,60,4,N,1,,2,2,2,
2308270006,f_f010337,21,초량 국밥,2023-08-27,2023-08-27,부산 동구 중앙대로214번길 3-12,부산 동구 초량동 1200-2,129.0414669,35.1168017,,,POI010000006UDU03,초량국밥,30,11,N,6,,4,3,3,
2308270007,f_f010337,22,부산역,2023-08-27,2023-08-27,부산 동구 중앙대로 206,부산 동구 초량동 1187-1,129.0414192,35.1151092,,,POI01000TR040141V,부산역,30,9,Y,6,,5,4,4,
2308270008,f_f010337,23,집,2023-08-27,2023-08-28,,,,,,,,,90,21,,11,,,,,1129011700
2308270001,f_f010443,1,집,2023-08-27,2023-08-27,부산 수영구 무학로 26-6,부산 수영구 광안동 120-22,,,3138013,2650010400,,,,21,,,,,,,
2308270002,f_f010443,5,화이트하우스 7차,2023-08-27,2023-08-28,부산 수영구 무학로 26-6,부산 수영구 광안동 120-22,129.1166692,35.1613025,,,POI01000000C94DEC,화이트하우스7차,60,21,,,,,,,
2308270003,f_f010443,2,밀리언 피자 경주 본점,2023-08-27,2023-08-27,경북 경주시 포석로1068번길 10,경북 경주시 황남동 304-4,129.2104207,35.8360083,,,POI01000000BZB88X,밀리언피자 경주본점,90,11,N,5,,5,4,4,
2308270004,f_f010443,3,아덴,2023-08-27,2023-08-27,경북 경주시 보문로 424-34,경북 경주시 신평동 719-143,129.2835995,35.843156,,,POI01000TR022205V,아덴,60,11,N,1,,5,5,5,
2308270005,f_f010443,4,동궁과 월지,2023-08-27,2023-08-27,경북 경주시 원화로 102,경북 경주시 인왕동 506-1,129.2269755,35.8347763,,,POI01000TR019222V,동궁과월지,60,2,N,1,,5,5,5,
2308270001,f_f010522,1,집,2023-08-27,2023-08-27,물금로 75,,,,,,,,,21,,,,,,,4833025300
2308270002,f_f010522,2,영도대교,2023-08-27,2023-08-27,,부산 영도구 대교동1가,129.0364675,35.095546,,,POI01000000BWIKAF,영도대교,30,2,N,8,,4,3,4,
2308270003,f_f010522,3,국립 해양 박물관,2023-08-27,2023-08-27,부산 영도구 해양로301번길 45,부산 영도구 동삼동 1156,129.0802872,35.0785177,,,POI01000000E60B1S,국립해양박물관,60,2,Y,4,,5,5,5,
2308270004,f_f010522,4,에르마나,2023-08-27,2023-08-27,부산 영도구 와치로 195,부산 영도구 동삼동 325-234,129.0646429,35.0779552,,,POI03000TR017462V,에르마나,60,10,N,2,,5,5,5,
2308270005,f_f010522,5,태종대 다 노비 열차,2023-08-27,2023-08-27,부산 영도구 전망로 24,부산 영도구 동삼동 산 19-2,129.0799367,35.059655,,,POI01000TR002806V,태종대 다누비열차,60,1,Y,4,,4,4,4,
2308270006,f_f010522,6,피아트 카페 엔 베이커리,2023-08-27,2023-08-27,부산 영도구 해양로195번길 180,부산 영도구 동삼동 201-6,129.0767559,35.0863734,,,POI01000TR030446V,피아크 카페엔베이커리,60,10,N,2,,3,3,3,
2308270007,f_f010522,7,집,2023-08-27,2023-08-28,물금로 75,,,,,,,,330,21,,,,,,,4833025300
2308220001,f_f010564,1,집,2023-08-22,2023-08-22,감전동 117-1 더퍼스트원,,,,,,,,,21,,,,,,,2653010500
2308220002,f_f010564,2,롯데 워터파크,2023-08-22,2023-08-22,경남 김해시 장유로 555,경남 김해시 신문동 1417,128.8293051,35.1808776,,,POI01000TR010325V,롯데워터파크,330,6,N,2,,4,4,4,
2308220003,f_f010564,3,아이스퀘어 몰,2023-08-22,2023-08-22,경남 김해시 김해대로 2342,경남 김해시 부원동 1043,128.8832482,35.225748,,,POI01000000E68EFH,아이스퀘어몰,60,4,N,1,,4,4,4,
2308220004,f_f010564,4,집,2023-08-22,2023-08-23,감전동 117-1 더퍼스트원,,,,,,,,240,21,,,,,,,2653010500
2308260001,f_f010656,1,친구 친지 집,2023-08-26,2023-08-26,대잠길 79번길 13(대잠동 그린캐슬),,,,,,,,,22,,,,,,,4711111600
2308260002,f_f010656,2,만휴정,2023-08-26,2023-08-26,경북 안동시 길안면 묵계하리길 42,경북 안동시 길안면 묵계리 1081,128.9098517,36.410446,,,POI0100000068R0TU,만휴정,30,2,N,2,,4,3,4,
2308260003,f_f010656,3,빈체로 안동점,2023-08-26,2023-08-26,경북 안동시 충효로 4465,경북 안동시 정하동 251-2,128.7358843,36.5517543,,,POI03000TR018824V,빈체로 안동점,60,11,N,8,,3,3,3,
2308260004,f_f010656,4,오마이 또 탕후루 안동점,2023-08-26,2023-08-26,남문로 22-16,,,,,,,,30,10,N,9,,3,3,1,4717011600
2308260005,f_f010656,5,낙강 물길 공원,2023-08-26,2023-08-26,,경북 안동시 상아동 423,128.7709445,36.5878597,,,POI01000TR000472V,낙강물길공원,30,1,N,1,,4,1,3,
2308260006,f_f010656,6,폴모스트,2023-08-26,2023-08-26,경북 안동시 남후면 암산1길 15,경북 안동시 남후면 광음리 264,128.6760204,36.5031222,,,POI01000000CNRTBQ,폴모스트,90,11,N,3,,3,1,2,
2308260007,f_f010656,7,체화정,2023-08-26,2023-08-26,경북 안동시 풍산읍 풍산태사로 1123-10,경북 안동시 풍산읍 상리리 447,128.5782254,36.5790022,,,POI01000000BBUE1R,체화정,30,2,N,1,,4,3,3,
2308260008,f_f010656,8,안동 하회마을,2023-08-26,2023-08-26,,경북 안동시 풍천면 하회리 1176-1,128.5181412,36.5389828,,,POI01000TR039262V,안동하회마을,180,8,Y,1,,4,4,5,
2308260009,f_f010656,9,홈플러스 포항점,2023-08-26,2023-08-27,경북 포항시 남구 중흥로 77,경북 포항시 남구 상도동 582,129.3492525,36.0127675,,,POI01000TR021698V,홈플러스 포항점,120,23,,,,,,,
2308250001,f_f010778,1,집,2023-08-25,2023-08-25,장평2로 19,,,,,,,,,21,,,,,,,4831010800
2308250002,f_f010778,10,집,2023-08-25,2023-08-26,장평2로 19,,,,,,,,30,21,,,,,,,4831010800
2308250003,f_f010778,2,젬스톤 거제점,2023-08-25,2023-08-25,경남 거제시 사등면 신계해안길 90,경남 거제시 사등면 오량리 640,128.4887746,34.8927125,,,POI03000TR014041V,젬스톤 거제점,60,11,Y,4,,5,5,5,
2308250004,f_f010778,3,무릉교,2023-08-25,2023-08-25,,경남 산청군 금서면 특리 산 87,127.8296334,35.4356435,,,POI03000TR014042V,무릉교,30,1,N,1,,5,3,4,
2308250005,f_f010778,4,풍차 카페 수제버거,2023-08-25,2023-08-25,경남 산청군 금서면 동의보감로555번길 104-9,경남 산청군 금서면 특리 1300-60,127.825265,35.4398825,,,POI02001TR031304V,풍차카페수제버거,30,11,N,6,,4,3,4,
2308250006,f_f010778,5,산청 동의보감촌,2023-08-25,2023-08-25,경남 산청군 금서면 동의보감로555번길 45-6,경남 산청군 금서면 특리 1300-26,127.8283943,35.4404595,,,POI01000TR002036V,산청동의보감촌,60,1,N,1,,4,4,4,
2308250007,f_f010778,6,수선사,2023-08-25,2023-08-25,경남 산청군 산청읍 웅석봉로154번길 102-23,경남 산청군 산청읍 내리 1117-1,127.8699185,35.3990652,,,POI01000000B74D1W,수선사,30,2,N,1,,5,4,5,
2308250008,f_f010778,7,목면시배 유지,2023-08-25,2023-08-25,경남 산청군 단성면 목화로 887,경남 산청군 단성면 사월리 105-1,127.9580074,35.2900275,,,POI01000000BV34BK,목면시배유지,30,2,N,6,,3,2,3,
2308250009,f_f010778,8,카페묵실,2023-08-25,2023-08-25,경남 산청군 단성면 성철로102번길 43,경남 산청군 단성면 묵곡리 329,127.9663945,35.2768668,,,POI01000000CVPZF6,카페묵실,90,11,N,2,,5,5,5,
2308250010,f_f010778,9,남사예담촌,2023-08-25,2023-08-25,경남 산청군 단성면 지리산대로2897번길 10,경남 산청군 단성면 남사리 281-1,127.9363411,35.274219,,,POI010000006WTFSY,남사예담촌,60,2,N,1,,2,2,2,
2308280001,f_f010784,1,집,2023-08-28,2023-08-28,경북 구미시 백산로 153,경북 구미시 송정동 183,,,3308016,4719011000,,,,21,,,,,,,
2308280002,f_f010784,5,슬로 오션 히든포레스트 풀빌라,2023-08-28,2023-08-29,경북 포항시 북구 송라면 동해대로3218번길 39,경북 포항시 북구 송라면 지경리 407-39,129.3727068,36.2517779,,,POI01000000B0INFR,SLOWOCEAN,270,24,N,5,3,4,4,4,
2308280003,f_f010784,2,롯데마트 구미점,2023-08-28,2023-08-28,경북 구미시 구미대로22길 11,경북 구미시 신평동 465,128.3654788,36.1138409,,,POI01000TR023761V,롯데마트 구미점,30,10,Y,5,,5,5,5,
2308280004,f_f010784,3,슬로 오션 히든포레스트 풀빌라,2023-08-28,2023-08-28,경북 포항시 북구 송라면 동해대로3218번길 39,경북 포항시 북구 송라면 지경리 407-39,129.3727068,36.2517779,,,POI01000000B0INFR,SLOWOCEAN,180,24,N,5,3,4,4,4,
2308280005,f_f010784,4,화진해수욕장,2023-08-28,2023-08-28,,경북 포항시 북구 송라면 화진리,129.3739012,36.251401,,,POI01000TR004230V,화진해수욕장,30,1,N,5,,5,5,5,
2308290001,f_f010784,6,카페 러블리,2023-08-29,2023-08-29,경북 포항시 북구 송라면 동해대로 3310,경북 포항시 북구 송라면 지경리 232,129.3737865,36.2581948,,,POI01000TR019146V,카페 러블랑,90,4,N,5,,5,5,5,
2308290002,f_f010784,7,집,2023-08-29,2023-08-30,경북 구미시 백산로 153,경북 구미시 송정동 183,,,3308016,4719011000,,,570,21,,,,,,,
2308270001,f_f010785,1,집,2023-08-27,2023-08-27,사하구 낙동남로 1389번길 9-7,,,,,,,,,21,,,,,,,2638010300
2308270002,f_f010785,2,봉리단길,2023-08-27,2023-08-27,,경남 김해시 봉황동,128.8772553,35.2285736,,,POI01000TR035131V,봉리단길,90,4,N,2,,5,5,5,
2308270003,f_f010785,3,수로왕릉,2023-08-27,2023-08-27,경남 김해시 왕릉길 26,경남 김해시 서상동 312,128.8784957,35.2353096,,,POI01000000BYTL3M,수로왕릉,30,2,N,5,,4,2,4,
2308270004,f_f010785,4,해이다 커피,2023-08-27,2023-08-27,경남 김해시 분성로 287-14,,128.877595,35.233638,,,POI01000000CVPBHK,해이담커피,90,11,N,9,,4,4,4,48250
2308270005,f_f010785,5,김해민속박물관,2023-08-27,2023-08-27,경남 김해시 분성로261번길 35,경남 김해시 봉황동 431,128.8764375,35.2346494,,,POI010000006U2IGW,김해민속박물관,30,2,N,9,,3,2,3,
2308270006,f_f010785,6,오니 나루,2023-08-27,2023-08-27,경남 김해시 인제로200번길 5,경남 김해시 삼방동 164-14,128.9045033,35.2465382,,,POI01000000D1XGZM,오니나루,30,11,Y,4,,5,5,5,
2308270007,f_f010785,7,김해 천문대,2023-08-27,2023-08-27,경남 김해시 가야테마길 254,경남 김해시 동상동 산 1-4,128.8873012,35.2531187,,,POI01000000E17FMJ,김해천문대,150,3,Y,4,,5,4,4,
2308270008,f_f010785,8,집,2023-08-27,2023-08-28,사하구 낙동남로 1389번길 9-7,,,,,,,,120,21,,,,,,,2638010300
2308280001,f_f010875,1,집,2023-08-28,2023-08-28,중앙시장 2길,,,,,,,,,21,,,,,,,4223012000
2308280002,f_f010875,9,집,2023-08-28,2023-08-29,중앙시장 2길,,,,,,,,360,21,,,,,,,4223012000
2308280004,f_f010875,2,라미 상점,2023-08-28,2023-08-28,강원특별자치도 강릉시 강릉대로 186,강원특별자치도 강릉시 교동 1006-11,128.890952,37.7574681,,,POI02001TR008717V,라미상점,0,4,N,11,,4,3,3,
2308280006,f_f010875,3,관동별곡,2023-08-28,2023-08-28,강원특별자치도 강릉시 강릉대로210번길 4,강원특별자치도 강릉시 교동 162-171,128.8934922,37.7579921,,,POI01000000ASHV2C,관동별곡,0,4,N,11,,4,3,3,
2308280007,f_f010875,4,교동 면옥,2023-08-28,2023-08-28,강원특별자치도 강릉시 강릉대로210번길 5-4,강원특별자치도 강릉시 임당동 9-12,128.8937576,37.7577212,,,POI010000008LXN9I,교동면옥,30,11,N,5,,5,5,5,
2308280008,f_f010875,5,강릉 월화 거리,2023-08-28,2023-08-28,강원특별자치도 강릉시 경강로 2111,강원특별자치도 강릉시 임당동 106-1,128.8974965,37.7559098,,,POI01000TR024725V,강릉월화거리,0,7,N,9,,3,3,3,
2308280009,f_f010875,6,강다방 이야기 공장,2023-08-28,2023-08-28,강원특별자치도 강릉시 용지로 162,강원특별자치도 강릉시 옥천동 305-1,128.9011383,37.76272,,,POI01000TR005513V,강다방 이야기공장,60,3,N,11,,5,5,5,
2308280010,f_f010875,7,임당동 벽화마을,2023-08-28,2023-08-28,토성로164번길,,,,,,,,0,7,N,1,,3,2,3,4215010500
2308280011,f_f010875,8,이응,2023-08-28,2023-08-28,강원특별자치도 강릉시 신대학길 22-5,강원특별자치도 강릉시 금학동 50-7,128.895949,37.7531574,,,POI01000000DOZBCJ,이응,30,11,Y,4,,5,5,5,
2309020001,f_f010914,1,친구 친지 집,2023-09-02,2023-09-02,서울 동대문구 왕산로 214,,,,3105008,1123010400,,,,22,,,,,,,
2309020002,f_f010914,8,집,2023-09-02,2023-09-03,서울 동대문구 휘경로 27,,,,3105021,1123011000,,,150,21,,,,,,,
2309020003,f_f010914,2,유포리막국수,2023-09-02,2023-09-02,강원특별자치도 춘천시 신북읍 맥국2길 123,강원특별자치도 춘천시 신북읍 유포리 62-2,127.7783349,37.9460904,,,POI01000TR020676V,유포리막국수,30,11,N,2,,5,5,5,
2309020004,f_f010914,3,카페 감자밭 본점,2023-09-02,2023-09-02,강원특별자치도 춘천시 신북읍 신샘밭로 674,강원특별자치도 춘천시 신북읍 천전리 99-13,127.7845121,37.9295805,,,POI01000TR037264V,카페감자밭 본점,60,4,N,1,,5,5,5,
2309020005,f_f010914,4,해피 초원 목장,2023-09-02,2023-09-02,강원특별자치도 춘천시 사북면 춘화로 330-48,강원특별자치도 춘천시 사북면 고탄리 산 50-3,127.6958067,37.9792495,,,POI01000000CFKQMJ,해피초원목장,90,13,N,2,,5,5,5,
2309020006,f_f010914,5,춘천 중도 물레길,2023-09-02,2023-09-02,강원특별자치도 춘천시 스포츠타운길223번길 95,강원특별자치도 춘천시 삼천동 468-2,127.6899532,37.8708252,,,POI010000006CR72E,춘천중도물레길,60,5,N,2,,5,5,5,
2309020007,f_f010914,6,맛있는 닭갈비,2023-09-02,2023-09-02,강원특별자치도 춘천시 동면 장학길 18,강원특별자치도 춘천시 동면 장학리 804-6,127.7563585,37.8944667,,,POI010000008MSMUY,맛있는닭갈비,60,11,N,5,,5,5,5,
2309020008,f_f010914,7,솔 로스터리 커피,2023-09-02,2023-09-02,강원특별자치도 춘천시 동면 소양강로 526,강원특별자치도 춘천시 동면 지내리 688-3,127.7667398,37.9244174,,,POI02001TR016571V,소울로스터리커피,60,4,N,5,,5,5,5,
2308250001,f_f010978,1,집,2023-08-25,2023-08-25,암사454-64,,,,,,,,,21,,,,,,,1174010700
2308250003,f_f010978,2,동서울 종합터미널,2023-08-25,2023-08-25,서울 광진구 강변역로 50,서울 광진구 구의동 546-1,127.0941883,37.5346076,,,POI01000TR001034V,동서울종합터미널,30,9,Y,6,,1,5,5,
2308250004,f_f010978,3,선산휴게소 창원방향,2023-08-25,2023-08-25,경북 구미시 옥성면 중부내륙고속도로 129,경북 구미시 옥성면 대원리 86-8,128.2507366,36.2742315,,,POI01000000ANVDYZ,선산휴게소 창원방향,30,9,N,11,,4,5,5,
2308250005,f_f010978,4,동대구 터미널,2023-08-25,2023-08-25,대구 동구 동부로 149,대구 동구 신천동 1506,128.6303085,35.877986,,,POI01000TR039910V,동대구터미널,30,9,N,11,,5,5,5,
2308250006,f_f010978,5,군위 식당,2023-08-25,2023-08-25,대구 중구 경상감영길 101,대구 중구 포정동 21-3,128.5931028,35.8723575,,,POI01000TR020553V,군위식당,30,4,N,2,,5,5,5,
2308250007,f_f010978,6,더 현대 대구,2023-08-25,2023-08-25,대구 중구 달구벌대로 2077,대구 중구 계산동2가 200,128.5906311,35.8666284,,,POI010000008660N3,바닐라코현대대구점현대대구점,60,4,N,7,,5,5,5,
2308250008,f_f010978,7,더엑스샵,2023-08-25,2023-08-25,대전 중구 대종로488번길 39,,,,,,,,30,4,N,2,,5,5,5,2711014800
2308250009,f_f010978,8,헤이트 커피,2023-08-25,2023-08-25,대구 중구 교동4길 33-18,대구 중구 동문동 4-19,128.6001526,35.8722097,,,POI01000000DONSR3,헤이트커피,60,11,N,1,,5,5,5,
2308250010,f_f010978,9,대구 동문동 현대썬 앤빌 중앙로 오피스텔,2023-08-25,2023-08-25,대구 중구 경상감영길 222,대구 중구 동문동 13-4,128.5991994,35.8713889,,,POI03000TR015691V,대구동문동현대썬앤빌중앙로오피스텔,120,24,N,8,11,5,5,5,
2308250011,f_f010978,10,스파크 랜드,2023-08-25,2023-08-25,대구 중구 동성로6길 61,대구 중구 공평동 58-6,128.5987359,35.8687646,,,POI01000TR038709V,스파크랜드,30,6,N,1,,5,5,5,
2308250012,f_f010978,11,김광석 다시 그리기 길,2023-08-25,2023-08-25,,대구 중구 대봉동 6-11,128.6069534,35.8602851,,,POI01000TR019006V,김광석다시그리기길,30,3,N,1,,3,2,2,
2308250013,f_f010978,12,수성못,2023-08-25,2023-08-25,,대구 수성구 두산동 526,128.6173071,35.8273058,,,POI01000TR035890V,수성못,30,7,N,5,,5,5,5,
2308250014,f_f010978,13,앞산 케이블카,2023-08-25,2023-08-25,대구 남구 앞산순환로 574-114,대구 남구 봉덕동 산 152-1,128.5871349,35.8243621,,,POI01000000BT4F0J,앞산공원앞산케이블카,90,6,N,1,,5,5,5,
2308250015,f_f010978,14,대구 동문동 현대썬 앤빌 중앙로 오피스텔,2023-08-25,2023-08-26,대구 중구 경상감영길 222,대구 중구 동문동 13-4,128.5991994,35.8713889,,,POI03000TR015691V,대구동문동현대썬앤빌중앙로오피스텔,90,24,Y,11,11,5,5,5,
2308260001,f_f010978,23,집,2023-08-26,2023-08-27,암사454-64,,,,,,,,30,21,,,,,,,1174010700
2308260002,f_f010978,16,하프 커피 대구점,2023-08-26,2023-08-26,대구 동구 동부로 149,대구 동구 신천동 1506,128.6291372,35.8778865,,,POI01000TR037014V,하프커피 대구점,60,4,N,6,,4,3,3,
2308260003,f_f010978,17,중화반점,2023-08-26,2023-08-26,대구 중구 중앙대로 406-12,대구 중구 남일동 92,128.5944237,35.8693212,,,POI01000TR035587V,중화반점,60,11,N,2,,5,5,5,
2308260004,f_f010978,15,아르츠,2023-08-26,2023-08-26,대구 중구 남성로 47,대구 중구 남성로 89-4,128.5918353,35.8673883,,,POI01000000D1NBGO,아리츠,60,11,N,2,,5,5,5,
2308260005,f_f010978,18,더 현대 대구,2023-08-26,2023-08-26,대구 중구 달구벌대로 2077,대구 중구 계산동2가 200,128.5906311,35.8666284,,,POI010000008660N3,바닐라코현대대구점현대대구점,150,4,Y,7,,5,5,5,
2308260006,f_f010978,19,태산 만두 본점,2023-08-26,2023-08-26,대구 중구 달구벌대로 2109-32,대구 중구 덕산동 124-10,128.5940992,35.8667176,,,POI01000TR029562V,태산만두 본점,60,11,N,2,,5,5,5,
2308260007,f_f010978,20,스파크 랜드,2023-08-26,2023-08-26,대구 중구 동성로6길 61,대구 중구 공평동 58-6,128.5987359,35.8687646,,,POI01000TR038709V,스파크랜드,30,6,Y,4,,5,5,5,
2308260008,f_f010978,21,동대구역,2023-08-26,2023-08-26,대구 동구 동대구로 550,대구 동구 신암동 294,128.6283938,35.879324,,,POI01000TR010220V,동대구역,30,9,Y,6,,5,5,5,
2308260009,f_f010978,22,서울역,2023-08-26,2023-08-26,서울 용산구 한강대로 405,서울 용산구 동자동 43-205,126.9706069,37.5546788,,,POI01000TR030428V,서울역,30,9,Y,6,,5,5,5,
2308280001,f_f011070,1,집,2023-08-28,2023-08-28,대구 달성군 논공읍 논공로24길 10,,,,4244125,2771025328,,,,21,,,,,,,2771025328
2308280002,f_f011070,2,초량전통시장,2023-08-28,2023-08-28,,부산 동구 초량동 208-2,129.0399222,35.1181903,,,POI01000TR022165V,초량전통시장,210,4,N,6,,5,5,5,
2308280003,f_f011070,3,오소 해장,2023-08-28,2023-08-28,부산 동구 초량상로 86,부산 동구 초량동 287-1,129.0386691,35.1192657,,,POI03000TR017517V,오소해장,60,11,N,9,,5,5,5,
2308280004,f_f011070,4,피아트 스카이브리지,2023-08-28,2023-08-28,부산 영도구 해양로195번길 180,부산 영도구 동삼동 201-6,129.076717,35.0863957,,,POI03000TR017518V,피아크 스카이브릿지,90,3,N,1,,5,5,5,
2308280005,f_f011070,5,올바릇식당 영도점,2023-08-28,2023-08-28,부산 영도구 해양로247번길 35,부산 영도구 동삼동 201-2,129.0767097,35.0871456,,,POI01000TR010238V,올바릇식당 영도점,30,11,N,1,,5,5,5,
2308280006,f_f011070,6,황령산 전망쉼터,2023-08-28,2023-08-28,부산 남구 황령산로 391-39,부산 남구 대연동 산 53-58,129.0827247,35.1578845,,,POI01000TR026329V,황령산전망쉼터,60,1,N,2,,5,5,5,
2308280007,f_f011070,7,블루뱅 황령산점,2023-08-28,2023-08-28,부산 남구 황령산로 391-39,부산 남구 대연동 산 53-58,129.0827019,35.1578948,,,POI03000TR017519V,블루뱅 황령산점,30,7,N,2,,5,5,5,
2308280008,f_f011070,8,부산역,2023-08-28,2023-08-28,부산 동구 중앙대로 206,부산 동구 초량동 1187-1,129.0414192,35.1151092,,,POI01000TR040141V,부산역,30,9,Y,7,,5,5,5,
2308280009,f_f011070,9,동대구역,2023-08-28,2023-08-28,대구 동구 동대구로 550,대구 동구 신암동 294,128.6283938,35.879324,,,POI01000TR010220V,동대구역,30,9,Y,7,,5,5,5,
2308280010,f_f011070,10,집,2023-08-28,2023-08-29,대구 달성군 논공읍 논공로24길 10,,,,4244125,2771025328,,,60,21,,,,,,,
2308230001,f_f011221,1,집,2023-08-23,2023-08-23,두산위브2001,,,,,,,,,21,,,,,,,2723012800
2308230002,f_f011221,2,강남 아파트,2023-08-23,2023-08-23,대구 동구 신성로 60,대구 동구 신암동 483-3,128.6137842,35.8794203,,,POI01000000ANLYW8,강남아파트,30,22,,,,,,,
2308230003,f_f011221,3,건천휴게소 부산방향,2023-08-23,2023-08-23,경북 경주시 건천읍 경부고속도로 77,경북 경주시 건천읍 방내리 14,129.1092185,35.8299598,,,POI01000TR014988V,건천휴게소 부산방향,30,9,N,11,,3,3,3,
2308230004,f_f011221,5,황련단길,2023-08-23,2023-08-23,경북 경주시 태종로 746,경북 경주시 황남동 270-10,129.2096454,35.8393348,,,POI01000TR022576V,황리단길,90,4,N,2,,4,4,4,
2308230005,f_f011221,4,황남 공영주차장,2023-08-23,2023-08-23,,경북 경주시 황남동 157-4,129.2127626,35.8329989,,,POI01000TR106002V,황남공영주차장 입구,0,9,N,11,,5,5,5,
2308230006,f_f011221,6,별채반 교동쌈밥점,2023-08-23,2023-08-23,경북 경주시 첨성로 77,경북 경주시 황남동 328-1,129.2105472,35.8332317,,,POI01000TR027176V,별채반 교동쌈밥점,240,11,N,9,,4,3,3,
2308230007,f_f011221,7,바실라,2023-08-23,2023-08-23,경북 경주시 하동못안길 88,경북 경주시 하동 157-6,129.3115995,35.8017461,,,POI01000000EJW7WS,바실라,60,11,N,2,,5,5,5,
2308230008,f_f011221,8,강남 아파트,2023-08-23,2023-08-23,대구 동구 신성로 60,대구 동구 신암동 483-3,128.6137842,35.8794203,,,POI01000000ANLYW8,강남아파트,0,22,,,,,,,
2308230009,f_f011221,9,집,2023-08-23,2023-08-24,두산위브2001,,,,,,,,270,21,,,,,,,2723012800
2308300001,f_f011268,1,집,2023-08-30,2023-08-30,가양동 327-6,,,,,,,,,21,,,,,,,3011011400
2308300002,f_f011268,2,대전역,2023-08-30,2023-08-30,대전 동구 중앙로 215,대전 동구 정동 1-1,127.4341122,36.3322997,,,POI01000TR035392V,대전역,0,9,N,6,,5,5,5,
2308300003,f_f011268,3,신경주역,2023-08-30,2023-08-30,경북 경주시 건천읍 경주역로 80,경북 경주시 건천읍 화천리 1010,129.1389983,35.7983755,,,POI0100000068UYDF,신경주역,0,9,N,6,,5,5,5,
2308300004,f_f011268,5,경주월드,2023-08-30,2023-08-30,경북 경주시 보문로 544,경북 경주시 천군동 191-5,129.282066,35.8362526,,,POI01000TR021555V,경주월드,360,6,N,1,,5,5,5,
2308300005,f_f011268,4,신경주역,2023-08-30,2023-08-30,경북 경주시 건천읍 경주역로 80,경북 경주시 건천읍 화천리 1010,129.1389983,35.7983755,,,POI0100000068UYDF,신경주역,0,9,Y,11,,2,1,1,
2308300006,f_f011268,6,시리즈 호텔,2023-08-30,2023-08-30,경북 경주시 태종로685번길 29-1,경북 경주시 노서동 160-11,129.2024165,35.8407507,,,POI02001TR019172V,씨리즈호텔,120,24,N,2,1,5,5,5,
2308300007,f_f011268,7,경주 중앙시장,2023-08-30,2023-08-30,경북 경주시 금성로 295,경북 경주시 성건동 339-2,129.2067438,35.8439619,,,POI0100000073II39,경주중앙시장,30,4,N,5,,5,5,5,
2308300008,f_f011268,8,BHC,2023-08-30,2023-08-30,태종로658번길 33,,,,,,,,30,11,N,2,,5,5,5,4713010700
2308300009,f_f011268,9,시리즈 호텔,2023-08-30,2023-08-31,경북 경주시 태종로685번길 29-1,경북 경주시 노서동 160-11,129.2024165,35.8407507,,,POI02001TR019172V,씨리즈호텔,150,24,Y,2,1,5,5,5,
2308310001,f_f011268,10,황련단길,2023-08-31,2023-08-31,경북 경주시 태종로 746,경북 경주시 황남동 270-10,129.2096454,35.8393348,,,POI01000TR022576V,황리단길,120,4,N,2,,5,5,5,
2308310002,f_f011268,11,대릉원,2023-08-31,2023-08-31,경북 경주시 계림로 9,경북 경주시 황남동 268-10,129.2123347,35.83815,,,POI01000TR032143V,대릉원,90,2,N,10,,5,5,5,
2308310003,f_f011268,12,카페는,2023-08-31,2023-08-31,경북 경주시 포석로1068번길 3,경북 경주시 황남동 297-1,129.2099396,35.8364578,,,POI0100000073IMY8,카페능,120,11,N,2,,5,5,5,
2308310004,f_f011268,13,첨성대,2023-08-31,2023-08-31,,경북 경주시 인왕동 910-30,129.2190202,35.834718,,,POI01000TR003385V,첨성대,30,2,N,10,,5,5,5,
2308310005,f_f011268,14,신경주역,2023-08-31,2023-08-31,경북 경주시 건천읍 경주역로 80,경북 경주시 건천읍 화천리 1010,129.1389983,35.7983755,,,POI0100000068UYDF,신경주역,30,9,Y,6,,5,5,5,
2308310006,f_f011268,15,집,2023-08-31,2023-09-01,가양동 327-6,,,,,,,,150,21,,,,,,,3011011400
2308260001,f_f011303,1,집,2023-08-26,2023-08-26,경기 성남시 분당구 야탑로 106,경기 성남시 분당구 야탑동 514-4,,,3180041,4113510700,,,,21,,,,,,,
2308260002,f_f011303,2,삼척항,2023-08-26,2023-08-26,,강원특별자치도 삼척시 정상동,129.1906868,37.4355784,,,POI01000TR023995V,삼척항,270,1,N,11,,4,4,3,
2308260003,f_f011303,3,바다회 활어,2023-08-26,2023-08-26,강원특별자치도 삼척시 진주로 12-21,강원특별자치도 삼척시 남양동 55-4,129.1652489,37.4421154,,,POI01000000CYSXTO,바다회활어,30,4,N,8,,4,5,4,
2308260004,f_f011303,4,장호항,2023-08-26,2023-08-26,,강원특별자치도 삼척시 근덕면 장호리 1-13,129.3178682,37.2885222,,,POI01000000AT4ZY0,장호항,270,13,N,2,,5,5,5,
2308260005,f_f011303,5,홍문어,2023-08-26,2023-08-26,강원특별자치도 삼척시 근덕면 장호항길 99,강원특별자치도 삼척시 근덕면 장호리 3-1,129.3174979,37.2877719,,,POI01000TR039911V,홍문어,60,11,N,2,,4,4,4,
2308260006,f_f011303,6,덕봉산 해안생태탐방로,2023-08-26,2023-08-26,,강원특별자치도 삼척시 근덕면 덕산리 119-5,129.2398163,37.3862128,,,POI02001TR007307V,덕봉산 해안생태탐방로,30,1,N,1,,4,4,4,
2308260007,f_f011303,7,카페 얼,2023-08-26,2023-08-26,강원특별자치도 삼척시 테마타운길 59,강원특별자치도 삼척시 갈천동 14,129.1687584,37.4677106,,,POI010000008MEV21,카페 얼,90,11,N,5,,5,4,4,
2308260008,f_f011303,8,숙소 에어비엔비,2023-08-26,2023-08-26,,,,,,,,,60,24,N,8,11,4,3,3,4223010400
2308260009,f_f011303,9,삼척 중앙시장,2023-08-26,2023-08-26,강원특별자치도 삼척시 진주로 12-21,강원특별자치도 삼척시 남양동 55-4,129.165194,37.4420948,,,POI010000008LH0CI,삼척중앙시장,30,4,N,1,,4,4,4,
2308260010,f_f011303,10,코리엔탈깻잎두마리치킨 삼척점,2023-08-26,2023-08-26,강원특별자치도 삼척시 대학로 6-2,강원특별자치도 삼척시 읍중동 4-1,129.1635311,37.441628,,,POI03000TR021697V,코리엔탈깻잎두마리치킨 삼척점,0,11,N,2,,4,3,3,
2308260018,f_f011303,11,숙소 에어비엔비,2023-08-26,2023-08-27,,,,,,,,,270,24,Y,8,11,4,4,4,4223010400
2308270001,f_f011303,12,형제 막국수,2023-08-27,2023-08-27,강원특별자치도 강릉시 사임당로 113-3,강원특별자치도 강릉시 홍제동 646,128.8655042,37.7549902,,,POI01000000E00XW3,형제막국수,60,11,N,2,,4,4,4,
2308270002,f_f011303,13,오프 더 월,2023-08-27,2023-08-27,강원특별자치도 강릉시 토성로 133,강원특별자치도 강릉시 용강동 40-3,128.8914305,37.7544741,,,POI01000000DP4Q7Z,오프더월,30,11,N,2,,2,2,3,
2308270003,f_f011303,14,스타벅스 강릉 안목 항적,2023-08-27,2023-08-27,강원특별자치도 강릉시 창해로14번길 40,강원특별자치도 강릉시 견소동 158,128.9488315,37.7713121,,,POI01000TR032303V,스타벅스 강릉안목항,90,11,N,9,,4,4,3,
2308270004,f_f011303,15,오죽헌,2023-08-27,2023-08-27,강원특별자치도 강릉시 율곡로3139번길 24,강원특별자치도 강릉시 죽헌동 177-4,128.8773135,37.7795001,,,POI01000TR010855V,오죽헌,90,2,N,1,,4,2,3,
2308270005,f_f011303,16,사천진 해변,2023-08-27,2023-08-27,강원특별자치도 강릉시 사천면 진리해변길 131,강원특별자치도 강릉시 사천면 사천진리 266-5,128.8736885,37.84293,,,POI01000TR005994V,사천진해변,60,1,N,9,,4,3,4,
2308270006,f_f011303,17,박가 네 숯불 껍데기,2023-08-27,2023-08-27,경기 안양시 만안구 박달로 545,경기 안양시 만안구 박달동 75-18,126.9130789,37.4027296,,,POI03000TR021699V,박가네숯불껍데기,90,11,N,2,,5,4,5,
2308270007,f_f011303,18,집,2023-08-27,2023-08-28,경기 성남시 분당구 야탑로 106,경기 성남시 분당구 야탑동 514-4,,,3180041,4113510700,,,60,21,,,,,,,
2308270001,f_f011314,1,집,2023-08-27,2023-08-27,미사역 파라곤,,,,,,,,,21,,,,,,,4145010900
2308270002,f_f011314,5,집,2023-08-27,2023-08-28,미사역 파라곤,,,,,,,,180,21,,,,,,,4145010900
2308270003,f_f011314,2,속초해수욕장,2023-08-27,2023-08-27,강원특별자치도 속초시 해오름로 186,강원특별자치도 속초시 조양동 1464-7,128.6040985,38.1900529,,,POI01000TR017253V,속초해수욕장,120,1,Y,4,,5,5,5,
2308270004,f_f011314,3,중앙시장 입구 삼거리,2023-08-27,2023-08-27,,강원특별자치도 속초시 중앙동,128.5915526,38.2042692,,,POI01000TR038717V,중앙시장입구삼거리,120,4,Y,8,,5,5,5,
2308270005,f_f011314,4,속초 시외버스터미널,2023-08-27,2023-08-27,강원특별자치도 속초시 장안로 16,강원특별자치도 속초시 동명동 261-84,128.5908135,38.2112227,,,POI01000TR001526V,속초시외버스터미널,30,9,Y,4,,4,4,4,
2308230001,f_f011548,1,집,2023-08-23,2023-08-23,황령산로 615 연산롯데캐슬골드포레,,,,,,,,,21,,,,,,,2647010200
2308230002,f_f011548,10,집,2023-08-23,2023-08-24,황령산로 615 연산롯데캐슬골드포레,,,,,,,,330,21,,,,,,,2647010200
2308230003,f_f011548,2,죽도 시장 수제비 골목,2023-08-23,2023-08-23,경북 포항시 북구 죽도시장11길 3,경북 포항시 북구 죽도동 2-587,129.3680374,36.0355462,,,POI03000TR012566V,죽도시장 수제비골목,30,4,N,1,,4,3,3,
2308230004,f_f011548,3,이희성 즉석빵,2023-08-23,2023-08-23,경북 포항시 북구 죽도시장길 11,경북 포항시 북구 죽도동 593-5,129.3665874,36.0351315,,,POI01000000CX6PLL,이희성즉석빵,30,4,N,1,,4,4,4,
2308230005,f_f011548,4,동막골 수 제강 정,2023-08-23,2023-08-23,경북 포항시 북구 죽도시장2길 27,경북 포항시 북구 죽도동 574-10,129.3690714,36.0348824,,,POI01000000CNUVVF,동막골수제강정,30,4,N,1,,4,3,4,
2308230006,f_f011548,5,환호공원 스페이스 워크,2023-08-23,2023-08-23,,경북 포항시 북구 두호동 산 8,129.3897412,36.0654569,,,POI01000TR029542V,환호공원 스페이스워크,30,13,N,1,,3,2,4,
2308230007,f_f011548,6,환호공원 포항시립미술관,2023-08-23,2023-08-23,경북 포항시 북구 환호공원길 10,경북 포항시 북구 환호동 352,129.3911647,36.0665132,,,POI01000TR042620V,환호공원 포항시립미술관,30,2,N,1,,3,3,4,
2308230008,f_f011548,7,오브레멘,2023-08-23,2023-08-23,경북 포항시 북구 해안로 191-1,경북 포항시 북구 두호동 190-7,129.384228,36.0644225,,,POI01000TR029469V,오브레멘,150,11,N,2,,4,4,4,
2308230009,f_f011548,8,환여 횟집,2023-08-23,2023-08-23,경북 포항시 북구 해안로 189-1,경북 포항시 북구 두호동 190-9,129.3840265,36.0643661,,,POI010000006SAEAS,환여횟집,30,11,N,3,,4,4,4,
2308230010,f_f011548,9,포항 고속버스터미널,2023-08-23,2023-08-23,경북 포항시 남구 중앙로 166,경북 포항시 남구 해도동 33-7,129.3676001,36.028055,,,POI01000000BQLPGN,포항고속버스터미널입구,30,9,Y,11,,3,3,3,
2308260001,f_f011719,1,집,2023-08-26,2023-08-26,봉명로94 예미지아파트,,,,,,,,,21,,,,,,,3020011100
2308260002,f_f011719,2,무흘구곡,2023-08-26,2023-08-26,,,128.279602,35.915528,,,POI03000TR018866V,"무흘구곡 (오전, 오후 2번 방문) 귀가시 재방문",60,1,N,1,,3,3,3,4784035000
2308260003,f_f011719,3,옥련 생태공원,2023-08-26,2023-08-26,,경북 성주군 대가면 옥련리 942,128.2144613,35.9043269,,,POI03000TR018867V,옥련생태공원,30,7,N,2,,3,3,3,
2308260004,f_f011719,4,뒷지지 공원,2023-08-26,2023-08-26,,경북 성주군 초전면 용성리 362-5,128.2669313,35.9429102,,,POI03000TR007122V,뒷미지공원,30,1,N,1,,2,2,2,
2308260005,f_f011719,5,성 밖 숲,2023-08-26,2023-08-26,,,128.279602,35.915528,,,POI01000TR020437V,성밖숲,30,7,N,1,,2,2,2,4784025030
2308260006,f_f011719,6,한 개 마을,2023-08-26,2023-08-26,경북 성주군 월항면 한개2길 8,경북 성주군 월항면 대산리 308-2,128.3254206,35.9284618,,,POI01000TR014750V,한개마을,90,2,N,2,,1,4,5,
2308260007,f_f011719,7,회연서원,2023-08-26,2023-08-26,경북 성주군 수륜면 동강한강로 9,경북 성주군 수륜면 신정리 256-1,128.192645,35.8548792,,,POI01000TR004320V,회연서원,60,2,N,1,,3,2,3,
2308260008,f_f011719,8,나제통문,2023-08-26,2023-08-26,,전북 무주군 설천면 소천리 1501,127.7961578,35.9965194,,,POI01000TR016941V,라제통문,30,2,Y,1,,3,2,4,
2308260009,f_f011719,9,집,2023-08-26,2023-08-27,봉명로94 예미지아파트,,,,,,,,150,21,,,,,,,3020011100
2308260001,f_f011863,1,집,2023-08-26,2023-08-26,노작로4길,,,,,,,,,21,,,,,,,4159012700
2308260003,f_f011863,3,롱 브레드 안목점,2023-08-26,2023-08-26,강원특별자치도 강릉시 창해로14번길 10,강원특별자치도 강릉시 견소동 287-18,128.9463628,37.7732447,,,POI01000TR025625V,롱브레드 안목점,60,11,N,1,,5,5,5,
2308260004,f_f011863,4,강릉 안목항 해맞이공원,2023-08-26,2023-08-26,,강원특별자치도 강릉시 견소동 287-6,128.9451009,37.7742852,,,POI01000000BXPHNX,강릉안목항 해맞이공원,30,7,N,9,,4,4,3,
2308260005,f_f011863,5,발왕산 관광 케이블카,2023-08-26,2023-08-26,강원특별자치도 평창군 대관령면 올림픽로 715,강원특별자치도 평창군 대관령면 용산리 99,128.6792145,37.6444586,,,POI01000TR008787V,발왕산관광케이블카,120,13,N,2,,5,5,5,
2308260006,f_f011863,6,펜트하우스펜션,2023-08-26,2023-08-27,강원특별자치도 평창군 진부면 방아다리로 264-56,강원특별자치도 평창군 진부면 두일리 15-4,128.5678332,37.6830582,,,POI010000008MU18T,풀빌라펜트하우스펜션,540,24,N,2,3,5,4,4,
2308260007,f_f011863,2,횡성휴게소 충전소 강릉방향,2023-08-26,2023-08-26,강원특별자치도 횡성군 안흥면 영동고속도로 154-1,강원특별자치도 횡성군 안흥면 소사리 1530-1,128.1356363,37.4627001,,,POI01000TR009615V,횡성휴게소충전소 강릉방향,30,9,N,9,,4,3,3,
2308270001,f_f011863,7,펜트하우스펜션,2023-08-27,2023-08-27,강원특별자치도 평창군 진부면 방아다리로 264-56,강원특별자치도 평창군 진부면 두일리 15-4,128.5678332,37.6830582,,,POI010000008MU18T,풀빌라펜트하우스펜션,60,11,N,8,,3,3,3,
2308270002,f_f011863,8,월정사,2023-08-27,2023-08-27,강원특별자치도 평창군 진부면 오대산로 374-8,강원특별자치도 평창군 진부면 동산리 63-1,128.592123,37.7317508,,,POI01000TR019950V,월정사,120,2,N,2,,5,5,5,
2308270003,f_f011863,9,오대산선재길,2023-08-27,2023-08-27,,강원특별자치도 평창군 진부면 동산리 산 1,128.5941941,37.7287328,,,POI01000000E9TBZM,오대산선재길,60,11,N,6,,4,4,4,
2308270004,f_f011863,10,탐 앤탐스 여주휴게소 인천방향점,2023-08-27,2023-08-27,경기 여주시 가남읍 화평길 116,경기 여주시 가남읍 본두리 677-2,127.5700493,37.2397666,,,POI03000TR015746V,탐앤탐스 여주휴게소인천방향점,30,11,N,6,,4,4,4,
2308270005,f_f011863,11,집,2023-08-27,2023-08-28,노작로4길,,,,,,,,480,21,,,,,,,4159012700
2309020001,f_f011949,1,집,2023-09-02,2023-09-02,에코중앙로163 701-2903,,,,,,,,,21,,,,,,,2820011000
2309020002,f_f011949,2,기와집 갈비,2023-09-02,2023-09-02,강원특별자치도 태백시 짐대배기2길 4,강원특별자치도 태백시 황지동 187,128.9885158,37.1558011,,,POI02001TR004505V,기와집갈비,30,11,N,2,,4,4,4,
2309020003,f_f011949,3,매봉산 바람의 언덕,2023-09-02,2023-09-02,,강원특별자치도 태백시 창죽동 9-384,128.9644318,37.2151125,,,POI01000TR018335V,매봉산 바람의언덕,30,1,N,1,,5,5,5,
2309020004,f_f011949,4,몽토랑산양목장,2023-09-02,2023-09-02,강원특별자치도 태백시 효자1길 27-2,강원특별자치도 태백시 화전동 60-11,128.9641532,37.1819457,,,POI01000TR041865V,몽토랑산양목장,60,13,Y,4,,3,3,3,
2309020005,f_f011949,5,철암 탄광 역사촌,2023-09-02,2023-09-02,강원특별자치도 태백시 동태백로 402,강원특별자치도 태백시 철암동 403-156,129.0371482,37.1141538,,,POI01000TR034047V,철암탄광역사촌,60,2,N,10,,5,5,5,
2309020006,f_f011949,6,블루문 게스트하우스,2023-09-02,2023-09-03,강원특별자치도 태백시 석공길 25,강원특별자치도 태백시 장성동 147-16,129.0076223,37.1030935,,,POI01000000CX36DR,블루문게스트하우스,330,24,N,8,7,4,4,3,
2309030001,f_f011949,7,국민 안전체험 테마파크 365세이프타운,2023-09-03,2023-09-03,강원특별자치도 태백시 평화길 15,강원특별자치도 태백시 장성동 31-2,129.024868,37.1008758,,,POI03000TR015897V,국민 안전체험테마파크 365세이프타운,270,6,N,10,,5,5,5,
2309030002,f_f011949,8,함백산 돌솥밥,2023-09-03,2023-09-03,강원특별자치도 정선군 고한읍 상갈래길 1,강원특별자치도 정선군 고한읍 고한리 29-19,128.8680085,37.1941643,,,POI02001TR032419V,함백산돌솥밥,30,11,Y,4,,4,4,4,
2309030003,f_f011949,9,치악휴게소 춘천 방향,2023-09-03,2023-09-03,강원특별자치도 원주시 신림면 다리실2길 32,강원특별자치도 원주시 신림면 금창리 500,128.0487468,37.2568239,,,POI01000000CJVETT,치악휴게소 춘천방향,30,9,N,9,,4,3,3,
2309030004,f_f011949,10,문막휴게소 주유소 인천방향,2023-09-03,2023-09-03,강원특별자치도 원주시 문막읍 개나루길 13,강원특별자치도 원주시 문막읍 포진리 926-1,127.817354,37.2970534,,,POI01000TR026298V,문막휴게소주유소 인천방향,30,9,N,11,,4,3,3,
2309030005,f_f011949,11,미카도스시 인천 논현점,2023-09-03,2023-09-03,인천 남동구 논고개로123번길 17,인천 남동구 논현동 632-2,126.7230853,37.401684,,,POI03000TR021118V,미카도스시 인천논현점,30,11,Y,4,,4,4,4,
2309030006,f_f011949,12,집,2023-09-03,2023-09-04,에코중앙로163 701-2903,,,,,,,,210,21,,,,,,,2820011000
2308250001,f_f012113,1,집,2023-08-25,2023-08-25,몽촌토성역 인근,,,,,,,,,21,,,,,,,1171011100
2308250003,f_f012113,3,동해보양온천 컨벤션호텔,2023-08-25,2023-08-26,강원특별자치도 동해시 동해대로 6285,강원특별자치도 동해시 망상동 396-18,129.0871232,37.5926693,,,POI01000TR020311V,동해보양온천컨벤션호텔,90,24,N,7,1,5,5,5,
2308250004,f_f012113,2,횡성휴게소 강릉방향,2023-08-25,2023-08-25,강원특별자치도 횡성군 안흥면 영동고속도로 154,강원특별자치도 횡성군 안흥면 소사리 1530-1,128.1339886,37.4628673,,,POI01000TR020501V,횡성휴게소 강릉방향,30,9,N,9,,4,4,4,
2308260001,f_f012113,4,망상 해변,2023-08-26,2023-08-26,강원특별자치도 동해시 동해대로 6270-10,강원특별자치도 동해시 망상동 393-100,129.0904735,37.5933739,,,POI01000TR017039V,망상해변,90,1,N,1,,5,5,5,
2308260002,f_f012113,5,동해보양온천 컨벤션호텔 수영장 온천,2023-08-26,2023-08-26,강원특별자치도 동해시 동해대로 6285,,129.116702,37.552465,,,POI03000TR017571V,"동해보양온천컨벤션호텔 수영장, 온천",180,5,N,7,,5,5,5,4217012900
2308260003,f_f012113,6,영공방 동해점,2023-08-26,2023-08-26,강원특별자치도 동해시 효자로 661,강원특별자치도 동해시 동회동 201-5,129.1063792,37.4926292,,,POI03000TR017572V,영공방 동해점,30,11,N,1,,5,5,5,
2308260004,f_f012113,7,거동 탕수육,2023-08-26,2023-08-26,동해시 일출로 83 (묵호진동 13),,129.116702,37.552465,,,POI01000TR017037V,거동탕수육,30,11,N,1,,5,5,5,4217012300
2308260005,f_f012113,8,무릉 별유천지,2023-08-26,2023-08-26,강원특별자치도 동해시 삼화로 380,강원특별자치도 동해시 삼화동 719,129.033651,37.4687593,,,POI01000TR024592V,무릉별유천지,150,13,N,1,,5,5,5,
2308260006,f_f012113,9,카페 무위,2023-08-26,2023-08-26,강원특별자치도 동해시 일출로 185,강원특별자치도 동해시 묵호진동 2-5,129.1201848,37.5587444,,,POI010000006B9X0J,카페무위,90,11,N,9,,5,5,5,
2308260007,f_f012113,10,도째비골스카이밸리,2023-08-26,2023-08-26,,강원특별자치도 동해시 묵호진동 2-109,129.1191309,37.5552546,,,POI01000TR036734V,도째비골스카이밸리,60,7,N,1,,5,5,5,
2308260008,f_f012113,11,봉평 메밀에 막국수,2023-08-26,2023-08-26,강원특별자치도 동해시 동굴로 130,강원특별자치도 동해시 천곡동 961-2,129.1183085,37.5183673,,,POI010000008N6Y3Y,봉평메밀애막국수,30,11,N,11,,5,5,5,
2308260009,f_f012113,12,집,2023-08-26,2023-08-27,몽촌토성역 인근,,,,,,,,30,21,,,,,,,1171011100
2308310001,f_f012140,1,집,2023-08-31,2023-08-31,늘을3로8,,,,,,,,,21,,,,,,,4136010100
2308310002,f_f012140,3,강릉역,2023-08-31,2023-08-31,강원특별자치도 강릉시 용지로 176,강원특별자치도 강릉시 교동 118,128.8996276,37.7645236,,,POI0100000075Y1PW,강릉역,0,9,Y,4,,4,5,4,
2308310004,f_f012140,6,강문해변,2023-08-31,2023-08-31,,강원특별자치도 강릉시 강문동 182-1,128.9191753,37.7948207,,,POI01000TR024661V,강문해변,120,1,Y,6,,5,5,5,
2308310005,f_f012140,4,346커피스토리,2023-08-31,2023-08-31,강원특별자치도 강릉시 창해로 346,강원특별자치도 강릉시 강문동 159-34,128.9190797,37.7943755,,,POI01000000CZ999Y,346커피스토리,90,11,N,7,,5,5,5,
2308310006,f_f012140,5,솔향 초당순두부,2023-08-31,2023-08-31,강원특별자치도 강릉시 초당순두부길 67,강원특별자치도 강릉시 초당동 303-2,128.9152048,37.7893002,,,POI01000000D2G3KE,솔향초당순두부,30,11,N,5,,5,4,4,
2308310007,f_f012140,2,상봉역,2023-08-31,2023-08-31,서울 중랑구 망우로 297,서울 중랑구 상봉동 100-9,127.0857467,37.5967098,,,POI010000006KCZQN,상봉역,0,9,Y,6,,5,4,4,
2308310008,f_f012140,7,청량리역,2023-08-31,2023-08-31,서울 동대문구 왕산로 214,서울 동대문구 전농동 591-53,127.0478983,37.5801601,,,POI01000TR012315V,청량리역,0,9,Y,6,,5,4,4,
2308310009,f_f012140,8,집,2023-08-31,2023-09-01,늘을3로8,,,,,,,,360,21,,,,,,,4136010100
2308250001,f_f012204,1,친구 친지 집,2023-08-25,2023-08-25,대구 달서구 상화로 370,대구 달서구 상인동 1591,,,3146015,2729011500,,,,22,,,,,,,
2308250002,f_f012204,5,제니엘 동물 병원,2023-08-25,2023-08-26,대구 달서구 월배로39길 4-1,대구 달서구 상인동 188-4,128.5342911,35.8185601,,,POI01000000CGFBQ4,제이엘동물병원,270,22,,,,,,,
2308250003,f_f012204,2,와인터널,2023-08-25,2023-08-25,경북 청도군 화양읍 송금길 100,경북 청도군 화양읍 송금리 산 122,128.720534,35.7151321,,,POI01000TR037620V,와인터널,60,6,N,1,,3,1,1,
2308250004,f_f012204,3,남산계곡,2023-08-25,2023-08-25,,경북 청도군 화양읍 동천리 산 68-32,128.7113348,35.6366611,,,POI01000TR004247V,남산계곡,60,1,N,1,,5,5,5,
2308250005,f_f012204,4,원리 73,2023-08-25,2023-08-25,경북 청도군 청도읍 새마을로 904,경북 청도군 청도읍 원리 73,128.7628283,35.6175799,,,POI01000TR001207V,원리73,90,11,N,2,,4,4,4,
2308250001,f_f012222,1,집,2023-08-25,2023-08-25,서울 구로구 중앙로6길 5-15,서울 구로구 고척동 326,,,4148468,1153010600,,,,21,,,,,,,1153010600
2308250002,f_f012222,2,홍천 휴게소 양양 방향,2023-08-25,2023-08-25,강원특별자치도 홍천군 화촌면 서울양양고속도로 84,강원특별자치도 홍천군 화촌면 군업리 산 240-5,128.0032377,37.757293,,,POI01000TR020101V,홍천휴게소 양양방향,30,9,N,9,,4,4,4,
2308250003,f_f012222,3,양양종합여객터미널,2023-08-25,2023-08-25,강원특별자치도 양양군 양양읍 동해대로 2700,강원특별자치도 양양군 양양읍 송암리 29-8,128.6297767,38.085294,,,POI01000TR005343V,양양종합여객터미널,30,9,N,6,,4,4,4,
2308250004,f_f012222,4,범바우 막국수,2023-08-25,2023-08-25,강원특별자치도 양양군 강현면 동해대로 3277-22,강원특별자치도 양양군 강현면 용호리 17-1,128.6189276,38.1328635,,,POI01000TR032530V,범바우막국수,60,11,N,5,,5,5,5,
2308250005,f_f012222,5,설악해변,2023-08-25,2023-08-25,강원특별자치도 양양군 강현면 뒷나루2길 5-8,강원특별자치도 양양군 강현면 전진리 66-6,128.6233025,38.1299817,,,POI01000TR032701V,설악해변,60,1,Y,4,,4,4,4,
2308250006,f_f012222,6,아이서퍼,2023-08-25,2023-08-25,강원특별자치도 양양군 강현면 뒷나루2길 17,강원특별자치도 양양군 강현면 전진리 61,128.6238888,38.1287503,,,POI03000TR012303V,아이서프,300,5,Y,4,,5,5,5,
2308250007,f_f012222,7,양양종합여객터미널,2023-08-25,2023-08-25,강원특별자치도 양양군 양양읍 동해대로 2700,강원특별자치도 양양군 양양읍 송암리 29-8,128.6297767,38.085294,,,POI01000TR005343V,양양종합여객터미널,30,9,Y,6,,4,4,4,
2308250008,f_f012222,8,가평휴게소 서울 방향,2023-08-25,2023-08-25,경기 가평군 설악면 미사리로 544,경기 가평군 설악면 미사리 145,127.5435148,37.7016169,,,POI01000TR001197V,가평휴게소 서울방향,30,9,N,9,,4,4,4,
2308250009,f_f012222,9,집,2023-08-25,2023-08-26,서울 구로구 중앙로6길 5-15,서울 구로구 고척동 326,,,4148468,1153010600,,,60,21,,,,,,,
2308260001,f_f012225,1,집,2023-08-26,2023-08-26,경진로,,,,,,,,,21,,,,,,,2723011200
2308260002,f_f012225,2,부산역,2023-08-26,2023-08-26,부산 동구 중앙대로 206,부산 동구 초량동 1187-1,129.0414192,35.1151092,,,POI01000TR040141V,부산역,0,9,Y,11,,5,5,5,
2308260003,f_f012225,3,18번 완당집,2023-08-26,2023-08-26,부산 중구 비프광장로 31,부산 중구 남포동3가 1-1,129.0284685,35.0989424,,,POI0100000084CC84,18번완당집,30,4,N,2,,5,5,5,
2308260004,f_f012225,4,부평 깡통시장,2023-08-26,2023-08-26,,부산 중구 부평동2가 82,129.0258803,35.1021146,,,POI01000TR043138V,부평깡통시장,60,4,Y,1,,5,5,5,
2308260005,f_f012225,5,에그 카페24,2023-08-26,2023-08-26,부산 중구 대청로 57-1,부산 중구 보수동1가 124-15,129.0263249,35.1032426,,,POI02001TR020409V,에그카페24,30,4,N,9,,5,4,4,
2308260006,f_f012225,6,깡돼후 야시장,2023-08-26,2023-08-26,부산 중구 부평1길 57,부산 중구 부평동2가 75-1,129.025775,35.1020695,,,POI010000006UOX9Q,깡돼후야시장,30,11,N,2,,5,5,5,
2308260007,f_f012225,7,해운대 블루라인파크 청사포 정거장,2023-08-26,2023-08-26,부산 해운대구 청사포로 116,부산 해운대구 중동 555-2,129.1913641,35.1612156,,,POI01000000CF172X,청사포정거장입구,60,13,N,2,,5,5,5,
2308260008,f_f012225,8,미드타운 볼,2023-08-26,2023-08-26,,,,,,,,,30,11,N,2,,5,5,5,2650010300
2308260009,f_f012225,9,호텔 1 별 침대,2023-08-26,2023-08-26,부산 수영구 광안해변로 203,부산 수영구 광안동 196-3,129.1174339,35.1524921,,,POI02001TR033552V,호텔1 별침대,150,11,Y,4,,5,5,5,
2308260010,f_f012225,10,광안리해수욕장,2023-08-26,2023-08-26,부산 수영구 광안해변로 219,부산 수영구 광안동 192-20,129.1189761,35.1531933,,,POI01000TR030726V,광안리해수욕장,30,8,Y,1,,5,5,5,
2308260011,f_f012225,11,집,2023-08-26,2023-08-27,경진로,,,,,,,,30,21,,,,,,,2723011200
2309110001,f_f012426,1,집,2023-09-11,2023-09-11,세교공원로33,,,,,,,,,21,,,,,,,4122012000
2309110002,f_f012426,2,우림필유 아파트,2023-09-11,2023-09-11,경기 평택시 막곡길 11,경기 평택시 가재동 639,127.0842177,37.040301,,,POI01000000C10C1M,가재동우림필유아파트/104동,0,22,,,,,,,
2309110003,f_f012426,3,소양강 스카이워크,2023-09-11,2023-09-11,,강원특별자치도 춘천시 근화동 8,127.7235629,37.8945801,,,POI01000TR036429V,소양강스카이워크,30,1,N,1,,3,2,2,
2309110004,f_f012426,4,통나무집 숯불닭갈비,2023-09-11,2023-09-11,강원특별자치도 춘천시 신북읍 신샘밭로 655,강원특별자치도 춘천시 신북읍 천전리 97-5,127.7825735,37.9301791,,,POI01000TR023656V,통나무집 숯불닭갈비,60,11,N,2,,5,5,5,
2309110005,f_f012426,5,카페 감자밭 본점,2023-09-11,2023-09-11,강원특별자치도 춘천시 신북읍 신샘밭로 674,강원특별자치도 춘천시 신북읍 천전리 99-13,127.7845121,37.9295805,,,POI01000TR037264V,카페감자밭 본점,30,11,N,2,,5,5,5,
2309110006,f_f012426,6,인필드,2023-09-11,2023-09-11,강원특별자치도 춘천시 동면 가락재로 40,강원특별자치도 춘천시 동면 감정리 736,127.778338,37.9016092,,,POI02001TR024530V,인필드,90,11,N,2,,5,5,5,
2309110007,f_f012426,7,제이드가든 수목원,2023-09-11,2023-09-11,강원특별자치도 춘천시 남산면 햇골길 80,강원특별자치도 춘천시 남산면 서천리 412,127.5419523,37.8328806,,,POI01000TR026775V,제이드가든수목원,30,1,N,1,,3,2,3,
2309110008,f_f012426,8,우림필유 아파트,2023-09-11,2023-09-11,경기 평택시 막곡길 11,경기 평택시 가재동 639,127.0842177,37.040301,,,POI01000000C10C1M,가재동우림필유아파트/104동,0,22,,,,,,,
2309110009,f_f012426,9,집,2023-09-11,2023-09-12,세교공원로33,,,,,,,,240,21,,,,,,,4122012000
2308280001,f_f012536,1,집,2023-08-28,2023-08-28,진달래마을 신동아아파트,,,,,,,,,21,,,,,,,4119010900
2308280002,f_f012536,2,들녘,2023-08-28,2023-08-28,강원특별자치도 속초시 장안로 18-3,강원특별자치도 속초시 동명동 450-123,128.5914847,38.2108983,,,POI03000TR017629V,들녘,30,11,N,9,,3,2,2,
2308280003,f_f012536,3,장사항,2023-08-28,2023-08-28,강원특별자치도 속초시 장사항해안길 58,강원특별자치도 속초시 장사동 548-5,128.5887977,38.2270935,,,POI01000TR037778V,장사항,0,1,N,11,,4,3,3,
2308280004,f_f012536,4,영랑호,2023-08-28,2023-08-28,,강원특별자치도 속초시 장사동,128.5807628,38.2178047,,,POI01000TR033689V,영랑호,60,1,Y,4,,4,4,4,
2308280005,f_f012536,5,속초해수욕장,2023-08-28,2023-08-28,강원특별자치도 속초시 해오름로 186,강원특별자치도 속초시 조양동 1464-7,128.6040985,38.1900529,,,POI01000TR017253V,속초해수욕장,30,1,N,11,,4,4,4,
2308280006,f_f012536,6,외옹치 바다 향기로,2023-08-28,2023-08-28,,강원특별자치도 속초시 대포동 585-5,128.6094426,38.1829047,,,POI01000TR011472V,외옹치 바다향기로,30,1,N,11,,4,4,4,
2308280007,f_f012536,7,설악해맞이공원,2023-08-28,2023-08-28,동해대로3664,,,,,,,,30,12,N,11,,3,2,2,4221011000
2308280008,f_f012536,8,카페 새마을,2023-08-28,2023-08-28,강원특별자치도 속초시 새마을9길 10,강원특별자치도 속초시 조양동 1490-40,128.6036233,38.1860309,,,POI03000TR017632V,카페새마을,90,11,N,9,,5,5,5,
2308280009,f_f012536,9,속초 아버지 명가,2023-08-28,2023-08-28,강원특별자치도 속초시 동해대로 3978,강원특별자치도 속초시 조양동 1426-1,128.5999673,38.1900282,,,POI01000TR032889V,속초 아바이명가,30,11,N,2,,4,4,4,
2308280010,f_f012536,10,속초해수욕장,2023-08-28,2023-08-28,강원특별자치도 속초시 해오름로 186,강원특별자치도 속초시 조양동 1464-7,128.6040985,38.1900529,,,POI01000TR017253V,속초해수욕장,30,1,Y,1,,4,4,4,
2308280011,f_f012536,11,집,2023-08-28,2023-08-29,진달래마을 신동아아파트,,,,,,,,90,21,,,,,,,4119010900
2308260001,f_f012595,1,집,2023-08-26,2023-08-26,,,,,,,,,,21,,,,,,,4729025021
2308260002,f_f012595,2,청도휴게소,2023-08-26,2023-08-26,하지길 59-49,,129.057299,35.15426,,,POI03000TR015833V,청도휴게소,30,9,N,6,,5,5,5,4782025300
2308260003,f_f012595,3,KTG 상상마당 부산,2023-08-26,2023-08-26,부산 부산진구 서면로 39,,129.057299,35.15426,,,POI01000TR005577V,KT&G상상마당 부산,90,3,N,2,,5,5,5,2623010300
2308260004,f_f012595,4,목촌돼지국밥 영도점,2023-08-26,2023-08-26,부산 영도구 태종로 692-5,부산 영도구 동삼동 681-26,129.0753316,35.0718709,,,POI03000TR015834V,목촌돼지국밥 영도점,30,11,N,2,,4,3,3,
2308260005,f_f012595,5,브레드 밋 가리,2023-08-26,2023-08-26,부산 영도구 청학로37번길 22,부산 영도구 청학동 429-2,129.0590423,35.0923043,,,POI03000TR014072V,브레드밋파리,30,11,N,1,,5,5,5,
2308260006,f_f012595,6,광안리해수욕장,2023-08-26,2023-08-26,부산 수영구 광안해변로 219,부산 수영구 광안동 192-20,129.1189761,35.1531933,,,POI01000TR030726V,광안리해수욕장,30,1,Y,1,,5,5,5,
2308260007,f_f012595,7,에떼오브제샵,2023-08-26,2023-08-26,부산 부산진구 동성로 29-1,부산 부산진구 전포동 349-6,129.0682665,35.1531976,,,POI01000TR035265V,에떼오브제샵,30,4,Y,4,,4,3,4,
2308260008,f_f012595,8,브래킷 테이블,2023-08-26,2023-08-26,부산 부산진구 서전로68번길 109,부산 부산진구 전포동 354-33,129.0673844,35.1528522,,,POI01000TR006078V,브라켓테이블,30,4,N,2,,5,5,5,
2308260009,f_f012595,9,페이퍼 가든,2023-08-26,2023-08-26,부산 부산진구 전포대로210번길 8,부산 부산진구 전포동 312-1,129.0659898,35.1553271,,,POI02001TR030807V,페이퍼가든,30,4,N,2,,5,5,5,
2308260010,f_f012595,10,이슈 모리,2023-08-26,2023-08-26,부산 부산진구 신천대로62번길 45,부산 부산진구 부전동 233-15,129.0583116,35.1528193,,,POI0100000094WF1L,이슈모리,150,11,N,2,2,5,5,5,
2308260011,f_f012595,11,이 그리스 호텔,2023-08-26,2023-08-27,부산 부산진구 황령대로 19,부산 부산진구 범천동 859-31,129.0616418,35.1483451,,,POI03000TR015836V,이그니스호텔,120,24,Y,4,2,2,2,2,
2308270001,f_f012595,12,포항 돼지국밥,2023-08-27,2023-08-27,부산 부산진구 서면로68번길 27,부산 부산진구 부전동 255-14,129.0585332,35.1557785,,,POI01000TR009551V,포항돼지국밥,30,11,N,2,,5,5,5,
2308270002,f_f012595,13,아테네학당,2023-08-27,2023-08-27,부산 중구 대청로 63,부산 중구 보수동1가 133-2,129.0268774,35.103191,,,POI03000TR015838V,아테네학당,30,11,N,9,,4,4,4,
2308270003,f_f012595,14,보수동 책방 골목,2023-08-27,2023-08-27,부산 중구 책방골목길 16,부산 중구 보수동1가 151-1,129.0266569,35.1033669,,,POI01000TR011320V,보수동책방골목,30,4,Y,4,,4,2,3,
2308270004,f_f012595,15,집,2023-08-27,2023-08-28,,,,,,,,,570,21,,,,,,,4729025021
2308310001,f_f012624,1,집,2023-08-31,2023-08-31,부산시 연제구 연수로110 연산경동메르빌,,,,,,,,,21,,,,,,,2647010200
2308310002,f_f012624,7,에오스 호텔,2023-08-31,2023-09-01,대구 중구 중앙대로81길 22,,,,,,,,180,24,N,8,1,4,4,4,2647010200
2308310003,f_f012624,2,등촌 샤브칼국수 동성로점,2023-08-31,2023-08-31,대구 중구 중앙대로 406-14,대구 중구 남일동 94-1,128.5945363,35.8693016,,,POI03000TR019938V,등촌샤브칼국수 동성로점,60,11,N,2,,5,4,4,
2308310004,f_f012624,3,수성못,2023-08-31,2023-08-31,,대구 수성구 두산동 526,128.6173071,35.8273058,,,POI01000TR035890V,수성못,180,13,N,1,,5,4,5,
2308310005,f_f012624,4,김광석 다시 그리기 길,2023-08-31,2023-08-31,,대구 중구 대봉동 6-11,128.6069534,35.8602851,,,POI01000TR019006V,김광석다시그리기길,30,7,N,1,,4,3,4,
2308310006,f_f012624,5,오가닉 모각,2023-08-31,2023-08-31,대구 중구 동덕로 48-5,대구 중구 대봉동 40-17,128.6051079,35.8593474,,,POI01000000CY28EU,오가닉모가,90,11,N,2,,5,4,5,
2308310007,f_f012624,6,걸리버 막창 동성로 직영점,2023-08-31,2023-08-31,대구 중구 동성로3길 32-20,대구 중구 삼덕동1가 29-4,128.5984769,35.8662313,,,POI01000TR033363V,걸리버막창 동성로직영점,60,11,N,5,,5,5,5,
2309010001,f_f012624,12,집,2023-09-01,2023-09-02,부산시 연제구 연수로110 연산경동메르빌,,,,,,,,210,21,,,,,,,2647010200
2309010002,f_f012624,8,삼송 빵집 본점,2023-09-01,2023-09-01,대구 중구 중앙대로 397,대구 중구 동성로3가 1-3,128.5934463,35.8686114,,,POI01000TR033194V,삼송빵집 본점,30,11,N,3,,4,4,4,
2309010003,f_f012624,9,더 현대 대구,2023-09-01,2023-09-01,대구 중구 달구벌대로 2077,대구 중구 계산동2가 200,128.5906311,35.8666284,,,POI010000008660N3,바닐라코현대대구점현대대구점,90,4,N,2,,5,4,4,
2309010004,f_f012624,10,태산 만두 본점,2023-09-01,2023-09-01,대구 중구 달구벌대로 2109-32,대구 중구 덕산동 124-10,128.5940992,35.8667176,,,POI01000TR029562V,태산만두 본점,60,11,N,3,,5,5,5,
2309010005,f_f012624,11,MRNW,2023-09-01,2023-09-01,대구 북구 호국로 300-22,대구 북구 서변동 495-9,128.6007429,35.929963,,,POI01000TR036164V,MRNW,90,4,N,1,,5,4,5,
2309070001,f_f012639,1,집,2023-09-07,2023-09-07,대구 달성군 옥포읍 본리로 64-4,대구 달성군 옥포읍 본리리 891,,,3148030,2771026229,,,,21,,,,,,,
2309070002,f_f012639,9,집,2023-09-07,2023-09-08,대구 달성군 옥포읍 본리로 64-4,대구 달성군 옥포읍 본리리 891,,,3148030,2771026229,,,150,21,,,,,,,
2309070003,f_f012639,2,몬베튼,2023-09-07,2023-09-07,부산 부산진구 서전로58번길 62,부산 부산진구 전포동 312-25,129.0659904,35.1550027,,,POI03000TR023564V,몬베튼,30,11,N,2,,4,3,5,
2309070004,f_f012639,3,마벨 미뇽,2023-09-07,2023-09-07,부산 부산진구 서전로58번길 94,부산 부산진구 전포동 345-7,129.0659987,35.1535967,,,POI03000TR010873V,마벨미뇽,30,10,N,2,,5,5,5,
2309070005,f_f012639,4,페이퍼 가든,2023-09-07,2023-09-07,부산 부산진구 전포대로210번길 8,부산 부산진구 전포동 312-1,129.0659898,35.1553271,,,POI02001TR030807V,페이퍼가든,30,10,N,2,,5,4,5,
2309070006,f_f012639,5,뚜오이 젤라또,2023-09-07,2023-09-07,부산 부산진구 전포대로210번길 3,부산 부산진구 전포동 309-57,129.0656839,35.1554675,,,POI03000TR023565V,뚜오이 젤라또,30,11,N,9,,5,4,5,
2309070007,f_f012639,6,포셋 전포점,2023-09-07,2023-09-07,부산 부산진구 전포대로223번길 20,부산 부산진구 전포동 671-1,129.0640473,35.156703,,,POI02001TR031014V,포셋 전포점,30,10,N,2,,4,5,5,
2309070008,f_f012639,7,KTG 상상마당 부산,2023-09-07,2023-09-07,부산 부산진구 서면로 39,부산 부산진구 부전동 521-1,129.0572989,35.1542603,,,POI01000TR005577V,KT&G상상마당 부산,30,3,N,11,,5,5,5,
2309070009,f_f012639,8,광안리해수욕장,2023-09-07,2023-09-07,부산 수영구 광안해변로 219,부산 수영구 광안동 192-20,129.1189761,35.1531933,,,POI01000TR030726V,광안리해수욕장,30,1,Y,4,,4,5,5,
2309020001,f_f012649,1,집,2023-09-02,2023-09-02,서울 중랑구 용마산로 669,서울 중랑구 신내동 317,,,3005028,1126010600,,,,21,,,,,,,
2309020002,f_f012649,9,집,2023-09-02,2023-09-03,서울 중랑구 용마산로 669,서울 중랑구 신내동 317,,,3005028,1126010600,,,150,21,,,,,,,
2309020003,f_f012649,2,명동 닭갈비 골목,2023-09-02,2023-09-02,,강원특별자치도 춘천시 조양동 52,127.7274893,37.8791689,,,POI01000TR028779V,명동닭갈비골목,30,4,N,1,,3,3,3,
2309020004,f_f012649,3,춘천 풍물시장,2023-09-02,2023-09-02,,강원특별자치도 춘천시 온의동 29-3,127.7169309,37.8679018,,,POI01000000BXTAHO,춘천풍물시장,30,4,N,1,,4,4,4,
2309020005,f_f012649,4,온이,2023-09-02,2023-09-02,강원특별자치도 춘천시 영서로 2297,강원특별자치도 춘천시 온의동 152-23,127.7193782,37.865494,,,POI03000TR021155V,온이,30,11,N,9,,4,4,4,
2309020006,f_f012649,5,드름산 의암동,2023-09-02,2023-09-02,,강원특별자치도 춘천시 칠전동 산 97,127.6808186,37.8424827,,,POI03000TR021156V,드름산 의암봉,180,7,N,1,,4,3,3,
2309020007,f_f012649,6,스퀴즈 브루어리,2023-09-02,2023-09-02,강원특별자치도 춘천시 공지로 353,강원특별자치도 춘천시 효자동 685-10,127.7270349,37.8698291,,,POI01000TR022566V,스퀴즈브루어리,90,11,N,2,,4,4,4,
2309020008,f_f012649,7,감자 아일랜드 온의점,2023-09-02,2023-09-02,강원특별자치도 춘천시 방송길 77,강원특별자치도 춘천시 온의동 601,127.721099,37.8693655,,,POI03000TR021158V,감자아일랜드 온의점,90,11,N,2,,3,3,3,
2309020009,f_f012649,8,춘천 풍물시장 야시장,2023-09-02,2023-09-02,풍물시장내 야시장,,,,,,,,60,8,N,9,,4,4,4,4211012100
2308260001,f_f012755,1,집,2023-08-26,2023-08-26,가좌길60번길 13,,,,,,,,,21,,,,,,,4817013100
2308260002,f_f012755,2,몬도카츠,2023-08-26,2023-08-26,대구 중구 달구벌대로445길 26-18,대구 중구 삼덕동3가 326-1,128.6074821,35.8634438,,,POI01000000F09HXY,몬도카츠,120,11,N,5,,5,5,5,
2308260003,f_f012755,3,더 현대 대구,2023-08-26,2023-08-26,대구 중구 달구벌대로 2077,대구 중구 계산동2가 200,128.5906311,35.8666284,,,POI010000008660N3,바닐라코현대대구점현대대구점,60,4,Y,2,,5,4,4,
2308260004,f_f012755,4,굿데 이 마 마,2023-08-26,2023-08-26,대구 중구 달구벌대로401길 1,대구 중구 동산동 681,128.5833991,35.865547,,,POI01000000AP70MO,굿데이마마,90,11,N,2,,4,3,4,
2308260005,f_f012755,5,포토 인 더 박스,2023-08-26,2023-08-26,대구 중구 동성로5길 44,대구 중구 삼덕동1가 17-5,128.596982,35.8674849,,,POI03000TR017681V,포토인더박스,30,12,N,5,,5,4,5,
2308260006,f_f012755,6,보드게임카페 레드 버튼 동성로점,2023-08-26,2023-08-26,대구 중구 동성로5길 25,대구 중구 삼덕동1가 5-2,128.5960558,35.8680036,,,POI0100000070ON8M,보드게임카페 레드버튼 동성로점,300,4,Y,4,,5,5,5,
2308260007,f_f012755,7,집,2023-08-26,2023-08-27,가좌길60번길 13,,,,,,,,1380,21,,,,,,,4817013100
2309100001,f_f012889,1,집,2023-09-10,2023-09-10,구영푸르지오,,,,,,,,,21,,,,,,,3171025927
2309100002,f_f012889,17,집,2023-09-10,2023-09-11,구영푸르지오,,,,,,,,180,21,,,,,,,3171025927
2309100004,f_f012889,3,경주 시외버스터미널,2023-09-10,2023-09-10,경북 경주시 강변로 184,경북 경주시 노서동 160-2,129.2024687,35.8398,,,POI01000TR024444V,경주시외버스터미널,0,9,Y,6,,4,4,4,
2309100005,f_f012889,4,천마총,2023-09-10,2023-09-10,경북 경주시 계림로 9,경북 경주시 황남동 262,129.2105594,35.8384566,,,POI01000TR036572V,천마총,30,2,N,1,,4,4,4,
2309100006,f_f012889,5,신라 대종,2023-09-10,2023-09-10,경북 경주시 태종로 767,경북 경주시 노동동 12,129.2119668,35.8403607,,,POI0100000077EF03,신라대종,0,2,N,9,,4,3,3,
2309100007,f_f012889,6,고향 밀면,2023-09-10,2023-09-10,경북 경주시 태종로791번길 7,경북 경주시 황오동 331-4,129.2144341,35.8415407,,,POI01000TR029170V,고향밀면,30,11,Y,4,,4,4,4,
2309100008,f_f012889,8,어마 무시,2023-09-10,2023-09-10,경북 경주시 양정로 41-12,경북 경주시 인왕동 674-1,129.2217886,35.8393956,,,POI01000TR024305V,어마무시,60,11,N,2,,4,4,4,
2309100009,f_f012889,7,경주 황룡사 역사문화관,2023-09-10,2023-09-10,경북 경주시 임해로 64-19,경북 경주시 구황동 786-1,129.2309889,35.8385294,,,POI01000TR006876V,경주황룡사역사문화관,30,2,N,1,,4,4,4,
2309100010,f_f012889,9,동궁과 월지,2023-09-10,2023-09-10,경북 경주시 원화로 102,경북 경주시 인왕동 506-1,129.2269755,35.8347763,,,POI01000TR019222V,동궁과월지,30,2,Y,1,,4,4,4,
2309100011,f_f012889,10,국립경주박물관,2023-09-10,2023-09-10,경북 경주시 일정로 186,경북 경주시 인왕동 76,129.2279503,35.8292339,,,POI010000009GI2HM,국립경주박물관,30,2,Y,1,,4,4,4,
2309100012,f_f012889,11,경주 동궁원,2023-09-10,2023-09-10,경북 경주시 보문로 74-14,경북 경주시 북군동 185-1,129.2616606,35.8495071,,,POI01000TR022836V,경주동궁원,30,1,Y,4,,4,4,4,
2309100013,f_f012889,12,첨성대,2023-09-10,2023-09-10,,경북 경주시 인왕동 910-30,129.2190202,35.834718,,,POI01000TR003385V,첨성대,30,2,Y,1,,4,4,4,
2309100014,f_f012889,13,황련단길,2023-09-10,2023-09-10,경북 경주시 태종로 746,경북 경주시 황남동 270-10,129.2096454,35.8393348,,,POI01000TR022576V,황리단길,30,4,Y,2,,4,4,4,
2309100015,f_f012889,14,카페 아를,2023-09-10,2023-09-10,경북 경주시 사정로50번길 11-3,경북 경주시 사정동 125-10,129.2086011,35.8356742,,,POI03000TR022741V,카페아를,90,11,N,2,,4,4,4,
2309100016,f_f012889,15,서봉총,2023-09-10,2023-09-10,,경북 경주시 노서동 108-1,129.2092659,35.8411331,,,POI03000TR022742V,서봉총,30,2,N,9,,3,3,3,
2309100017,f_f012889,16,경주 시외버스터미널,2023-09-10,2023-09-10,경북 경주시 강변로 184,경북 경주시 노서동 160-2,129.2024687,35.8398,,,POI01000TR024444V,경주시외버스터미널,30,9,Y,6,,4,4,4,
2309100018,f_f012889,2,신복로터리,2023-09-10,2023-09-10,,울산 남구 무거동 324-1,129.2637869,35.55004,,,POI03000TR022743V,신복로터리,0,9,Y,6,,4,3,3,
2309100001,f_f012946,1,집,2023-09-10,2023-09-10,서울대학교 학부생활관,,,,,,,,,21,,,,,,,1162010200
2309100002,f_f012946,11,집,2023-09-10,2023-09-11,서울대학교 학부생활관,,,,,,,,30,21,,,,,,,1162010200
2309100003,f_f012946,2,황련단길,2023-09-10,2023-09-10,경북 경주시 태종로 746,경북 경주시 황남동 270-10,129.2096454,35.8393348,,,POI01000TR022576V,황리단길,30,4,N,1,,4,5,5,
2309100004,f_f012946,3,카페와 하이 황리단길점,2023-09-10,2023-09-10,경북 경주시 포석로 1070,경북 경주시 황남동 302-2,129.2097455,35.8364821,,,POI01000TR039081V,카페오하이 황리단길점,90,11,N,6,,4,5,5,
2309100005,f_f012946,4,황화정,2023-09-10,2023-09-10,경북 경주시 사정로57번길 17,경북 경주시 사정동 7,129.2091926,35.8380096,,,POI01000000DZXGAV,향화정,60,11,N,2,,5,5,5,
2309100006,f_f012946,5,제일 포토,2023-09-10,2023-09-10,경북 경주시 포석로1079번길 6,경북 경주시 사정동 24,129.2091965,35.8375121,,,POI03000TR024883V,제일포토,30,12,N,6,,5,5,5,
2309100007,f_f012946,6,황련단길,2023-09-10,2023-09-10,경북 경주시 태종로 746,경북 경주시 황남동 270-10,129.2096454,35.8393348,,,POI01000TR022576V,황리단길,90,4,N,1,,5,5,5,
2309100008,f_f012946,7,노벰버,2023-09-10,2023-09-10,경북 경주시 포석로 1051,경북 경주시 사정동 129-1,129.2093703,35.8350004,,,POI010000008V3IM6,노벰버,60,11,N,9,,5,5,5,
2309100009,f_f012946,8,경주석빙고,2023-09-10,2023-09-10,,경북 경주시 인왕동 449-1,129.2238573,35.8331112,,,POI01000TR037235V,경주석빙고,60,2,N,10,,4,4,4,
2309100010,f_f012946,9,국립경주박물관,2023-09-10,2023-09-10,경북 경주시 일정로 186,경북 경주시 인왕동 76,129.2279503,35.8292339,,,POI010000009GI2HM,국립경주박물관,30,2,N,3,,4,4,4,
2309100011,f_f012946,10,첨성대,2023-09-10,2023-09-10,,경북 경주시 인왕동 910-30,129.2190202,35.834718,,,POI01000TR003385V,첨성대,30,2,N,10,,5,5,5,
2308290001,f_f012957,1,집,2023-08-29,2023-08-29,경남 양산시 양주로 114,경남 양산시 중부동 697-1,,,3338061,4833010300,,,,21,,,,,,,
2308290002,f_f012957,2,연화 덮밥,2023-08-29,2023-08-29,부산 부산진구 서면로 39,부산 부산진구 부전동 521-1,129.0573036,35.154271,,,POI03000TR018895V,연화덮밥,60,11,N,2,,5,5,5,
2308290003,f_f012957,3,KTG 상상마당 부산,2023-08-29,2023-08-29,부산 부산진구 서면로 39,부산 부산진구 부전동 521-1,129.0572989,35.1542603,,,POI01000TR005577V,KT&G상상마당 부산,60,3,N,1,,2,1,1,
2308290004,f_f012957,5,런닝맨 부산점,2023-08-29,2023-08-29,부산 부산진구 중앙대로 672,부산 부산진구 부전동 227-2,129.0596068,35.1530135,,,POI02001TR008899V,런닝맨 부산점,60,6,Y,4,,4,2,5,
2308290005,f_f012957,4,모던테이블 서면점,2023-08-29,2023-08-29,부산 부산진구 중앙대로680번길 45-9,부산 부산진구 부전동 220-1,129.0615877,35.1539423,,,POI01000TR015080V,모던테이블 서면점,30,11,Y,4,,5,5,5,
2308290006,f_f012957,6,집,2023-08-29,2023-08-30,경남 양산시 양주로 114,경남 양산시 중부동 697-1,,,3338061,4833010300,,,240,21,,,,,,,
2309090001,f_f012976,1,집,2023-09-09,2023-09-09,경기 수원시 장안구 정조로946번길 13,경기 수원시 장안구 영화동 272-19,,,4322335,4111113400,,,,21,,,,,,,
2309090002,f_f012976,2,강릉역,2023-09-09,2023-09-09,강원특별자치도 강릉시 용지로 176,강원특별자치도 강릉시 교동 118,128.8996276,37.7645236,,,POI0100000075Y1PW,강릉역,0,9,Y,11,,4,4,4,
2309090003,f_f012976,3,강릉 불고기 초당점,2023-09-09,2023-09-09,강원특별자치도 강릉시 초당순두부길 2,강원특별자치도 강릉시 초당동 487,128.9088012,37.7881862,,,POI01000000B521CR,강릉불고기 초당점,60,11,N,1,,4,4,4,
2309090004,f_f012976,4,덴켄,2023-09-09,2023-09-09,강원특별자치도 강릉시 창해로350번길 5,강원특별자치도 강릉시 강문동 182-1,128.918446,37.7948903,,,POI03000TR023572V,덴켄,30,11,N,1,,4,4,4,
2309090005,f_f012976,5,강문해변,2023-09-09,2023-09-09,,강원특별자치도 강릉시 강문동 182-1,128.9191753,37.7948207,,,POI01000TR024661V,강문해변,30,1,Y,4,,4,4,4,
2309090006,f_f012976,6,오봉이 해물칼국수,2023-09-09,2023-09-09,강원특별자치도 강릉시 창해로 461,강원특별자치도 강릉시 강문동 260-26,128.9108927,37.8019549,,,POI02001TR021645V,오봉이해물칼국수,90,11,N,2,,4,4,4,
2309090007,f_f012976,7,경포해수욕장,2023-09-09,2023-09-09,강원특별자치도 강릉시 창해로 514,강원특별자치도 강릉시 강문동 산 1,128.9102102,37.8034055,,,POI01000TR027006V,경포해수욕장,240,1,Y,4,,4,4,4,
2309090008,f_f012976,8,세빈 호텔,2023-09-09,2023-09-10,강원특별자치도 강릉시 경포로475번길 43,강원특별자치도 강릉시 안현동 858-1,128.9020271,37.8057252,,,POI01000000B51RAE,세빈호텔,30,24,N,8,2,4,4,4,
2309100001,f_f012976,9,이디야커피 강릉 경포점,2023-09-10,2023-09-10,강원특별자치도 강릉시 경포로463번길 23,강원특별자치도 강릉시 안현동 861-8,128.9028329,37.8034988,,,POI03000TR023575V,이디야커피 강릉경포점,60,11,N,8,,4,4,4,
2309100002,f_f012976,10,김우정 초당 짬뽕 순두부 본점,2023-09-10,2023-09-10,강원특별자치도 강릉시 초당순두부길 102,강원특별자치도 강릉시 초당동 5-3,128.9165171,37.7915886,,,POI01000TR018240V,김우정초당짬뽕순두부 본점,30,11,Y,4,,5,4,4,
2309100003,f_f012976,11,강문해변,2023-09-10,2023-09-10,,강원특별자치도 강릉시 강문동 182-1,128.9191753,37.7948207,,,POI01000TR024661V,강문해변,30,1,Y,4,,5,4,4,
2309100004,f_f012976,13,강릉 중화 짬뽕 빵,2023-09-10,2023-09-10,강원특별자치도 강릉시 금성로13번길 17,강원특별자치도 강릉시 성남동 51-106,128.9001639,37.7532895,,,POI01000000CMPPFN,강릉중화짬뽕빵,30,11,N,1,,4,4,4,
2309100005,f_f012976,12,강릉역,2023-09-10,2023-09-10,강원특별자치도 강릉시 용지로 176,강원특별자치도 강릉시 교동 118,128.8996276,37.7645236,,,POI0100000075Y1PW,강릉역,30,9,Y,11,,4,4,4,
2309100006,f_f012976,14,집,2023-09-10,2023-09-11,경기 수원시 장안구 정조로946번길 13,경기 수원시 장안구 영화동 272-19,,,4322335,4111113400,,,300,21,,,,,,,
2308300001,f_f012987,1,집,2023-08-30,2023-08-30,오패산로123-24,,,,,,,,,21,,,,,,,1130510100
2308300002,f_f012987,4,연인들의 사랑 이야기펜션,2023-08-30,2023-08-31,강원특별자치도 강릉시 성산면 삼포암길 45,강원특별자치도 강릉시 성산면 어흘리 456,128.7961505,37.7170617,,,POI02001TR020925V,연인들의사랑이야기펜션,360,24,N,7,3,5,5,5,
2308300003,f_f012987,2,가평휴게소 춘천 방향,2023-08-30,2023-08-30,경기 가평군 설악면 미사리로540번길 51,경기 가평군 설악면 미사리,127.5468237,37.7019331,,,POI01000TR027920V,가평휴게소 춘천방향,60,9,N,9,,4,3,3,
2308300004,f_f012987,3,강문해변,2023-08-30,2023-08-30,,강원특별자치도 강릉시 강문동 182-1,128.9191753,37.7948207,,,POI01000TR024661V,강문해변,120,1,Y,4,,5,5,5,
2308310001,f_f012987,8,집,2023-08-31,2023-09-01,오패산로123-24,,,,,,,,330,21,,,,,,,1130510100
2308310002,f_f012987,5,초당순두부마을,2023-08-31,2023-08-31,,강원특별자치도 강릉시 초당동 308-23,128.9151764,37.7915879,,,POI01000TR013718V,초당순두부마을,60,11,Y,4,,4,4,4,
2308310003,f_f012987,6,강릉 중앙시장,2023-08-31,2023-08-31,강원특별자치도 강릉시 금성로 21,강원특별자치도 강릉시 성남동 50,128.8986238,37.7540251,,,POI01000TR021364V,강릉중앙시장,30,4,Y,4,,4,4,4,
2308310004,f_f012987,7,가평휴게소 서울 방향,2023-08-31,2023-08-31,경기 가평군 설악면 미사리로 544,경기 가평군 설악면 미사리 145,127.5435148,37.7016169,,,POI01000TR001197V,가평휴게소 서울방향,30,9,N,9,,4,3,3,
2308260001,f_f013057,1,집,2023-08-26,2023-08-26,,,,,,,,,,21,,,,,,,2726010400
2308260002,f_f013057,2,군위휴게소 춘천 방향,2023-08-26,2023-08-26,대구 군위군 군위읍 경북대로 4082,대구 군위군 군위읍 오곡리 339,128.5770061,36.2654861,,,POI01000TR019731V,군위휴게소 춘천방향,30,9,N,9,,3,2,2,
2308260003,f_f013057,3,강구농협 하나로마트,2023-08-26,2023-08-26,경북 영덕군 강구면 강구시장길 40-6,경북 영덕군 강구면 오포리 555-7,129.3782562,36.3596704,,,POI01000TR026591V,강구농협하나로마트,30,10,N,11,,4,4,4,
2308260004,f_f013057,4,펜션 큐브,2023-08-26,2023-08-26,경북 영덕군 영덕읍 영덕대게로 635,경북 영덕군 영덕읍 대부리 398-4,129.4166799,36.3980474,,,POI010000006S5AHQ,펜션큐브,30,24,N,8,3,4,4,4,
2308260005,f_f013057,5,하저리 해수욕장,2023-08-26,2023-08-26,경북 영덕군 강구면 영덕대게로 470-5,경북 영덕군 강구면 하저리 474-2,129.4078712,36.3894061,,,POI02001TR031786V,하저리해수욕장,30,1,N,6,,5,5,5,
2308260006,f_f013057,6,영덕 해 파랑공원,2023-08-26,2023-08-26,,경북 영덕군 강구면 강구리 584,129.3926424,36.3608101,,,POI01000TR013673V,영덕해파랑공원,30,7,N,1,,5,5,5,
2308260007,f_f013057,7,강구 시장,2023-08-26,2023-08-26,,경북 영덕군 강구면 오포리 535-5,129.378626,36.3587909,,,POI01000000B0IP6K,강구시장,30,4,N,2,,5,5,5,
2308260008,f_f013057,8,펜션 큐브,2023-08-26,2023-08-27,경북 영덕군 영덕읍 영덕대게로 635,경북 영덕군 영덕읍 대부리 398-4,129.4166799,36.3980474,,,POI010000006S5AHQ,펜션큐브,360,24,Y,8,3,5,5,5,
2308270001,f_f013057,9,집,2023-08-27,2023-08-28,,,,,,,,,570,21,,,,,,,2726010400
2308260001,f_f013167,1,집,2023-08-26,2023-08-26,경북 경산시 대학로32길 12,경북 경산시 중방동 893,,,4739262,4729011700,,,,21,,,,,,,
2308260002,f_f013167,2,해동용궁사,2023-08-26,2023-08-26,부산 기장군 기장읍 용궁길 86,부산 기장군 기장읍 시랑리 416-3,129.2231431,35.1884028,,,POI01000000BYZ0VZ,해동용궁사,30,2,Y,1,,4,4,4,
2308260003,f_f013167,3,카페 윤,2023-08-26,2023-08-26,부산 기장군 기장읍 기장해안로 34-16,부산 기장군 기장읍 시랑리 631,129.2113307,35.1818706,,,POI02001TR029129V,카페윤,180,11,N,2,,4,4,4,
2308260004,f_f013167,4,롯데 프리미엄 아웃렛 동부산점,2023-08-26,2023-08-26,부산 기장군 기장읍 기장해안로 147,부산 기장군 기장읍 당사리 524,129.2125445,35.1916608,,,POI01000TR034815V,롯데프리미엄아울렛 동부산점,120,4,Y,7,,4,4,4,
2308260005,f_f013167,5,부부 횟집,2023-08-26,2023-08-26,부산 기장군 기장읍 차성로 410,부산 기장군 기장읍 교리 332-1,129.21518,35.2536973,,,POI01000000EGNK74,부부횟집,90,11,N,2,,5,5,5,
2308260006,f_f013167,6,호텔 5월,2023-08-26,2023-08-27,부산 기장군 기장읍 차성로 365,부산 기장군 기장읍 동부리 393-1,129.2136826,35.2501004,,,POI01000000955B1R,호텔5월,180,24,N,6,1,4,4,4,
2308270001,f_f013167,7,딤 타오,2023-08-27,2023-08-27,부산 해운대구 우동1로 25,부산 해운대구 우동 495-4,129.1564639,35.1639184,,,POI01000TR022815V,딤타오,60,11,N,2,,5,5,5,
2308270002,f_f013167,8,까사 부사로,2023-08-27,2023-08-27,부산 해운대구 구남로 17-1,부산 해운대구 우동 618-15,129.1601442,35.1624596,,,POI01000TR030067V,까사부사노,120,4,N,1,,5,5,5,
2308270003,f_f013167,9,카페 미뇽,2023-08-27,2023-08-27,부산 해운대구 청사포로 116,부산 해운대구 중동 555-2,129.1913665,35.1612228,,,POI03000TR015934V,카페미뇽,30,11,N,9,,3,2,2,
2308270004,f_f013167,10,해운대 블루라인파크 미포 정거장,2023-08-27,2023-08-27,부산 해운대구 달맞이길62번길 13,부산 해운대구 중동 1019-2,129.1728147,35.1581526,,,POI01000TR030644V,해운대블루라인파크 미포정거장,90,13,N,1,,4,4,4,
2308270005,f_f013167,11,수변 최고 돼지국밥 민락 본점,2023-08-27,2023-08-27,부산 수영구 광안해변로370번길 9-32,부산 수영구 민락동 110-54,129.1342702,35.1566735,,,POI01000000854WQZ,수변최고돼지국밥,90,11,N,5,,4,4,4,
2308270006,f_f013167,12,집,2023-08-27,2023-08-28,경북 경산시 대학로32길 12,경북 경산시 중방동 893,,,4739262,4729011700,,,210,21,,,,,,,
2308260001,f_f013202,1,친구 친지 집,2023-08-26,2023-08-26,,,,,,,,,,22,,,,,,,4182025021
2308260002,f_f013202,2,소금산 그랜드밸리,2023-08-26,2023-08-26,강원특별자치도 원주시 지정면 소금산길 12,강원특별자치도 원주시 지정면 간현리 1056-24,127.8340396,37.3645764,,,POI01000TR000189V,소금산그랜드밸리,120,7,N,1,,5,5,5,
2308260003,f_f013202,3,뮤지엄 산,2023-08-26,2023-08-26,강원특별자치도 원주시 지정면 오크밸리2길 260,강원특별자치도 원주시 지정면 월송리 999-13,127.8237131,37.4153533,,,POI01000TR033999V,뮤지엄산,90,3,N,2,,4,4,4,
2308260004,f_f013202,4,한솔 종이 박물관,2023-08-26,2023-08-26,강원특별자치도 원주시 지정면 오크밸리2길 260,강원특별자치도 원주시 지정면 월송리 999-13,127.8231422,37.4189289,,,POI03000TR015943V,한솔종이박물관,60,3,N,2,,4,4,4,
2308260005,f_f013202,5,모멘도르,2023-08-26,2023-08-26,강원특별자치도 원주시 지정면 송정로 192,강원특별자치도 원주시 지정면 월송리 67,127.8712061,37.3953082,,,POI03000TR015944V,모멘도르,30,4,N,2,,4,2,3,
2308260006,f_f013202,6,신세계 프리미엄 아웃렛 여주,2023-08-26,2023-08-26,경기 여주시 명품로 360,경기 여주시 상거동 460,127.6121957,37.2413916,,,POI01000TR012659V,신세계프리미엄아울렛 여주,180,10,N,5,,5,5,5,
2308260007,f_f013202,7,친구 친지 집,2023-08-26,2023-08-27,,,,,,,,,210,22,,,,,,,4182025021
2308270001,f_f013320,1,친구 친지 집,2023-08-27,2023-08-27,,,,,,,,,,22,,,,,,,1150010300
2308270002,f_f013320,10,노매드인 강릉,2023-08-27,2023-08-28,강원특별자치도 강릉시 송정길33번길 25-16,,128.930421,37.780768,,,POI01000TR018814V,노마드인 강릉,1320,24,N,2,7,5,5,5,4215011400
2308270003,f_f013320,2,서울역,2023-08-27,2023-08-27,서울 용산구 한강대로 405,서울 용산구 동자동 43-205,126.9706069,37.5546788,,,POI01000TR030428V,서울역,30,9,Y,6,,5,5,5,
2308270004,f_f013320,3,강릉역,2023-08-27,2023-08-27,강원특별자치도 강릉시 용지로 176,강원특별자치도 강릉시 교동 118,128.8996276,37.7645236,,,POI0100000075Y1PW,강릉역,0,9,Y,6,,5,5,5,
2308270005,f_f013320,4,만동 제과,2023-08-27,2023-08-27,강원특별자치도 강릉시 금성로 6,강원특별자치도 강릉시 옥천동 62-3,128.8995061,37.755164,,,POI01000000CZ0FOA,만동제과,30,11,N,2,,4,4,4,
2308270006,f_f013320,5,강릉 중앙시장,2023-08-27,2023-08-27,강원특별자치도 강릉시 금성로 21,강원특별자치도 강릉시 성남동 50,128.8986238,37.7540251,,,POI01000TR021364V,강릉중앙시장,30,4,Y,4,,5,5,5,
2308270007,f_f013320,6,교동 김밥,2023-08-27,2023-08-27,,,128.930421,37.780768,,,POI03000TR017737V,교동김밥,60,11,N,2,,4,2,4,4215011000
2308270008,f_f013320,7,송정해변,2023-08-27,2023-08-27,,강원특별자치도 강릉시 송정동 산 1-4,128.9377962,37.7798287,,,POI01000TR040808V,송정해변,60,1,N,6,,4,3,4,
2308270009,f_f013320,8,노매드인 강릉,2023-08-27,2023-08-27,강원특별자치도 강릉시 송정길33번길 25-16,강원특별자치도 강릉시 송정동 305,128.9304205,37.7807677,,,POI01000TR018814V,노마드인 강릉,300,24,N,2,7,5,5,5,
2308270010,f_f013320,9,송정해변,2023-08-27,2023-08-27,,강원특별자치도 강릉시 송정동 산 1-4,128.9377962,37.7798287,,,POI01000TR040808V,송정해변,90,1,Y,6,,4,3,3,
2308280001,f_f013320,18,양천 오피스텔,2023-08-28,2023-08-29,,,128.930421,37.780768,,,POI03000TR017738V,양천오피스텔,210,22,,,,,,,1150010300
2308280002,f_f013320,11,카페 툇마루,2023-08-28,2023-08-28,강원특별자치도 강릉시 난설헌로 232,강원특별자치도 강릉시 초당동 355,128.9145257,37.7928533,,,POI01000TR012290V,카페툇마루,150,11,Y,4,,5,5,5,
2308280003,f_f013320,12,강릉 동화 가든 본점,2023-08-28,2023-08-28,강원특별자치도 강릉시 초당순두부길77번길 15,강원특별자치도 강릉시 초당동 309-1,128.91466,37.7911504,,,POI01000TR028300V,동화가든 본점,30,11,N,5,,4,3,4,
2308280004,f_f013320,13,커피 커피 박물관,2023-08-28,2023-08-28,강원특별자치도 강릉시 해안로 341,강원특별자치도 강릉시 강문동 146-7,128.9157802,37.7940004,,,POI01000TR005415V,커피커퍼박물관,30,2,N,2,,3,3,3,
2308280005,f_f013320,14,스타벅스 강릉강문해변점,2023-08-28,2023-08-28,강원특별자치도 강릉시 창해로350번길 3,강원특별자치도 강릉시 강문동 182-2,128.9185549,37.7947119,,,POI01000TR008741V,스타벅스 강릉강문해변점,30,11,N,7,,5,5,5,
2308280006,f_f013320,15,강문해변,2023-08-28,2023-08-28,,강원특별자치도 강릉시 강문동 182-1,128.9191753,37.7948207,,,POI01000TR024661V,강문해변,60,1,N,6,,4,4,4,
2308280007,f_f013320,16,강릉역,2023-08-28,2023-08-28,강원특별자치도 강릉시 용지로 176,강원특별자치도 강릉시 교동 118,128.8996276,37.7645236,,,POI0100000075Y1PW,강릉역,0,9,Y,6,,5,5,5,
2308280008,f_f013320,17,서울역,2023-08-28,2023-08-28,서울 용산구 한강대로 405,서울 용산구 동자동 43-205,126.9706069,37.5546788,,,POI01000TR030428V,서울역,0,9,Y,6,,5,5,5,
2309090001,f_f013422,1,집,2023-09-09,2023-09-09,남부순환로95길88 두산아파트,,,,,,,,,21,,,,,,,1153010700
2309090002,f_f013422,2,청량리역,2023-09-09,2023-09-09,서울 동대문구 왕산로 214,서울 동대문구 전농동 591-53,127.0478983,37.5801601,,,POI01000TR012315V,청량리역,30,9,N,11,,3,2,3,
2309090003,f_f013422,3,해미가,2023-09-09,2023-09-09,강원특별자치도 강릉시 솔올로 103,강원특별자치도 강릉시 교동 1807-2,128.8789446,37.771035,,,POI01000TR035697V,해미가,60,11,Y,4,,4,3,4,
2309090004,f_f013422,4,고래 책방,2023-09-09,2023-09-09,강원특별자치도 강릉시 율곡로 2848,강원특별자치도 강릉시 옥천동 145-2,128.8971937,37.7582245,,,POI01000000CQZ1NL,고래책방,120,11,N,1,,5,4,5,
2309090005,f_f013422,5,휴식 주머니 펜션,2023-09-09,2023-09-09,강원특별자치도 강릉시 사천면 진리항구길 17,강원특별자치도 강릉시 사천면 사천진리 86-195,128.8744099,37.8355317,,,POI03000TR025366V,휴식주머니펜션,150,24,N,7,3,5,4,5,
2309090006,f_f013422,6,강릉 조개랑 대게랑,2023-09-09,2023-09-09,강원특별자치도 강릉시 창해로 13,강원특별자치도 강릉시 견소동 268-48,128.945296,37.773374,,,POI01000000D09LDG,강릉조개랑대게랑,120,11,Y,4,,5,5,5,
2309090007,f_f013422,7,안목 해변,2023-09-09,2023-09-09,강원특별자치도 강릉시 창해로14번길 51-26,강원특별자치도 강릉시 견소동 286-10,128.9482754,37.7722618,,,POI01000TR042380V,안목해변,30,1,Y,4,,5,5,5,
2309090008,f_f013422,8,휴식 주머니 펜션,2023-09-09,2023-09-10,강원특별자치도 강릉시 사천면 진리항구길 17,강원특별자치도 강릉시 사천면 사천진리 86-195,128.8744099,37.8355317,,,POI03000TR025366V,휴식주머니펜션,210,24,N,7,3,5,5,5,
2309100001,f_f013422,9,강문 떡갈비,2023-09-10,2023-09-10,강원특별자치도 강릉시 창해로 360-1,강원특별자치도 강릉시 강문동 172,128.9176109,37.7950804,,,POI010000007T02TR,강문떡갈비,60,11,N,2,,5,5,5,
2309100002,f_f013422,10,강문해변,2023-09-10,2023-09-10,,강원특별자치도 강릉시 강문동 182-1,128.9191753,37.7948207,,,POI01000TR024661V,강문해변,30,1,Y,4,,5,5,5,
2309100003,f_f013422,11,스타벅스 강릉강문해변점,2023-09-10,2023-09-10,강원특별자치도 강릉시 창해로350번길 3,강원특별자치도 강릉시 강문동 182-2,128.9185549,37.7947119,,,POI01000TR008741V,스타벅스 강릉강문해변점,90,11,N,2,,5,5,5,
2309100004,f_f013422,12,유리알 유희,2023-09-10,2023-09-10,강원특별자치도 강릉시 창해로 351-2,강원특별자치도 강릉시 강문동 154-5,128.9183005,37.7945323,,,POI01000000DL9AIV,유리알유희,30,10,N,2,,5,5,5,
2309100005,f_f013422,13,강릉 월화 거리,2023-09-10,2023-09-10,강원특별자치도 강릉시 경강로 2111,강원특별자치도 강릉시 임당동 106-1,128.8974965,37.7559098,,,POI01000TR024725V,강릉월화거리,60,4,N,1,,3,3,3,
2309100006,f_f013422,14,통툰만화카페 강릉점,2023-09-10,2023-09-10,강원특별자치도 강릉시 신대학길 17,강원특별자치도 강릉시 금학동 92-1,128.8948512,37.7532652,,,POI03000TR025368V,통툰만화카페 강릉점,90,11,N,9,,5,4,4,
2309100007,f_f013422,15,독도네 본점,2023-09-10,2023-09-10,강원특별자치도 강릉시 옥천로 47,강원특별자치도 강릉시 옥천동 287,128.9003816,37.7593604,,,POI01000TR021750V,강릉꼬막집 독도네본점,30,11,N,2,,5,5,5,
2309100008,f_f013422,17,집,2023-09-10,2023-09-11,남부순환로95길88 두산아파트,,,,,,,,60,21,,,,,,,1153010700
2309100009,f_f013422,16,강릉역,2023-09-10,2023-09-10,강원특별자치도 강릉시 용지로 176,강원특별자치도 강릉시 교동 118,128.8996276,37.7645236,,,POI0100000075Y1PW,강릉역,30,9,N,11,,4,4,4,
2308310001,f_f013460,1,집,2023-08-31,2023-08-31,임학안로,,,,,,,,,21,,,,,,,2824510500
2308310002,f_f013460,2,가평휴게소 춘천 방향,2023-08-31,2023-08-31,경기 가평군 설악면 미사리로540번길 51,경기 가평군 설악면 미사리,127.5468237,37.7019331,,,POI01000TR027920V,가평휴게소 춘천방향,30,9,N,9,,5,5,5,
2308310003,f_f013460,3,비발디파크 오션월드,2023-08-31,2023-08-31,강원특별자치도 홍천군 서면 한치골길 262,강원특별자치도 홍천군 서면 팔봉리 산 125-17,127.686912,37.6499535,,,POI01000TR005189V,비발디파크 오션월드,480,6,N,1,,5,5,5,
2308310004,f_f013460,4,평창송어,2023-08-31,2023-08-31,지평로1-6,,,,,,,,120,11,N,2,,5,5,5,4183040000
2308310005,f_f013460,5,집,2023-08-31,2023-09-01,임학안로,,,,,,,,30,21,,,,,,,2824510500
2309020001,f_f013493,1,집,2023-09-02,2023-09-02,,,,,,,,,,21,,,,,,,1165010200
2309020002,f_f013493,2,가평휴게소 춘천 방향,2023-09-02,2023-09-02,경기 가평군 설악면 미사리로540번길 51,경기 가평군 설악면 미사리,127.5468237,37.7019331,,,POI01000TR027920V,가평휴게소 춘천방향,60,9,Y,7,,5,5,5,
2309020003,f_f013493,3,팔봉산,2023-09-02,2023-09-02,,강원특별자치도 홍천군 서면 팔봉리 산 225,127.6970338,37.6959333,,,POI01000TR011042V,팔봉산,270,13,N,1,,5,5,5,
2309020004,f_f013493,4,팔봉산 메밀촌 막국수,2023-09-02,2023-09-02,강원특별자치도 홍천군 서면 팔봉산로 967,강원특별자치도 홍천군 서면 반곡리 3-8,127.6889363,37.6948709,,,POI01000000CX9NVW,팔봉산메밀촌막국수,30,11,N,6,,3,3,3,
2309020005,f_f013493,5,집,2023-09-02,2023-09-03,,,,,,,,,390,21,,,,,,,1165010200
2308300001,f_f013942,1,집,2023-08-30,2023-08-30,삼선교로16나길 14,,,,,,,,,21,,,,,,,1129011300
2308300002,f_f013942,2,서울역 공항철도,2023-08-30,2023-08-30,서울 용산구 청파로 378,서울 용산구 동자동 43-205,126.9697496,37.5533289,,,POI010000006GIJAT,코레일공항철도,30,9,N,6,,5,5,5,
2308300003,f_f013942,3,광안리해수욕장,2023-08-30,2023-08-30,부산 수영구 광안해변로 219,부산 수영구 광안동 192-20,129.1189761,35.1531933,,,POI01000TR030726V,광안리해수욕장,30,1,Y,4,,5,5,5,
2308300004,f_f013942,4,스타벅스 광안리점,2023-08-30,2023-08-30,부산 수영구 광안해변로 247,부산 수영구 민락동 178-19,129.1208455,35.1550422,,,POI010000006TOQMV,스타벅스 광안리점,30,11,N,6,,5,5,5,
2308300005,f_f013942,5,오빠야 횟집,2023-08-30,2023-08-30,부산 해운대구 중동1로19번길 7,부산 해운대구 중동 1379-4,129.1621728,35.1636057,,,POI03000TR024306V,오빠야횟집,90,11,N,9,,4,3,3,
2308300006,f_f013942,6,H moment,2023-08-30,2023-08-30,우동 627-1,,,,,,,,30,24,N,2,7,5,5,5,2635010500
2308300007,f_f013942,7,해운대해수욕장,2023-08-30,2023-08-30,,부산 해운대구 우동,129.1598547,35.1585232,,,POI01000TR008098V,해운대해수욕장,30,1,Y,1,,5,5,5,
2308300009,f_f013942,8,더베이 11,2023-08-30,2023-08-30,부산 해운대구 동백로 52,부산 해운대구 우동 747-7,129.1520211,35.1565648,,,POI01000TR040498V,더베이101,30,3,N,2,,5,5,5,
2308300010,f_f013942,9,H moment,2023-08-30,2023-08-31,,,,,,,,,60,24,Y,11,7,5,5,5,2635010500
2308310001,f_f013942,10,헤이데이,2023-08-31,2023-08-31,부산 해운대구 해운대로 601,부산 해운대구 우동 524-5,129.1572716,35.1630921,,,POI01000000ES5T99,헤이데이성수,60,11,N,6,,5,5,5,
2308310002,f_f013942,11,신세계백화점 센텀시티점,2023-08-31,2023-08-31,부산 해운대구 센텀남대로 35,부산 해운대구 우동 1495,129.1290717,35.1686439,,,POI01000TR000416V, 신세계백화점 센텀시티점,180,4,N,1,,5,5,5,
2308310003,f_f013942,12,차선책,2023-08-31,2023-08-31,부산 수영구 광안해변로 237,부산 수영구 민락동 179-11,129.1199242,35.1547195,,,POI010000006TOQAJ,차선책,120,11,N,1,,5,5,5,
2308310004,f_f013942,13,부산역,2023-08-31,2023-08-31,부산 동구 중앙대로 206,부산 동구 초량동 1187-1,129.0414192,35.1151092,,,POI01000TR040141V,부산역,90,9,Y,6,,5,5,5,
2308310005,f_f013942,15,집,2023-08-31,2023-09-01,삼선교로16나길 14,,,,,,,,60,21,,,,,,,1129011300
2308310006,f_f013942,14,서울역,2023-08-31,2023-08-31,서울 용산구 한강대로 405,서울 용산구 동자동 43-205,126.9706069,37.5546788,,,POI01000TR030428V,서울역,30,9,Y,6,,5,5,4,
2309050001,f_f014045,1,집,2023-09-05,2023-09-05,,,,,,,,,,21,,,,,,,1156013200
2309050002,f_f014045,2,서울고속버스터미널(경부),2023-09-05,2023-09-05,서울 서초구 신반포로 194,서울 서초구 반포동 19-4,127.0069895,37.5060751,,,POI01000TR020748V,서울고속버스터미널(경부),30,9,N,6,,4,4,4,
2309050003,f_f014045,3,속초 고속버스터미널,2023-09-05,2023-09-05,강원특별자치도 속초시 동해대로 3988,강원특별자치도 속초시 조양동 1418,128.598776,38.1904606,,,POI010000009G7YA0,속초고속버스터미널,0,9,N,6,,4,3,4,
2309050004,f_f014045,4,속초해수욕장 속초 외옹치항 둘레길,2023-09-05,2023-09-05,강원특별자치도 속초시 해오름로 186,,,,,,,,30,1,N,1,,5,4,5,4221011000
2309050005,f_f014045,6,청호 방파제,2023-09-05,2023-09-05,,강원특별자치도 속초시 청호동,128.599207,38.2015014,,,POI01000TR010790V,청호방파제,0,7,N,9,,4,3,3,
2309050006,f_f014045,5,아바이마을,2023-09-05,2023-09-05,,강원특별자치도 속초시 청호동 550-14,128.5942286,38.2021772,,,POI01000TR007741V,아바이마을,60,13,N,1,,5,4,5,
2309050007,f_f014045,7,개 배 선착장,2023-09-05,2023-09-05,,강원특별자치도 속초시 청호동,128.592264,38.202966,,,POI01000TR007736V,갯배선착장,0,13,N,1,,4,4,4,
2309050008,f_f014045,8,속초관광수산시장,2023-09-05,2023-09-05,강원특별자치도 속초시 중앙로147번길 16,강원특별자치도 속초시 중앙동 471-4,128.5901795,38.2045436,,,POI01000TR005661V,속초관광수산시장,60,4,N,2,,5,5,5,
2309050009,f_f014045,9,속초항 난전(오징어회),2023-09-05,2023-09-05,,,,,,,,,60,4,N,3,,3,3,3,4221010200
2309050010,f_f014045,10,동명항,2023-09-05,2023-09-05,,강원특별자치도 속초시 동명동 1-249,128.6007944,38.2111194,,,POI01000TR020642V,동명항,180,4,N,2,,3,3,3,
2309050011,f_f014045,11,청초 호수공원,2023-09-05,2023-09-05,강원특별자치도 속초시 엑스포로 140,강원특별자치도 속초시 교동 1025-1,128.5824915,38.1955601,,,POI01000TR012327V,청초호수공원,60,7,N,1,,5,5,5,
2309050012,f_f014045,12,만석닭강정 엑스포 본점,2023-09-05,2023-09-05,강원특별자치도 속초시 청초호반로 72,강원특별자치도 속초시 조양동 1549-2,128.5869155,38.1902828,,,POI01000000E03E6X,만석닭강정엑스포점,0,11,N,2,,3,3,3,
2309050013,f_f014045,13,속초 고속버스터미널,2023-09-05,2023-09-05,강원특별자치도 속초시 동해대로 3988,강원특별자치도 속초시 조양동 1418,128.598776,38.1904606,,,POI010000009G7YA0,속초고속버스터미널,30,9,Y,6,,4,3,4,
2309050014,f_f014045,14,서울고속버스터미널(경부),2023-09-05,2023-09-05,서울 서초구 신반포로 194,서울 서초구 반포동 19-4,127.0069895,37.5060751,,,POI01000TR020748V,서울고속버스터미널(경부),0,9,Y,6,,4,3,3,
2309050015,f_f014045,15,집,2023-09-05,2023-09-06,,,,,,,,,60,21,,,,,,,1156013200
2309090001,f_f014097,1,친구 친지 집,2023-09-09,2023-09-09,진주역로116,,,,,,,,,22,,,,,,,4817013100
2309090002,f_f014097,8,물건 45펜션,2023-09-09,2023-09-10,경남 남해군 삼동면 동부대로1122번길 74-5,경남 남해군 삼동면 물건리 45,128.0513105,34.800813,,,POI03000TR024905V,물건45펜션,210,24,N,2,3,5,5,5,
2309090003,f_f014097,2,우리 식당,2023-09-09,2023-09-09,경남 남해군 삼동면 동부대로1876번길 7,경남 남해군 삼동면 지족리 288-7,128.0007107,34.8316399,,,POI01000TR036362V,우리식당,30,11,N,2,,5,3,4,
2309090004,f_f014097,3,동남해 농협 하나로마트 삼동점,2023-09-09,2023-09-09,경남 남해군 삼동면 동부대로 1875,경남 남해군 삼동면 지족리 291,127.9996506,34.8316576,,,POI01000000BSLFIH,동남해농협하나로마트삼동점,30,4,N,9,,3,1,1,
2309090005,f_f014097,4,생성,2023-09-09,2023-09-09,경남 남해군 삼동면 죽방로 24,경남 남해군 삼동면 지족리 291-12,127.9993192,34.8326356,,,POI02001TR014743V,샘성,30,11,N,2,,5,4,4,
2309090006,f_f014097,5,아마도 책방,2023-09-09,2023-09-09,경남 남해군 삼동면 동부대로1876번길 19,경남 남해군 삼동면 지족리 238-5,128.00193,34.8314009,,,POI01000000D7YPZ2,아마도책방,30,10,N,2,,3,3,2,
2309090007,f_f014097,6,남해 독일마을,2023-09-09,2023-09-09,,경남 남해군 삼동면 물건리 1154-1,128.0386942,34.8003976,,,POI01000TR009601V,남해독일마을,30,8,N,1,,5,4,4,
2309090008,f_f014097,7,상주은모래비치,2023-09-09,2023-09-09,,경남 남해군 상주면 상주리 1136-1,127.9887668,34.7206365,,,POI01000TR016729V,상주은모래비치,30,1,N,2,,5,5,5,
2309100001,f_f014097,15,더 퍼스트 웰가 시티 오피스텔,2023-09-10,2023-09-11,경남 진주시 진주역로 116,경남 진주시 가좌동 2064-1,128.116444,35.1519139,,,POI03000TR024909V,더퍼스트웰가시티오피스텔,360,22,,,,,,,
2309100002,f_f014097,9,램스 하우스,2023-09-10,2023-09-10,경남 남해군 삼동면 동부대로 1078,경남 남해군 삼동면 물건리 373,128.0465958,34.7954788,,,POI02001TR008873V,램스하우스,30,11,N,2,,5,4,4,
2309100003,f_f014097,10,돌창고,2023-09-10,2023-09-10,경남 남해군 삼동면 봉화로 538-1,경남 남해군 삼동면 영지리 1197-8,127.9817184,34.8095237,,,POI01000TR022002V,돌창고,30,11,N,9,,5,5,5,
2309100004,f_f014097,11,B급 상점,2023-09-10,2023-09-10,경남 남해군 남면 남면로66번길 41,경남 남해군 남면 석교리 765-1,127.9000383,34.7642482,,,POI01000TR027612V,B급상점,30,10,N,2,,3,2,2,
2309100005,f_f014097,12,다랭이마을 전망대,2023-09-10,2023-09-10,,경남 남해군 남면 홍현리 산 312-4,127.8926304,34.7254532,,,POI01000TR023408V,다랭이마을 전망대,30,1,N,1,,5,5,5,
2309100006,f_f014097,13,사촌해수욕장,2023-09-10,2023-09-10,경남 남해군 남면 남면로1229번길 44,경남 남해군 남면 임포리 1173-1,127.855931,34.7435532,,,POI01000TR038509V,사촌해수욕장,30,1,N,5,,5,5,5,
2309100007,f_f014097,14,카페톨,2023-09-10,2023-09-10,경남 남해군 남면 남면로679번길 17-27,경남 남해군 남면 홍현리 918-12,127.8949705,34.7268169,,,POI01000TR035361V,카페톨,30,11,N,2,,5,3,5,
2309020001,f_f014104,1,집,2023-09-02,2023-09-02,완월화인아파트,,,,,,,,,21,,,,,,,4812512800
2309020002,f_f014104,2,풀 마트 배둔 점,2023-09-02,2023-09-02,경남 고성군 회화면 배둔로 6,경남 고성군 회화면 배둔리 829-35,128.3670086,35.0559298,,,POI01000000C8HR5T,풀마트 배둔점,30,10,N,8,,3,4,4,
2309020003,f_f014104,3,해해해 캠핑장,2023-09-02,2023-09-02,경남 고성군 거류면 화당로 379,경남 고성군 거류면 화당리 산 8,128.4405321,34.9803841,,,POI03000TR021195V,해해해캠핑장,840,24,N,2,5,4,4,4,
2309020004,f_f014104,4,엄홍길 전시관,2023-09-02,2023-09-02,경남 고성군 거류면 거류로 335,경남 고성군 거류면 송산리 276,128.3868605,34.9726126,,,POI010000006VL2O8,엄홍길전시관,30,3,N,1,,5,4,4,
2309020005,f_f014104,5,해해해 캠핑장,2023-09-02,2023-09-02,경남 고성군 거류면 화당로 379,경남 고성군 거류면 화당리 산 8,128.4405321,34.9803841,,,POI03000TR021195V,해해해캠핑장,90,24,N,7,5,4,4,4,
2309020006,f_f014104,6,해해해 캠핑장,2023-09-02,2023-09-02,경남 고성군 거류면 화당로 379,경남 고성군 거류면 화당리 산 8,128.4405321,34.9803841,,,POI03000TR021195V,해해해캠핑장,60,13,N,10,,5,5,5,
2309020007,f_f014104,7,해해해 캠핑장,2023-09-02,2023-09-02,경남 고성군 거류면 화당로 379,경남 고성군 거류면 화당리 산 8,128.4405321,34.9803841,,,POI03000TR021195V,해해해캠핑장,30,24,Y,11,5,5,5,5,
2309020008,f_f014104,8,해해해 캠핑장,2023-09-02,2023-09-03,경남 고성군 거류면 화당로 379,경남 고성군 거류면 화당리 산 8,128.4405321,34.9803841,,,POI03000TR021195V,해해해캠핑장,210,24,N,2,5,5,5,5,
2309030001,f_f014104,9,고성 당항만 둘레길,2023-09-03,2023-09-03,당항리,,,,,,,,30,7,N,2,,5,5,5,4882040000
2309030002,f_f014104,10,디저트 39 고성점,2023-09-03,2023-09-03,경남 고성군 회화면 회진로 517,경남 고성군 회화면 봉동리 142-2,128.4083948,35.0586576,,,POI01000000EGJCO9,디저트39 고성점,30,11,Y,4,,5,5,5,
2309030003,f_f014104,11,집,2023-09-03,2023-09-04,완월화인아파트,,,,,,,,660,21,,,,,,,4812512800
2309020001,f_f014131,1,집,2023-09-02,2023-09-02,서울 서대문구 수색로 100,,,,3005054,1141011900,,,,21,,,,,,,
2309020002,f_f014131,2,치악산국립공원 구룡사,2023-09-02,2023-09-02,학곡리 1016,,,,,,,,60,2,Y,4,,5,5,5,4213031000
2309020003,f_f014131,3,솔밭 상회,2023-09-02,2023-09-02,학곡리 구룡사로 437,,,,,,,,60,11,Y,4,,5,5,5,4213031000
2309020004,f_f014131,4,청옥산 육백마지기 농장,2023-09-02,2023-09-02,,강원특별자치도 평창군 미탄면 회동리 1-58,128.5126928,37.4010263,,,POI03000TR021201V,청옥산 육백마지기농장,60,1,N,5,,5,5,5,
2309020005,f_f014131,5,여량농협 나전 지점,2023-09-02,2023-09-02,강원특별자치도 정선군 북평면 북평중앙로 53,강원특별자치도 정선군 북평면 북평리 690-2,128.6659318,37.4489264,,,POI010000007FTEJ8,여량농협나전지점입구,30,4,Y,4,,3,3,3,
2309020007,f_f014131,6,한국가스공사 정선 연수원,2023-09-02,2023-09-03,강원특별자치도 정선군 북평면 송석길 287-14,강원특별자치도 정선군 북평면 남평리 563-1,128.665807,37.4384064,,,POI010000009G83MI,한국가스공사정선연수원,450,24,Y,4,4,5,5,5,
2309030001,f_f014131,7,아우라지,2023-09-03,2023-09-03,강원특별자치도 정선군 여량면 아우라지길 69,강원특별자치도 정선군 여량면 여량리 186-1,128.7225764,37.4765594,,,POI01000000B55OBG,아우라지,90,1,Y,4,,4,4,4,
2309030002,f_f014131,8,양평 휴게 주유소 서울 방향,2023-09-03,2023-09-03,경기 양평군 양동면 여양3로 384-27,경기 양평군 양동면 단석리 산 166-3,127.7221178,37.3984625,,,POI01000TR009962V,양평휴게주유소 서울방향,30,9,N,9,,3,3,3,
2309030003,f_f014131,9,이병태 함흥냉면,2023-09-03,2023-09-03,서울 은평구 서오릉로 12,서울 은평구 녹번동 83-26,126.9267624,37.6025422,,,POI01000000CZN5LK,이병태함흥냉면,60,11,N,5,,4,4,4,
2309030004,f_f014131,10,집,2023-09-03,2023-09-04,서울 서대문구 수색로 100,,,,3005054,1141011900,,,420,21,,,,,,,
2308290001,f_f014134,1,친구 친지 집,2023-08-29,2023-08-29,서울역,,,,,,,,,22,,,,,,,1117010700
2308290002,f_f014134,2,부산역,2023-08-29,2023-08-29,부산 동구 중앙대로 206,부산 동구 초량동 1187-1,129.0414192,35.1151092,,,POI01000TR040141V,부산역,0,9,Y,6,,4,5,5,
2308290003,f_f014134,3,광안리해수욕장,2023-08-29,2023-08-29,부산 수영구 광안해변로 219,부산 수영구 광안동 192-20,129.1189761,35.1531933,,,POI01000TR030726V,광안리해수욕장,30,1,Y,1,,4,4,5,
2308290004,f_f014134,4,극동 돼지국밥 광안점,2023-08-29,2023-08-29,부산 수영구 광안해변로 153,부산 수영구 광안동 204-13,129.1144923,35.1485956,,,POI03000TR010904V,극동돼지국밥 광안점,60,11,N,2,,4,3,4,
2308290005,f_f014134,5,광안리해수욕장,2023-08-29,2023-08-29,부산 수영구 광안해변로 219,부산 수영구 광안동 192-20,129.1189761,35.1531933,,,POI01000TR030726V,광안리해수욕장,30,1,Y,1,,5,4,5,
2308290006,f_f014134,6,부산 샌드,2023-08-29,2023-08-29,우동1로 13-29 1층,,,,,,,,30,11,N,2,,5,4,4,2635010500
2308290007,f_f014134,7,해운대해수욕장,2023-08-29,2023-08-29,,부산 해운대구 우동,129.1598547,35.1585232,,,POI01000TR008098V,해운대해수욕장,60,1,Y,1,,4,4,4,
2308290008,f_f014134,8,부산역,2023-08-29,2023-08-29,부산 동구 중앙대로 206,부산 동구 초량동 1187-1,129.0414192,35.1151092,,,POI01000TR040141V,부산역,30,9,Y,6,,4,4,3,
2308290009,f_f014134,9,CGV 의정부,2023-08-29,2023-08-30,경기 의정부시 평화로 525,경기 의정부시 의정부동 168-54,127.0457309,37.7380698,,,POI03000TR018925V,CGV 의정부,60,23,,,,,,,
2309010001,f_f014140,1,집,2023-09-01,2023-09-01,약수제일아파트,,,,,,,,,21,,,,,,,3120010300
2309010002,f_f014140,2,부평 깡통시장,2023-09-01,2023-09-01,,부산 중구 부평동2가 82,129.0258803,35.1021146,,,POI01000TR043138V,부평깡통시장,30,4,N,1,,4,5,5,
2309010003,f_f014140,3,남포동 먹자골목,2023-09-01,2023-09-01,,부산 중구 신창동1가 42,129.0304249,35.1010725,,,POI02001TR005515V,남포동먹자골목,30,11,Y,4,,4,4,4,
2309010004,f_f014140,4,올리브영 광복 타운 점,2023-09-01,2023-09-01,부산 중구 비프광장로 36,부산 중구 남포동5가 18-1,129.028833,35.0986948,,,POI010000006UO38V,올리브영 광복타운점,30,4,N,9,,5,5,5,
2309010006,f_f014140,5,놀 게스트하우스,2023-09-01,2023-09-02,부산 중구 광복로 21-3,부산 중구 부평동1가 36-11,129.0275613,35.0995019,,,POI01000000DA2E10,놀게스트하우스,90,24,N,8,7,3,3,3,
2309020001,f_f014140,6,이재모 피자 본점,2023-09-02,2023-09-02,부산 중구 광복중앙로 31,부산 중구 신창동1가 2-1,129.0307472,35.1020422,,,POI01000TR017088V,이재모피자,90,11,Y,4,,5,5,5,
2309020002,f_f014140,7,피카,2023-09-02,2023-09-02,부산 중구 광복중앙로 32,부산 중구 대청동2가 32-2,129.0310195,35.1020583,,,POI01000000DF5QM5,피카(FIKA),30,4,N,9,,5,5,5,
2309020003,f_f014140,8,가진 혼수,2023-09-02,2023-09-02,부산 중구 광복로35번길 25-3,부산 중구 신창동3가 33-3,129.0286979,35.1016529,,,POI03000TR021206V,가진혼수,30,4,N,9,,5,5,5,
2309020004,f_f014140,10,유동 커피 남포점,2023-09-02,2023-09-02,부산 중구 광복로55번길 8,부산 중구 창선동1가 6-1,129.0307932,35.0998299,,,POI03000TR021207V,유동커피 남포점,60,11,N,8,,5,5,5,
2309020005,f_f014140,11,부평 공영주차장,2023-09-02,2023-09-02,부산 중구 중구로33번길 32,부산 중구 부평동2가 18-2,129.0261854,35.1011506,,,POI01000000BSLL16,부평공영주차장,30,9,N,6,,4,4,4,
2309020006,f_f014140,12,두원 주차장,2023-09-02,2023-09-02,부산 부산진구 전포대로189번길 12,부산 부산진구 전포동 694-2,129.0644363,35.1537279,,,POI01000000EAECHR,두원주차장,0,9,N,6,,5,5,5,
2309020007,f_f014140,13,서면 지하상가,2023-09-02,2023-09-02,부산 부산진구 중앙대로 737,부산 부산진구 부전동 573-1,129.0591061,35.1576973,,,POI01000TR032839V,서면지하상가,60,4,Y,8,,5,5,5,
2309020008,f_f014140,9,쥬디스태화,2023-09-02,2023-09-02,부산 부산진구 중앙대로 694,부산 부산진구 부전동 193-1,129.0596238,35.154729,,,POI0100000084YCK2,쥬디스태화본관,30,4,Y,4,,5,5,5,
2309020009,f_f014140,14,코엔 클로,2023-09-02,2023-09-02,부산 부산진구 중앙대로702번길 50,부산 부산진구 부전동 169-2,129.0618585,35.1552371,,,POI03000TR013785V,코앤클로,30,4,Y,8,,5,5,5,
2309020010,f_f014140,15,롯데 프리미엄 아웃렛 동부산점,2023-09-02,2023-09-02,부산 기장군 기장읍 기장해안로 147,부산 기장군 기장읍 당사리 524,129.2125445,35.1916608,,,POI01000TR034815V,롯데프리미엄아울렛 동부산점,120,4,Y,4,,5,5,5,
2309020011,f_f014140,16,경주시 외동읍 녹동원길24,2023-09-02,2023-09-02,녹동원길24,,,,,,,,30,22,Y,7,,,,,4713025924
2309020012,f_f014140,17,집,2023-09-02,2023-09-03,약수제일아파트,,,,,,,,120,21,,,,,,,3120010300
2308300001,f_f014163,1,집,2023-08-30,2023-08-30,숙명여대,,,,,,,,,21,,,,,,,11170
2308300002,f_f014163,2,서울역,2023-08-30,2023-08-30,서울 용산구 한강대로 405,서울 용산구 동자동 43-205,126.9706069,37.5546788,,,POI01000TR030428V,서울역,0,9,Y,11,,5,5,5,
2308300003,f_f014163,3,강릉역,2023-08-30,2023-08-30,강원특별자치도 강릉시 용지로 176,강원특별자치도 강릉시 교동 118,128.8996276,37.7645236,,,POI0100000075Y1PW,강릉역,0,9,N,6,,5,5,5,
2308300004,f_f014163,4,아카펠라 게스트하우스,2023-08-30,2023-08-30,강원특별자치도 강릉시 동부시장3길 7,강원특별자치도 강릉시 옥천동 288-2,128.9003408,37.7585197,,,POI01000TR016506V,아카펠라 게스트하우스,30,24,N,8,7,5,5,5,
2308300005,f_f014163,5,강문해변,2023-08-30,2023-08-30,,강원특별자치도 강릉시 강문동 182-1,128.9191753,37.7948207,,,POI01000TR024661V,강문해변,30,1,N,5,,5,5,5,
2308300006,f_f014163,6,송정해변,2023-08-30,2023-08-30,,강원특별자치도 강릉시 송정동 산 1-4,128.9377962,37.7798287,,,POI01000TR040808V,송정해변,0,1,N,9,,5,5,5,
2308300007,f_f014163,11,아카펠라 게스트하우스,2023-08-30,2023-08-31,강원특별자치도 강릉시 동부시장3길 7,강원특별자치도 강릉시 옥천동 288-2,128.9003408,37.7585197,,,POI01000TR016506V,아카펠라 게스트하우스,240,24,N,8,7,5,5,5,
2308300008,f_f014163,7,안목 해변,2023-08-30,2023-08-30,강원특별자치도 강릉시 창해로14번길 51-26,강원특별자치도 강릉시 견소동 286-10,128.9482754,37.7722618,,,POI01000TR042380V,안목해변,30,1,N,6,,5,5,5,
2308300009,f_f014163,8,강릉에 컷,2023-08-30,2023-08-30,강원특별자치도 강릉시 창해로14번길 26,강원특별자치도 강릉시 견소동 287-80,128.9476829,37.7722571,,,POI01000TR018007V,강릉네컷,0,10,N,9,,5,5,5,
2308300010,f_f014163,9,한 끼 밥집,2023-08-30,2023-08-30,강원특별자치도 강릉시 창해로14번길 22-1,강원특별자치도 강릉시 견소동 287-76,128.947393,37.7724556,,,POI01000000CXGVEU,한끼밥집,60,11,N,9,,5,5,5,
2308300011,f_f014163,10,순두부 젤라또 2호점,2023-08-30,2023-08-30,강원특별자치도 강릉시 경강로 2642,강원특별자치도 강릉시 견소동 190-82,128.9471035,37.7713695,,,POI01000000CWUWRL,순두부젤라또 2호점,30,11,N,2,,5,5,5,
2308310001,f_f014163,12,강릉 땅 커피콩 빵 안목 해변점,2023-08-31,2023-08-31,강원특별자치도 강릉시 창해로14번길 6,강원특별자치도 강릉시 견소동 287,128.9460121,37.773373,,,POI01000TR027894V,강릉당커피콩빵 안목해변점,0,1,N,9,,5,5,5,
2308310002,f_f014163,13,안목 해변,2023-08-31,2023-08-31,강원특별자치도 강릉시 창해로14번길 51-26,강원특별자치도 강릉시 견소동 286-10,128.9482754,37.7722618,,,POI01000TR042380V,안목해변,30,1,Y,4,,5,5,5,
2308310003,f_f014163,14,발리 코코넛,2023-08-31,2023-08-31,강원특별자치도 강릉시 창해로14번길 14,강원특별자치도 강릉시 견소동 287-118,128.9466002,37.7730768,,,POI02000TR000981V,발리코코넛,30,11,N,9,,5,5,5,
2308310004,f_f014163,15,강릉역,2023-08-31,2023-08-31,강원특별자치도 강릉시 용지로 176,강원특별자치도 강릉시 교동 118,128.8996276,37.7645236,,,POI0100000075Y1PW,강릉역,0,9,Y,6,,5,5,5,
2308310005,f_f014163,16,디지털미디어시티역 공항철도,2023-08-31,2023-09-01,서울 마포구 성암로 지하 184,서울 마포구 상암동 1140,126.8978819,37.5775209,,,POI01000TR027373V,디지털미디어시티역 공항철도,600,21,,,,,,,
2308290001,f_f014170,1,집,2023-08-29,2023-08-29,충북 청주시 청원구 수암로66번길 48-2,충북 청주시 청원구 우암동 5-10,,,4508400,4311410100,,,,21,,,,,,,
2308290002,f_f014170,2,강릉 고속버스터미널,2023-08-29,2023-08-29,강원특별자치도 강릉시 하슬라로 15,강원특별자치도 강릉시 홍제동 992-2,128.8798149,37.754669,,,POI01000TR017270V,강릉고속버스터미널,0,9,N,6,,4,4,4,
2308290003,f_f014170,3,카페 동화,2023-08-29,2023-08-29,강원특별자치도 강릉시 초당순두부길77번길 15,강원특별자치도 강릉시 초당동 309-1,128.9146624,37.7911539,,,POI01000000ASHFA4,카페동화,120,11,N,2,,5,4,5,
2308290004,f_f014170,4,강릉 동화 가든 본점,2023-08-29,2023-08-29,강원특별자치도 강릉시 초당순두부길77번길 15,강원특별자치도 강릉시 초당동 309-1,128.91466,37.7911504,,,POI01000TR028300V,동화가든 본점,30,11,N,1,,5,5,5,
2308290005,f_f014170,5,경포해수욕장,2023-08-29,2023-08-29,강원특별자치도 강릉시 창해로 514,강원특별자치도 강릉시 강문동 산 1,128.9102102,37.8034055,,,POI01000TR027006V,경포해수욕장,30,1,N,1,,4,5,4,
2308290006,f_f014170,6,무지 개운 게스트하우스,2023-08-29,2023-08-30,강원특별자치도 강릉시 창해로 461,강원특별자치도 강릉시 강문동 260-26,128.910972,37.8017716,,,POI03000TR018930V,무지개운게스트하우스,540,24,N,8,7,1,1,1,
2308300001,f_f014170,8,집,2023-08-30,2023-08-31,충북 청주시 청원구 수암로66번길 48-2,충북 청주시 청원구 우암동 5-10,,,4508400,4311410100,,,810,21,,,,,,,
2308300002,f_f014170,7,CU 강릉 터미널점,2023-08-30,2023-08-30,강원특별자치도 강릉시 하슬라로 22,강원특별자치도 강릉시 홍제동 990-6,128.879438,37.7552011,,,POI01000000DZ1E8V,CU강릉터미널점,30,9,N,9,,4,4,4,
2308290001,f_f014175,1,집,2023-08-29,2023-08-29,웰빙타운로 19 광교한양수자인 8203동,,,,,,,,,21,,,,,,,4111710300
2308290002,f_f014175,2,광교역 신분당선,2023-08-29,2023-08-29,경기 수원시 영통구 대학로 55,경기 수원시 영통구 이의동 740-1,127.0442689,37.3021119,,,POI03000TR018932V,광교역 신분당선,0,9,Y,6,,5,5,5,
2308290003,f_f014175,3,서울고속버스터미널(경부),2023-08-29,2023-08-29,서울 서초구 신반포로 194,서울 서초구 반포동 19-4,127.0069895,37.5060751,,,POI01000TR020748V,서울고속버스터미널(경부),30,9,Y,6,,5,5,5,
2308290004,f_f014175,4,속초 고속버스터미널,2023-08-29,2023-08-29,강원특별자치도 속초시 동해대로 3988,강원특별자치도 속초시 조양동 1418,128.598776,38.1904606,,,POI010000009G7YA0,속초고속버스터미널,30,9,N,6,,5,5,5,
2308290005,f_f014175,5,대청마루,2023-08-29,2023-08-29,강원특별자치도 속초시 관광로 430,강원특별자치도 속초시 노학동 980-52,128.5367666,38.1980593,,,POI01000TR005348V,대청마루,30,11,N,2,,3,3,3,
2308290006,f_f014175,6,속초 아이,2023-08-29,2023-08-29,강원특별자치도 속초시 청호해안길 2,강원특별자치도 속초시 조양동 1450-143,128.6026902,38.1907387,,,POI01000TR019981V,속초아이,30,6,N,1,,5,4,5,
2308290007,f_f014175,7,속초해수욕장,2023-08-29,2023-08-29,강원특별자치도 속초시 해오름로 186,강원특별자치도 속초시 조양동 1464-7,128.6040985,38.1900529,,,POI01000TR017253V,속초해수욕장,30,1,N,1,,5,5,5,
2308290008,f_f014175,8,외옹치 바다 향기로,2023-08-29,2023-08-29,,강원특별자치도 속초시 대포동 585-5,128.6094426,38.1829047,,,POI01000TR011472V,외옹치 바다향기로,30,7,N,2,,5,4,4,
2308290009,f_f014175,9,에이 플레이스,2023-08-29,2023-08-29,강원특별자치도 속초시 청호해안길 31,강원특별자치도 속초시 조양동 1450-26,128.6017872,38.1928662,,,POI01000000CMQW1H,에이플레이스,60,4,N,2,,4,3,3,
2308290010,f_f014175,10,속초 마리나베이,2023-08-29,2023-08-29,강원특별자치도 속초시 청초호반로 28,강원특별자치도 속초시 조양동 1558-2,128.5919976,38.1907356,,,POI01000TR009409V,마리나베이 속초,180,24,N,8,1,4,4,4,
2308290011,f_f014175,11,흑돼지 삼백 식당 강원 속초점,2023-08-29,2023-08-29,강원특별자치도 속초시 청초호반로 77,강원특별자치도 속초시 조양동 1008-1,128.586077,38.1899338,,,POI02001TR034657V,흑돼지삼백식당 강원속초점,30,11,N,2,,5,5,5,
2308290012,f_f014175,12,만석닭강정 엑스포 본점,2023-08-29,2023-08-29,강원특별자치도 속초시 청초호반로 72,강원특별자치도 속초시 조양동 1549-2,128.5869155,38.1902828,,,POI01000000E03E6X,만석닭강정엑스포점,0,11,N,1,,5,4,5,
2308290013,f_f014175,13,청솔 당구,2023-08-29,2023-08-29,강원특별자치도 속초시 청초호반로 43,강원특별자치도 속초시 조양동 1022-7,128.5899579,38.1900498,,,POI01000000CJUQV6,청솔당구장,90,3,N,9,,4,3,4,
2308290014,f_f014175,14,GS25 속초 마리나베이점,2023-08-29,2023-08-29,강원특별자치도 속초시 청초호반로 28,강원특별자치도 속초시 조양동 1558-2,128.5920936,38.1907919,,,POI03000TR018938V,GS25 속초마리나베이점,0,10,N,7,,4,2,3,
2308290015,f_f014175,15,속초 마리나베이,2023-08-29,2023-08-30,강원특별자치도 속초시 청초호반로 28,강원특별자치도 속초시 조양동 1558-2,128.5919976,38.1907356,,,POI01000TR009409V,마리나베이 속초,930,24,N,8,1,5,4,4,
2308300001,f_f014175,16,집,2023-08-30,2023-08-31,웰빙타운로 19 광교한양수자인 8203동,,,,,,,,1290,21,,,,,,,4111710300
2309080001,f_f014452,1,집,2023-09-08,2023-09-08,,,,,,,,,,21,,,,,,,1123010600
2309080002,f_f014452,2,춘천 명물 닭갈비,2023-09-08,2023-09-08,강원특별자치도 춘천시 옛경춘로 813,강원특별자치도 춘천시 삼천동 37-85,127.7073843,37.8700208,,,POI01000000CMSSYC,춘천명물닭갈비,60,11,N,2,,5,4,4,
2309080003,f_f014452,3,레고랜드 코리아리조트,2023-09-08,2023-09-08,강원특별자치도 춘천시 하중도길 128,강원특별자치도 춘천시 중도동 603,127.6963934,37.8822417,,,POI01000TR001315V,레고랜드코리아리조트,510,6,Y,4,,5,5,4,
2309080004,f_f014452,4,집,2023-09-08,2023-09-09,,,,,,,,,60,21,,,,,,,1123010600
2309010001,f_f014901,1,집,2023-09-01,2023-09-01,울산 남구 월평로 272,울산 남구 삼산동 1461-3,,,3170046,3114010600,,,,21,,,,,,,
2309010002,f_f014901,6,집,2023-09-01,2023-09-02,울산 남구 월평로 272,울산 남구 삼산동 1461-3,,,3170046,3114010600,,,270,21,,,,,,,
2309010003,f_f014901,2,롯데 프리미엄 아웃렛 동부산점,2023-09-01,2023-09-01,부산 기장군 기장읍 기장해안로 147,부산 기장군 기장읍 당사리 524,129.2125445,35.1916608,,,POI01000TR034815V,롯데프리미엄아울렛 동부산점,210,4,Y,4,,5,5,5,
2309010004,f_f014901,3,한데 솥 기장점,2023-09-01,2023-09-01,부산 기장군 기장읍 기장해안로 128,부산 기장군 기장읍 시랑리 723,129.2134357,35.1899991,,,POI03000TR022812V,한다솥 기장점,30,11,N,2,,4,3,3,
2309010005,f_f014901,4,공극 샌드,2023-09-01,2023-09-01,부산 기장군 기장읍 공수해안길 41,부산 기장군 기장읍 시랑리 546-1,129.2131459,35.1845336,,,POI01000TR030104V,공극샌드,30,11,N,2,,5,5,5,
2309010006,f_f014901,5,이케아 동부산점,2023-09-01,2023-09-01,부산 기장군 기장읍 동부산관광3로 17,부산 기장군 기장읍 당사리 532,129.2104793,35.1907965,,,POI01000TR014886V,이케아 동부산점,120,4,Y,4,,5,5,5,
2309030001,f_f014972,1,집,2023-09-03,2023-09-03,회동교회,,,,,,,,,21,,,,,,,2641011200
2309030002,f_f014972,8,집,2023-09-03,2023-09-04,회동교회,,,,,,,,120,21,,,,,,,2641011200
2309030003,f_f014972,2,무나 정,2023-09-03,2023-09-03,경남 김해시 관동로27번길 4-17,경남 김해시 관동동 1059-4,128.8072225,35.1776152,,,POI03000TR024325V,무남정,30,11,N,1,,1,1,1,
2309030004,f_f014972,3,필로,2023-09-03,2023-09-03,경남 김해시 신안계곡1길 18,경남 김해시 관동동 777,128.7865775,35.1761768,,,POI03000TR024326V,필로,60,11,N,1,,5,5,5,
2309030005,f_f014972,4,율하 유적공원,2023-09-03,2023-09-03,,경남 김해시 율하동 1350-2,128.8149605,35.1715848,,,POI02000TR004235V,2001아울렛 구로점,30,1,N,1,,3,3,3,
2309030006,f_f014972,5,장이 대청 계곡,2023-09-03,2023-09-03,,경남 김해시 대청동 산 63-2,128.7759482,35.1850533,,,POI02001TR024976V,장유대청계곡,30,1,Y,4,,3,3,4,
2309030007,f_f014972,6,롯데 프리미엄 아웃렛 김해점,2023-09-03,2023-09-03,경남 김해시 장유로 469,경남 김해시 신문동 1414,128.8298036,35.1854878,,,POI01000TR001432V,롯데프리미엄아울렛 김해점,30,10,Y,9,,3,3,3,
2309030008,f_f014972,7,장유동 834-9 1층 장독계,2023-09-03,2023-09-03,장유동 834-9 1층,,,,,,,,60,11,N,2,,5,5,5,4825013200
2309090001,f_f015247,1,집,2023-09-09,2023-09-09,강원특별자치도 강릉시 경강로 2448,강원특별자치도 강릉시 송정동 1063,,,3000145,5115011400,,,,21,,,,,,,4215011400
2309090002,f_f015247,2,선자령,2023-09-09,2023-09-09,,강원특별자치도 평창군 대관령면 횡계리 산 1-134,128.7448731,37.722611,,,POI01000TR006419V,선자령,240,7,Y,4,,5,5,5,
2309090003,f_f015247,3,남경 식당,2023-09-09,2023-09-09,강원특별자치도 평창군 대관령면 대관령마루길 347,강원특별자치도 평창군 대관령면 횡계리 21-5,128.7411998,37.6852595,,,POI03000TR024338V,남경식당,30,11,N,2,,5,4,4,
2309090004,f_f015247,4,바람의 언덕,2023-09-09,2023-09-09,강원특별자치도 평창군 대관령면 경강로 5721,강원특별자치도 평창군 대관령면 횡계리 14-304,128.7539377,37.6843464,,,POI01000000BSEB1P,바람의언덕,30,11,N,9,,4,3,3,
2309090005,f_f015247,5,집,2023-09-09,2023-09-10,강원특별자치도 강릉시 경강로 2448,강원특별자치도 강릉시 송정동 1063,,,3000145,5115011400,,,420,21,,,,,,,
2309010001,f_f015250,1,집,2023-09-01,2023-09-01,오션빌아파트,,,,,,,,,21,,,,,,,4812910100
2309010002,f_f015250,2,클럽 디 오아시스,2023-09-01,2023-09-01,달맞이길 30 엘시티,,,,,,,,390,6,N,7,,5,3,5,2635010600
2309010003,f_f015250,3,신세계 센텀시티몰,2023-09-01,2023-09-01,부산 해운대구 센텀4로 15,부산 해운대구 우동 1493,129.1282305,35.1698843,,,POI01000TR034789V,신세계 센텀시티몰,120,4,N,7,,3,4,3,
2309010004,f_f015250,4,집,2023-09-01,2023-09-02,오션빌아파트,,,,,,,,900,21,,,,,,,4812910100
2309020001,f_f015285,1,집,2023-09-02,2023-09-02,새꽃로 109-6,,,,,,,,,21,,,,,,,4148010100
2309020002,f_f015285,2,춘천 우미 닭갈비 막국수,2023-09-02,2023-09-02,강원특별자치도 춘천시 시청길10번길 15,강원특별자치도 춘천시 조양동 47-8,127.7295288,37.8793275,,,POI010000008MU3E1,춘천우미닭갈비막국수,60,11,N,1,,2,1,1,
2309020003,f_f015285,3,춘천 중앙시장,2023-09-02,2023-09-02,강원특별자치도 춘천시 중앙로77번길 4-4,강원특별자치도 춘천시 중앙로2가 42-18,127.7253628,37.8781423,,,POI010000006CM055,춘천중앙시장,30,4,N,6,,3,2,2,
2309020004,f_f015285,4,제이드가든 수목원,2023-09-02,2023-09-02,강원특별자치도 춘천시 남산면 햇골길 80,강원특별자치도 춘천시 남산면 서천리 412,127.5419523,37.8328806,,,POI01000TR026775V,제이드가든수목원,90,1,N,3,,4,4,5,
2309020005,f_f015285,5,인필드,2023-09-02,2023-09-02,강원특별자치도 춘천시 동면 가락재로 40,강원특별자치도 춘천시 동면 감정리 736,127.778338,37.9016092,,,POI02001TR024530V,인필드,60,11,N,1,,5,5,5,
2309020006,f_f015285,6,소양강 스카이워크,2023-09-02,2023-09-02,,강원특별자치도 춘천시 근화동 8,127.7235629,37.8945801,,,POI01000TR036429V,소양강스카이워크,30,1,N,1,,4,3,4,
2309020007,f_f015285,7,당촌 닭발 본점,2023-09-02,2023-09-02,강원특별자치도 춘천시 삭주로 128,강원특별자치도 춘천시 후평동 711-29,127.7447656,37.8848538,,,POI03000TR021733V,땡촌닭발 본점,30,11,N,2,,5,5,5,
2309020008,f_f015285,8,집,2023-09-02,2023-09-03,새꽃로 109-6,,,,,,,,90,21,,,,,,,4148010100
2309090001,f_f015319,1,집,2023-09-09,2023-09-09,,,,,,,,,,21,,,,,,,3171025927
2309090002,f_f015319,2,아화 전통 국수 보문점,2023-09-09,2023-09-09,경북 경주시 북군길 25,경북 경주시 북군동 221,129.2634766,35.8525778,,,POI01000TR043494V,아화전통국수 보문점,60,11,N,1,,5,5,5,
2309090003,f_f015319,3,금장대,2023-09-09,2023-09-09,,경북 경주시 석장동 산 38-9,129.2010358,35.8607404,,,POI01000000BZBEID,금장대,60,1,N,1,,5,5,5,
2309090004,f_f015319,4,월정교,2023-09-09,2023-09-09,,경북 경주시 교동 274,129.2181213,35.8292995,,,POI01000TR017617V,월정교,30,2,Y,4,,5,5,5,
2309090005,f_f015319,5,벤자마스,2023-09-09,2023-09-09,경북 경주시 알천북로 369,경북 경주시 동천동 160-1,129.2381472,35.8436043,,,POI01000TR025883V,벤자마스,60,11,Y,4,,5,5,5,
2309090006,f_f015319,6,황련단길 전동스쿠터,2023-09-09,2023-09-09,포석로 1050번길 37-1,,,,,,,,90,5,N,11,,5,5,5,4713011000
2309090007,f_f015319,7,집,2023-09-09,2023-09-10,,,,,,,,,270,21,,,,,,,3171025927
2309080001,f_f015367,1,집,2023-09-08,2023-09-08,화진길 100  힐스테이트이스턴베이,,,,,,,,,21,,,,,,,3117010200
2309080002,f_f015367,2,경주월드,2023-09-08,2023-09-08,경북 경주시 보문로 544,경북 경주시 천군동 191-5,129.282066,35.8362526,,,POI01000TR021555V,경주월드,270,6,Y,4,,4,4,5,
2309080003,f_f015367,3,굿즈,2023-09-08,2023-09-08,첨성로99번길 23-8,,,,,,,,60,11,N,1,,2,2,2,4713011000
2309080004,f_f015367,4,황련단길,2023-09-08,2023-09-08,경북 경주시 태종로 746,경북 경주시 황남동 270-10,129.2096454,35.8393348,,,POI01000TR022576V,황리단길,30,4,Y,1,,5,5,5,
2309080005,f_f015367,5,대릉원,2023-09-08,2023-09-08,경북 경주시 계림로 9,경북 경주시 황남동 268-10,129.2123347,35.83815,,,POI01000TR032143V,대릉원,30,2,Y,4,,4,3,4,
2309080006,f_f015367,6,첨성대,2023-09-08,2023-09-08,,경북 경주시 인왕동 910-30,129.2190202,35.834718,,,POI01000TR003385V,첨성대,30,2,Y,4,,3,4,4,
2309080007,f_f015367,7,일레븐 체스터필드 웨이,2023-09-08,2023-09-08,화랑로37번길 30-1,,,,,,,,60,11,N,2,,5,5,5,4713010800
2309080008,f_f015367,8,집,2023-09-08,2023-09-09,화진길 100  힐스테이트이스턴베이,,,,,,,,210,21,,,,,,,3117010200
2309030001,f_f015409,1,집,2023-09-03,2023-09-03,,,,,,,,,,21,,,,,,,1123010300
2309030002,f_f015409,2,완도 회 식당,2023-09-03,2023-09-03,강원특별자치도 속초시 먹거리4길 21,강원특별자치도 속초시 교동 962-14,128.573005,38.1956227,,,POI010000008LVA4Y,완도회식당,30,11,N,2,,4,5,3,
2309030003,f_f015409,5,봉포 잠수부 집 본점,2023-09-03,2023-09-03,강원특별자치도 속초시 영랑해안길 223,강원특별자치도 속초시 영랑동 148-30,128.593279,38.2187309,,,POI01000TR024798V,봉포머구리집 본점,30,11,Y,4,,4,4,4,
2309030004,f_f015409,3,청초호,2023-09-03,2023-09-03,,강원특별자치도 속초시 청호동,128.5879493,38.1964737,,,POI01000TR035958V,청초호,0,1,Y,1,,4,3,4,
2309030005,f_f015409,6,봉 브레드,2023-09-03,2023-09-03,강원특별자치도 속초시 동해대로 4344-1,강원특별자치도 속초시 교동 799-173,128.5684677,38.2029116,,,POI010000008LT2BV,봉브레드,30,11,Y,1,,4,3,3,
2309030006,f_f015409,4,만석닭강정 시장 1호점,2023-09-03,2023-09-03,강원특별자치도 속초시 중앙로147번길 16,강원특별자치도 속초시 중앙동 471-4,128.5901798,38.2047139,,,POI01000TR001108V,만석닭강정 시장1호점,0,10,N,6,,4,3,3,
2309030007,f_f015409,7,마카오 박,2023-09-03,2023-09-03,강원특별자치도 속초시 중앙로129번길 4,강원특별자치도 속초시 중앙동 479-29,128.590296,38.2029692,,,POI01000000CYWSMG,마카오박,30,10,N,2,,5,5,5,
2309030008,f_f015409,8,개 배 선착장,2023-09-03,2023-09-03,,강원특별자치도 속초시 청호동,128.592264,38.202966,,,POI01000TR007736V,갯배선착장,30,7,N,1,,4,2,4,
2309030009,f_f015409,9,대포 1공영주차장,2023-09-03,2023-09-03,,강원특별자치도 속초시 대포동 993-1,128.6089584,38.1751103,,,POI03000TR022861V,대포 1공영주차장,60,9,N,2,,3,3,4,
2309030010,f_f015409,10,소연이네 조개구이,2023-09-03,2023-09-03,강원특별자치도 속초시 대포항희망길 53,강원특별자치도 속초시 대포동 964-13,128.6059092,38.1732846,,,POI01000TR002279V,소연이네조개구이,30,11,N,2,,3,2,3,
2309030011,f_f015409,11,가평휴게소 서울 방향,2023-09-03,2023-09-03,경기 가평군 설악면 미사리로 544,경기 가평군 설악면 미사리 145,127.5435148,37.7016169,,,POI01000TR001197V,가평휴게소 서울방향,30,9,N,9,,4,3,5,
2309030012,f_f015409,12,집,2023-09-03,2023-09-04,,,,,,,,,330,21,,,,,,,1123010300
2309230001,f_f015410,1,집,2023-09-23,2023-09-23,복천현대아파트,,,,,,,,,21,,,,,,,2626010500
2309230002,f_f015410,2,경기 식당,2023-09-23,2023-09-23,경남 양산시 하북면 신평강변로 86,경남 양산시 하북면 순지리 537-2,129.0814097,35.4934578,,,POI010000006T6V73,경기식당,60,11,Y,4,,5,4,5,
2309230003,f_f015410,3,백지헌 통도사점,2023-09-23,2023-09-23,경남 양산시 하북면 통도사로 77,경남 양산시 하북면 지산리 4-6,129.08157,35.493647,,,POI03000TR027168V,백비헌 통도사점,0,11,N,9,,5,5,5,
2309230004,f_f015410,4,통도사,2023-09-23,2023-09-23,경남 양산시 하북면 통도사로 108,경남 양산시 하북면 지산리 583,129.0646834,35.4882846,,,POI01000TR043045V,통도사,270,2,N,5,,5,5,5,
2309230005,f_f015410,5,통도사,2023-09-23,2023-09-23,경남 양산시 하북면 통도사로 108,경남 양산시 하북면 지산리 583,129.0646834,35.4882846,,,POI01000TR043045V,통도사,30,2,N,5,,5,2,5,
2309230006,f_f015410,6,집,2023-09-23,2023-09-24,복천현대아파트,,,,,,,,270,21,,,,,,,2626010500
2309100001,f_f015448,2,금강소나무 숲길 가족 탐방로,2023-09-10,2023-09-10,경북 울진군 금강송면 대광천길 83,경북 울진군 금강송면 소광리 150-1,129.2166471,37.0214817,,,POI03000TR024938V,금강소나무숲길 가족탐방로,180,7,N,5,,5,5,5,
2309100002,f_f015448,1,집,2023-09-10,2023-09-10,한일유앤아이,,,,,,,,,21,,,,,,,2726011500
2309100003,f_f015448,4,집,2023-09-10,2023-09-11,한일유앤아이,,,,,,,,240,21,,,,,,,2726011500
2309100004,f_f015448,3,등 계산 스카이워크,2023-09-10,2023-09-10,,경북 울진군 후포면 후포리 산 141-1,129.4648572,36.6802419,,,POI01000TR016797V,등기산스카이워크,120,1,Y,1,,5,5,5,
2309020001,f_f015477,1,집,2023-09-02,2023-09-02,송파대로345,,,,,,,,,21,,,,,,,1171010700
2309020002,f_f015477,6,집,2023-09-02,2023-09-03,송파대로345,,,,,,,,180,21,,,,,,,1171010700
2309020003,f_f015477,2,뮤지엄 산 명상과,2023-09-02,2023-09-02,오크밸리 2길 260 뮤지엄산,,127.8237131,37.4153533,,,POI01000TR033999V,뮤지엄산,60,13,N,5,,3,2,2,4213033000
2309020004,f_f015477,3,뮤지엄 산,2023-09-02,2023-09-02,강원특별자치도 원주시 지정면 오크밸리2길 260,강원특별자치도 원주시 지정면 월송리 999-13,127.8237131,37.4153533,,,POI01000TR033999V,뮤지엄산,120,3,N,1,,4,3,4,
2309020005,f_f015477,4,카페테라스,2023-09-02,2023-09-02,강원특별자치도 원주시 지정면 오크밸리2길 260,강원특별자치도 원주시 지정면 월송리 999-13,127.8236912,37.4154193,,,POI01000000BXSD1A,카페테라스,60,11,N,9,,2,2,2,
2309020006,f_f015477,5,월송리 경양식,2023-09-02,2023-09-02,강원특별자치도 원주시 지정면 월송석화로 503,강원특별자치도 원주시 지정면 월송리 921-6,127.8401814,37.4067609,,,POI010000007T15CE,월송리경양식,60,11,N,2,,4,3,4,
2309170001,f_f015529,1,집,2023-09-17,2023-09-17,센텀동로9,,,,,,,,,21,,,,,,,2635010500
2309170002,f_f015529,6,집,2023-09-17,2023-09-18,센텀동로9,,,,,,,,480,21,,,,,,,2635010500
2309170003,f_f015529,2,통도사,2023-09-17,2023-09-17,경남 양산시 하북면 통도사로 108,경남 양산시 하북면 지산리 583,129.0646834,35.4882846,,,POI01000TR043045V,통도사,60,2,Y,4,,4,4,4,
2309170004,f_f015529,3,토곡 정원,2023-09-17,2023-09-17,경남 양산시 하북면 충렬로 1701-34,경남 양산시 하북면 초산리 160-4,129.0816523,35.4844966,,,POI01000TR005155V,토곡정원,30,11,N,2,,4,3,3,
2309170005,f_f015529,4,양산시립 박물관 아우름,2023-09-17,2023-09-17,경남 양산시 북정로 78,경남 양산시 북정동 678,129.0490459,35.3586227,,,POI010000006T5033,양산시립박물관 아우름,60,2,N,10,,5,4,4,
2309170006,f_f015529,5,황산공원,2023-09-17,2023-09-17,,경남 양산시 물금읍 증산리 1141,128.9931836,35.2971976,,,POI01000TR015470V,황산공원,30,7,N,2,,2,1,1,
2309140001,f_f015600,1,집,2023-09-14,2023-09-14,어반타워,,,,,,,,,21,,,,,,,4615011100
2309140002,f_f015600,6,집,2023-09-14,2023-09-15,어반타워,,,,,,,,480,21,,,,,,,4615011100
2309140003,f_f015600,2,쌍계사,2023-09-14,2023-09-14,경남 하동군 화개면 쌍계사길 59,경남 하동군 화개면 운수리 208,127.6498434,35.2328443,,,POI01000TR014295V,쌍계사,60,2,N,5,,5,5,5,
2309140004,f_f015600,3,고 하버 거,2023-09-14,2023-09-14,경남 하동군 고전면 하동읍성로 571,경남 하동군 고전면 고하리 693-9,127.832908,35.0237389,,,POI01000000DPCQPP,고하버거,30,11,N,2,,4,4,4,
2309140005,f_f015600,4,하동읍성,2023-09-14,2023-09-14,,경남 하동군 고전면 고하리 산 151,127.8294226,35.0266723,,,POI01000TR021260V,하동읍성,30,2,N,2,,3,2,2,
2309140006,f_f015600,5,이병주 문학관,2023-09-14,2023-09-14,경남 하동군 북천면 이명골길 14-28,경남 하동군 북천면 직전리 231,127.8941558,35.0971334,,,POI01000000BYO8MN,이병주문학관,30,3,N,9,,3,4,4,
2309090001,f_f015610,1,집,2023-09-09,2023-09-09,대학로 13길 63,,,,,,,,,21,,,,,,,2723011100
2309090002,f_f015610,13,집,2023-09-09,2023-09-10,대학로 13길 63,,,,,,,,90,21,,,,,,,2723011100
2309090003,f_f015610,2,스타벅스 대구 침산 DT 점,2023-09-09,2023-09-09,대구 북구 침산로 126,대구 북구 침산동 245-1,128.5918751,35.8874661,,,POI01000TR020128V,스타벅스 대구침산DT점,0,4,Y,6,,5,4,4,
2309090004,f_f015610,3,채가 네 들깨 국수,2023-09-09,2023-09-09,경북 문경시 문경읍 온천1길 7,경북 문경시 문경읍 하리 353-4,128.1120234,36.7321247,,,POI03000TR025403V,채가네들깨국수,60,11,N,2,,5,4,5,
2309090005,f_f015610,4,도심,2023-09-09,2023-09-09,경북 문경시 문경읍 새재로 920-1,경북 문경시 문경읍 상초리 288-16,128.0770806,36.7606767,,,POI01000000DPDSSV,됴심,30,1,N,2,,4,2,4,
2309090006,f_f015610,5,옛길 박물관,2023-09-09,2023-09-09,경북 문경시 문경읍 새재로 944,경북 문경시 문경읍 상초리 244,128.0764105,36.7630562,,,POI01000000BUCOJK,옛길박물관,30,3,N,10,,3,2,4,
2309090007,f_f015610,6,문경 생태 미로공원,2023-09-09,2023-09-09,,경북 문경시 문경읍 상초리 220,128.0748174,36.7644583,,,POI01000TR016361V,문경생태미로공원,30,7,N,9,,4,4,4,
2309090008,f_f015610,7,문경새재 오픈세트장,2023-09-09,2023-09-09,경북 문경시 문경읍 새재로 1037,경북 문경시 문경읍 상초리 522-5,128.074072,36.7713997,,,POI01000TR008323V,문경새재오픈세트장,90,2,N,1,,4,4,5,
2309090009,f_f015610,8,문경시 농특산물 직판장,2023-09-09,2023-09-09,경북 문경시 문경읍 새재로 935,경북 문경시 문경읍 상초리 347-5,128.0760895,36.7618841,,,POI03000TR025406V,문경시농특산물직판장,0,10,N,9,,4,4,4,
2309090010,f_f015610,9,불정역 (폐역),2023-09-09,2023-09-09,경북 문경시 불정강변길 187,경북 문경시 불정동 418,128.141062,36.6553231,,,POI01000TR016082V,불정역 (폐역),30,9,N,1,,4,4,4,
2309090011,f_f015610,10,명주 정원,2023-09-09,2023-09-09,경북 상주시 함창읍 새잼이길 7,경북 상주시 함창읍 교촌리 20-2,128.1655845,36.5767163,,,POI01000TR022011V,명주정원,30,11,N,1,,5,5,5,
2309090012,f_f015610,11,이마트 칠성점,2023-09-09,2023-09-09,대구 북구 침산로 93,대구 북구 칠성동2가 20-1,128.5898275,35.8851962,,,POI01000000E67BYW,이마트칠성점,30,11,Y,6,,4,5,2,
2309090013,f_f015610,12,고인돌,2023-09-09,2023-09-09,대구 동구 아양로9길 5,대구 동구 신암동 596-4,128.6187802,35.8826836,,,POI01000TR005685V,고인돌,30,11,N,3,,4,5,5,
2309150001,f_f015615,1,집,2023-09-15,2023-09-15,망포로14,,,,,,,,,21,,,,,,,4111313600
2309150002,f_f015615,2,덕평자연휴게소 강릉방향,2023-09-15,2023-09-15,경기 이천시 마장면 덕이로154번길 287-76,경기 이천시 마장면 각평리 산 22-2,127.389563,37.2418341,,,POI01000TR007719V,덕평자연휴게소 강릉방향,30,9,N,9,,5,4,4,
2309150003,f_f015615,3,소나무집 초당순두부,2023-09-15,2023-09-15,강원특별자치도 강릉시 초당순두부길 95-5,강원특별자치도 강릉시 초당동 354-4,128.9155074,37.7916987,,,POI01000000E01ZQ0,소나무집초당순두부,30,11,N,2,,3,3,2,
2309150004,f_f015615,4,그리우니,2023-09-15,2023-09-15,강원특별자치도 강릉시 난설헌로 166,강원특별자치도 강릉시 초당동 481-1,128.9094392,37.7890704,,,POI01000000ERHRQZ,그리우니,30,11,N,2,,4,5,5,
2309150005,f_f015615,5,허균 허난설헌 기념관,2023-09-15,2023-09-15,강원특별자치도 강릉시 난설헌로193번길 1-29,강원특별자치도 강릉시 초당동 477,128.9095268,37.7909734,,,POI01000TR027344V,허균허난설헌기념관,30,2,N,1,,4,4,4,
2309150006,f_f015615,6,아르떼 뮤지엄 강릉,2023-09-15,2023-09-15,강원특별자치도 강릉시 난설헌로 131,강원특별자치도 강릉시 초당동 505,128.9073556,37.7918274,,,POI01000TR002838V,아르떼뮤지엄 강릉,60,3,N,2,,4,5,5,
2309150007,f_f015615,7,강문해변,2023-09-15,2023-09-15,,강원특별자치도 강릉시 강문동 182-1,128.9191753,37.7948207,,,POI01000TR024661V,강문해변,30,1,N,1,,5,5,5,
2309150008,f_f015615,8,집,2023-09-15,2023-09-16,망포로14,,,,,,,,210,21,,,,,,,4111313600
2309230001,f_f015703,1,집,2023-09-23,2023-09-23,,,,,,,,,,21,,,,,,,2620012000
2309230002,f_f015703,2,락이 옥 베트남 쌀국수,2023-09-23,2023-09-23,경남 양산시 물금읍 화합길 12,경남 양산시 물금읍 범어리 2699-6,129.0093608,35.3293793,,,POI010000009451M1,라이옥베트남쌀국수한국,30,11,Y,4,,5,5,4,
2309230003,f_f015703,3,통도사,2023-09-23,2023-09-23,경남 양산시 하북면 통도사로 108,경남 양산시 하북면 지산리 583,129.0646834,35.4882846,,,POI01000TR043045V,통도사,90,2,Y,4,,5,5,5,
2309230004,f_f015703,4,무타 블랑,2023-09-23,2023-09-23,경남 양산시 상북면 수서로 164-10,경남 양산시 상북면 좌삼리 22-1,129.0538038,35.4320383,,,POI01000000CKNY8L,무타블랑,60,4,N,1,,5,5,5,
2309230005,f_f015703,5,쌍벽루아트홀,2023-09-23,2023-09-23,경남 양산시 신기강변로 26,경남 양산시 신기동 652-14,129.034135,35.3499796,,,POI01000000AN0QO7,쌍벽루아트홀,30,3,N,2,,3,3,3,
2309230006,f_f015703,6,의자공원,2023-09-23,2023-09-23,경남 양산시 동면 강변로 54,경남 양산시 동면 금산리 1223-3,129.0233576,35.307967,,,POI03000TR027200V,의자공원,30,7,N,2,,3,2,1,
2309230007,f_f015703,7,황산공원,2023-09-23,2023-09-23,,경남 양산시 물금읍 증산리 1141,128.9931836,35.2971976,,,POI01000TR015470V,황산공원,30,7,N,2,,4,3,3,
2309230008,f_f015703,8,라이언 식당,2023-09-23,2023-09-23,경남 양산시 물금읍 화산길 23,경남 양산시 물금읍 물금리 412-6,128.9845283,35.3100589,,,POI010000006Y65Y9,라이온식당,30,11,Y,4,,5,5,5,
2309230009,f_f015703,9,집,2023-09-23,2023-09-24,,,,,,,,,210,21,,,,,,,2620012000
2309170001,f_f015714,1,집,2023-09-17,2023-09-17,서울 관악구 관악로24나길 48,서울 관악구 봉천동 23-25,,,4160014,1162010100,,,,21,,,,,,,
2309170002,f_f015714,7,집,2023-09-17,2023-09-18,서울 관악구 관악로24나길 48,서울 관악구 봉천동 23-25,,,4160014,1162010100,,,90,21,,,,,,,
2309170003,f_f015714,2,운채,2023-09-17,2023-09-17,강원특별자치도 원주시 고문골길 47,강원특별자치도 원주시 행구동 148-2,128.0062939,37.3409493,,,POI010000008M132W,운채다락방,60,11,N,2,,4,4,4,
2309170004,f_f015714,3,뮤지엄 산,2023-09-17,2023-09-17,강원특별자치도 원주시 지정면 오크밸리2길 260,강원특별자치도 원주시 지정면 월송리 999-13,127.8237131,37.4153533,,,POI01000TR033999V,뮤지엄산,180,3,Y,4,,5,4,4,
2309170005,f_f015714,4,구형사,2023-09-17,2023-09-17,강원특별자치도 원주시 고문골길 155,강원특별자치도 원주시 행구동 98,128.0134236,37.3344049,,,POI01000000B54RGN,국형사,30,2,N,2,,4,4,4,
2309170006,f_f015714,5,수피다,2023-09-17,2023-09-17,강원특별자치도 원주시 고문골길 147,강원특별자치도 원주시 행구동 99-10,128.0128249,37.3345254,,,POI03000TR026561V,수피다,60,11,N,9,,4,3,3,
2309170007,f_f015714,6,맥도날드 과천 이마트 점,2023-09-17,2023-09-17,경기 과천시 별양상가3로 11,경기 과천시 별양동 1-19,126.9914645,37.4262643,,,POI010000006INK8Z,맥도날드 과천이마트점,60,11,N,8,,4,3,3,
2309030001,f_f015740,1,집,2023-09-03,2023-09-03,파인뷰,,,,,,,,,21,,,,,,,4719010900
2309030002,f_f015740,2,구미종합터미널,2023-09-03,2023-09-03,경북 구미시 송원동로 72,경북 구미시 원평동 1073-1,128.3520881,36.1227015,,,POI01000TR007553V,구미종합터미널,0,9,Y,6,,4,4,3,
2309030003,f_f015740,3,해운대 시외버스정류소,2023-09-03,2023-09-03,,부산 해운대구 우동 552-21,129.160601,35.1651657,,,POI01000TR041766V,해운대시외버스정류소,0,9,N,6,,4,3,3,
2309030004,f_f015740,5,부산역,2023-09-03,2023-09-03,부산 동구 중앙대로 206,부산 동구 초량동 1187-1,129.0414192,35.1151092,,,POI01000TR040141V,부산역,0,9,Y,6,,4,4,5,
2309030005,f_f015740,7,구미역,2023-09-03,2023-09-03,경북 구미시 구미중앙로 76,경북 구미시 원평동 1008-1,128.3310162,36.1282722,,,POI010000006O8XGB,구미역,0,9,Y,6,,4,4,4,
2309030006,f_f015740,8,집,2023-09-03,2023-09-04,파인뷰,,,,,,,,180,21,,,,,,,4719010900
2309030007,f_f015740,4,클럽 디 오아시스,2023-09-03,2023-09-03,부산 해운대구 달맞이길 30,부산 해운대구 중동 1829,129.1684581,35.1602042,,,POI03000TR005091V,클럽디오아시스,300,6,N,1,,4,4,3,
2309030008,f_f015740,6,부산역 안 환공어묵,2023-09-03,2023-09-03,초량1동 1203-5,,,,,,,,0,10,N,1,,4,4,4,2617010100
2309160001,f_f015841,1,친구 친지 집,2023-09-16,2023-09-16,서울 중랑구 공릉로2길 8-4,서울 중랑구 묵동 176-39,,,4118049,1126010400,,,,22,,,,,,,
2309160002,f_f015841,2,화랑대 주유소,2023-09-16,2023-09-16,서울 노원구 화랑로 483,서울 노원구 공릉동 649-14,127.0807165,37.6195336,,,POI03000TR025442V,화랑대주유소,30,12,N,11,,3,2,2,
2309160003,f_f015841,3,제이드가든 수목원,2023-09-16,2023-09-16,강원특별자치도 춘천시 남산면 햇골길 80,강원특별자치도 춘천시 남산면 서천리 412,127.5419523,37.8328806,,,POI01000TR026775V,제이드가든수목원,90,6,N,1,,4,3,3,
2309160004,f_f015841,4,보릿고개 춘천점,2023-09-16,2023-09-16,강원특별자치도 춘천시 동면 서부대성로 483,강원특별자치도 춘천시 동면 만천리 485,127.7690426,37.875547,,,POI03000TR025443V,보릿고개 춘천점,30,11,N,2,,5,4,4,
2309160005,f_f015841,5,육림 통닭,2023-09-16,2023-09-16,강원특별자치도 춘천시 중앙로77번길 25,강원특별자치도 춘천시 죽림동 28-29,127.727807,37.8773831,,,POI03000TR025444V,육림통닭,30,11,N,2,,4,3,3,
2309160006,f_f015841,6,강촌레일파크 김유정 레일바이크,2023-09-16,2023-09-16,강원특별자치도 춘천시 신동면 김유정로 1383,강원특별자치도 춘천시 신동면 증리 323-2,127.7121892,37.8156474,,,POI01000TR010052V,강촌레일파크 김유정역,90,13,N,1,,5,4,4,
2309160007,f_f015841,7,월송 유로 베이커리 앤 로스터리,2023-09-16,2023-09-16,강원특별자치도 춘천시 서면 경춘로 387-53,강원특별자치도 춘천시 서면 안보리 782-2,127.5507886,37.8481376,,,POI01000000BSEQ58,월송유로베이커리앤로스터리,60,11,N,1,,4,4,4,
2309160008,f_f015841,8,칼튼 테라스,2023-09-16,2023-09-17,서울 중랑구 공릉로2길 8-4,서울 중랑구 묵동 176-39,127.0783285,37.6117687,,,POI03000TR025446V,칼튼테라스,330,22,,,,,,,
2309160001,f_f015842,1,집,2023-09-16,2023-09-16,울산 북구 천곡남로 95,울산 북구 천곡동 1153,,,3172026,3120010800,,,,21,,,,,,,
2309160002,f_f015842,2,환호공원,2023-09-16,2023-09-16,,경북 포항시 북구 환호동 산 56-1,129.3902727,36.0665202,,,POI01000000BRK8E4,환호공원,30,13,N,1,,4,5,5,
2309160003,f_f015842,3,죽도 시장,2023-09-16,2023-09-16,경북 포항시 북구 죽도시장13길 13-1,경북 포항시 북구 죽도동 2-4,129.36839,36.0363546,,,POI01000TR021396V,죽도시장,120,4,N,2,,5,5,5,
2309160004,f_f015842,4,영일대해수욕장,2023-09-16,2023-09-16,,경북 포항시 북구 두호동 685-1,129.378187,36.0550696,,,POI01000TR034421V,영일대해수욕장,90,1,N,1,,5,5,5,
2309160005,f_f015842,6,집,2023-09-16,2023-09-17,울산 북구 천곡남로 95,울산 북구 천곡동 1153,,,3172026,3120010800,,,330,21,,,,,,,
2309160006,f_f015842,5,포항 철길 숲,2023-09-16,2023-09-16,,경북 포항시 북구 득량동 66-5,129.3482039,36.0201798,,,POI01000TR010284V,포항철길숲,30,7,N,1,,5,5,5,
2309030001,f_f015905,1,집,2023-09-03,2023-09-03,동래퀸즈w101동,,,,,,,,,21,,,,,,,2626010800
2309030002,f_f015905,2,흥룡사폭포,2023-09-03,2023-09-03,대석리 1,,,,,,,,90,2,Y,4,,5,5,5,4833033000
2309030003,f_f015905,3,통도 참숯가마,2023-09-03,2023-09-03,경남 양산시 상북면 공원로 291,경남 양산시 상북면 소석리 347-1,129.0447266,35.4202651,,,POI01000000E4ZH93,통도참숯가마,180,6,N,2,,5,5,5,
2309030004,f_f015905,4,집,2023-09-03,2023-09-04,동래퀸즈w101동,,,,,,,,180,21,,,,,,,2626010800
2309110001,f_f015954,1,집,2023-09-11,2023-09-11,경남 창원시 성산구 대암로 82,,,,3328007,4812310500,,,,21,,,,,,,
2309110002,f_f015954,2,장 사부 밀양 본점,2023-09-11,2023-09-11,경남 밀양시 남천강변로3길 9-1,경남 밀양시 삼문동 387-15,128.7496753,35.491607,,,POI02001TR024882V,장사부 밀양본점,30,11,N,2,,4,4,4,
2309110003,f_f015954,3,귀양지,2023-09-11,2023-09-11,,경남 밀양시 부북면 위양리 294,128.7158855,35.5462799,,,POI01000TR021985V,위양지,60,2,N,1,,5,5,4,
2309110004,f_f015954,4,바래미 바네사,2023-09-11,2023-09-11,경남 밀양시 삼랑진읍 만어로 440,경남 밀양시 삼랑진읍 우곡리 786-1,128.848179,35.4379636,,,POI01000000DOZQ9V,바래미바네사,90,4,N,5,,3,3,3,
2309110005,f_f015954,5,대영 식당,2023-09-11,2023-09-11,경남 창원시 의창구 대산면 진산대로 410,경남 창원시 의창구 대산면 제동리 265-6,128.7093426,35.3361606,,,POI03000TR024363V,대영식당,0,4,Y,9,,4,4,4,
2309110006,f_f015954,6,집,2023-09-11,2023-09-12,경남 창원시 성산구 대암로 82,,,,3328007,4812310500,,,360,21,,,,,,,
2309150001,f_f015975,1,집,2023-09-15,2023-09-15,,,,,,,,,,21,,,,,,,2614010700
2309150002,f_f015975,2,부산 서부버스터미널,2023-09-15,2023-09-15,부산 사상구 사상로 201,부산 사상구 괘법동 533-6,128.9825254,35.1632395,,,POI01000TR006353V,부산서부버스터미널,0,9,Y,6,,5,5,4,
2309150003,f_f015975,3,창원종합버스터미널,2023-09-15,2023-09-15,경남 창원시 의창구 창원대로 371,경남 창원시 의창구 팔용동 35-8,128.6393657,35.2363308,,,POI01000TR023151V,창원종합버스터미널,0,9,Y,6,,5,4,4,
2309150004,f_f015975,4,용지공원 용지호수 공원,2023-09-15,2023-09-15,경남 창원시 성산구 용지로169번길 26,경남 창원시 성산구 용지동 551-1,128.6810232,35.2320787,,,POI0100000076QR2S,용지호수공원용지각,30,1,Y,4,,5,5,5,
2309150005,f_f015975,5,밀집,2023-09-15,2023-09-15,경남 창원시 성산구 용지로239번길 30,경남 창원시 성산구 용호동 29-11,128.6839195,35.2368004,,,POI03000TR010959V,밀집,90,11,N,2,,5,5,5,
2309150006,f_f015975,6,캐럿,2023-09-15,2023-09-15,경남 창원시 성산구 창이대로460번길 11,경남 창원시 성산구 용호동 27-12,128.6844137,35.238067,,,POI03000TR024953V,캔럿,30,10,N,9,,5,5,5,
2309150007,f_f015975,7,게르 창원 본점,2023-09-15,2023-09-15,경남 창원시 성산구 마디미동로 54,경남 창원시 성산구 상남동 36-2,128.6833884,35.2192836,,,POI03000TR024954V,게르 창원본점,150,11,Y,4,,5,5,5,
2309150008,f_f015975,8,어썸 상남점,2023-09-15,2023-09-15,경남 창원시 성산구 마디미동로 34,경남 창원시 성산구 상남동 20-4,128.6850052,35.2208878,,,POI03000TR024955V,어썸 상남점,180,11,N,5,,3,3,3,
2309150009,f_f015975,9,남산 시외버스정류소,2023-09-15,2023-09-15,경남 창원시 성산구 정동로162번길 69,경남 창원시 성산구 남산동 629-12,128.697496,35.2019824,,,POI01000000BORMIQ,남산시외버스정류소,30,9,Y,6,,4,5,5,
2309150010,f_f015975,10,집,2023-09-15,2023-09-16,,,,,,,,,1410,21,,,,,,,2614010700
2309050001,f_f016036,1,집,2023-09-05,2023-09-05,경북 경산시 청운로 63-1,경북 경산시 조영동 239-3,,,3313089,4729011800,,,,21,,,,,,,
2309050002,f_f016036,5,집,2023-09-05,2023-09-06,경북 경산시 청운로 63-1,경북 경산시 조영동 239-3,,,3313089,4729011800,,,150,21,,,,,,,
2309050003,f_f016036,2,롯데 워터파크,2023-09-05,2023-09-05,경남 김해시 장유로 555,경남 김해시 신문동 1417,128.8293051,35.1808776,,,POI01000TR010325V,롯데워터파크,330,6,N,5,,4,3,4,
2309050004,f_f016036,3,롯데 프리미엄 아웃렛 김해점,2023-09-05,2023-09-05,경남 김해시 장유로 469,경남 김해시 신문동 1414,128.8298036,35.1854878,,,POI01000TR001432V,롯데프리미엄아울렛 김해점,150,4,N,6,,5,5,5,
2309050005,f_f016036,4,트래프풍트,2023-09-05,2023-09-05,경남 김해시 율하4로 46,경남 김해시 장유동 839-5,128.8224534,35.1705486,,,POI03000TR023692V,트래프풍트,60,11,N,2,,4,4,4,
2309130001,f_f016094,1,집,2023-09-13,2023-09-13,부산 금정구 수림로,부산 금정구 부곡동 63-11,,,3135038,2641010900,,,,21,,,,,,,
2309130002,f_f016094,3,경북 경주시 안강읍 옥산리 464-7,2023-09-13,2023-09-13,,,,,,,,,60,23,N,11,,5,5,5,4713025328
2309130003,f_f016094,4,경북 경주시 안강읍 딱실길 14-6 털보 매운탕,2023-09-13,2023-09-13,털보매운탕 점심식사,,,,,,,,60,11,N,3,,5,4,4,4713025329
2309130004,f_f016094,5,gs25 안강 옥상점,2023-09-13,2023-09-13,지에스편의점에서 커피 사고 휴식,,,,,,,,30,11,N,9,,5,4,4,4713025328
2309130005,f_f016094,6,안강시장,2023-09-13,2023-09-13,경북 경주시 안강읍 안강시장길 24-6,경북 경주시 안강읍 양월리 1350-1,129.2222958,35.9902228,,,POI01000000E18PY6,안강시장,60,4,N,5,,2,2,2,
2309130006,f_f016094,7,경주 양동 마을,2023-09-13,2023-09-13,,경북 경주시 강동면 양동리 125,129.2530559,36.0016179,,,POI01000TR020470V,경주양동마을,60,2,N,3,,5,5,5,
2309130007,f_f016094,2,언양휴게소 서울 방향,2023-09-13,2023-09-13,울산 울주군 언양읍 경부고속도로 44,울산 울주군 언양읍 반곡리 898-9,129.1421443,35.5977939,,,POI01000TR041688V,언양휴게소 서울방향,30,9,N,7,,5,5,5,
2309130008,f_f016094,9,양동초등학교,2023-09-13,2023-09-13,경북 경주시 강동면 양동마을길 109,경북 경주시 강동면 양동리 65-1,129.2528996,35.9976852,,,POI0100000073CQU2,양동초등학교,30,7,N,9,,5,5,5,
2309130009,f_f016094,8,경주 양동 마을,2023-09-13,2023-09-13,,경북 경주시 강동면 양동리 125,129.2530559,36.0016179,,,POI01000TR020470V,경주양동마을,60,2,N,3,,5,5,5,
2309130010,f_f016094,11,집,2023-09-13,2023-09-14,부산 금정구 수림로,부산 금정구 부곡동 63-11,,,3135038,2641010900,,,450,21,,,,,,,
2309130011,f_f016094,10,통도사 휴게소 부산방향,2023-09-13,2023-09-13,경남 양산시 하북면 경부고속도로 31-1,경남 양산시 하북면 순지리 88-1,129.0909381,35.4886793,,,POI01000TR020780V,통도사휴게소 부산방향,30,9,N,9,,5,5,5,
2309050001,f_f016105,1,집,2023-09-05,2023-09-05,사월화성파크드림 2단지,,,,,,,,,21,,,,,,,2726011800
2309050002,f_f016105,2,청도 새마을 휴게소 하행,2023-09-05,2023-09-05,경북 청도군 청도읍 하지길 59-49,경북 청도군 청도읍 거연리 958,128.7669634,35.595396,,,POI01000TR010169V,청도새마을휴게소 하행,30,9,Y,9,,5,4,4,
2309050003,f_f016105,3,서면 미술관,2023-09-05,2023-09-05,부산 부산진구 동천로 58,부산 부산진구 전포동 692-2,129.0625838,35.1539325,,,POI01000000BWI7WO,서면미술관,60,3,N,2,,4,3,3,
2309050004,f_f016105,4,쓰리 파운드,2023-09-05,2023-09-05,부산 부산진구 전포대로189번길 30,부산 부산진구 전포동 693-2,129.0634967,35.1535853,,,POI03000TR023693V,쓰리파운드,60,11,N,2,,5,5,5,
2309050005,f_f016105,5,전포 카페거리,2023-09-05,2023-09-05,부산 부산진구 전포대로209번길 26,부산 부산진구 전포동 682,129.0625694,35.1554467,,,POI01000TR033286V,전포카페거리,30,4,N,2,,4,3,4,
2309050006,f_f016105,6,KTG 상상마당 부산,2023-09-05,2023-09-05,부산 부산진구 서면로 39,부산 부산진구 부전동 521-1,129.0572989,35.1542603,,,POI01000TR005577V,KT&G상상마당 부산,60,3,N,1,,4,4,5,
2309050007,f_f016105,7,광안리해수욕장,2023-09-05,2023-09-05,부산 수영구 광안해변로 219,부산 수영구 광안동 192-20,129.1189761,35.1531933,,,POI01000TR030726V,광안리해수욕장,60,1,Y,1,,5,5,5,
2309050008,f_f016105,8,집,2023-09-05,2023-09-06,사월화성파크드림 2단지,,,,,,,,1140,21,,,,,,,2726011800
2309140001,f_f016354,1,집,2023-09-14,2023-09-14,수출대로31길 10-1 아몬드,,,,,,,,,21,,,,,,,4719012200
2309140002,f_f016354,2,동성로 중앙 주차장,2023-09-14,2023-09-14,대구 중구 동성로2길 80,대구 중구 공평동 15,128.5976368,35.8696029,,,POI03000TR025483V,동성로중앙주차장,0,9,Y,4,,3,4,4,
2309140003,f_f016354,3,짱 오락실 대구 동성로 3호점,2023-09-14,2023-09-14,대구 중구 동성로6길 36,대구 중구 공평동 55-54,128.5972566,35.8685896,,,POI0100000070M6VQ,짱오락실 대구동성로3호점,30,6,Y,4,,3,4,4,
2309140004,f_f016354,4,얼짱 스티커 사진,2023-09-14,2023-09-14,동성로 6길 44,,,,,,,,30,3,Y,4,,4,4,4,2711012200
2309140005,f_f016354,5,폭인 포케 동성로점,2023-09-14,2023-09-14,대구 중구 동성로1길 50,대구 중구 봉산동 34-8,128.5960296,35.865816,,,POI02000TR000992V,2001아울렛 구로점,30,11,Y,4,,4,4,4,
2309140006,f_f016354,6,더 현대 대구,2023-09-14,2023-09-14,대구 중구 달구벌대로 2077,대구 중구 계산동2가 200,128.5906311,35.8666284,,,POI010000008660N3,바닐라코현대대구점현대대구점,60,4,Y,1,,4,4,4,
2309140007,f_f016354,7,라이크 디즈 위드 교동점,2023-09-14,2023-09-14,대구 중구 동성로 63,대구 중구 동성로1가 33,128.5956405,35.872468,,,POI01000TR025178V,라이크디즈위드 교동점,60,3,N,2,,5,5,5,
2309140008,f_f016354,8,오브닛,2023-09-14,2023-09-14,대구 중구 국채보상로123길 25,대구 중구 문화동 6-11,128.5974447,35.8718925,,,POI03000TR025487V,오브닛,60,11,N,2,,5,4,4,
2309140009,f_f016354,9,KFC 대구문화동점,2023-09-14,2023-09-14,대구 중구 국채보상로 608,대구 중구 문화동 18-1,128.597087,35.8704554,,,POI0100000070M6XS,KFC 대구문화동점,0,11,N,9,,4,4,4,
2309140010,f_f016354,10,동성로 중앙 주차장,2023-09-14,2023-09-14,대구 중구 동성로2길 80,대구 중구 공평동 15,128.5976368,35.8696029,,,POI03000TR025483V,동성로중앙주차장,0,9,Y,4,,4,4,4,
2309140011,f_f016354,11,이마트 등 구미점,2023-09-14,2023-09-14,경북 구미시 이계북로 23,경북 구미시 임수동 92-28,128.4040276,36.1063593,,,POI01000TR017497V,이마트 동구미점,60,4,Y,6,,5,5,5,
2309140012,f_f016354,12,집,2023-09-14,2023-09-15,수출대로31길 10-1 아몬드,,,,,,,,180,21,,,,,,,4719012200
2309100001,f_f016357,1,집,2023-09-10,2023-09-10,트리풀시티레이크포레,,,,,,,,,21,,,,,,,3017011500
2309100002,f_f016357,19,집,2023-09-10,2023-09-11,트리풀시티레이크포레,,,,,,,,810,21,,,,,,,3017011500
2309100003,f_f016357,2,대전역,2023-09-10,2023-09-10,대전 동구 중앙로 215,대전 동구 정동 1-1,127.4341122,36.3322997,,,POI01000TR035392V,대전역,60,9,Y,6,,5,5,5,
2309100004,f_f016357,3,부산역,2023-09-10,2023-09-10,부산 동구 중앙대로 206,부산 동구 초량동 1187-1,129.0414192,35.1151092,,,POI01000TR040141V,부산역,0,9,Y,4,,5,5,5,
2309100005,f_f016357,4,제주가 부산역 직영점,2023-09-10,2023-09-10,부산 동구 중앙대로196번길 6-9,부산 동구 초량동 1204-8,129.0398833,35.1135499,,,POI0100000076EE9A,제주가 부산역직영점,60,11,Y,2,,4,3,3,
2309100006,f_f016357,6,해운대 블루라인파크 미포 정거장,2023-09-10,2023-09-10,부산 해운대구 달맞이길62번길 13,부산 해운대구 중동 1019-2,129.1728147,35.1581526,,,POI01000TR030644V,해운대블루라인파크 미포정거장,30,6,N,2,,5,5,5,
2309100007,f_f016357,7,청사포 다릿돌 전망대,2023-09-10,2023-09-10,,부산 해운대구 중동 산 3-9,129.196314,35.1641889,,,POI01000TR041727V,청사포다릿돌전망대,30,1,N,1,,5,5,5,
2309100008,f_f016357,5,부산역 정류장,2023-09-10,2023-09-10,03720(초량역  초량교차로방면),,,,,,,,90,9,N,6,,4,4,3,2617010100
2309100009,f_f016357,8,송정해수욕장,2023-09-10,2023-09-10,부산 해운대구 송정광어골로 58-1,부산 해운대구 송정동 438-11,129.1997001,35.1785969,,,POI01000TR016876V,송정해수욕장,60,1,N,1,,5,5,5,
2309100010,f_f016357,9,스타벅스 부산 송정 비치점,2023-09-10,2023-09-10,부산 해운대구 송정해변로 36,부산 해운대구 송정동 297-31,129.2022607,35.1807528,,,POI01000TR035355V,스타벅스 부산송정비치점,60,4,N,8,,5,5,5,
2309100011,f_f016357,10,해운대 블루라인파크 송정 정거장,2023-09-10,2023-09-10,,부산 해운대구 송정동 299-20,129.2000744,35.1810809,,,POI01000TR002701V,해운대블루라인파크 송정정거장,0,6,Y,1,,5,5,5,
2309100012,f_f016357,11,해운대 블루라인파크 청사포 정거장,2023-09-10,2023-09-10,부산 해운대구 청사포로 116,부산 해운대구 중동 555-2,129.1913641,35.1612156,,,POI01000000CF172X,청사포정거장입구,30,6,N,1,,5,5,5,
2309100013,f_f016357,12,해운대 블루라인파크 미포 정거장,2023-09-10,2023-09-10,부산 해운대구 달맞이길62번길 13,부산 해운대구 중동 1019-2,129.1728147,35.1581526,,,POI01000TR030644V,해운대블루라인파크 미포정거장,0,6,N,1,,5,5,5,
2309100014,f_f016357,13,라이언 홀리데이 인 부산,2023-09-10,2023-09-10,부산 해운대구 해운대해변로 292,부산 해운대구 중동 1405-16,129.1632326,35.1601174,,,POI01000TR005713V,라이언 홀리데이 인 부산,30,3,N,11,,2,1,2,
2309100015,f_f016357,14,개미집 국제시장 본점 직영점,2023-09-10,2023-09-10,부산 해운대구 구남로 34,부산 해운대구 우1동 1338,129.1606382,35.1610973,,,POI01000TR032901V,개미집 국제시장본점직영점,60,11,N,1,,5,5,5,
2309100016,f_f016357,15,행리단길,2023-09-10,2023-09-10,,부산 해운대구 우동 517-14,129.1579088,35.165111,,,POI01000TR028835V,해리단길,30,4,N,1,,5,5,5,
2309100017,f_f016357,16,해운대역 부산 2호선,2023-09-10,2023-09-10,부산 해운대구 해운대로 지하 626,부산 해운대구 우동 656,129.1588972,35.163648,,,POI01000TR026693V,해운대역 부산2호선,0,9,N,6,,3,3,3,
2309100018,f_f016357,17,신발원,2023-09-10,2023-09-10,부산 동구 대영로243번길 62,부산 동구 초량동 561-1,129.0387117,35.114815,,,POI0100000094S135,신발원,30,11,Y,4,,5,5,5,
2309100019,f_f016357,18,부산역,2023-09-10,2023-09-10,부산 동구 중앙대로 206,부산 동구 초량동 1187-1,129.0414192,35.1151092,,,POI01000TR040141V,부산역,30,9,Y,6,,5,5,5,
2309080001,f_f016391,1,집,2023-09-08,2023-09-08,정몽주로 481,,,,,,,,,21,,,,,,,4711125600
2309080002,f_f016391,2,포항터미널,2023-09-08,2023-09-08,경북 포항시 남구 중흥로 85,경북 포항시 남구 상도동 579-13,129.3496772,36.0134728,,,POI01000TR010740V,포항터미널,0,9,Y,6,,5,4,4,
2309080003,f_f016391,3,경주 시외버스터미널,2023-09-08,2023-09-08,경북 경주시 강변로 184,경북 경주시 노서동 160-2,129.2024687,35.8398,,,POI01000TR024444V,경주시외버스터미널,0,9,Y,6,,4,4,4,
2309080004,f_f016391,4,계림 규동,2023-09-08,2023-09-08,경북 경주시 포석로1068번길 17,경북 경주시 황남동 74-14,129.2114078,35.8361722,,,POI01000000D29LZ4,계림규동,30,11,N,2,,5,5,4,
2309080005,f_f016391,5,대릉원,2023-09-08,2023-09-08,경북 경주시 계림로 9,경북 경주시 황남동 268-10,129.2123347,35.83815,,,POI01000TR032143V,대릉원,30,2,N,1,,4,4,4,
2309080006,f_f016391,6,한복 나드리,2023-09-08,2023-09-08,경북 경주시 포석로 1055,경북 경주시 사정동 128-5,129.2094174,35.8352627,,,POI01000000EY4A9V,한복나드리,0,13,N,8,,5,4,4,
2309080007,f_f016391,7,첨성대,2023-09-08,2023-09-08,,경북 경주시 인왕동 910-30,129.2190202,35.834718,,,POI01000TR003385V,첨성대,30,2,Y,1,,4,4,4,
2309080008,f_f016391,8,국립경주박물관,2023-09-08,2023-09-08,경북 경주시 일정로 186,경북 경주시 인왕동 76,129.2279503,35.8292339,,,POI010000009GI2HM,국립경주박물관,30,2,Y,4,,5,4,4,
2309080009,f_f016391,9,첨성대 둘레길,2023-09-08,2023-09-08,,,,,,,,,30,7,Y,4,,4,4,4,4713011200
2309080010,f_f016391,10,대릉원,2023-09-08,2023-09-08,경북 경주시 계림로 9,경북 경주시 황남동 268-10,129.2123347,35.83815,,,POI01000TR032143V,대릉원,30,2,Y,9,,4,4,4,
2309080011,f_f016391,12,집,2023-09-08,2023-09-09,정몽주로 481,,,,,,,,180,21,,,,,,,4711125600
2309080012,f_f016391,11,경주 시외버스터미널,2023-09-08,2023-09-08,경북 경주시 강변로 184,경북 경주시 노서동 160-2,129.2024687,35.8398,,,POI01000TR024444V,경주시외버스터미널,0,9,Y,6,,4,4,4,
2309150001,f_f016456,1,집,2023-09-15,2023-09-15,대구 수성구 고산로 101,대구 수성구 신매동 566-3,,,3146002,2726011800,,,,21,,,,,,,
2309150002,f_f016456,2,경산역,2023-09-15,2023-09-15,경북 경산시 중앙로 1,경북 경산시 사정동 84-1,128.7279409,35.8193488,,,POI01000000BZ7Z0C,경산역,0,9,Y,4,,5,5,5,
2309150003,f_f016456,3,부산역,2023-09-15,2023-09-15,부산 동구 중앙대로 206,부산 동구 초량동 1187-1,129.0414192,35.1151092,,,POI01000TR040141V,부산역,0,9,Y,4,,5,5,5,
2309150004,f_f016456,5,바다마을 과자점,2023-09-15,2023-09-15,부산 수영구 광남로48번길 43,부산 수영구 남천동 5-12,129.1142449,35.1460739,,,POI01000000D6NJUF,바닷마을과자점,30,11,N,5,,5,5,5,
2309150005,f_f016456,6,비비드 13,2023-09-15,2023-09-15,부산 수영구 광남로 129,부산 수영구 광안동 173-20,129.1165748,35.1532551,,,POI01000000CXCDNH,비비드13,60,11,N,2,,5,5,5,
2309150006,f_f016456,4,광안리해수욕장,2023-09-15,2023-09-15,부산 수영구 광안해변로 219,부산 수영구 광안동 192-20,129.1189761,35.1531933,,,POI01000TR030726V,광안리해수욕장,30,1,Y,4,,5,5,5,
2309150007,f_f016456,7,밀란 더 마켓,2023-09-15,2023-09-15,부산 수영구 민락수변로17번길 56,부산 수영구 민락동 113-31,129.127001,35.15428,,,POI01000TR034816V,밀락 더 마켓,60,10,N,5,,5,5,5,
2309150008,f_f016456,8,아이돌 룩 부산 서면점,2023-09-15,2023-09-15,부산 부산진구 전포대로209번길 39-8,부산 부산진구 전포동 683-16,129.0628404,35.1550564,,,POI03000TR025509V,아이돌룩 부산서면점,30,10,Y,4,,5,5,5,
2309150009,f_f016456,10,코시,2023-09-15,2023-09-15,부산 금정구 개좌로 273-11,부산 금정구 회동동 555-2,129.1257252,35.2321811,,,POI01000000DA7ERV,코시,90,11,N,5,,5,5,5,
2309150010,f_f016456,9,칠 수,2023-09-15,2023-09-15,부산 부산진구 전포대로209번길 39,부산 부산진구 전포동 684-2,129.0631117,35.1552861,,,POI03000TR017659V,칠스,0,10,N,9,,5,5,5,
2309150011,f_f016456,11,부산종합버스터미널,2023-09-15,2023-09-15,부산 금정구 중앙대로 2238,부산 금정구 노포동 133,129.0954724,35.2847732,,,POI01000000E1AOMV,부산종합버스터미널,60,9,N,6,,5,5,5,
2309150012,f_f016456,12,집,2023-09-15,2023-09-16,대구 수성구 고산로 101,대구 수성구 신매동 566-3,,,3146002,2726011800,,,60,21,,,,,,,
2309180001,f_f016457,1,집,2023-09-18,2023-09-18,경남 김해시 외동 한국,,,,,,,,,21,,,,,,,4825010900
2309180002,f_f016457,2,수선사,2023-09-18,2023-09-18,경남 산청군 산청읍 웅석봉로154번길 102-23,경남 산청군 산청읍 내리 1117-1,127.8699185,35.3990652,,,POI01000000B74D1W,수선사,90,1,N,2,,5,4,4,
2309180003,f_f016457,3,삼성궁,2023-09-18,2023-09-18,경남 하동군 청암면 삼성궁길 86-15,경남 하동군 청암면 묵계리 1561-1,127.7015695,35.2412372,,,POI01000TR027290V,삼성궁,120,1,N,2,,5,4,4,
2309180004,f_f016457,4,박경리문학관,2023-09-18,2023-09-18,경남 하동군 악양면 평사리길 79,경남 하동군 악양면 평사리 705,127.6865718,35.1553613,,,POI010000006YM950,박경리문학관,60,2,N,5,,4,4,4,
2309180005,f_f016457,5,집,2023-09-18,2023-09-19,경남 김해시 외동 한국,,,,,,,,180,21,,,,,,,4825010900
2309080001,f_f016470,1,집,2023-09-08,2023-09-08,동북로 473번길,,,,,,,,,21,,,,,,,4825036000
2309080002,f_f016470,6,집,2023-09-08,2023-09-09,동북로 473번길,,,,,,,,180,21,,,,,,,4825036000
2309080003,f_f016470,2,구포시장,2023-09-08,2023-09-08,부산 북구 구포시장길 1,부산 북구 구포동 599-5,129.0035703,35.2092493,,,POI01000TR020369V,구포시장,210,4,Y,4,,1,5,5,
2309080004,f_f016470,3,샤브 쌈 주머니 부산 만덕점,2023-09-08,2023-09-08,부산 북구 만덕3로33번길 4-9,부산 북구 만덕동 231-4,129.0281555,35.2120173,,,POI03000TR022900V,샤브쌈주머니 부산만덕점,90,11,N,2,,4,3,4,
2309080005,f_f016470,4,광덕 물산 패션 아웃렛,2023-09-08,2023-09-08,부산 북구 기찰로 181-7,부산 북구 만덕동 700,129.0238731,35.2139616,,,POI03000TR022901V,광덕물산패션아울렛,30,4,Y,8,,4,5,4,
2309080006,f_f016470,5,강서 브라이트 센터,2023-09-08,2023-09-08,부산 강서구 공항로811번길 10,부산 강서구 대저2동 1932-1,128.9572261,35.1799966,,,POI010000006U6RC5,강서브라이트센터,180,5,Y,4,,5,5,5,
2309090001,f_f016495,1,집,2023-09-09,2023-09-09,선부광장남로17   라프리모아파트,,,,,,,,,21,,,,,,,4127310900
2309090002,f_f016495,4,집,2023-09-09,2023-09-10,선부광장남로17   라프리모아파트,,,,,,,,150,21,,,,,,,4127310900
2309090003,f_f016495,2,하이원 워터월드,2023-09-09,2023-09-09,강원특별자치도 정선군 사북읍 하이원길 175,강원특별자치도 정선군 사북읍 사북리 산 155-58,128.8165105,37.2115065,,,POI01000TR014811V,하이원 워터월드,330,6,N,2,,5,5,5,
2309090004,f_f016495,3,정선아리랑 시장,2023-09-09,2023-09-09,강원특별자치도 정선군 정선읍 봉양7길 39,강원특별자치도 정선군 정선읍 봉양리 349-20,128.6652168,37.3803883,,,POI01000000D7JQYN,정선아리랑시장협동조합,60,4,N,1,,3,2,2,
2309130001,f_f016536,1,집,2023-09-13,2023-09-13,초원그린타운,,,,,,,,,21,,,,,,,4413111600
2309130002,f_f016536,2,천안아산역,2023-09-13,2023-09-13,충남 아산시 배방읍 희망로 100,충남 아산시 배방읍 장재리 305,127.1043803,36.7946034,,,POI0100000079D3KC,천안아산역,0,9,Y,6,,5,5,5,
2309130003,f_f016536,3,동대구역,2023-09-13,2023-09-13,대구 동구 동대구로 550,대구 동구 신암동 294,128.6283938,35.879324,,,POI01000TR010220V,동대구역,30,9,N,6,,4,5,4,
2309130004,f_f016536,4,오이쏘이,2023-09-13,2023-09-13,대구 중구 봉산문화2길 14,대구 중구 봉산동 78-2,128.5959637,35.8631927,,,POI03000TR025535V,오이쏘이,30,11,N,5,,4,3,4,
2309130005,f_f016536,5,이티비티샵,2023-09-13,2023-09-13,대구 중구 동성로2길 12-3,대구 중구 봉산동 21-11,128.5965102,35.8663719,,,POI01000TR001474V,이티비티샵,0,10,N,1,,3,2,3,
2309130006,f_f016536,6,고스트 북스,2023-09-13,2023-09-13,대구 중구 경상감영길 212,대구 중구 동문동 14-1,128.5989047,35.8715991,,,POI01000TR039470V,고스트북스,0,10,N,2,,4,4,4,
2309130007,f_f016536,7,홀리데이 비지터 숍,2023-09-13,2023-09-13,,,128.59729,35.871923,,,POI01000000DFLZ2A,홀리데이비지터샵,0,10,N,2,,5,4,4,2711012100
2309130008,f_f016536,8,물비늘,2023-09-13,2023-09-13,대구 중구 중앙대로 455-2,대구 중구 향촌동 5-8,128.5943843,35.8738724,,,POI01000TR018239V,물비늘,0,10,N,1,,4,3,4,
2309130009,f_f016536,9,대구예술 발전소,2023-09-13,2023-09-13,대구 중구 달성로22길 31-12,대구 중구 수창동 58-2,128.5843495,35.8754696,,,POI01000000BT13VZ,대구예술발전소,30,3,N,10,,4,3,4,
2309130010,f_f016536,10,여름 다방,2023-09-13,2023-09-13,대구 중구 국채보상로 738,대구 중구 동인동4가 439-2,128.6111666,35.8682687,,,POI01000TR006015V,여름다방,30,11,N,2,,4,5,5,
2309130011,f_f016536,11,게타상스,2023-09-13,2023-09-13,대구 중구 국채보상로150길 76-12,대구 중구 삼덕동3가 169-9,128.610047,35.8652991,,,POI01000TR010074V,게타상스,0,10,N,2,,4,3,4,
2309130012,f_f016536,12,심플 책방,2023-09-13,2023-09-13,대구 동구 동부로34길 4,대구 동구 신천동 388-5,128.6305671,35.8770993,,,POI01000TR014700V,심플책방,30,10,N,2,,4,4,4,
2309130013,f_f016536,13,동대구역,2023-09-13,2023-09-13,대구 동구 동대구로 550,대구 동구 신암동 294,128.6283938,35.879324,,,POI01000TR010220V,동대구역,0,9,Y,6,,4,4,4,
2309130014,f_f016536,14,천안아산역,2023-09-13,2023-09-13,충남 아산시 배방읍 희망로 100,충남 아산시 배방읍 장재리 305,127.1043803,36.7946034,,,POI0100000079D3KC,천안아산역,0,9,Y,6,,4,4,4,
2309130015,f_f016536,15,집,2023-09-13,2023-09-14,초원그린타운,,,,,,,,270,21,,,,,,,4413111600
2309100001,f_f016571,1,집,2023-09-10,2023-09-10,대동이미지타운,,,,,,,,,21,,,,,,,4833011400
2309100002,f_f016571,7,집,2023-09-10,2023-09-11,대동이미지타운,,,,,,,,270,21,,,,,,,4833011400
2309100003,f_f016571,2,부산종합버스터미널,2023-09-10,2023-09-10,부산 금정구 중앙대로 2238,부산 금정구 노포동 133,129.0954724,35.2847732,,,POI01000000E1AOMV,부산종합버스터미널,30,4,Y,6,,4,4,3,
2309100004,f_f016571,3,갓파스시 서면점,2023-09-10,2023-09-10,부산 부산진구 중앙대로702번길 43,부산 부산진구 부전동 168-451,129.0614876,35.1555408,,,POI01000000846TKR,갓파스시 서면점,60,11,N,8,,5,5,5,
2309100005,f_f016571,4,메가 쓰리 팝 부산본점,2023-09-10,2023-09-10,부산 부산진구 서전로10번길 61,부산 부산진구 부전동 183-1,129.0603532,35.1551131,,,POI010000006UH5UC,메가쓰리팝 부산본점,120,4,N,1,,5,5,5,
2309100006,f_f016571,5,서면 젊음의 거리,2023-09-10,2023-09-10,부산 부산진구 부전로 187,부산 부산진구 부전동 573-1,129.0608154,35.1544673,,,POI01000TR008073V,서면젊음의거리,30,4,Y,1,,4,4,4,
2309100007,f_f016571,6,영광도서,2023-09-10,2023-09-10,부산 부산진구 서면문화로 10,부산 부산진구 부전동 397-14,129.0576323,35.1587821,,,POI01000000DRGT4D,영광도서,60,4,N,5,,4,3,4,
2309170001,f_f016634,1,집,2023-09-17,2023-09-17,죽하로 48,,,,,,,,,21,,,,,,,4315011600
2309170002,f_f016634,2,아웃백 스테이크하우스 원주점,2023-09-17,2023-09-17,강원특별자치도 원주시 시청로 27,강원특별자치도 원주시 무실동 1722-1,127.9233794,37.3402552,,,POI03000TR026169V,아웃백스테이크하우스 원주점,90,11,Y,4,,5,5,5,
2309170003,f_f016634,3,들꽃이야기,2023-09-17,2023-09-17,강원특별자치도 원주시 신림면 성남로 323-12,강원특별자치도 원주시 신림면 성남리 633,128.0802608,37.2718053,,,POI01000000BIRF94,들꽃이야기입구,60,11,N,2,,5,5,5,
2309170004,f_f016634,4,집,2023-09-17,2023-09-18,죽하로 48,,,,,,,,480,21,,,,,,,4315011600
2309170001,f_f016699,1,집,2023-09-17,2023-09-17,동일1차아파트,,,,,,,,,21,,,,,,,2653010600
2309170002,f_f016699,2,칠서휴게소 양평방향,2023-09-17,2023-09-17,경남 함안군 칠서면 계룡로 122-1,경남 함안군 칠서면 계내리 29,128.4967709,35.3709052,,,POI01000000BSGNNP,칠서휴게소 양평방향,30,9,N,7,,3,4,3,
2309170003,f_f016699,3,화왕산 스파호텔,2023-09-17,2023-09-17,경남 창녕군 부곡면 온천1길 3,경남 창녕군 부곡면 거문리 221-1,128.5852347,35.4408534,,,POI01000000DRKIMO,화왕산스파호텔,150,24,N,2,1,5,4,4,
2309170004,f_f016699,4,희야 갈치 양념게장,2023-09-17,2023-09-17,경남 창녕군 부곡면 강정길 6,경남 창녕군 부곡면 거문리 900-1,128.5805969,35.443251,,,POI03000TR026180V,희야갈치&양념게장,60,11,N,9,,4,4,4,
2309170005,f_f016699,5,우포늪,2023-09-17,2023-09-17,,경남 창녕군 유어면 세진리 232,128.4134124,35.5525511,,,POI01000TR021818V,우포늪,60,1,N,1,,5,4,5,
2309170006,f_f016699,6,진영 복합휴게소 부산방향,2023-09-17,2023-09-17,경남 김해시 진영읍 하계로96번길 94-4,경남 김해시 진영읍 우동리 426-3,128.7173477,35.2773816,,,POI01000TR027977V,진영복합휴게소 부산방향,60,9,N,7,,2,3,3,
2309170007,f_f016699,7,집,2023-09-17,2023-09-18,동일1차아파트,,,,,,,,180,21,,,,,,,2653010600
2309170001,f_f016739,1,집,2023-09-17,2023-09-17,남산롯데캐슬센트럴스카이,,,,,,,,,21,,,,,,,2711015600
2309170002,f_f016739,2,감악산 풍력발전 단지,2023-09-17,2023-09-17,,경남 거창군 남상면 무촌리 산 312,127.9196161,35.5903849,,,POI01000TR038468V,감악산풍력발전단지,30,7,N,2,,1,5,5,
2309170003,f_f016739,3,거창군 도시재생지원센터 만당 공작소,2023-09-17,2023-09-17,경남 거창군 거창읍 죽전4길 21-8,경남 거창군 거창읍 중앙리 388-8,127.9111624,35.6911639,,,POI03000TR026185V,거창군도시재생지원센터 만당공작소,30,12,N,11,,3,4,4,
2309170004,f_f016739,4,거창 추어탕,2023-09-17,2023-09-17,경남 거창군 거창읍 강남로 114,경남 거창군 거창읍 송정리 1060-14,127.9099475,35.6830222,,,POI010000008Z1SSO,거창추어탕,30,11,N,2,,4,4,4,
2309170005,f_f016739,6,거창박물관,2023-09-17,2023-09-17,경남 거창군 거창읍 수남로 2181,경남 거창군 거창읍 김천리 216-5,127.9107554,35.674411,,,POI010000009GKV11,거창박물관,30,2,N,10,,5,5,5,
2309170006,f_f016739,5,거창 창포원,2023-09-17,2023-09-17,경남 거창군 남상면 창포원길 21-1,경남 거창군 남상면 월평리 2286-1,127.9395911,35.6548848,,,POI01000TR005912V,거창창포원,30,1,N,5,,5,5,5,
2309170007,f_f016739,7,거창 플로라 카페,2023-09-17,2023-09-17,경남 거창군 거창읍 거함대로 3446,경남 거창군 거창읍 정장리 67,127.9350014,35.6730373,,,POI03000TR026187V,거창플로라카페,60,11,N,2,,5,5,5,
2309170008,f_f016739,8,집,2023-09-17,2023-09-18,남산롯데캐슬센트럴스카이,,,,,,,,390,21,,,,,,,2711015600
2309160001,f_f016818,1,집,2023-09-16,2023-09-16,,,,,,,,,,21,,,,,,,1126010100
2309160002,f_f016818,4,소양강 스카이워크,2023-09-16,2023-09-16,,강원특별자치도 춘천시 근화동 8,127.7235629,37.8945801,,,POI01000TR036429V,소양강스카이워크,30,6,N,1,,5,4,4,
2309160003,f_f016818,3,원조 숯불 닭불 고깃집,2023-09-16,2023-09-16,강원특별자치도 춘천시 낙원길 28-4,강원특별자치도 춘천시 중앙로2가 70,127.7253562,37.8787514,,,POI01000TR030699V,원조숯불닭불고기집,60,11,N,2,,5,5,5,
2309160004,f_f016818,2,춘천역 경춘선,2023-09-16,2023-09-16,강원특별자치도 춘천시 공지로 591,강원특별자치도 춘천시 근화동 190,127.7166986,37.8845127,,,POI01000TR008437V,춘천역 경춘선,30,9,N,6,,5,5,5,
2309160005,f_f016818,5,댄싱 카페인,2023-09-16,2023-09-16,강원특별자치도 춘천시 스포츠타운길399번길 25,강원특별자치도 춘천시 삼천동 223-2,127.7020905,37.8736166,,,POI01000000CJWEVW,댄싱카페인,60,11,N,6,,5,5,5,
2309160006,f_f016818,7,KTG 상상마당 춘천아트센터,2023-09-16,2023-09-16,강원특별자치도 춘천시 스포츠타운길399번길 25,강원특별자치도 춘천시 삼천동 223-2,127.7022648,37.8737813,,,POI01000000BXT5HJ,KT&G상상마당 춘천아트센터,60,3,N,1,,5,5,5,
2309160007,f_f016818,6,춘천 수변공원,2023-09-16,2023-09-16,,강원특별자치도 춘천시 삼천동,127.6988255,37.8725693,,,POI03000TR025643V,춘천수변공원,30,1,N,1,,5,5,5,
2309160008,f_f016818,8,육림 고개,2023-09-16,2023-09-16,,강원특별자치도 춘천시 죽림동 30,127.7272593,37.8773955,,,POI01000TR018044V,육림고개,30,4,N,2,,5,5,5,
2309160009,f_f016818,9,집,2023-09-16,2023-09-17,,,,,,,,,60,21,,,,,,,1126010100
